--- wii64 perf log ---
selftest:
  raw[0]=51255917893637833
  raw[1]=51255917893637834
  raw[2]=51255917893637847
  raw[3]=51255917893637860
  raw[4]=51255917893637872
  delta[0]=0us
  delta[1]=0us
  delta[2]=0us
  delta[3]=0us
mark: loadROM: enter
mark: loadROM: before rom_read
mark: ROMCache_load: enter
mark: ROMCache_load: before first read
mark: ROMCache_load: first read returned
mark: ROMCache_load: byte_swap_type set
mark: ROMCache_load: first byte_swap done
mark: ROMCache_load: loop exited normally
mark: loadROM: after rom_read
mark: loadROM: before init_memory
mark: loadROM: after init_memory
mark: loadROM: before romOpen_gfx
mark: loadROM: after romOpen_gfx / before romOpen_audio
mark: loadROM: after romOpen_audio / before romOpen_input
mark: loadROM: after romOpen_input / before cpu_init
mark: loadROM: after cpu_init
menufps: 5.6
fps: 0.0
first_vi: vi0_retrace=204
vis: 0.0
cpu: exceptions=0 cacheResets=0 batches=0 verts=0 texStalls=0 recompiles=0 underruns=0 overruns=0 sleep_us=0
mark: CPU core dispatch: dynarec
vis: 60.0
cpu: exceptions=240 cacheResets=1 batches=0 verts=0 texStalls=0 recompiles=189 underruns=0 overruns=0 sleep_us=270195
vis: 60.0
cpu: exceptions=540 cacheResets=1 batches=0 verts=0 texStalls=0 recompiles=198 underruns=0 overruns=19 sleep_us=753283
vis: 60.0
cpu: exceptions=840 cacheResets=1 batches=0 verts=0 texStalls=0 recompiles=204 underruns=0 overruns=49 sleep_us=1236633
vis: 60.0
cpu: exceptions=1134 cacheResets=1 batches=0 verts=0 texStalls=0 recompiles=204 underruns=0 overruns=79 sleep_us=1720439
fps: 0.5
vis: 52.2
cpu: exceptions=1416 cacheResets=1 batches=138 verts=2559 texStalls=0 recompiles=425 underruns=0 overruns=97 sleep_us=1986649
fps: 14.0
vis: 60.0
cpu: exceptions=1568 cacheResets=1 batches=2204 verts=40095 texStalls=0 recompiles=475 underruns=0 overruns=127 sleep_us=2292724
fps: 32.0
vis: 60.0
cpu: exceptions=1735 cacheResets=1 batches=4274 verts=77487 texStalls=0 recompiles=477 underruns=0 overruns=157 sleep_us=2711863
fps: 30.0
vis: 60.0
cpu: exceptions=1877 cacheResets=1 batches=6344 verts=114882 texStalls=0 recompiles=478 underruns=0 overruns=187 sleep_us=3141644
fps: 30.0
vis: 60.0
cpu: exceptions=2019 cacheResets=1 batches=8414 verts=152277 texStalls=0 recompiles=478 underruns=0 overruns=217 sleep_us=3570903
fps: 30.0
vis: 60.0
cpu: exceptions=2162 cacheResets=1 batches=10485 verts=189678 texStalls=0 recompiles=489 underruns=0 overruns=247 sleep_us=3998943
fps: 30.0
vis: 60.0
cpu: exceptions=2302 cacheResets=1 batches=12570 verts=228066 texStalls=0 recompiles=489 underruns=0 overruns=277 sleep_us=4427054
vis: 60.0
cpu: exceptions=2628 cacheResets=1 batches=12570 verts=228066 texStalls=0 recompiles=675 underruns=0 overruns=307 sleep_us=4660853
vis: 60.0
cpu: exceptions=2718 cacheResets=1 batches=12570 verts=228066 texStalls=0 recompiles=733 underruns=0 overruns=337 sleep_us=4877952
vis: 60.0
cpu: exceptions=2808 cacheResets=1 batches=12570 verts=228066 texStalls=0 recompiles=784 underruns=0 overruns=367 sleep_us=5157956
fps: 5.7
fps: 3.2
vis: 36.4
cpu: exceptions=2929 cacheResets=1 batches=12838 verts=229956 texStalls=0 recompiles=908 underruns=0 overruns=386 sleep_us=5375243
vis: 60.0
cpu: exceptions=3084 cacheResets=1 batches=16771 verts=261765 texStalls=0 recompiles=910 underruns=0 overruns=416 sleep_us=5538492
fps: 30.2
vis: 60.0
cpu: exceptions=3240 cacheResets=1 batches=20818 verts=298647 texStalls=0 recompiles=927 underruns=0 overruns=446 sleep_us=5739854
fps: 24.3
vis: 60.0
cpu: exceptions=3403 cacheResets=1 batches=24941 verts=337641 texStalls=0 recompiles=927 underruns=0 overruns=476 sleep_us=5817454
fps: 36.9
vis: 60.0
cpu: exceptions=3562 cacheResets=1 batches=29105 verts=377397 texStalls=0 recompiles=927 underruns=0 overruns=506 sleep_us=6028007
fps: 29.9
vis: 60.0
cpu: exceptions=3722 cacheResets=1 batches=33217 verts=416454 texStalls=0 recompiles=927 underruns=0 overruns=536 sleep_us=6226892
fps: 29.9
vis: 60.0
cpu: exceptions=3928 cacheResets=1 batches=37383 verts=455247 texStalls=0 recompiles=928 underruns=0 overruns=566 sleep_us=6400082
fps: 29.9
vis: 60.0
cpu: exceptions=4153 cacheResets=1 batches=41561 verts=494115 texStalls=0 recompiles=928 underruns=0 overruns=596 sleep_us=6554089
fps: 30.0
vis: 60.0
cpu: exceptions=4379 cacheResets=1 batches=45735 verts=533199 texStalls=0 recompiles=928 underruns=0 overruns=626 sleep_us=6705673
fps: 30.0
vis: 60.0
cpu: exceptions=4602 cacheResets=1 batches=49898 verts=572208 texStalls=0 recompiles=928 underruns=0 overruns=656 sleep_us=6861413
fps: 30.0
vis: 60.0
cpu: exceptions=4817 cacheResets=1 batches=54054 verts=610839 texStalls=0 recompiles=928 underruns=0 overruns=686 sleep_us=7023406
fps: 30.0
vis: 60.0
cpu: exceptions=5031 cacheResets=1 batches=58194 verts=648945 texStalls=0 recompiles=928 underruns=0 overruns=716 sleep_us=7187515
fps: 30.0
vis: 60.0
cpu: exceptions=5253 cacheResets=1 batches=62320 verts=687243 texStalls=0 recompiles=928 underruns=0 overruns=746 sleep_us=7343663
fps: 30.0
vis: 60.0
cpu: exceptions=5476 cacheResets=1 batches=66455 verts=726456 texStalls=0 recompiles=928 underruns=0 overruns=776 sleep_us=7496536
fps: 30.0
vis: 60.0
cpu: exceptions=5705 cacheResets=1 batches=70611 verts=765549 texStalls=0 recompiles=928 underruns=0 overruns=806 sleep_us=7644779
fps: 30.0
vis: 60.0
cpu: exceptions=5940 cacheResets=1 batches=75043 verts=804279 texStalls=0 recompiles=928 underruns=0 overruns=836 sleep_us=7787203
fps: 30.0
vis: 60.0
cpu: exceptions=6158 cacheResets=1 batches=79606 verts=844404 texStalls=0 recompiles=928 underruns=0 overruns=866 sleep_us=7941285
fps: 29.3
vis: 60.0
cpu: exceptions=6382 cacheResets=1 batches=83858 verts=882729 texStalls=0 recompiles=928 underruns=0 overruns=896 sleep_us=8108124
fps: 28.3
vis: 60.0
cpu: exceptions=6611 cacheResets=1 batches=87876 verts=919509 texStalls=0 recompiles=934 underruns=0 overruns=926 sleep_us=8263573
fps: 25.0
vis: 60.0
cpu: exceptions=6838 cacheResets=1 batches=91367 verts=951186 texStalls=0 recompiles=934 underruns=0 overruns=956 sleep_us=8445413
fps: 27.7
vis: 60.0
cpu: exceptions=7070 cacheResets=1 batches=95921 verts=992163 texStalls=0 recompiles=934 underruns=0 overruns=986 sleep_us=8586685
fps: 29.6
vis: 60.0
cpu: exceptions=7295 cacheResets=1 batches=100165 verts=1030524 texStalls=0 recompiles=934 underruns=0 overruns=1016 sleep_us=8738972
fps: 27.1
vis: 60.0
cpu: exceptions=7527 cacheResets=1 batches=104136 verts=1066212 texStalls=0 recompiles=934 underruns=0 overruns=1046 sleep_us=8906002
fps: 25.5
vis: 60.0
cpu: exceptions=7765 cacheResets=1 batches=108078 verts=1101744 texStalls=0 recompiles=934 underruns=0 overruns=1076 sleep_us=9065276
fps: 25.2
vis: 60.0
cpu: exceptions=8011 cacheResets=1 batches=111911 verts=1136376 texStalls=0 recompiles=934 underruns=0 overruns=1106 sleep_us=9228384
fps: 24.3
vis: 60.0
cpu: exceptions=8253 cacheResets=1 batches=115258 verts=1167099 texStalls=0 recompiles=934 underruns=0 overruns=1136 sleep_us=9401668
fps: 29.0
vis: 60.0
cpu: exceptions=8500 cacheResets=1 batches=119416 verts=1205475 texStalls=0 recompiles=934 underruns=0 overruns=1166 sleep_us=9537893
vis: 60.0
cpu: exceptions=8736 cacheResets=1 batches=123532 verts=1242729 texStalls=0 recompiles=934 underruns=0 overruns=1196 sleep_us=9683034
fps: 29.0
vis: 60.0
cpu: exceptions=8971 cacheResets=1 batches=128080 verts=1283742 texStalls=0 recompiles=934 underruns=0 overruns=1226 sleep_us=9823628
fps: 29.0
vis: 60.0
cpu: exceptions=9197 cacheResets=1 batches=132553 verts=1323159 texStalls=0 recompiles=934 underruns=0 overruns=1256 sleep_us=9973415
fps: 30.0
vis: 60.0
cpu: exceptions=9427 cacheResets=1 batches=137123 verts=1364040 texStalls=0 recompiles=934 underruns=0 overruns=1286 sleep_us=10118538
fps: 30.0
vis: 60.0
cpu: exceptions=9650 cacheResets=1 batches=141404 verts=1401462 texStalls=0 recompiles=934 underruns=0 overruns=1316 sleep_us=10271290
fps: 30.0
vis: 60.0
cpu: exceptions=9864 cacheResets=1 batches=145494 verts=1439118 texStalls=0 recompiles=934 underruns=0 overruns=1346 sleep_us=10434343
fps: 30.0
vis: 60.0
cpu: exceptions=10081 cacheResets=1 batches=149590 verts=1476477 texStalls=0 recompiles=934 underruns=0 overruns=1376 sleep_us=10597767
fps: 30.0
vis: 60.0
cpu: exceptions=10305 cacheResets=1 batches=153381 verts=1506894 texStalls=0 recompiles=934 underruns=0 overruns=1406 sleep_us=10761682
fps: 27.9
vis: 60.0
cpu: exceptions=10539 cacheResets=1 batches=157203 verts=1539669 texStalls=0 recompiles=934 underruns=0 overruns=1436 sleep_us=10926859
fps: 27.1
vis: 60.0
cpu: exceptions=10769 cacheResets=1 batches=161472 verts=1576857 texStalls=0 recompiles=934 underruns=0 overruns=1466 sleep_us=11078054
fps: 27.1
vis: 60.0
cpu: exceptions=11003 cacheResets=1 batches=165580 verts=1613541 texStalls=0 recompiles=934 underruns=0 overruns=1496 sleep_us=11231885
fps: 28.1
vis: 60.0
cpu: exceptions=11239 cacheResets=1 batches=169376 verts=1647975 texStalls=0 recompiles=934 underruns=0 overruns=1526 sleep_us=11393221
fps: 26.3
vis: 60.0
cpu: exceptions=11467 cacheResets=1 batches=173258 verts=1683291 texStalls=0 recompiles=934 underruns=0 overruns=1556 sleep_us=11551070
fps: 26.0
vis: 60.0
cpu: exceptions=11702 cacheResets=1 batches=177134 verts=1718847 texStalls=0 recompiles=934 underruns=0 overruns=1586 sleep_us=11705309
fps: 28.0
vis: 60.0
cpu: exceptions=11936 cacheResets=1 batches=180734 verts=1751673 texStalls=0 recompiles=934 underruns=0 overruns=1616 sleep_us=11870778
fps: 27.1
vis: 60.0
cpu: exceptions=12163 cacheResets=1 batches=184611 verts=1787175 texStalls=0 recompiles=934 underruns=0 overruns=1646 sleep_us=12025631
fps: 30.1
vis: 60.0
cpu: exceptions=12389 cacheResets=1 batches=188760 verts=1824069 texStalls=0 recompiles=934 underruns=0 overruns=1676 sleep_us=12170049
fps: 27.1
vis: 60.0
cpu: exceptions=12617 cacheResets=1 batches=192351 verts=1856589 texStalls=0 recompiles=934 underruns=0 overruns=1706 sleep_us=12340404
fps: 27.9
vis: 60.0
cpu: exceptions=12851 cacheResets=1 batches=196226 verts=1892724 texStalls=0 recompiles=934 underruns=0 overruns=1736 sleep_us=12496361
fps: 27.1
vis: 60.0
cpu: exceptions=13090 cacheResets=1 batches=200096 verts=1929126 texStalls=0 recompiles=934 underruns=0 overruns=1766 sleep_us=12644315
fps: 30.0
vis: 60.0
cpu: exceptions=13322 cacheResets=1 batches=204225 verts=1968420 texStalls=0 recompiles=934 underruns=0 overruns=1796 sleep_us=12784901
fps: 28.4
vis: 60.0
cpu: exceptions=13560 cacheResets=1 batches=208094 verts=2005068 texStalls=0 recompiles=934 underruns=0 overruns=1826 sleep_us=12939642
fps: 27.7
vis: 60.0
cpu: exceptions=13801 cacheResets=1 batches=211941 verts=2040279 texStalls=0 recompiles=934 underruns=0 overruns=1856 sleep_us=13086355
fps: 28.2
vis: 60.0
cpu: exceptions=14026 cacheResets=1 batches=215814 verts=2075223 texStalls=0 recompiles=934 underruns=0 overruns=1886 sleep_us=13242438
fps: 29.0
vis: 60.0
cpu: exceptions=14267 cacheResets=1 batches=219981 verts=2113758 texStalls=0 recompiles=934 underruns=0 overruns=1916 sleep_us=13375727
fps: 26.0
vis: 60.0
cpu: exceptions=14515 cacheResets=1 batches=223544 verts=2146053 texStalls=0 recompiles=934 underruns=0 overruns=1946 sleep_us=13533495
fps: 27.1
vis: 60.0
cpu: exceptions=14757 cacheResets=1 batches=227155 verts=2178384 texStalls=0 recompiles=934 underruns=0 overruns=1976 sleep_us=13692522
fps: 29.0
vis: 60.0
cpu: exceptions=14994 cacheResets=1 batches=231244 verts=2214939 texStalls=0 recompiles=934 underruns=0 overruns=2006 sleep_us=13840651
fps: 30.0
vis: 60.0
cpu: exceptions=15227 cacheResets=1 batches=235314 verts=2251254 texStalls=0 recompiles=934 underruns=0 overruns=2036 sleep_us=13980577
fps: 29.1
vis: 60.0
cpu: exceptions=15461 cacheResets=1 batches=239204 verts=2285922 texStalls=0 recompiles=934 underruns=0 overruns=2066 sleep_us=14135979
vis: 60.0
cpu: exceptions=15688 cacheResets=1 batches=243433 verts=2323683 texStalls=0 recompiles=934 underruns=0 overruns=2096 sleep_us=14287833
fps: 30.0
vis: 60.0
cpu: exceptions=15915 cacheResets=1 batches=247579 verts=2360613 texStalls=0 recompiles=939 underruns=0 overruns=2126 sleep_us=14440732
fps: 30.0
vis: 60.0
cpu: exceptions=16243 cacheResets=1 batches=248669 verts=2370318 texStalls=0 recompiles=1005 underruns=0 overruns=2156 sleep_us=14638736
fps: 4.6
vis: 20.6
cpu: exceptions=16331 cacheResets=1 batches=248884 verts=2373117 texStalls=0 recompiles=1389 underruns=0 overruns=2169 sleep_us=14717071
vis: 60.0
cpu: exceptions=16548 cacheResets=1 batches=252093 verts=2414889 texStalls=0 recompiles=1408 underruns=0 overruns=2199 sleep_us=14889168
fps: 31.2
vis: 60.0
cpu: exceptions=16806 cacheResets=1 batches=255112 verts=2454636 texStalls=0 recompiles=1436 underruns=0 overruns=2229 sleep_us=15126804
fps: 29.9
vis: 60.0
cpu: exceptions=17037 cacheResets=1 batches=258084 verts=2491713 texStalls=0 recompiles=1462 underruns=0 overruns=2259 sleep_us=15322735
fps: 30.1
vis: 60.0
cpu: exceptions=17268 cacheResets=1 batches=260908 verts=2527791 texStalls=0 recompiles=1463 underruns=0 overruns=2289 sleep_us=15576064
fps: 30.0
vis: 60.0
cpu: exceptions=17498 cacheResets=1 batches=263686 verts=2562441 texStalls=0 recompiles=1463 underruns=0 overruns=2319 sleep_us=15836936
fps: 30.0
vis: 60.0
cpu: exceptions=17709 cacheResets=1 batches=266371 verts=2596002 texStalls=0 recompiles=1464 underruns=0 overruns=2349 sleep_us=16107697
fps: 30.0
vis: 60.0
cpu: exceptions=17928 cacheResets=1 batches=269025 verts=2628534 texStalls=0 recompiles=1464 underruns=0 overruns=2379 sleep_us=16376471
fps: 30.0
vis: 60.0
cpu: exceptions=18168 cacheResets=1 batches=271769 verts=2662080 texStalls=0 recompiles=1466 underruns=0 overruns=2409 sleep_us=16630237
fps: 30.0
vis: 60.0
cpu: exceptions=18603 cacheResets=1 batches=276538 verts=2720772 texStalls=0 recompiles=1466 underruns=0 overruns=2462 sleep_us=17059186
fps: 30.3
vis: 58.2
cpu: exceptions=18846 cacheResets=1 batches=279253 verts=2755032 texStalls=0 recompiles=1477 underruns=0 overruns=2492 sleep_us=17274118
fps: 29.1
vis: 60.0
cpu: exceptions=19085 cacheResets=1 batches=282023 verts=2788980 texStalls=0 recompiles=1477 underruns=0 overruns=2522 sleep_us=17516259
fps: 30.0
vis: 60.0
cpu: exceptions=19325 cacheResets=1 batches=284858 verts=2822952 texStalls=0 recompiles=1477 underruns=0 overruns=2552 sleep_us=17755403
fps: 30.0
vis: 60.0
cpu: exceptions=19574 cacheResets=1 batches=287961 verts=2860632 texStalls=0 recompiles=1508 underruns=0 overruns=2582 sleep_us=17973368
fps: 30.0
vis: 60.0
cpu: exceptions=19826 cacheResets=1 batches=291097 verts=2900637 texStalls=0 recompiles=1509 underruns=0 overruns=2612 sleep_us=18196656
fps: 30.0
vis: 60.0
cpu: exceptions=20072 cacheResets=1 batches=294284 verts=2940351 texStalls=0 recompiles=1509 underruns=0 overruns=2642 sleep_us=18421650
fps: 30.0
vis: 60.0
cpu: exceptions=20306 cacheResets=1 batches=297478 verts=2980224 texStalls=0 recompiles=1509 underruns=0 overruns=2672 sleep_us=18655423
fps: 29.9
vis: 60.0
cpu: exceptions=20541 cacheResets=1 batches=300593 verts=3017979 texStalls=0 recompiles=1509 underruns=0 overruns=2702 sleep_us=18879396
fps: 30.1
vis: 60.0
cpu: exceptions=20784 cacheResets=1 batches=303221 verts=3050619 texStalls=0 recompiles=1509 underruns=0 overruns=2732 sleep_us=19116704
fps: 30.0
vis: 60.0
cpu: exceptions=21026 cacheResets=1 batches=306387 verts=3089742 texStalls=0 recompiles=1509 underruns=0 overruns=2762 sleep_us=19346980
fps: 30.0
vis: 60.0
cpu: exceptions=21271 cacheResets=1 batches=309295 verts=3126222 texStalls=0 recompiles=1509 underruns=0 overruns=2792 sleep_us=19575580
fps: 30.0
vis: 60.0
cpu: exceptions=21525 cacheResets=1 batches=312552 verts=3166242 texStalls=0 recompiles=1526 underruns=0 overruns=2822 sleep_us=19794030
fps: 30.0
vis: 60.0
cpu: exceptions=21773 cacheResets=1 batches=315648 verts=3203397 texStalls=0 recompiles=1526 underruns=0 overruns=2852 sleep_us=20013758
fps: 30.0
vis: 60.0
cpu: exceptions=22009 cacheResets=1 batches=318761 verts=3241995 texStalls=0 recompiles=1526 underruns=0 overruns=2882 sleep_us=20249303
fps: 30.1
vis: 60.0
cpu: exceptions=22234 cacheResets=1 batches=321741 verts=3279012 texStalls=0 recompiles=1526 underruns=0 overruns=2912 sleep_us=20497239
fps: 29.9
vis: 60.0
cpu: exceptions=22483 cacheResets=1 batches=324838 verts=3317619 texStalls=0 recompiles=1526 underruns=0 overruns=2942 sleep_us=20727475
fps: 30.0
vis: 60.0
cpu: exceptions=22732 cacheResets=1 batches=327730 verts=3354336 texStalls=0 recompiles=1526 underruns=0 overruns=2972 sleep_us=20958332
fps: 30.0
vis: 60.0
cpu: exceptions=22967 cacheResets=1 batches=330650 verts=3391533 texStalls=0 recompiles=1526 underruns=0 overruns=3002 sleep_us=21200129
fps: 29.9
vis: 60.0
cpu: exceptions=23207 cacheResets=1 batches=333603 verts=3429282 texStalls=0 recompiles=1526 underruns=0 overruns=3032 sleep_us=21432608
fps: 30.0
vis: 60.0
cpu: exceptions=23447 cacheResets=1 batches=336579 verts=3467163 texStalls=0 recompiles=1526 underruns=0 overruns=3062 sleep_us=21669816
fps: 29.9
vis: 60.0
cpu: exceptions=23686 cacheResets=1 batches=339608 verts=3505689 texStalls=0 recompiles=1542 underruns=0 overruns=3092 sleep_us=21904040
fps: 30.0
vis: 60.0
cpu: exceptions=23926 cacheResets=1 batches=342778 verts=3546114 texStalls=0 recompiles=1542 underruns=0 overruns=3122 sleep_us=22132944
fps: 30.0
vis: 60.0
cpu: exceptions=24164 cacheResets=1 batches=345960 verts=3586791 texStalls=0 recompiles=1542 underruns=0 overruns=3152 sleep_us=22359920
fps: 30.1
vis: 60.0
cpu: exceptions=24401 cacheResets=1 batches=349186 verts=3627519 texStalls=0 recompiles=1542 underruns=0 overruns=3182 sleep_us=22595896
fps: 30.0
vis: 60.0
cpu: exceptions=24626 cacheResets=1 batches=352402 verts=3668667 texStalls=0 recompiles=1545 underruns=0 overruns=3212 sleep_us=22815997
fps: 30.3
vis: 60.0
cpu: exceptions=24850 cacheResets=1 batches=354279 verts=3694149 texStalls=0 recompiles=1545 underruns=0 overruns=3242 sleep_us=23116927
fps: 29.9
vis: 60.0
cpu: exceptions=25099 cacheResets=1 batches=355666 verts=3713820 texStalls=0 recompiles=1545 underruns=0 overruns=3272 sleep_us=23412286
fps: 29.8
vis: 60.0
cpu: exceptions=25344 cacheResets=1 batches=358181 verts=3747603 texStalls=0 recompiles=1548 underruns=0 overruns=3302 sleep_us=23668149
fps: 30.1
vis: 60.0
cpu: exceptions=25592 cacheResets=1 batches=361248 verts=3788118 texStalls=0 recompiles=1548 underruns=0 overruns=3332 sleep_us=23904481
fps: 30.0
vis: 60.0
cpu: exceptions=25831 cacheResets=1 batches=364072 verts=3821514 texStalls=0 recompiles=1548 underruns=0 overruns=3362 sleep_us=24146036
fps: 30.0
vis: 60.0
cpu: exceptions=26072 cacheResets=1 batches=366800 verts=3854526 texStalls=0 recompiles=1549 underruns=0 overruns=3392 sleep_us=24390546
vis: 60.0
cpu: exceptions=26318 cacheResets=1 batches=369498 verts=3887535 texStalls=0 recompiles=1549 underruns=0 overruns=3422 sleep_us=24642597
fps: 29.9
vis: 60.0
cpu: exceptions=26562 cacheResets=1 batches=373029 verts=3932424 texStalls=0 recompiles=1564 underruns=0 overruns=3452 sleep_us=24860537
fps: 30.1
vis: 60.0
cpu: exceptions=26807 cacheResets=1 batches=376340 verts=3976593 texStalls=0 recompiles=1565 underruns=0 overruns=3482 sleep_us=25094878
fps: 30.0
vis: 60.0
cpu: exceptions=27058 cacheResets=1 batches=379700 verts=4020831 texStalls=0 recompiles=1565 underruns=0 overruns=3512 sleep_us=25332682
fps: 29.9
mark: stop reason: chain guest VI limit
mark: stop_it requested
game: n=1/11 how=vis vis=3600 vi_rate=60 vi0_retrace=204 wall_us=60814472 sleep_us=25560029 avg_vis=58.90 avg_fps=27.95 exceptions=27289 cacheResets=1 recompiles=1567 batches=382811 verts=4062579 texStalls=0 treeDepthMax=15 underruns=0 overruns=3541 pmc1=44323876534 pmc2=0 pmc3=0 pmc4=0 mmcr0=00000042 mmcr1=00000000 heap_used=10451256 heap_free=37768 arena1_free=532480 arena2_free=56405952 flushes=8 flush_us=6107 padtrace=4 rom=sd:/wii64/roms/Super Mario 64.v64
=== chain 1/11 end vis=3600 how=vis rom=sd:/wii64/roms/Super Mario 64.v64 ===
mark: loadROM: enter
mark: loadROM: before rom_read
mark: ROMCache_load: enter
mark: ROMCache_load: before first read
mark: ROMCache_load: first read returned
mark: ROMCache_load: byte_swap_type set
mark: ROMCache_load: first byte_swap done
menufps: 0.0
mark: ROMCache_load: loop exited normally
mark: loadROM: after rom_read
mark: loadROM: before init_memory
mark: loadROM: after init_memory
mark: loadROM: before romOpen_gfx
mark: loadROM: after romOpen_gfx / before romOpen_audio
mark: loadROM: after romOpen_audio / before romOpen_input
mark: loadROM: after romOpen_input / before cpu_init
mark: loadROM: after cpu_init
menufps: 7.7
fps: 3.3
first_vi: vi0_retrace=4061
vis: 7.4
cpu: exceptions=0 cacheResets=0 batches=0 verts=0 texStalls=0 recompiles=0 underruns=0 overruns=0 sleep_us=0
mark: CPU core dispatch: dynarec
vis: 60.0
cpu: exceptions=1029 cacheResets=1 batches=0 verts=0 texStalls=0 recompiles=316 underruns=0 overruns=0 sleep_us=137702
vis: 60.0
cpu: exceptions=1329 cacheResets=1 batches=0 verts=0 texStalls=0 recompiles=316 underruns=0 overruns=2 sleep_us=613554
vis: 60.0
cpu: exceptions=1629 cacheResets=1 batches=0 verts=0 texStalls=0 recompiles=331 underruns=0 overruns=32 sleep_us=1087852
vis: 60.0
cpu: exceptions=1928 cacheResets=1 batches=0 verts=0 texStalls=0 recompiles=331 underruns=0 overruns=62 sleep_us=1563606
vis: 60.0
cpu: exceptions=2228 cacheResets=1 batches=0 verts=0 texStalls=0 recompiles=331 underruns=0 overruns=92 sleep_us=2039334
vis: 60.0
cpu: exceptions=2527 cacheResets=1 batches=0 verts=0 texStalls=0 recompiles=331 underruns=0 overruns=122 sleep_us=2514980
vis: 60.0
cpu: exceptions=2863 cacheResets=1 batches=0 verts=0 texStalls=0 recompiles=344 underruns=0 overruns=152 sleep_us=2982753
fps: 0.8
vis: 60.0
cpu: exceptions=3437 cacheResets=1 batches=45 verts=1023 texStalls=0 recompiles=468 underruns=0 overruns=182 sleep_us=3411409
fps: 1.6
vis: 60.0
cpu: exceptions=3542 cacheResets=1 batches=1005 verts=17211 texStalls=0 recompiles=528 underruns=0 overruns=206 sleep_us=3771018
fps: 31.0
vis: 60.0
cpu: exceptions=3683 cacheResets=1 batches=2801 verts=47604 texStalls=0 recompiles=528 underruns=0 overruns=236 sleep_us=4183479
fps: 30.0
vis: 60.0
cpu: exceptions=3824 cacheResets=1 batches=4611 verts=77643 texStalls=0 recompiles=528 underruns=0 overruns=266 sleep_us=4596092
fps: 30.0
vis: 60.0
cpu: exceptions=3965 cacheResets=1 batches=6456 verts=107994 texStalls=0 recompiles=528 underruns=0 overruns=296 sleep_us=5008355
fps: 30.0
vis: 60.0
cpu: exceptions=4106 cacheResets=1 batches=8091 verts=135423 texStalls=0 recompiles=529 underruns=0 overruns=326 sleep_us=5422611
fps: 30.0
vis: 60.0
cpu: exceptions=4247 cacheResets=1 batches=10217 verts=178092 texStalls=0 recompiles=529 underruns=0 overruns=356 sleep_us=5811423
fps: 29.7
vis: 60.0
cpu: exceptions=4388 cacheResets=1 batches=13003 verts=255507 texStalls=0 recompiles=529 underruns=0 overruns=386 sleep_us=6156433
fps: 30.0
vis: 60.0
cpu: exceptions=4529 cacheResets=1 batches=15802 verts=331062 texStalls=0 recompiles=529 underruns=0 overruns=416 sleep_us=6502221
fps: 30.0
vis: 60.0
cpu: exceptions=4670 cacheResets=1 batches=18621 verts=407433 texStalls=0 recompiles=529 underruns=0 overruns=446 sleep_us=6847381
fps: 30.0
vis: 60.0
cpu: exceptions=4810 cacheResets=1 batches=21298 verts=482202 texStalls=0 recompiles=529 underruns=0 overruns=476 sleep_us=7193913
fps: 30.0
vis: 60.0
cpu: exceptions=4951 cacheResets=1 batches=24040 verts=557835 texStalls=0 recompiles=529 underruns=0 overruns=506 sleep_us=7539569
fps: 29.9
vis: 60.0
cpu: exceptions=5090 cacheResets=1 batches=26757 verts=633390 texStalls=0 recompiles=530 underruns=0 overruns=536 sleep_us=7884770
fps: 30.0
vis: 60.0
cpu: exceptions=5226 cacheResets=1 batches=29572 verts=710091 texStalls=0 recompiles=536 underruns=0 overruns=566 sleep_us=8228628
fps: 30.0
vis: 60.0
cpu: exceptions=5364 cacheResets=1 batches=32379 verts=786906 texStalls=0 recompiles=536 underruns=0 overruns=596 sleep_us=8573099
fps: 30.0
vis: 60.0
cpu: exceptions=5500 cacheResets=1 batches=35181 verts=863589 texStalls=0 recompiles=536 underruns=0 overruns=626 sleep_us=8918114
vis: 60.0
cpu: exceptions=5603 cacheResets=1 batches=35735 verts=878856 texStalls=0 recompiles=567 underruns=0 overruns=656 sleep_us=9131958
fps: 5.8
vis: 51.7
cpu: exceptions=5696 cacheResets=1 batches=35855 verts=879576 texStalls=0 recompiles=595 underruns=0 overruns=686 sleep_us=9305100
vis: 60.0
cpu: exceptions=5780 cacheResets=1 batches=35855 verts=879576 texStalls=0 recompiles=599 underruns=0 overruns=716 sleep_us=9784422
fps: 1.6
vis: 60.0
cpu: exceptions=5970 cacheResets=1 batches=37415 verts=888936 texStalls=0 recompiles=611 underruns=0 overruns=740 sleep_us=10053669
fps: 30.9
vis: 60.0
cpu: exceptions=6169 cacheResets=1 batches=39215 verts=899736 texStalls=0 recompiles=614 underruns=0 overruns=770 sleep_us=10338044
fps: 30.0
vis: 60.0
cpu: exceptions=6356 cacheResets=1 batches=41015 verts=910536 texStalls=0 recompiles=614 underruns=0 overruns=800 sleep_us=10619330
fps: 30.0
vis: 60.0
cpu: exceptions=6547 cacheResets=1 batches=42815 verts=921336 texStalls=0 recompiles=614 underruns=0 overruns=830 sleep_us=10899089
fps: 30.0
vis: 60.0
cpu: exceptions=6731 cacheResets=1 batches=44615 verts=932136 texStalls=0 recompiles=614 underruns=0 overruns=860 sleep_us=11182556
fps: 30.0
vis: 60.0
cpu: exceptions=6908 cacheResets=1 batches=46415 verts=942936 texStalls=0 recompiles=614 underruns=0 overruns=890 sleep_us=11468543
fps: 30.0
vis: 60.0
cpu: exceptions=7082 cacheResets=1 batches=48215 verts=953736 texStalls=0 recompiles=614 underruns=0 overruns=920 sleep_us=11752936
fps: 30.0
vis: 60.0
cpu: exceptions=7286 cacheResets=1 batches=50015 verts=964536 texStalls=0 recompiles=617 underruns=0 overruns=950 sleep_us=12041692
fps: 30.0
vis: 60.0
cpu: exceptions=7477 cacheResets=1 batches=51815 verts=975336 texStalls=0 recompiles=617 underruns=0 overruns=980 sleep_us=12336215
fps: 30.0
vis: 60.0
cpu: exceptions=7656 cacheResets=1 batches=53615 verts=986136 texStalls=0 recompiles=617 underruns=0 overruns=1010 sleep_us=12625873
fps: 30.0
vis: 60.0
cpu: exceptions=7836 cacheResets=1 batches=55415 verts=996936 texStalls=0 recompiles=617 underruns=0 overruns=1040 sleep_us=12916092
fps: 30.0
vis: 60.0
cpu: exceptions=8014 cacheResets=1 batches=57215 verts=1007736 texStalls=0 recompiles=617 underruns=0 overruns=1070 sleep_us=13204106
fps: 30.0
vis: 60.0
cpu: exceptions=8195 cacheResets=1 batches=59015 verts=1018536 texStalls=0 recompiles=617 underruns=0 overruns=1100 sleep_us=13491255
fps: 30.0
vis: 60.0
cpu: exceptions=8383 cacheResets=1 batches=60815 verts=1029336 texStalls=0 recompiles=617 underruns=0 overruns=1130 sleep_us=13776611
fps: 30.0
vis: 60.0
cpu: exceptions=8591 cacheResets=1 batches=62615 verts=1040136 texStalls=0 recompiles=617 underruns=0 overruns=1160 sleep_us=14057077
fps: 30.0
vis: 60.0
cpu: exceptions=8792 cacheResets=1 batches=64415 verts=1050936 texStalls=0 recompiles=617 underruns=0 overruns=1190 sleep_us=14343049
fps: 30.0
vis: 60.0
cpu: exceptions=8985 cacheResets=1 batches=66215 verts=1061736 texStalls=0 recompiles=617 underruns=0 overruns=1220 sleep_us=14628868
fps: 30.0
vis: 60.0
cpu: exceptions=9172 cacheResets=1 batches=68015 verts=1072536 texStalls=0 recompiles=617 underruns=0 overruns=1250 sleep_us=14919347
vis: 60.0
cpu: exceptions=9337 cacheResets=1 batches=69815 verts=1083336 texStalls=0 recompiles=617 underruns=0 overruns=1280 sleep_us=15213900
fps: 30.0
vis: 60.0
cpu: exceptions=9518 cacheResets=1 batches=71615 verts=1094136 texStalls=0 recompiles=617 underruns=0 overruns=1310 sleep_us=15506634
fps: 30.0
vis: 60.0
cpu: exceptions=10234 cacheResets=1 batches=73175 verts=1103496 texStalls=0 recompiles=624 underruns=0 overruns=1340 sleep_us=15775915
vis: 60.0
cpu: exceptions=10801 cacheResets=1 batches=73175 verts=1103496 texStalls=0 recompiles=682 underruns=0 overruns=1370 sleep_us=16009519
vis: 60.0
cpu: exceptions=10929 cacheResets=1 batches=73175 verts=1103496 texStalls=0 recompiles=682 underruns=0 overruns=1400 sleep_us=16292934
vis: 53.5
cpu: exceptions=11155 cacheResets=1 batches=73175 verts=1103496 texStalls=0 recompiles=1145 underruns=0 overruns=1428 sleep_us=16495445
fps: 5.1
vis: 12.1
cpu: exceptions=11220 cacheResets=1 batches=73904 verts=1109847 texStalls=0 recompiles=1212 underruns=0 overruns=1435 sleep_us=16495445
fps: 26.6
vis: 60.0
cpu: exceptions=11525 cacheResets=1 batches=76606 verts=1133457 texStalls=0 recompiles=1216 underruns=0 overruns=1465 sleep_us=16704814
fps: 29.8
vis: 60.0
cpu: exceptions=11822 cacheResets=1 batches=79099 verts=1155780 texStalls=28 recompiles=1270 underruns=0 overruns=1495 sleep_us=16861936
fps: 30.0
vis: 60.0
cpu: exceptions=12116 cacheResets=1 batches=81231 verts=1175850 texStalls=83 recompiles=1278 underruns=0 overruns=1525 sleep_us=17029638
fps: 30.1
vis: 60.0
cpu: exceptions=12432 cacheResets=1 batches=82811 verts=1192623 texStalls=165 recompiles=1286 underruns=0 overruns=1555 sleep_us=17210657
fps: 30.0
vis: 60.0
cpu: exceptions=12767 cacheResets=1 batches=84337 verts=1209618 texStalls=276 recompiles=1293 underruns=0 overruns=1585 sleep_us=17390673
fps: 30.0
vis: 60.0
cpu: exceptions=13077 cacheResets=1 batches=85790 verts=1226292 texStalls=391 recompiles=1296 underruns=0 overruns=1615 sleep_us=17598643
fps: 30.0
vis: 60.0
cpu: exceptions=13405 cacheResets=1 batches=87161 verts=1242981 texStalls=529 recompiles=1305 underruns=0 overruns=1645 sleep_us=17801551
fps: 29.8
vis: 60.0
cpu: exceptions=13756 cacheResets=1 batches=88570 verts=1260330 texStalls=707 recompiles=1312 underruns=0 overruns=1675 sleep_us=17988039
vis: 60.0
cpu: exceptions=14114 cacheResets=1 batches=90036 verts=1278120 texStalls=887 recompiles=1333 underruns=0 overruns=1705 sleep_us=18111618
fps: 30.3
vis: 60.0
cpu: exceptions=14449 cacheResets=1 batches=91417 verts=1294236 texStalls=1040 recompiles=1350 underruns=0 overruns=1735 sleep_us=18310192
fps: 29.3
vis: 60.0
cpu: exceptions=14821 cacheResets=1 batches=93055 verts=1313493 texStalls=1232 recompiles=1357 underruns=0 overruns=1765 sleep_us=18475052
fps: 30.4
vis: 60.0
cpu: exceptions=15161 cacheResets=1 batches=94962 verts=1337025 texStalls=1389 recompiles=1361 underruns=0 overruns=1795 sleep_us=18668704
fps: 30.1
vis: 60.0
cpu: exceptions=15463 cacheResets=1 batches=96848 verts=1360107 texStalls=1521 recompiles=1373 underruns=0 overruns=1825 sleep_us=18884667
fps: 29.9
vis: 60.0
cpu: exceptions=15791 cacheResets=1 batches=98698 verts=1383615 texStalls=1666 recompiles=1373 underruns=0 overruns=1855 sleep_us=19087739
fps: 29.9
vis: 60.0
cpu: exceptions=16144 cacheResets=1 batches=100296 verts=1404153 texStalls=1852 recompiles=1373 underruns=0 overruns=1885 sleep_us=19269833
fps: 30.0
vis: 60.0
cpu: exceptions=16473 cacheResets=1 batches=102231 verts=1424682 texStalls=1995 recompiles=1373 underruns=0 overruns=1915 sleep_us=19459439
fps: 30.3
vis: 60.0
cpu: exceptions=16766 cacheResets=1 batches=103613 verts=1442151 texStalls=2083 recompiles=1394 underruns=0 overruns=1945 sleep_us=19664397
fps: 29.0
vis: 60.0
cpu: exceptions=17055 cacheResets=1 batches=105239 verts=1461264 texStalls=2156 recompiles=1395 underruns=0 overruns=1975 sleep_us=19883961
fps: 30.0
vis: 60.0
cpu: exceptions=17276 cacheResets=1 batches=106909 verts=1481244 texStalls=2197 recompiles=1395 underruns=0 overruns=2005 sleep_us=20129213
fps: 30.1
vis: 60.0
cpu: exceptions=17493 cacheResets=1 batches=108178 verts=1499031 texStalls=2219 recompiles=1397 underruns=0 overruns=2035 sleep_us=20379088
fps: 29.8
vis: 60.0
cpu: exceptions=17851 cacheResets=1 batches=109660 verts=1518777 texStalls=2361 recompiles=1399 underruns=0 overruns=2065 sleep_us=20556601
fps: 30.1
vis: 60.0
cpu: exceptions=18177 cacheResets=1 batches=110860 verts=1535319 texStalls=2468 recompiles=1399 underruns=0 overruns=2095 sleep_us=20776396
fps: 30.2
vis: 60.0
cpu: exceptions=18465 cacheResets=1 batches=112253 verts=1554345 texStalls=2555 recompiles=1401 underruns=0 overruns=2125 sleep_us=21008974
fps: 30.0
vis: 60.0
cpu: exceptions=18689 cacheResets=1 batches=114001 verts=1575903 texStalls=2601 recompiles=1405 underruns=0 overruns=2155 sleep_us=21252669
fps: 30.0
vis: 60.0
cpu: exceptions=18942 cacheResets=1 batches=115781 verts=1597260 texStalls=2648 recompiles=1407 underruns=0 overruns=2185 sleep_us=21485435
fps: 29.9
vis: 60.0
cpu: exceptions=19240 cacheResets=1 batches=118237 verts=1627347 texStalls=2781 recompiles=1414 underruns=0 overruns=2215 sleep_us=21682768
fps: 30.0
vis: 60.0
cpu: exceptions=19502 cacheResets=1 batches=120157 verts=1652349 texStalls=2874 recompiles=1414 underruns=0 overruns=2245 sleep_us=21908933
fps: 30.0
vis: 60.0
cpu: exceptions=19776 cacheResets=1 batches=122157 verts=1674852 texStalls=2978 recompiles=1414 underruns=0 overruns=2275 sleep_us=22119793
fps: 30.1
vis: 60.0
cpu: exceptions=20005 cacheResets=1 batches=123816 verts=1695072 texStalls=3024 recompiles=1414 underruns=0 overruns=2305 sleep_us=22357226
fps: 30.0
vis: 60.0
cpu: exceptions=20298 cacheResets=1 batches=125587 verts=1716690 texStalls=3124 recompiles=1416 underruns=0 overruns=2335 sleep_us=22555106
fps: 30.0
vis: 60.0
cpu: exceptions=20583 cacheResets=1 batches=127426 verts=1739439 texStalls=3208 recompiles=1420 underruns=0 overruns=2365 sleep_us=22774429
fps: 30.0
vis: 60.0
cpu: exceptions=20849 cacheResets=1 batches=129174 verts=1758810 texStalls=3291 recompiles=1420 underruns=0 overruns=2395 sleep_us=22993008
fps: 30.1
vis: 60.0
cpu: exceptions=21074 cacheResets=1 batches=130435 verts=1775241 texStalls=3320 recompiles=1420 underruns=0 overruns=2425 sleep_us=23242238
fps: 30.0
vis: 60.0
cpu: exceptions=21365 cacheResets=1 batches=131724 verts=1791081 texStalls=3407 recompiles=1420 underruns=0 overruns=2455 sleep_us=23454540
fps: 30.0
vis: 60.0
cpu: exceptions=21621 cacheResets=1 batches=133080 verts=1809216 texStalls=3488 recompiles=1420 underruns=0 overruns=2485 sleep_us=23692290
fps: 30.0
vis: 60.0
cpu: exceptions=21866 cacheResets=1 batches=134510 verts=1825533 texStalls=3552 recompiles=1420 underruns=0 overruns=2515 sleep_us=23932083
vis: 60.0
cpu: exceptions=22088 cacheResets=1 batches=136132 verts=1844757 texStalls=3584 recompiles=1420 underruns=0 overruns=2545 sleep_us=24173449
fps: 30.1
vis: 60.0
cpu: exceptions=22320 cacheResets=1 batches=137958 verts=1866654 texStalls=3627 recompiles=1420 underruns=0 overruns=2575 sleep_us=24410819
fps: 29.7
vis: 60.0
cpu: exceptions=22560 cacheResets=1 batches=140226 verts=1892259 texStalls=3701 recompiles=1420 underruns=0 overruns=2605 sleep_us=24642171
fps: 30.2
vis: 60.0
cpu: exceptions=22811 cacheResets=1 batches=141863 verts=1910085 texStalls=3781 recompiles=1420 underruns=0 overruns=2635 sleep_us=24877656
fps: 30.1
vis: 60.0
cpu: exceptions=23076 cacheResets=1 batches=143994 verts=1936086 texStalls=3878 recompiles=1420 underruns=0 overruns=2665 sleep_us=25093215
fps: 29.9
vis: 60.0
cpu: exceptions=23305 cacheResets=1 batches=146213 verts=1962336 texStalls=3942 recompiles=1459 underruns=0 overruns=2695 sleep_us=25311515
fps: 29.9
vis: 60.0
cpu: exceptions=23573 cacheResets=1 batches=148330 verts=1986798 texStalls=4034 recompiles=1464 underruns=0 overruns=2725 sleep_us=25516433
fps: 30.2
vis: 60.0
cpu: exceptions=23840 cacheResets=1 batches=150515 verts=2014731 texStalls=4128 recompiles=1483 underruns=0 overruns=2755 sleep_us=25710227
fps: 30.0
vis: 60.0
cpu: exceptions=24108 cacheResets=1 batches=152472 verts=2036964 texStalls=4200 recompiles=1484 underruns=0 overruns=2785 sleep_us=25926608
fps: 30.0
vis: 60.0
cpu: exceptions=24596 cacheResets=1 batches=156183 verts=2082528 texStalls=4327 recompiles=1491 underruns=0 overruns=2841 sleep_us=26330420
fps: 30.7
vis: 60.0
cpu: exceptions=24805 cacheResets=1 batches=157546 verts=2098845 texStalls=4339 recompiles=1491 underruns=0 overruns=2871 sleep_us=26586646
fps: 29.4
vis: 60.0
cpu: exceptions=25011 cacheResets=1 batches=159256 verts=2119872 texStalls=4364 recompiles=1491 underruns=0 overruns=2901 sleep_us=26840792
fps: 29.8
vis: 60.0
cpu: exceptions=25267 cacheResets=1 batches=160791 verts=2138340 texStalls=4422 recompiles=1491 underruns=0 overruns=2931 sleep_us=27077055
fps: 30.2
vis: 60.0
cpu: exceptions=25506 cacheResets=1 batches=162235 verts=2156247 texStalls=4491 recompiles=1491 underruns=0 overruns=2961 sleep_us=27323690
fps: 29.9
vis: 60.0
cpu: exceptions=25767 cacheResets=1 batches=163645 verts=2173878 texStalls=4552 recompiles=1491 underruns=0 overruns=2991 sleep_us=27556110
fps: 30.0
vis: 60.0
cpu: exceptions=26043 cacheResets=1 batches=165011 verts=2189646 texStalls=4581 recompiles=1493 underruns=0 overruns=3021 sleep_us=27772718
fps: 30.7
vis: 60.0
cpu: exceptions=26249 cacheResets=1 batches=166693 verts=2211816 texStalls=4599 recompiles=1499 underruns=0 overruns=3051 sleep_us=28019233
fps: 29.2
vis: 60.0
cpu: exceptions=26494 cacheResets=1 batches=168537 verts=2234376 texStalls=4639 recompiles=1504 underruns=0 overruns=3081 sleep_us=28241257
fps: 30.8
vis: 60.0
cpu: exceptions=26687 cacheResets=1 batches=169989 verts=2252907 texStalls=4639 recompiles=1506 underruns=0 overruns=3111 sleep_us=28488928
fps: 30.0
vis: 60.0
cpu: exceptions=26878 cacheResets=1 batches=171837 verts=2279922 texStalls=4647 recompiles=1506 underruns=0 overruns=3141 sleep_us=28739721
fps: 30.0
vis: 60.0
cpu: exceptions=27096 cacheResets=1 batches=173136 verts=2296776 texStalls=4689 recompiles=1507 underruns=0 overruns=3171 sleep_us=28990415
fps: 29.3
vis: 60.0
cpu: exceptions=27343 cacheResets=1 batches=174524 verts=2313228 texStalls=4760 recompiles=1507 underruns=0 overruns=3201 sleep_us=29211088
fps: 30.8
vis: 60.0
cpu: exceptions=27508 cacheResets=1 batches=175837 verts=2331174 texStalls=4760 recompiles=1508 underruns=0 overruns=3231 sleep_us=29487604
fps: 30.0
vis: 60.0
cpu: exceptions=27672 cacheResets=1 batches=177091 verts=2346915 texStalls=4760 recompiles=1511 underruns=0 overruns=3261 sleep_us=29768559
fps: 30.0
vis: 60.0
cpu: exceptions=27855 cacheResets=1 batches=178100 verts=2361495 texStalls=4760 recompiles=1511 underruns=0 overruns=3291 sleep_us=30037021
fps: 30.0
vis: 60.0
cpu: exceptions=28047 cacheResets=1 batches=179463 verts=2381094 texStalls=4760 recompiles=1511 underruns=0 overruns=3321 sleep_us=30307415
fps: 30.1
vis: 60.0
cpu: exceptions=28219 cacheResets=1 batches=180748 verts=2399184 texStalls=4760 recompiles=1515 underruns=0 overruns=3351 sleep_us=30594566
fps: 30.1
vis: 60.0
cpu: exceptions=28398 cacheResets=1 batches=181836 verts=2414766 texStalls=4760 recompiles=1516 underruns=0 overruns=3381 sleep_us=30899050
fps: 29.9
vis: 60.0
cpu: exceptions=28576 cacheResets=1 batches=183408 verts=2436228 texStalls=4760 recompiles=1517 underruns=0 overruns=3411 sleep_us=31220592
vis: 60.0
cpu: exceptions=28738 cacheResets=1 batches=183453 verts=2437251 texStalls=4760 recompiles=1518 underruns=0 overruns=3441 sleep_us=31665622
fps: 10.8
vis: 60.0
cpu: exceptions=28839 cacheResets=1 batches=184293 verts=2451408 texStalls=4760 recompiles=1518 underruns=0 overruns=3465 sleep_us=32043183
fps: 31.0
vis: 60.0
cpu: exceptions=28979 cacheResets=1 batches=186090 verts=2481807 texStalls=4760 recompiles=1518 underruns=0 overruns=3495 sleep_us=32455337
fps: 29.9
mark: stop reason: chain guest VI limit
mark: stop_it requested
game: n=2/11 how=vis vis=3600 vi_rate=60 vi0_retrace=4061 wall_us=60606667 sleep_us=32838607 avg_vis=59.04 avg_fps=28.26 exceptions=29110 cacheResets=1 recompiles=1518 batches=187773 verts=2509869 texStalls=4760 treeDepthMax=14 underruns=0 overruns=3523 pmc1=44168806911 pmc2=0 pmc3=0 pmc4=0 mmcr0=00000042 mmcr1=00000000 heap_used=10484536 heap_free=37256 arena1_free=499712 arena2_free=56405952 flushes=8 flush_us=6894 padtrace=0 rom=sd:/wii64/roms/Mario Kart 64.v64
=== chain 2/11 end vis=3600 how=vis rom=sd:/wii64/roms/Mario Kart 64.v64 ===
mark: loadROM: enter
mark: loadROM: before rom_read
mark: ROMCache_load: enter
mark: ROMCache_load: before first read
mark: ROMCache_load: first read returned
mark: ROMCache_load: byte_swap_type set
mark: ROMCache_load: first byte_swap done
menufps: 0.0
menufps: 59.5
mark: ROMCache_load: loop exited normally
mark: loadROM: after rom_read
mark: loadROM: before init_memory
mark: loadROM: after init_memory
mark: loadROM: before romOpen_gfx
mark: loadROM: after romOpen_gfx / before romOpen_audio
mark: loadROM: after romOpen_audio / before romOpen_input
mark: loadROM: after romOpen_input / before cpu_init
mark: loadROM: after cpu_init
menufps: 1.0
fps: 1.3
first_vi: vi0_retrace=7910
vis: 7.1
cpu: exceptions=0 cacheResets=0 batches=0 verts=0 texStalls=0 recompiles=0 underruns=0 overruns=0 sleep_us=0
mark: CPU core dispatch: dynarec
vis: 53.8
cpu: exceptions=34 cacheResets=1 batches=0 verts=0 texStalls=0 recompiles=138 underruns=0 overruns=0 sleep_us=0
vis: 60.0
cpu: exceptions=64 cacheResets=1 batches=0 verts=0 texStalls=0 recompiles=138 underruns=0 overruns=0 sleep_us=280197
vis: 59.6
cpu: exceptions=334 cacheResets=1 batches=0 verts=0 texStalls=0 recompiles=375 underruns=0 overruns=0 sleep_us=504281
vis: 60.0
cpu: exceptions=550 cacheResets=1 batches=0 verts=0 texStalls=0 recompiles=629 underruns=0 overruns=0 sleep_us=787104
fps: 0.4
vis: 60.0
cpu: exceptions=752 cacheResets=1 batches=40 verts=843 texStalls=0 recompiles=1899 underruns=0 overruns=4 sleep_us=911121
vis: 60.0
cpu: exceptions=903 cacheResets=1 batches=40 verts=843 texStalls=0 recompiles=1902 underruns=0 overruns=19 sleep_us=1175110
fps: 1.3
vis: 60.0
cpu: exceptions=1094 cacheResets=1 batches=282 verts=4419 texStalls=0 recompiles=1995 underruns=0 overruns=34 sleep_us=1473212
fps: 30.0
vis: 60.0
cpu: exceptions=1275 cacheResets=1 batches=612 verts=9870 texStalls=0 recompiles=2006 underruns=0 overruns=49 sleep_us=1817104
fps: 30.0
vis: 60.0
cpu: exceptions=1464 cacheResets=1 batches=942 verts=15444 texStalls=0 recompiles=2009 underruns=0 overruns=64 sleep_us=2154921
fps: 30.0
vis: 60.0
cpu: exceptions=1641 cacheResets=1 batches=1269 verts=21141 texStalls=0 recompiles=2009 underruns=0 overruns=79 sleep_us=2495632
fps: 30.0
vis: 60.0
cpu: exceptions=1822 cacheResets=1 batches=1577 verts=26667 texStalls=0 recompiles=2012 underruns=0 overruns=94 sleep_us=2836021
fps: 30.0
vis: 60.0
cpu: exceptions=2014 cacheResets=1 batches=1877 verts=32130 texStalls=0 recompiles=2012 underruns=0 overruns=109 sleep_us=3174466
fps: 30.0
vis: 60.0
cpu: exceptions=2202 cacheResets=1 batches=2177 verts=37548 texStalls=0 recompiles=2029 underruns=0 overruns=124 sleep_us=3512471
fps: 30.0
vis: 60.0
cpu: exceptions=2381 cacheResets=1 batches=2554 verts=43923 texStalls=0 recompiles=2029 underruns=0 overruns=139 sleep_us=3836620
fps: 30.0
vis: 60.0
cpu: exceptions=2588 cacheResets=1 batches=3384 verts=58539 texStalls=0 recompiles=2036 underruns=0 overruns=154 sleep_us=4118347
fps: 30.0
vis: 60.0
cpu: exceptions=2771 cacheResets=1 batches=4067 verts=66384 texStalls=0 recompiles=2047 underruns=0 overruns=169 sleep_us=4423246
fps: 30.0
vis: 60.0
cpu: exceptions=2948 cacheResets=1 batches=4662 verts=73548 texStalls=0 recompiles=2063 underruns=0 overruns=184 sleep_us=4751603
fps: 30.0
vis: 60.0
cpu: exceptions=3120 cacheResets=1 batches=5169 verts=80016 texStalls=0 recompiles=2063 underruns=0 overruns=199 sleep_us=5096894
fps: 30.0
vis: 60.0
cpu: exceptions=3295 cacheResets=1 batches=5490 verts=85497 texStalls=0 recompiles=2064 underruns=0 overruns=214 sleep_us=5448619
fps: 29.9
vis: 60.0
cpu: exceptions=3479 cacheResets=1 batches=5790 verts=90984 texStalls=0 recompiles=2064 underruns=0 overruns=229 sleep_us=5794136
fps: 30.0
vis: 60.0
cpu: exceptions=3670 cacheResets=1 batches=6090 verts=96387 texStalls=0 recompiles=2064 underruns=0 overruns=244 sleep_us=6128533
fps: 30.0
vis: 60.0
cpu: exceptions=3858 cacheResets=1 batches=6753 verts=108240 texStalls=0 recompiles=2064 underruns=0 overruns=259 sleep_us=6436986
fps: 30.0
vis: 60.0
cpu: exceptions=4064 cacheResets=1 batches=7717 verts=122523 texStalls=0 recompiles=2065 underruns=0 overruns=274 sleep_us=6737597
fps: 29.9
vis: 60.0
cpu: exceptions=4260 cacheResets=1 batches=9965 verts=139752 texStalls=0 recompiles=2081 underruns=0 overruns=289 sleep_us=7020326
fps: 29.9
vis: 60.0
cpu: exceptions=4453 cacheResets=1 batches=14829 verts=177192 texStalls=0 recompiles=2081 underruns=0 overruns=304 sleep_us=7272416
fps: 30.0
vis: 60.0
cpu: exceptions=4642 cacheResets=1 batches=19365 verts=213858 texStalls=0 recompiles=2081 underruns=0 overruns=319 sleep_us=7531700
fps: 30.1
vis: 60.0
cpu: exceptions=4839 cacheResets=1 batches=22247 verts=240627 texStalls=0 recompiles=2082 underruns=0 overruns=334 sleep_us=7808383
fps: 30.0
vis: 60.0
cpu: exceptions=5031 cacheResets=1 batches=23191 verts=255849 texStalls=0 recompiles=2083 underruns=0 overruns=349 sleep_us=8099122
fps: 30.0
vis: 60.0
cpu: exceptions=5238 cacheResets=1 batches=24087 verts=270777 texStalls=0 recompiles=2083 underruns=0 overruns=364 sleep_us=8372728
fps: 30.0
vis: 60.0
cpu: exceptions=5437 cacheResets=1 batches=25052 verts=291501 texStalls=0 recompiles=2084 underruns=0 overruns=379 sleep_us=8664642
fps: 30.0
vis: 60.0
cpu: exceptions=5640 cacheResets=1 batches=26413 verts=314940 texStalls=0 recompiles=2095 underruns=0 overruns=394 sleep_us=8982735
fps: 30.0
vis: 60.0
cpu: exceptions=5818 cacheResets=1 batches=27926 verts=339171 texStalls=0 recompiles=2095 underruns=0 overruns=409 sleep_us=9329893
fps: 30.0
vis: 60.0
cpu: exceptions=5994 cacheResets=1 batches=28632 verts=352458 texStalls=0 recompiles=2098 underruns=0 overruns=424 sleep_us=9709469
vis: 60.0
cpu: exceptions=6168 cacheResets=1 batches=28916 verts=357009 texStalls=0 recompiles=2098 underruns=0 overruns=439 sleep_us=10097366
fps: 30.0
vis: 60.0
cpu: exceptions=6347 cacheResets=1 batches=29111 verts=360024 texStalls=0 recompiles=2130 underruns=0 overruns=454 sleep_us=10516131
fps: 30.0
vis: 60.0
cpu: exceptions=6513 cacheResets=1 batches=29220 verts=361779 texStalls=0 recompiles=2277 underruns=0 overruns=469 sleep_us=10869398
vis: 60.0
cpu: exceptions=6700 cacheResets=1 batches=29220 verts=361779 texStalls=0 recompiles=2277 underruns=0 overruns=484 sleep_us=11138027
vis: 60.0
cpu: exceptions=6848 cacheResets=1 batches=29220 verts=361779 texStalls=0 recompiles=2283 underruns=0 overruns=499 sleep_us=11401978
vis: 60.0
cpu: exceptions=6994 cacheResets=1 batches=29220 verts=361779 texStalls=0 recompiles=2287 underruns=0 overruns=514 sleep_us=11675965
vis: 60.0
cpu: exceptions=7139 cacheResets=1 batches=29220 verts=361779 texStalls=0 recompiles=2288 underruns=0 overruns=529 sleep_us=11946843
fps: 2.9
vis: 60.0
cpu: exceptions=7296 cacheResets=1 batches=29232 verts=362082 texStalls=0 recompiles=2301 underruns=0 overruns=544 sleep_us=12204303
fps: 11.2
vis: 60.0
cpu: exceptions=7477 cacheResets=1 batches=29358 verts=363435 texStalls=0 recompiles=2315 underruns=0 overruns=559 sleep_us=12563454
fps: 19.4
vis: 60.0
cpu: exceptions=7644 cacheResets=1 batches=29536 verts=365238 texStalls=0 recompiles=2315 underruns=0 overruns=574 sleep_us=12944003
fps: 20.0
vis: 60.0
cpu: exceptions=7806 cacheResets=1 batches=29755 verts=367608 texStalls=0 recompiles=2315 underruns=0 overruns=589 sleep_us=13355035
fps: 20.0
vis: 60.0
cpu: exceptions=7974 cacheResets=1 batches=30007 verts=370239 texStalls=0 recompiles=2315 underruns=0 overruns=604 sleep_us=13765660
fps: 20.0
vis: 60.0
cpu: exceptions=8139 cacheResets=1 batches=30297 verts=373287 texStalls=0 recompiles=2315 underruns=0 overruns=619 sleep_us=14163933
fps: 20.0
vis: 60.0
cpu: exceptions=8307 cacheResets=1 batches=30587 verts=376482 texStalls=0 recompiles=2315 underruns=0 overruns=634 sleep_us=14576248
fps: 20.0
vis: 60.0
cpu: exceptions=8471 cacheResets=1 batches=30902 verts=379998 texStalls=0 recompiles=2315 underruns=0 overruns=649 sleep_us=15004282
fps: 19.9
vis: 60.0
cpu: exceptions=8649 cacheResets=1 batches=31257 verts=384123 texStalls=0 recompiles=2318 underruns=0 overruns=664 sleep_us=15409016
fps: 20.0
vis: 60.0
cpu: exceptions=8811 cacheResets=1 batches=31849 verts=393711 texStalls=0 recompiles=2323 underruns=0 overruns=679 sleep_us=15763284
fps: 19.4
vis: 60.0
cpu: exceptions=8988 cacheResets=1 batches=32546 verts=401067 texStalls=0 recompiles=2323 underruns=0 overruns=694 sleep_us=16122912
vis: 60.0
cpu: exceptions=9151 cacheResets=1 batches=33021 verts=405441 texStalls=0 recompiles=2323 underruns=0 overruns=709 sleep_us=16469192
fps: 16.4
vis: 60.0
cpu: exceptions=9315 cacheResets=1 batches=33842 verts=417402 texStalls=0 recompiles=2325 underruns=0 overruns=724 sleep_us=16801316
fps: 18.7
vis: 60.0
cpu: exceptions=9480 cacheResets=1 batches=34980 verts=435618 texStalls=0 recompiles=2325 underruns=0 overruns=739 sleep_us=17168003
fps: 20.0
vis: 60.0
cpu: exceptions=9653 cacheResets=1 batches=36361 verts=457362 texStalls=0 recompiles=2325 underruns=0 overruns=754 sleep_us=17531504
fps: 20.0
vis: 60.0
cpu: exceptions=9815 cacheResets=1 batches=37700 verts=477897 texStalls=0 recompiles=2325 underruns=0 overruns=769 sleep_us=17902001
fps: 20.0
vis: 60.0
cpu: exceptions=9984 cacheResets=1 batches=38924 verts=496632 texStalls=0 recompiles=2325 underruns=0 overruns=784 sleep_us=18264819
fps: 20.0
vis: 60.0
cpu: exceptions=10146 cacheResets=1 batches=40258 verts=517479 texStalls=0 recompiles=2325 underruns=0 overruns=799 sleep_us=18633102
fps: 20.0
vis: 60.0
cpu: exceptions=10314 cacheResets=1 batches=41633 verts=538656 texStalls=0 recompiles=2325 underruns=0 overruns=814 sleep_us=19003373
fps: 19.9
vis: 60.0
cpu: exceptions=10497 cacheResets=1 batches=43079 verts=560730 texStalls=0 recompiles=2325 underruns=0 overruns=829 sleep_us=19354675
fps: 20.0
vis: 60.0
cpu: exceptions=10684 cacheResets=1 batches=44579 verts=583098 texStalls=0 recompiles=2325 underruns=0 overruns=844 sleep_us=19703434
fps: 20.0
vis: 60.0
cpu: exceptions=10853 cacheResets=1 batches=46214 verts=609012 texStalls=0 recompiles=2325 underruns=0 overruns=859 sleep_us=20052302
fps: 20.0
vis: 60.0
cpu: exceptions=11034 cacheResets=1 batches=47957 verts=636096 texStalls=0 recompiles=2325 underruns=0 overruns=874 sleep_us=20396621
fps: 20.0
vis: 60.0
cpu: exceptions=11214 cacheResets=1 batches=49728 verts=663747 texStalls=0 recompiles=2325 underruns=0 overruns=889 sleep_us=20731155
fps: 20.0
vis: 60.0
cpu: exceptions=11393 cacheResets=1 batches=51474 verts=691728 texStalls=0 recompiles=2325 underruns=0 overruns=904 sleep_us=21049947
fps: 20.0
vis: 60.0
cpu: exceptions=11593 cacheResets=1 batches=53395 verts=720954 texStalls=0 recompiles=2326 underruns=0 overruns=919 sleep_us=21341599
fps: 20.0
vis: 60.0
cpu: exceptions=11790 cacheResets=1 batches=55406 verts=751461 texStalls=0 recompiles=2326 underruns=0 overruns=934 sleep_us=21660172
fps: 20.0
vis: 60.0
cpu: exceptions=11973 cacheResets=1 batches=57410 verts=781467 texStalls=0 recompiles=2326 underruns=0 overruns=949 sleep_us=21986052
fps: 20.0
vis: 60.0
cpu: exceptions=12166 cacheResets=1 batches=59011 verts=805488 texStalls=0 recompiles=2327 underruns=0 overruns=964 sleep_us=22268137
fps: 16.0
vis: 60.0
cpu: exceptions=12354 cacheResets=1 batches=61118 verts=837177 texStalls=0 recompiles=2327 underruns=0 overruns=979 sleep_us=22561454
fps: 20.0
vis: 60.0
cpu: exceptions=12548 cacheResets=1 batches=63672 verts=876471 texStalls=0 recompiles=2327 underruns=0 overruns=994 sleep_us=22846831
fps: 20.0
vis: 60.0
cpu: exceptions=12739 cacheResets=1 batches=66212 verts=915648 texStalls=0 recompiles=2327 underruns=0 overruns=1009 sleep_us=23115466
fps: 20.0
vis: 60.0
cpu: exceptions=12930 cacheResets=1 batches=68952 verts=956718 texStalls=0 recompiles=2327 underruns=0 overruns=1024 sleep_us=23379150
fps: 20.0
vis: 60.0
cpu: exceptions=13118 cacheResets=1 batches=71612 verts=993219 texStalls=1 recompiles=2327 underruns=0 overruns=1039 sleep_us=23646764
fps: 20.0
vis: 60.0
cpu: exceptions=13317 cacheResets=1 batches=74235 verts=1029342 texStalls=2 recompiles=2327 underruns=0 overruns=1054 sleep_us=23914874
fps: 20.0
vis: 60.0
cpu: exceptions=13511 cacheResets=1 batches=76839 verts=1064520 texStalls=2 recompiles=2327 underruns=0 overruns=1069 sleep_us=24203598
fps: 20.0
vis: 60.0
cpu: exceptions=13711 cacheResets=1 batches=79077 verts=1096092 texStalls=2 recompiles=2327 underruns=0 overruns=1084 sleep_us=24492411
fps: 20.0
vis: 60.0
cpu: exceptions=13899 cacheResets=1 batches=81179 verts=1127040 texStalls=2 recompiles=2327 underruns=0 overruns=1099 sleep_us=24787422
fps: 20.0
vis: 60.0
cpu: exceptions=14098 cacheResets=1 batches=83796 verts=1162926 texStalls=2 recompiles=2327 underruns=0 overruns=1114 sleep_us=25058894
fps: 20.0
vis: 60.0
cpu: exceptions=14297 cacheResets=1 batches=86788 verts=1203117 texStalls=2 recompiles=2327 underruns=0 overruns=1129 sleep_us=25319569
fps: 20.0
vis: 60.0
cpu: exceptions=14503 cacheResets=1 batches=90059 verts=1244724 texStalls=3 recompiles=2327 underruns=0 overruns=1144 sleep_us=25581364
fps: 20.0
vis: 60.0
cpu: exceptions=14694 cacheResets=1 batches=92805 verts=1281024 texStalls=3 recompiles=2327 underruns=0 overruns=1159 sleep_us=25858656
fps: 20.0
vis: 60.0
cpu: exceptions=14901 cacheResets=1 batches=95062 verts=1312701 texStalls=3 recompiles=2330 underruns=0 overruns=1174 sleep_us=26150592
fps: 18.5
vis: 60.0
cpu: exceptions=15093 cacheResets=1 batches=97338 verts=1345218 texStalls=3 recompiles=2331 underruns=0 overruns=1189 sleep_us=26403086
fps: 21.6
vis: 60.0
cpu: exceptions=15291 cacheResets=1 batches=99920 verts=1381617 texStalls=3 recompiles=2331 underruns=0 overruns=1204 sleep_us=26671235
fps: 20.0
vis: 60.0
cpu: exceptions=15476 cacheResets=1 batches=102575 verts=1418556 texStalls=3 recompiles=2331 underruns=0 overruns=1219 sleep_us=26939764
fps: 20.0
vis: 60.0
cpu: exceptions=15664 cacheResets=1 batches=105389 verts=1457217 texStalls=3 recompiles=2331 underruns=0 overruns=1234 sleep_us=27209239
fps: 20.0
vis: 60.0
cpu: exceptions=15855 cacheResets=1 batches=108390 verts=1498344 texStalls=3 recompiles=2331 underruns=0 overruns=1249 sleep_us=27480001
fps: 20.0
vis: 60.0
cpu: exceptions=16048 cacheResets=1 batches=111481 verts=1541031 texStalls=3 recompiles=2331 underruns=0 overruns=1264 sleep_us=27749726
fps: 20.0
vis: 60.0
cpu: exceptions=16231 cacheResets=1 batches=114711 verts=1586688 texStalls=3 recompiles=2331 underruns=0 overruns=1279 sleep_us=28013728
fps: 20.0
vis: 60.0
cpu: exceptions=16422 cacheResets=1 batches=118009 verts=1634091 texStalls=3 recompiles=2331 underruns=0 overruns=1294 sleep_us=28281201
fps: 20.0
vis: 60.0
cpu: exceptions=16610 cacheResets=1 batches=121295 verts=1681587 texStalls=3 recompiles=2331 underruns=0 overruns=1309 sleep_us=28548737
fps: 20.0
vis: 60.0
cpu: exceptions=16809 cacheResets=1 batches=124581 verts=1728990 texStalls=3 recompiles=2331 underruns=0 overruns=1324 sleep_us=28794557
fps: 20.0
vis: 60.0
cpu: exceptions=16998 cacheResets=1 batches=127903 verts=1776357 texStalls=3 recompiles=2331 underruns=0 overruns=1339 sleep_us=29039409
vis: 60.0
cpu: exceptions=17205 cacheResets=1 batches=129617 verts=1798665 texStalls=4 recompiles=2333 underruns=0 overruns=1354 sleep_us=29308844
fps: 18.2
vis: 60.0
cpu: exceptions=17410 cacheResets=1 batches=131517 verts=1822869 texStalls=4 recompiles=2333 underruns=0 overruns=1369 sleep_us=29599932
fps: 20.0
vis: 60.0
cpu: exceptions=17625 cacheResets=1 batches=133434 verts=1847208 texStalls=4 recompiles=2333 underruns=0 overruns=1384 sleep_us=29874040
fps: 20.0
vis: 60.0
cpu: exceptions=17825 cacheResets=1 batches=135408 verts=1872654 texStalls=4 recompiles=2333 underruns=0 overruns=1399 sleep_us=30150157
fps: 20.0
vis: 60.0
cpu: exceptions=18024 cacheResets=1 batches=137345 verts=1897509 texStalls=4 recompiles=2333 underruns=0 overruns=1414 sleep_us=30436871
fps: 20.0
vis: 60.0
cpu: exceptions=18238 cacheResets=1 batches=139116 verts=1921704 texStalls=5 recompiles=2340 underruns=0 overruns=1429 sleep_us=30677819
fps: 18.7
vis: 60.0
cpu: exceptions=18468 cacheResets=1 batches=141235 verts=1951752 texStalls=6 recompiles=2341 underruns=0 overruns=1444 sleep_us=30867258
fps: 16.0
vis: 60.0
cpu: exceptions=18663 cacheResets=1 batches=144117 verts=1992501 texStalls=6 recompiles=2341 underruns=0 overruns=1459 sleep_us=31130761
fps: 20.0
vis: 60.0
cpu: exceptions=18873 cacheResets=1 batches=146909 verts=2032413 texStalls=6 recompiles=2341 underruns=0 overruns=1474 sleep_us=31387871
fps: 20.0
vis: 60.0
cpu: exceptions=19076 cacheResets=1 batches=149714 verts=2072382 texStalls=7 recompiles=2341 underruns=0 overruns=1489 sleep_us=31648078
fps: 20.0
vis: 60.0
cpu: exceptions=19280 cacheResets=1 batches=152662 verts=2115009 texStalls=7 recompiles=2341 underruns=0 overruns=1504 sleep_us=31907919
fps: 20.0
vis: 60.0
cpu: exceptions=19487 cacheResets=1 batches=155641 verts=2158185 texStalls=8 recompiles=2341 underruns=0 overruns=1519 sleep_us=32166077
fps: 20.0
vis: 60.0
cpu: exceptions=19708 cacheResets=1 batches=158720 verts=2203458 texStalls=9 recompiles=2343 underruns=0 overruns=1534 sleep_us=32413205
fps: 20.0
vis: 60.0
cpu: exceptions=19923 cacheResets=1 batches=161890 verts=2250201 texStalls=9 recompiles=2343 underruns=0 overruns=1549 sleep_us=32666740
fps: 20.0
vis: 60.0
cpu: exceptions=20138 cacheResets=1 batches=164526 verts=2289309 texStalls=9 recompiles=2343 underruns=0 overruns=1564 sleep_us=32917319
fps: 17.4
vis: 60.0
cpu: exceptions=20353 cacheResets=1 batches=167882 verts=2338719 texStalls=9 recompiles=2343 underruns=0 overruns=1579 sleep_us=33158815
vis: 60.0
cpu: exceptions=20603 cacheResets=1 batches=171890 verts=2398083 texStalls=9 recompiles=2343 underruns=0 overruns=1597 sleep_us=33447458
fps: 20.0
vis: 60.0
cpu: exceptions=20812 cacheResets=1 batches=175184 verts=2447379 texStalls=9 recompiles=2343 underruns=0 overruns=1612 sleep_us=33704311
fps: 20.0
vis: 60.0
cpu: exceptions=21041 cacheResets=1 batches=178464 verts=2495748 texStalls=9 recompiles=2345 underruns=0 overruns=1627 sleep_us=33932574
fps: 20.0
vis: 60.0
cpu: exceptions=21259 cacheResets=1 batches=181735 verts=2543673 texStalls=9 recompiles=2351 underruns=0 overruns=1642 sleep_us=34164273
fps: 20.0
vis: 60.0
cpu: exceptions=21459 cacheResets=1 batches=185011 verts=2592444 texStalls=9 recompiles=2351 underruns=0 overruns=1657 sleep_us=34420586
fps: 20.0
vis: 60.0
cpu: exceptions=21661 cacheResets=1 batches=188275 verts=2641866 texStalls=9 recompiles=2351 underruns=0 overruns=1672 sleep_us=34665603
fps: 20.0
vis: 60.0
cpu: exceptions=21876 cacheResets=1 batches=191515 verts=2690502 texStalls=9 recompiles=2351 underruns=0 overruns=1687 sleep_us=34894527
fps: 15.9
vis: 60.0
cpu: exceptions=22061 cacheResets=1 batches=194133 verts=2730534 texStalls=9 recompiles=2351 underruns=0 overruns=1702 sleep_us=35153049
fps: 20.0
vis: 60.0
cpu: exceptions=22261 cacheResets=1 batches=197440 verts=2780064 texStalls=9 recompiles=2351 underruns=0 overruns=1717 sleep_us=35402934
fps: 20.0
mark: stop reason: chain guest VI limit
mark: stop_it requested
game: n=3/11 how=vis vis=3600 vi_rate=60 vi0_retrace=7910 wall_us=60062218 sleep_us=35604601 avg_vis=59.50 avg_fps=21.60 exceptions=22438 cacheResets=1 recompiles=2351 batches=199326 verts=2808753 texStalls=10 treeDepthMax=32 underruns=0 overruns=1730 pmc1=43783819287 pmc2=0 pmc3=0 pmc4=0 mmcr0=00000042 mmcr1=00000000 heap_used=10515000 heap_free=35464 arena1_free=471040 arena2_free=56405952 flushes=8 flush_us=7201 padtrace=0 rom=sd:/wii64/roms/Banjo-Kazooie.V64
=== chain 3/11 end vis=3600 how=vis rom=sd:/wii64/roms/Banjo-Kazooie.V64 ===
mark: pad replay records: 11
mark: loadROM: enter
mark: loadROM: before rom_read
mark: ROMCache_load: enter
menufps: 0.0
menufps: 0.2
mark: ROMCache_load: before first read
mark: ROMCache_load: first read returned
mark: ROMCache_load: byte_swap_type set
mark: ROMCache_load: first byte_swap done
menufps: 0.2
menufps: 55.0
menufps: 1.4
menufps: 1.4
menufps: 1.4
menufps: 1.4
menufps: 1.4
menufps: 1.4
menufps: 1.4
menufps: 21.4
mark: ROMCache_load: loop exited normally
mark: loadROM: after rom_read
mark: loadROM: before init_memory
mark: loadROM: after init_memory
mark: loadROM: before romOpen_gfx
mark: loadROM: after romOpen_gfx / before romOpen_audio
mark: loadROM: after romOpen_audio / before romOpen_input
mark: loadROM: after romOpen_input / before cpu_init
mark: loadROM: after cpu_init
menufps: 4.5
fps: 0.3
first_vi: vi0_retrace=12686
vis: 1.3
cpu: exceptions=0 cacheResets=0 batches=0 verts=0 texStalls=0 recompiles=0 underruns=0 overruns=0 sleep_us=0
mark: CPU core dispatch: dynarec
vis: 0.4
cpu: exceptions=1 cacheResets=1 batches=0 verts=0 texStalls=0 recompiles=109 underruns=0 overruns=0 sleep_us=0
vis: 60.0
cpu: exceptions=432 cacheResets=1 batches=0 verts=0 texStalls=0 recompiles=315 underruns=0 overruns=0 sleep_us=444089
vis: 60.0
cpu: exceptions=672 cacheResets=1 batches=0 verts=0 texStalls=0 recompiles=315 underruns=0 overruns=0 sleep_us=935201
vis: 60.0
cpu: exceptions=2161 cacheResets=1 batches=0 verts=0 texStalls=0 recompiles=336 underruns=0 overruns=0 sleep_us=1389499
fps: 0.2
vis: 57.1
cpu: exceptions=2462 cacheResets=1 batches=0 verts=0 texStalls=0 recompiles=700 underruns=0 overruns=0 sleep_us=1814540
fps: 54.9
vis: 60.0
cpu: exceptions=2626 cacheResets=1 batches=0 verts=0 texStalls=0 recompiles=786 underruns=0 overruns=0 sleep_us=2141957
fps: 60.0
vis: 60.0
cpu: exceptions=2791 cacheResets=1 batches=0 verts=0 texStalls=0 recompiles=786 underruns=0 overruns=29 sleep_us=2589561
fps: 60.0
vis: 60.0
cpu: exceptions=2956 cacheResets=1 batches=0 verts=0 texStalls=0 recompiles=791 underruns=0 overruns=59 sleep_us=3037199
fps: 60.0
vis: 60.0
cpu: exceptions=3121 cacheResets=1 batches=0 verts=0 texStalls=0 recompiles=791 underruns=0 overruns=89 sleep_us=3485039
fps: 60.0
vis: 60.0
cpu: exceptions=3286 cacheResets=1 batches=0 verts=0 texStalls=0 recompiles=791 underruns=0 overruns=119 sleep_us=3932886
vis: 60.0
cpu: exceptions=3451 cacheResets=1 batches=0 verts=0 texStalls=0 recompiles=805 underruns=0 overruns=149 sleep_us=4380508
fps: 60.1
vis: 60.0
cpu: exceptions=3623 cacheResets=1 batches=0 verts=0 texStalls=0 recompiles=805 underruns=0 overruns=179 sleep_us=4788135
fps: 54.1
vis: 60.0
cpu: exceptions=3803 cacheResets=1 batches=0 verts=0 texStalls=0 recompiles=807 underruns=0 overruns=209 sleep_us=5236006
fps: 60.0
vis: 60.0
cpu: exceptions=3983 cacheResets=1 batches=0 verts=0 texStalls=0 recompiles=807 underruns=0 overruns=239 sleep_us=5684003
fps: 60.0
vis: 60.0
cpu: exceptions=4163 cacheResets=1 batches=0 verts=0 texStalls=0 recompiles=807 underruns=0 overruns=269 sleep_us=6131992
fps: 60.0
vis: 60.0
cpu: exceptions=4343 cacheResets=1 batches=0 verts=0 texStalls=0 recompiles=807 underruns=0 overruns=299 sleep_us=6579871
fps: 60.0
vis: 60.0
cpu: exceptions=4521 cacheResets=1 batches=0 verts=0 texStalls=0 recompiles=808 underruns=0 overruns=329 sleep_us=6989576
fps: 54.2
vis: 60.0
cpu: exceptions=4701 cacheResets=1 batches=0 verts=0 texStalls=0 recompiles=809 underruns=0 overruns=359 sleep_us=7437429
fps: 60.0
vis: 60.0
cpu: exceptions=4881 cacheResets=1 batches=0 verts=0 texStalls=0 recompiles=809 underruns=0 overruns=389 sleep_us=7885460
fps: 59.9
vis: 60.0
cpu: exceptions=5061 cacheResets=1 batches=0 verts=0 texStalls=0 recompiles=809 underruns=0 overruns=419 sleep_us=8333497
fps: 60.0
vis: 60.0
cpu: exceptions=5241 cacheResets=1 batches=0 verts=0 texStalls=0 recompiles=811 underruns=0 overruns=449 sleep_us=8781399
fps: 60.0
vis: 48.1
cpu: exceptions=5490 cacheResets=1 batches=0 verts=0 texStalls=0 recompiles=980 underruns=0 overruns=476 sleep_us=9054564
vis: 45.7
cpu: exceptions=5698 cacheResets=1 batches=0 verts=0 texStalls=0 recompiles=1125 underruns=0 overruns=499 sleep_us=9055902
vis: 60.0
cpu: exceptions=5922 cacheResets=1 batches=0 verts=0 texStalls=0 recompiles=1125 underruns=0 overruns=529 sleep_us=9055902
vis: 51.9
cpu: exceptions=6148 cacheResets=1 batches=0 verts=0 texStalls=0 recompiles=1125 underruns=0 overruns=556 sleep_us=9055902
vis: 49.9
cpu: exceptions=6355 cacheResets=1 batches=0 verts=0 texStalls=0 recompiles=1125 underruns=0 overruns=581 sleep_us=9089634
vis: 46.0
cpu: exceptions=6579 cacheResets=1 batches=0 verts=0 texStalls=0 recompiles=1125 underruns=0 overruns=606 sleep_us=9098387
vis: 50.4
cpu: exceptions=6775 cacheResets=1 batches=0 verts=0 texStalls=0 recompiles=1125 underruns=0 overruns=632 sleep_us=9179703
vis: 57.8
cpu: exceptions=6960 cacheResets=1 batches=0 verts=0 texStalls=0 recompiles=1125 underruns=0 overruns=661 sleep_us=9289682
fps: 5.7
vis: 60.0
cpu: exceptions=7161 cacheResets=1 batches=1314 verts=9036 texStalls=0 recompiles=1349 underruns=0 overruns=691 sleep_us=9363231
fps: 153.8
vis: 60.0
cpu: exceptions=7435 cacheResets=1 batches=11139 verts=76692 texStalls=0 recompiles=1420 underruns=0 overruns=721 sleep_us=9523998
fps: 150.0
vis: 60.0
cpu: exceptions=7711 cacheResets=1 batches=20871 verts=143388 texStalls=0 recompiles=1420 underruns=0 overruns=751 sleep_us=9687692
fps: 149.9
vis: 60.0
cpu: exceptions=7985 cacheResets=1 batches=30562 verts=209613 texStalls=0 recompiles=1445 underruns=0 overruns=781 sleep_us=9848595
fps: 151.9
vis: 60.0
cpu: exceptions=8260 cacheResets=1 batches=40261 verts=276006 texStalls=0 recompiles=1461 underruns=0 overruns=811 sleep_us=10010898
fps: 147.8
vis: 60.0
cpu: exceptions=8546 cacheResets=1 batches=50009 verts=342450 texStalls=0 recompiles=1491 underruns=0 overruns=841 sleep_us=10148764
fps: 149.8
vis: 60.0
cpu: exceptions=8824 cacheResets=1 batches=59695 verts=408471 texStalls=0 recompiles=1586 underruns=0 overruns=871 sleep_us=10180874
fps: 152.0
vis: 60.0
cpu: exceptions=9090 cacheResets=1 batches=69369 verts=475281 texStalls=0 recompiles=1586 underruns=0 overruns=901 sleep_us=10304129
fps: 149.9
vis: 60.0
cpu: exceptions=9360 cacheResets=1 batches=79105 verts=542463 texStalls=0 recompiles=1586 underruns=0 overruns=931 sleep_us=10424664
fps: 149.9
vis: 60.0
cpu: exceptions=9634 cacheResets=1 batches=88813 verts=609033 texStalls=0 recompiles=1587 underruns=0 overruns=961 sleep_us=10544045
fps: 147.4
vis: 60.0
cpu: exceptions=9913 cacheResets=1 batches=98490 verts=675036 texStalls=0 recompiles=1587 underruns=0 overruns=991 sleep_us=10650833
fps: 150.9
vis: 60.0
cpu: exceptions=10192 cacheResets=1 batches=108189 verts=741324 texStalls=0 recompiles=1587 underruns=0 overruns=1021 sleep_us=10760792
fps: 149.9
vis: 60.0
cpu: exceptions=10471 cacheResets=1 batches=117828 verts=807597 texStalls=0 recompiles=1587 underruns=0 overruns=1051 sleep_us=10869675
fps: 152.0
vis: 60.0
cpu: exceptions=10749 cacheResets=1 batches=127532 verts=874314 texStalls=0 recompiles=1587 underruns=0 overruns=1081 sleep_us=10973697
vis: 60.0
cpu: exceptions=11026 cacheResets=1 batches=137100 verts=940887 texStalls=0 recompiles=1593 underruns=0 overruns=1111 sleep_us=11086294
fps: 147.5
vis: 60.0
cpu: exceptions=11306 cacheResets=1 batches=146852 verts=1007607 texStalls=0 recompiles=1593 underruns=0 overruns=1141 sleep_us=11198496
fps: 151.9
vis: 60.0
cpu: exceptions=11583 cacheResets=1 batches=156500 verts=1073784 texStalls=0 recompiles=1593 underruns=0 overruns=1171 sleep_us=11312362
fps: 148.9
vis: 60.0
cpu: exceptions=11864 cacheResets=1 batches=166200 verts=1140168 texStalls=0 recompiles=1593 underruns=0 overruns=1201 sleep_us=11427071
fps: 149.9
vis: 60.0
cpu: exceptions=12138 cacheResets=1 batches=175915 verts=1206129 texStalls=0 recompiles=1593 underruns=0 overruns=1231 sleep_us=11543083
fps: 149.4
vis: 60.0
cpu: exceptions=12423 cacheResets=1 batches=185562 verts=1271922 texStalls=5 recompiles=1593 underruns=0 overruns=1261 sleep_us=11643874
fps: 149.8
vis: 60.0
cpu: exceptions=12701 cacheResets=1 batches=195186 verts=1338561 texStalls=5 recompiles=1593 underruns=0 overruns=1291 sleep_us=11753161
fps: 149.9
vis: 60.0
cpu: exceptions=12982 cacheResets=1 batches=204813 verts=1405182 texStalls=5 recompiles=1593 underruns=0 overruns=1321 sleep_us=11863054
fps: 152.0
vis: 60.0
cpu: exceptions=13263 cacheResets=1 batches=214374 verts=1471059 texStalls=5 recompiles=1593 underruns=0 overruns=1351 sleep_us=11968830
fps: 149.9
vis: 60.0
cpu: exceptions=13547 cacheResets=1 batches=223933 verts=1536621 texStalls=5 recompiles=1593 underruns=0 overruns=1381 sleep_us=12069461
fps: 150.0
vis: 60.0
cpu: exceptions=13833 cacheResets=1 batches=233512 verts=1602972 texStalls=5 recompiles=1593 underruns=0 overruns=1411 sleep_us=12167653
fps: 148.9
vis: 60.0
cpu: exceptions=14118 cacheResets=1 batches=243121 verts=1668960 texStalls=5 recompiles=1593 underruns=0 overruns=1441 sleep_us=12269042
fps: 149.8
vis: 60.0
cpu: exceptions=14402 cacheResets=1 batches=252676 verts=1734723 texStalls=5 recompiles=1593 underruns=0 overruns=1471 sleep_us=12366610
fps: 154.0
vis: 60.0
cpu: exceptions=14687 cacheResets=1 batches=262228 verts=1801323 texStalls=5 recompiles=1594 underruns=0 overruns=1501 sleep_us=12463923
fps: 150.0
vis: 60.0
cpu: exceptions=14978 cacheResets=1 batches=271794 verts=1868241 texStalls=5 recompiles=1594 underruns=0 overruns=1531 sleep_us=12567985
fps: 145.6
vis: 60.0
cpu: exceptions=15266 cacheResets=1 batches=281358 verts=1934424 texStalls=5 recompiles=1594 underruns=0 overruns=1561 sleep_us=12669189
fps: 151.9
vis: 60.0
cpu: exceptions=15553 cacheResets=1 batches=290867 verts=1999752 texStalls=5 recompiles=1594 underruns=0 overruns=1591 sleep_us=12776249
fps: 148.9
vis: 60.0
cpu: exceptions=15837 cacheResets=1 batches=300451 verts=2065707 texStalls=5 recompiles=1594 underruns=0 overruns=1621 sleep_us=12883703
fps: 149.9
vis: 59.7
cpu: exceptions=16129 cacheResets=1 batches=309914 verts=2131110 texStalls=10 recompiles=1595 underruns=0 overruns=1651 sleep_us=12975128
fps: 149.2
vis: 60.0
cpu: exceptions=16414 cacheResets=1 batches=319377 verts=2196672 texStalls=10 recompiles=1595 underruns=0 overruns=1681 sleep_us=13071070
fps: 154.0
vis: 60.0
cpu: exceptions=16700 cacheResets=1 batches=328824 verts=2261964 texStalls=10 recompiles=1595 underruns=0 overruns=1711 sleep_us=13171586
fps: 147.9
vis: 60.0
cpu: exceptions=16986 cacheResets=1 batches=338228 verts=2327457 texStalls=10 recompiles=1595 underruns=0 overruns=1741 sleep_us=13275544
fps: 147.5
vis: 60.0
cpu: exceptions=17273 cacheResets=1 batches=347634 verts=2392368 texStalls=10 recompiles=1595 underruns=0 overruns=1771 sleep_us=13374077
fps: 150.0
vis: 60.0
cpu: exceptions=17559 cacheResets=1 batches=357052 verts=2457765 texStalls=10 recompiles=1595 underruns=0 overruns=1801 sleep_us=13471382
fps: 151.0
vis: 60.0
cpu: exceptions=17844 cacheResets=1 batches=366433 verts=2521872 texStalls=10 recompiles=1595 underruns=0 overruns=1831 sleep_us=13571489
fps: 149.8
vis: 60.0
cpu: exceptions=18131 cacheResets=1 batches=375838 verts=2586795 texStalls=10 recompiles=1595 underruns=0 overruns=1861 sleep_us=13671705
fps: 150.0
vis: 60.0
cpu: exceptions=18416 cacheResets=1 batches=385229 verts=2652015 texStalls=10 recompiles=1596 underruns=0 overruns=1891 sleep_us=13771003
fps: 149.9
vis: 60.0
cpu: exceptions=18703 cacheResets=1 batches=394702 verts=2718000 texStalls=10 recompiles=1596 underruns=0 overruns=1921 sleep_us=13873787
fps: 152.0
vis: 60.0
cpu: exceptions=18993 cacheResets=1 batches=404232 verts=2783457 texStalls=10 recompiles=1603 underruns=0 overruns=1951 sleep_us=13971620
fps: 147.7
vis: 60.0
cpu: exceptions=19289 cacheResets=1 batches=413831 verts=2849352 texStalls=10 recompiles=1608 underruns=0 overruns=1981 sleep_us=14036611
fps: 154.0
vis: 60.0
cpu: exceptions=19584 cacheResets=1 batches=423351 verts=2915322 texStalls=10 recompiles=1608 underruns=0 overruns=2011 sleep_us=14111704
fps: 150.0
vis: 60.0
cpu: exceptions=19879 cacheResets=1 batches=432927 verts=2981415 texStalls=10 recompiles=1608 underruns=0 overruns=2041 sleep_us=14183851
fps: 139.9
vis: 60.0
cpu: exceptions=20182 cacheResets=1 batches=442537 verts=3047559 texStalls=15 recompiles=1617 underruns=0 overruns=2071 sleep_us=14232339
fps: 155.1
vis: 60.0
cpu: exceptions=20480 cacheResets=1 batches=452126 verts=3113907 texStalls=15 recompiles=1618 underruns=0 overruns=2101 sleep_us=14295456
fps: 151.9
vis: 60.0
cpu: exceptions=20771 cacheResets=1 batches=461592 verts=3179976 texStalls=15 recompiles=1620 underruns=0 overruns=2131 sleep_us=14364937
fps: 149.1
vis: 60.0
cpu: exceptions=21065 cacheResets=1 batches=471097 verts=3246147 texStalls=15 recompiles=1620 underruns=0 overruns=2161 sleep_us=14445104
fps: 149.5
vis: 60.0
cpu: exceptions=21365 cacheResets=1 batches=480660 verts=3312729 texStalls=15 recompiles=1620 underruns=0 overruns=2191 sleep_us=14519124
fps: 151.9
vis: 60.0
cpu: exceptions=21660 cacheResets=1 batches=490251 verts=3379413 texStalls=15 recompiles=1620 underruns=0 overruns=2221 sleep_us=14589576
fps: 149.9
vis: 60.0
cpu: exceptions=21961 cacheResets=1 batches=499887 verts=3446385 texStalls=15 recompiles=1620 underruns=0 overruns=2251 sleep_us=14657468
fps: 147.6
vis: 60.0
cpu: exceptions=22260 cacheResets=1 batches=509485 verts=3513012 texStalls=15 recompiles=1620 underruns=0 overruns=2281 sleep_us=14722207
fps: 151.9
vis: 60.0
cpu: exceptions=22555 cacheResets=1 batches=515307 verts=3555078 texStalls=15 recompiles=1624 underruns=0 overruns=2311 sleep_us=14818725
fps: 147.9
vis: 60.0
cpu: exceptions=22852 cacheResets=1 batches=519836 verts=3588321 texStalls=15 recompiles=1626 underruns=0 overruns=2341 sleep_us=14931095
fps: 150.0
vis: 60.0
cpu: exceptions=23144 cacheResets=1 batches=524358 verts=3621579 texStalls=15 recompiles=1627 underruns=0 overruns=2371 sleep_us=15047863
fps: 151.8
vis: 60.0
cpu: exceptions=23436 cacheResets=1 batches=528887 verts=3654753 texStalls=15 recompiles=1627 underruns=0 overruns=2401 sleep_us=15173721
fps: 148.8
fps: 152.1
vis: 60.0
cpu: exceptions=24017 cacheResets=1 batches=537950 verts=3721113 texStalls=20 recompiles=1627 underruns=0 overruns=2460 sleep_us=15436371
fps: 150.0
vis: 60.0
cpu: exceptions=24301 cacheResets=1 batches=542486 verts=3754296 texStalls=20 recompiles=1627 underruns=0 overruns=2490 sleep_us=15576355
fps: 149.6
vis: 60.0
cpu: exceptions=24594 cacheResets=1 batches=547013 verts=3787455 texStalls=20 recompiles=1627 underruns=0 overruns=2520 sleep_us=15703454
vis: 60.0
cpu: exceptions=24887 cacheResets=1 batches=551554 verts=3820617 texStalls=20 recompiles=1627 underruns=0 overruns=2550 sleep_us=15826026
fps: 148.8
vis: 60.0
cpu: exceptions=25174 cacheResets=1 batches=556077 verts=3853779 texStalls=20 recompiles=1627 underruns=0 overruns=2580 sleep_us=15955073
fps: 149.9
vis: 60.0
cpu: exceptions=25462 cacheResets=1 batches=560617 verts=3886941 texStalls=20 recompiles=1627 underruns=0 overruns=2610 sleep_us=16078241
fps: 151.6
vis: 60.0
cpu: exceptions=25752 cacheResets=1 batches=565074 verts=3919977 texStalls=20 recompiles=1627 underruns=0 overruns=2640 sleep_us=16202100
fps: 149.9
vis: 60.0
cpu: exceptions=26047 cacheResets=1 batches=569489 verts=3952572 texStalls=20 recompiles=1627 underruns=0 overruns=2670 sleep_us=16331440
fps: 154.0
vis: 60.0
cpu: exceptions=26336 cacheResets=1 batches=573946 verts=3985140 texStalls=20 recompiles=1627 underruns=0 overruns=2700 sleep_us=16474497
fps: 144.8
vis: 60.0
cpu: exceptions=26624 cacheResets=1 batches=578407 verts=4018284 texStalls=20 recompiles=1627 underruns=0 overruns=2730 sleep_us=16615429
fps: 151.8
vis: 60.0
cpu: exceptions=26913 cacheResets=1 batches=582929 verts=4051347 texStalls=20 recompiles=1627 underruns=0 overruns=2760 sleep_us=16752782
fps: 149.7
vis: 60.0
cpu: exceptions=27207 cacheResets=1 batches=587503 verts=4083960 texStalls=20 recompiles=1627 underruns=0 overruns=2790 sleep_us=16890769
fps: 149.4
vis: 60.0
cpu: exceptions=27496 cacheResets=1 batches=592073 verts=4116504 texStalls=20 recompiles=1627 underruns=0 overruns=2820 sleep_us=17019287
fps: 148.8
vis: 60.0
cpu: exceptions=27788 cacheResets=1 batches=596662 verts=4149255 texStalls=20 recompiles=1627 underruns=0 overruns=2850 sleep_us=17153064
fps: 150.0
vis: 60.0
cpu: exceptions=28082 cacheResets=1 batches=601245 verts=4181988 texStalls=20 recompiles=1627 underruns=0 overruns=2880 sleep_us=17281511
fps: 149.8
vis: 60.0
cpu: exceptions=28378 cacheResets=1 batches=605786 verts=4214457 texStalls=20 recompiles=1627 underruns=0 overruns=2910 sleep_us=17408462
fps: 149.9
vis: 60.0
cpu: exceptions=28666 cacheResets=1 batches=610326 verts=4246875 texStalls=20 recompiles=1627 underruns=0 overruns=2940 sleep_us=17533270
fps: 151.9
vis: 60.0
cpu: exceptions=28959 cacheResets=1 batches=614815 verts=4278870 texStalls=20 recompiles=1627 underruns=0 overruns=2970 sleep_us=17667846
fps: 150.0
vis: 60.0
cpu: exceptions=29249 cacheResets=1 batches=619349 verts=4311051 texStalls=20 recompiles=1627 underruns=0 overruns=3000 sleep_us=17813531
fps: 150.0
vis: 60.0
cpu: exceptions=29534 cacheResets=1 batches=623892 verts=4343463 texStalls=20 recompiles=1627 underruns=0 overruns=3030 sleep_us=17959956
fps: 150.0
vis: 60.0
cpu: exceptions=29825 cacheResets=1 batches=628433 verts=4375746 texStalls=20 recompiles=1627 underruns=0 overruns=3060 sleep_us=18099247
fps: 154.0
vis: 60.0
cpu: exceptions=30114 cacheResets=1 batches=632963 verts=4407744 texStalls=20 recompiles=1627 underruns=0 overruns=3090 sleep_us=18245400
fps: 145.7
vis: 60.0
cpu: exceptions=30413 cacheResets=1 batches=637493 verts=4439805 texStalls=20 recompiles=1627 underruns=0 overruns=3120 sleep_us=18369935
fps: 149.3
vis: 60.0
cpu: exceptions=30701 cacheResets=1 batches=642023 verts=4472130 texStalls=20 recompiles=1627 underruns=0 overruns=3150 sleep_us=18524318
fps: 149.4
vis: 60.0
cpu: exceptions=30986 cacheResets=1 batches=646583 verts=4504713 texStalls=20 recompiles=1627 underruns=0 overruns=3180 sleep_us=18674070
fps: 152.0
vis: 60.0
cpu: exceptions=31275 cacheResets=1 batches=651142 verts=4537368 texStalls=20 recompiles=1627 underruns=0 overruns=3210 sleep_us=18822177
fps: 149.7
vis: 60.0
cpu: exceptions=31566 cacheResets=1 batches=655773 verts=4570509 texStalls=20 recompiles=1627 underruns=0 overruns=3240 sleep_us=18958730
fps: 149.7
vis: 60.0
cpu: exceptions=31853 cacheResets=1 batches=660362 verts=4603377 texStalls=20 recompiles=1627 underruns=0 overruns=3270 sleep_us=19097563
fps: 149.0
vis: 60.0
cpu: exceptions=32124 cacheResets=1 batches=664937 verts=4636287 texStalls=20 recompiles=1627 underruns=0 overruns=3300 sleep_us=19270457
fps: 151.9
vis: 60.0
cpu: exceptions=32396 cacheResets=1 batches=669587 verts=4669557 texStalls=20 recompiles=1627 underruns=0 overruns=3330 sleep_us=19474579
fps: 149.5
vis: 60.0
cpu: exceptions=32683 cacheResets=1 batches=674214 verts=4702473 texStalls=20 recompiles=1627 underruns=0 overruns=3360 sleep_us=19617628
fps: 149.6
vis: 60.0
cpu: exceptions=32981 cacheResets=1 batches=678750 verts=4735011 texStalls=20 recompiles=1627 underruns=0 overruns=3390 sleep_us=19748020
fps: 149.9
vis: 60.0
cpu: exceptions=33270 cacheResets=1 batches=683241 verts=4767234 texStalls=20 recompiles=1627 underruns=0 overruns=3420 sleep_us=19888788
fps: 148.9
mark: stop reason: chain guest VI limit
mark: stop_it requested
game: n=4/11 how=vis vis=3600 vi_rate=60 vi0_retrace=12686 wall_us=63108108 sleep_us=20024484 avg_vis=58.42 avg_fps=132.58 exceptions=33525 cacheResets=1 recompiles=1627 batches=687155 verts=4795434 texStalls=20 treeDepthMax=25 underruns=0 overruns=3447 pmc1=46002707102 pmc2=0 pmc3=0 pmc4=0 mmcr0=00000042 mmcr1=00000000 heap_used=10467192 heap_free=120136 arena1_free=434176 arena2_free=56405952 flushes=8 flush_us=6956 padtrace=10 rom=sd:/wii64/roms/Mario Party.v64
=== chain 4/11 end vis=3600 how=vis rom=sd:/wii64/roms/Mario Party.v64 ===
mark: pad replay records: 11
mark: loadROM: enter
mark: loadROM: before rom_read
mark: ROMCache_load: enter
mark: ROMCache_load: before first read
mark: ROMCache_load: first read returned
mark: ROMCache_load: byte_swap_type set
mark: ROMCache_load: first byte_swap done
menufps: 0.0
menufps: 54.6
menufps: 1.4
menufps: 1.4
menufps: 1.4
menufps: 1.4
menufps: 1.4
menufps: 1.4
menufps: 1.4
menufps: 21.4
mark: ROMCache_load: loop exited normally
mark: loadROM: after rom_read
mark: loadROM: before init_memory
mark: loadROM: after init_memory
mark: loadROM: before romOpen_gfx
mark: loadROM: after romOpen_gfx / before romOpen_audio
mark: loadROM: after romOpen_audio / before romOpen_input
mark: loadROM: after romOpen_input / before cpu_init
mark: loadROM: after cpu_init
menufps: 4.5
fps: 4.1
first_vi: vi0_retrace=17039
vis: 2.8
cpu: exceptions=0 cacheResets=0 batches=0 verts=0 texStalls=0 recompiles=0 underruns=0 overruns=0 sleep_us=0
mark: CPU core dispatch: dynarec
vis: 0.4
cpu: exceptions=1 cacheResets=1 batches=0 verts=0 texStalls=0 recompiles=109 underruns=0 overruns=0 sleep_us=0
vis: 60.0
cpu: exceptions=431 cacheResets=1 batches=0 verts=0 texStalls=0 recompiles=315 underruns=0 overruns=0 sleep_us=444109
vis: 60.0
cpu: exceptions=671 cacheResets=1 batches=0 verts=0 texStalls=0 recompiles=315 underruns=0 overruns=0 sleep_us=935216
vis: 60.0
cpu: exceptions=2160 cacheResets=1 batches=0 verts=0 texStalls=0 recompiles=336 underruns=0 overruns=0 sleep_us=1389514
fps: 0.2
vis: 57.1
cpu: exceptions=2461 cacheResets=1 batches=0 verts=0 texStalls=0 recompiles=700 underruns=0 overruns=0 sleep_us=1814556
fps: 54.9
vis: 60.0
cpu: exceptions=2625 cacheResets=1 batches=0 verts=0 texStalls=0 recompiles=786 underruns=0 overruns=0 sleep_us=2213019
fps: 60.0
vis: 60.0
cpu: exceptions=2790 cacheResets=1 batches=0 verts=0 texStalls=0 recompiles=786 underruns=0 overruns=29 sleep_us=2660626
fps: 60.0
vis: 60.0
cpu: exceptions=2955 cacheResets=1 batches=0 verts=0 texStalls=0 recompiles=791 underruns=0 overruns=59 sleep_us=3108265
fps: 60.0
vis: 60.0
cpu: exceptions=3120 cacheResets=1 batches=0 verts=0 texStalls=0 recompiles=791 underruns=0 overruns=89 sleep_us=3556105
fps: 60.0
vis: 60.0
cpu: exceptions=3285 cacheResets=1 batches=0 verts=0 texStalls=0 recompiles=791 underruns=0 overruns=119 sleep_us=4003954
vis: 60.0
cpu: exceptions=3450 cacheResets=1 batches=0 verts=0 texStalls=0 recompiles=805 underruns=0 overruns=149 sleep_us=4451577
fps: 60.1
vis: 60.0
cpu: exceptions=3622 cacheResets=1 batches=0 verts=0 texStalls=0 recompiles=805 underruns=0 overruns=179 sleep_us=4859203
fps: 54.1
vis: 60.0
cpu: exceptions=3802 cacheResets=1 batches=0 verts=0 texStalls=0 recompiles=807 underruns=0 overruns=209 sleep_us=5307073
fps: 60.0
vis: 60.0
cpu: exceptions=3982 cacheResets=1 batches=0 verts=0 texStalls=0 recompiles=807 underruns=0 overruns=239 sleep_us=5755044
fps: 60.0
vis: 60.0
cpu: exceptions=4162 cacheResets=1 batches=0 verts=0 texStalls=0 recompiles=807 underruns=0 overruns=269 sleep_us=6203067
fps: 60.0
vis: 60.0
cpu: exceptions=4342 cacheResets=1 batches=0 verts=0 texStalls=0 recompiles=807 underruns=0 overruns=299 sleep_us=6650939
fps: 60.0
vis: 60.0
cpu: exceptions=4519 cacheResets=1 batches=0 verts=0 texStalls=0 recompiles=808 underruns=0 overruns=329 sleep_us=7060709
fps: 54.2
vis: 60.0
cpu: exceptions=4699 cacheResets=1 batches=0 verts=0 texStalls=0 recompiles=809 underruns=0 overruns=359 sleep_us=7508565
fps: 59.8
vis: 60.0
cpu: exceptions=4879 cacheResets=1 batches=0 verts=0 texStalls=0 recompiles=809 underruns=0 overruns=389 sleep_us=7956597
fps: 60.0
vis: 60.0
cpu: exceptions=5059 cacheResets=1 batches=0 verts=0 texStalls=0 recompiles=809 underruns=0 overruns=419 sleep_us=8404631
fps: 60.0
vis: 60.0
cpu: exceptions=5239 cacheResets=1 batches=0 verts=0 texStalls=0 recompiles=811 underruns=0 overruns=449 sleep_us=8852541
fps: 60.0
vis: 48.1
cpu: exceptions=5488 cacheResets=1 batches=0 verts=0 texStalls=0 recompiles=980 underruns=0 overruns=476 sleep_us=9125709
vis: 45.7
cpu: exceptions=5696 cacheResets=1 batches=0 verts=0 texStalls=0 recompiles=1125 underruns=0 overruns=499 sleep_us=9127047
vis: 60.0
cpu: exceptions=5920 cacheResets=1 batches=0 verts=0 texStalls=0 recompiles=1125 underruns=0 overruns=529 sleep_us=9127047
vis: 51.9
cpu: exceptions=6145 cacheResets=1 batches=0 verts=0 texStalls=0 recompiles=1125 underruns=0 overruns=556 sleep_us=9127047
vis: 49.9
cpu: exceptions=6351 cacheResets=1 batches=0 verts=0 texStalls=0 recompiles=1125 underruns=0 overruns=581 sleep_us=9160783
vis: 46.0
cpu: exceptions=6575 cacheResets=1 batches=0 verts=0 texStalls=0 recompiles=1125 underruns=0 overruns=606 sleep_us=9169530
vis: 50.4
cpu: exceptions=6771 cacheResets=1 batches=0 verts=0 texStalls=0 recompiles=1125 underruns=0 overruns=632 sleep_us=9250846
vis: 57.8
cpu: exceptions=6956 cacheResets=1 batches=0 verts=0 texStalls=0 recompiles=1125 underruns=0 overruns=661 sleep_us=9360823
fps: 5.7
vis: 60.0
cpu: exceptions=7156 cacheResets=1 batches=1314 verts=9036 texStalls=0 recompiles=1349 underruns=0 overruns=691 sleep_us=9434437
fps: 153.8
vis: 60.0
cpu: exceptions=7430 cacheResets=1 batches=11139 verts=76692 texStalls=0 recompiles=1420 underruns=0 overruns=721 sleep_us=9595201
fps: 150.0
vis: 60.0
cpu: exceptions=7706 cacheResets=1 batches=20871 verts=143388 texStalls=0 recompiles=1420 underruns=0 overruns=751 sleep_us=9758892
fps: 149.9
vis: 60.0
cpu: exceptions=7980 cacheResets=1 batches=30562 verts=209613 texStalls=0 recompiles=1445 underruns=0 overruns=781 sleep_us=9919799
fps: 151.9
vis: 60.0
cpu: exceptions=8255 cacheResets=1 batches=40261 verts=276006 texStalls=0 recompiles=1461 underruns=0 overruns=811 sleep_us=10082095
fps: 147.8
vis: 60.0
cpu: exceptions=8541 cacheResets=1 batches=50009 verts=342450 texStalls=0 recompiles=1491 underruns=0 overruns=841 sleep_us=10219954
fps: 149.8
vis: 60.0
cpu: exceptions=8819 cacheResets=1 batches=59695 verts=408471 texStalls=0 recompiles=1586 underruns=0 overruns=871 sleep_us=10309997
fps: 152.0
vis: 60.0
cpu: exceptions=9085 cacheResets=1 batches=69369 verts=475281 texStalls=0 recompiles=1586 underruns=0 overruns=901 sleep_us=10433242
fps: 149.9
vis: 60.0
cpu: exceptions=9355 cacheResets=1 batches=79105 verts=542463 texStalls=0 recompiles=1586 underruns=0 overruns=931 sleep_us=10553765
fps: 147.8
vis: 60.0
cpu: exceptions=9628 cacheResets=1 batches=88813 verts=609033 texStalls=0 recompiles=1587 underruns=0 overruns=961 sleep_us=10673147
fps: 149.8
vis: 60.0
cpu: exceptions=9907 cacheResets=1 batches=98490 verts=675036 texStalls=0 recompiles=1587 underruns=0 overruns=991 sleep_us=10779930
fps: 150.9
vis: 60.0
cpu: exceptions=10186 cacheResets=1 batches=108189 verts=741324 texStalls=0 recompiles=1587 underruns=0 overruns=1021 sleep_us=10889872
fps: 149.9
vis: 60.0
cpu: exceptions=10465 cacheResets=1 batches=117828 verts=807597 texStalls=0 recompiles=1587 underruns=0 overruns=1051 sleep_us=10998744
fps: 152.0
vis: 60.0
cpu: exceptions=10743 cacheResets=1 batches=127532 verts=874314 texStalls=0 recompiles=1587 underruns=0 overruns=1081 sleep_us=11102462
vis: 60.0
cpu: exceptions=11020 cacheResets=1 batches=137100 verts=940887 texStalls=0 recompiles=1593 underruns=0 overruns=1111 sleep_us=11215061
fps: 147.5
vis: 60.0
cpu: exceptions=11300 cacheResets=1 batches=146852 verts=1007607 texStalls=0 recompiles=1593 underruns=0 overruns=1141 sleep_us=11327262
fps: 151.9
vis: 60.0
cpu: exceptions=11577 cacheResets=1 batches=156500 verts=1073784 texStalls=0 recompiles=1593 underruns=0 overruns=1171 sleep_us=11441128
fps: 148.9
vis: 60.0
cpu: exceptions=11858 cacheResets=1 batches=166200 verts=1140168 texStalls=0 recompiles=1593 underruns=0 overruns=1201 sleep_us=11555840
fps: 149.9
vis: 60.0
cpu: exceptions=12132 cacheResets=1 batches=175915 verts=1206129 texStalls=0 recompiles=1593 underruns=0 overruns=1231 sleep_us=11671842
fps: 149.4
vis: 60.0
cpu: exceptions=12417 cacheResets=1 batches=185562 verts=1271922 texStalls=5 recompiles=1593 underruns=0 overruns=1261 sleep_us=11772674
fps: 149.8
vis: 60.0
cpu: exceptions=12695 cacheResets=1 batches=195186 verts=1338561 texStalls=5 recompiles=1593 underruns=0 overruns=1291 sleep_us=11881963
fps: 149.9
vis: 60.0
cpu: exceptions=12976 cacheResets=1 batches=204813 verts=1405182 texStalls=5 recompiles=1593 underruns=0 overruns=1321 sleep_us=11991861
fps: 152.0
vis: 60.0
cpu: exceptions=13257 cacheResets=1 batches=214374 verts=1471059 texStalls=5 recompiles=1593 underruns=0 overruns=1351 sleep_us=12097633
fps: 149.9
vis: 60.0
cpu: exceptions=13541 cacheResets=1 batches=223933 verts=1536621 texStalls=5 recompiles=1593 underruns=0 overruns=1381 sleep_us=12198261
fps: 150.0
vis: 60.0
cpu: exceptions=13827 cacheResets=1 batches=233512 verts=1602972 texStalls=5 recompiles=1593 underruns=0 overruns=1411 sleep_us=12296446
fps: 148.9
vis: 60.0
cpu: exceptions=14112 cacheResets=1 batches=243121 verts=1668960 texStalls=5 recompiles=1593 underruns=0 overruns=1441 sleep_us=12397844
fps: 149.8
vis: 60.0
cpu: exceptions=14396 cacheResets=1 batches=252676 verts=1734723 texStalls=5 recompiles=1593 underruns=0 overruns=1471 sleep_us=12495417
fps: 154.0
vis: 60.0
cpu: exceptions=14681 cacheResets=1 batches=262228 verts=1801323 texStalls=5 recompiles=1594 underruns=0 overruns=1501 sleep_us=12592731
fps: 150.0
vis: 60.0
cpu: exceptions=14972 cacheResets=1 batches=271794 verts=1868241 texStalls=5 recompiles=1594 underruns=0 overruns=1531 sleep_us=12696787
fps: 145.9
vis: 60.0
cpu: exceptions=15260 cacheResets=1 batches=281358 verts=1934424 texStalls=5 recompiles=1594 underruns=0 overruns=1561 sleep_us=12798004
fps: 149.5
vis: 60.0
cpu: exceptions=15547 cacheResets=1 batches=290867 verts=1999752 texStalls=5 recompiles=1594 underruns=0 overruns=1591 sleep_us=12905066
fps: 151.9
vis: 60.0
cpu: exceptions=15831 cacheResets=1 batches=300451 verts=2065707 texStalls=5 recompiles=1594 underruns=0 overruns=1621 sleep_us=13012529
fps: 149.9
vis: 59.7
cpu: exceptions=16123 cacheResets=1 batches=309914 verts=2131110 texStalls=10 recompiles=1595 underruns=0 overruns=1651 sleep_us=13103892
fps: 147.3
vis: 60.0
cpu: exceptions=16408 cacheResets=1 batches=319377 verts=2196672 texStalls=10 recompiles=1595 underruns=0 overruns=1681 sleep_us=13199841
fps: 150.8
vis: 60.0
cpu: exceptions=16694 cacheResets=1 batches=328824 verts=2261964 texStalls=10 recompiles=1595 underruns=0 overruns=1711 sleep_us=13300368
fps: 149.9
vis: 60.0
cpu: exceptions=16980 cacheResets=1 batches=338228 verts=2327457 texStalls=10 recompiles=1595 underruns=0 overruns=1741 sleep_us=13404329
fps: 151.9
vis: 60.0
cpu: exceptions=17267 cacheResets=1 batches=347634 verts=2392368 texStalls=10 recompiles=1595 underruns=0 overruns=1771 sleep_us=13502852
fps: 147.9
vis: 60.0
cpu: exceptions=17553 cacheResets=1 batches=357052 verts=2457765 texStalls=10 recompiles=1595 underruns=0 overruns=1801 sleep_us=13600160
fps: 149.8
vis: 60.0
cpu: exceptions=17838 cacheResets=1 batches=366433 verts=2521872 texStalls=10 recompiles=1595 underruns=0 overruns=1831 sleep_us=13700270
fps: 149.8
vis: 60.0
cpu: exceptions=18125 cacheResets=1 batches=375838 verts=2586795 texStalls=10 recompiles=1595 underruns=0 overruns=1861 sleep_us=13800466
fps: 150.0
vis: 60.0
cpu: exceptions=18410 cacheResets=1 batches=385229 verts=2652015 texStalls=10 recompiles=1596 underruns=0 overruns=1891 sleep_us=13899764
fps: 150.0
vis: 60.0
cpu: exceptions=18697 cacheResets=1 batches=394702 verts=2718000 texStalls=10 recompiles=1596 underruns=0 overruns=1921 sleep_us=14002556
fps: 152.0
vis: 60.0
cpu: exceptions=18987 cacheResets=1 batches=404232 verts=2783457 texStalls=10 recompiles=1603 underruns=0 overruns=1951 sleep_us=14100382
fps: 147.7
vis: 60.0
cpu: exceptions=19283 cacheResets=1 batches=413831 verts=2849352 texStalls=10 recompiles=1608 underruns=0 overruns=1981 sleep_us=14165389
fps: 152.0
vis: 60.0
cpu: exceptions=19578 cacheResets=1 batches=423351 verts=2915322 texStalls=10 recompiles=1608 underruns=0 overruns=2011 sleep_us=14240476
fps: 150.0
vis: 60.0
cpu: exceptions=19873 cacheResets=1 batches=432927 verts=2981415 texStalls=10 recompiles=1608 underruns=0 overruns=2041 sleep_us=14312622
fps: 142.7
vis: 60.0
cpu: exceptions=20176 cacheResets=1 batches=442537 verts=3047559 texStalls=15 recompiles=1617 underruns=0 overruns=2071 sleep_us=14361006
fps: 155.1
vis: 60.0
cpu: exceptions=20474 cacheResets=1 batches=452126 verts=3113907 texStalls=15 recompiles=1618 underruns=0 overruns=2101 sleep_us=14424138
fps: 151.9
vis: 60.0
cpu: exceptions=20765 cacheResets=1 batches=461592 verts=3179976 texStalls=15 recompiles=1620 underruns=0 overruns=2131 sleep_us=14493626
fps: 149.9
vis: 60.0
cpu: exceptions=21059 cacheResets=1 batches=471097 verts=3246147 texStalls=15 recompiles=1620 underruns=0 overruns=2161 sleep_us=14573797
fps: 147.9
vis: 60.0
cpu: exceptions=21358 cacheResets=1 batches=480660 verts=3312729 texStalls=15 recompiles=1620 underruns=0 overruns=2191 sleep_us=14647836
fps: 151.9
vis: 60.0
cpu: exceptions=21653 cacheResets=1 batches=490251 verts=3379413 texStalls=15 recompiles=1620 underruns=0 overruns=2221 sleep_us=14718276
fps: 149.9
vis: 60.0
cpu: exceptions=21953 cacheResets=1 batches=499887 verts=3446385 texStalls=15 recompiles=1620 underruns=0 overruns=2251 sleep_us=14786157
fps: 148.9
vis: 60.0
cpu: exceptions=22252 cacheResets=1 batches=509485 verts=3513012 texStalls=15 recompiles=1620 underruns=0 overruns=2281 sleep_us=14850880
fps: 149.4
vis: 60.0
cpu: exceptions=22547 cacheResets=1 batches=515307 verts=3555078 texStalls=15 recompiles=1624 underruns=0 overruns=2311 sleep_us=14947396
fps: 152.0
vis: 60.0
cpu: exceptions=22878 cacheResets=1 batches=520440 verts=3592782 texStalls=15 recompiles=1626 underruns=0 overruns=2344 sleep_us=15064916
fps: 149.9
vis: 60.0
cpu: exceptions=23169 cacheResets=1 batches=524961 verts=3625986 texStalls=15 recompiles=1627 underruns=0 overruns=2374 sleep_us=15184020
fps: 154.0
vis: 60.0
cpu: exceptions=23467 cacheResets=1 batches=529491 verts=3659202 texStalls=15 recompiles=1627 underruns=0 overruns=2404 sleep_us=15311696
vis: 60.0
cpu: exceptions=23759 cacheResets=1 batches=534017 verts=3692394 texStalls=15 recompiles=1627 underruns=0 overruns=2434 sleep_us=15455148
fps: 145.0
vis: 60.0
cpu: exceptions=24051 cacheResets=1 batches=538554 verts=3725550 texStalls=20 recompiles=1627 underruns=0 overruns=2464 sleep_us=15584833
fps: 149.9
vis: 60.0
cpu: exceptions=24333 cacheResets=1 batches=543090 verts=3758694 texStalls=20 recompiles=1627 underruns=0 overruns=2494 sleep_us=15723130
fps: 149.7
vis: 60.0
cpu: exceptions=24624 cacheResets=1 batches=547617 verts=3791883 texStalls=20 recompiles=1627 underruns=0 overruns=2524 sleep_us=15849429
fps: 149.8
vis: 60.0
cpu: exceptions=24919 cacheResets=1 batches=552158 verts=3825039 texStalls=20 recompiles=1627 underruns=0 overruns=2554 sleep_us=15973048
fps: 151.7
vis: 60.0
cpu: exceptions=25204 cacheResets=1 batches=556683 verts=3858198 texStalls=20 recompiles=1627 underruns=0 overruns=2584 sleep_us=16101498
fps: 152.0
vis: 60.0
cpu: exceptions=25496 cacheResets=1 batches=561221 verts=3891372 texStalls=20 recompiles=1627 underruns=0 overruns=2614 sleep_us=16224621
fps: 147.9
vis: 60.0
cpu: exceptions=25783 cacheResets=1 batches=565656 verts=3924339 texStalls=20 recompiles=1627 underruns=0 overruns=2644 sleep_us=16349544
fps: 148.7
vis: 60.0
cpu: exceptions=26079 cacheResets=1 batches=570084 verts=3956937 texStalls=20 recompiles=1627 underruns=0 overruns=2674 sleep_us=16479839
fps: 151.7
vis: 60.0
cpu: exceptions=26368 cacheResets=1 batches=574550 verts=3989595 texStalls=20 recompiles=1627 underruns=0 overruns=2704 sleep_us=16623248
fps: 152.0
vis: 60.0
cpu: exceptions=26655 cacheResets=1 batches=579008 verts=4022682 texStalls=20 recompiles=1627 underruns=0 overruns=2734 sleep_us=16766128
fps: 147.8
vis: 60.0
cpu: exceptions=26946 cacheResets=1 batches=583540 verts=4055697 texStalls=20 recompiles=1627 underruns=0 overruns=2764 sleep_us=16900634
fps: 148.4
vis: 60.0
cpu: exceptions=27241 cacheResets=1 batches=588112 verts=4088304 texStalls=20 recompiles=1627 underruns=0 overruns=2794 sleep_us=17037160
fps: 151.9
vis: 60.0
cpu: exceptions=27528 cacheResets=1 batches=592683 verts=4120845 texStalls=20 recompiles=1627 underruns=0 overruns=2824 sleep_us=17166627
fps: 149.8
vis: 60.0
cpu: exceptions=27822 cacheResets=1 batches=597272 verts=4153611 texStalls=20 recompiles=1627 underruns=0 overruns=2854 sleep_us=17302136
fps: 149.7
vis: 60.0
cpu: exceptions=28117 cacheResets=1 batches=601850 verts=4186317 texStalls=20 recompiles=1627 underruns=0 overruns=2884 sleep_us=17427875
fps: 148.5
vis: 60.0
cpu: exceptions=28409 cacheResets=1 batches=606391 verts=4218774 texStalls=20 recompiles=1627 underruns=0 overruns=2914 sleep_us=17553694
fps: 151.7
vis: 60.0
cpu: exceptions=28701 cacheResets=1 batches=610932 verts=4251216 texStalls=20 recompiles=1627 underruns=0 overruns=2944 sleep_us=17678964
fps: 149.9
vis: 60.0
cpu: exceptions=28995 cacheResets=1 batches=615419 verts=4283160 texStalls=20 recompiles=1627 underruns=0 overruns=2974 sleep_us=17816703
fps: 148.7
vis: 60.0
cpu: exceptions=29285 cacheResets=1 batches=619955 verts=4315377 texStalls=20 recompiles=1627 underruns=0 overruns=3004 sleep_us=17961431
fps: 149.7
vis: 60.0
cpu: exceptions=29565 cacheResets=1 batches=624496 verts=4347741 texStalls=20 recompiles=1627 underruns=0 overruns=3034 sleep_us=18109029
fps: 151.9
vis: 60.0
cpu: exceptions=29857 cacheResets=1 batches=629037 verts=4379994 texStalls=20 recompiles=1627 underruns=0 overruns=3064 sleep_us=18252534
fps: 149.7
vis: 60.0
cpu: exceptions=30150 cacheResets=1 batches=633567 verts=4412004 texStalls=20 recompiles=1627 underruns=0 overruns=3094 sleep_us=18392026
fps: 151.9
vis: 60.0
cpu: exceptions=30443 cacheResets=1 batches=638097 verts=4444095 texStalls=20 recompiles=1627 underruns=0 overruns=3124 sleep_us=18519994
fps: 146.4
vis: 60.0
cpu: exceptions=30737 cacheResets=1 batches=642627 verts=4476438 texStalls=20 recompiles=1627 underruns=0 overruns=3154 sleep_us=18673900
fps: 152.1
vis: 60.0
cpu: exceptions=31018 cacheResets=1 batches=647203 verts=4509123 texStalls=20 recompiles=1627 underruns=0 overruns=3184 sleep_us=18826461
fps: 149.4
vis: 60.0
cpu: exceptions=31309 cacheResets=1 batches=651749 verts=4541709 texStalls=20 recompiles=1627 underruns=0 overruns=3214 sleep_us=18968404
fps: 148.7
vis: 60.0
cpu: exceptions=31598 cacheResets=1 batches=656391 verts=4574931 texStalls=20 recompiles=1627 underruns=0 overruns=3244 sleep_us=19105636
fps: 149.7
vis: 60.0
cpu: exceptions=31882 cacheResets=1 batches=660972 verts=4607772 texStalls=20 recompiles=1627 underruns=0 overruns=3274 sleep_us=19251505
fps: 152.3
vis: 60.0
cpu: exceptions=32153 cacheResets=1 batches=665550 verts=4640694 texStalls=20 recompiles=1627 underruns=0 overruns=3304 sleep_us=19424001
fps: 149.1
vis: 60.0
cpu: exceptions=32426 cacheResets=1 batches=670209 verts=4673970 texStalls=20 recompiles=1627 underruns=0 overruns=3334 sleep_us=19619859
fps: 148.5
vis: 60.0
cpu: exceptions=32721 cacheResets=1 batches=674832 verts=4706865 texStalls=20 recompiles=1627 underruns=0 overruns=3364 sleep_us=19767778
fps: 151.7
vis: 60.0
cpu: exceptions=33019 cacheResets=1 batches=679348 verts=4739319 texStalls=20 recompiles=1627 underruns=0 overruns=3394 sleep_us=19893156
fps: 151.9
vis: 60.0
cpu: exceptions=33304 cacheResets=1 batches=683842 verts=4771572 texStalls=20 recompiles=1627 underruns=0 overruns=3424 sleep_us=20039538
fps: 147.9
mark: stop reason: chain guest VI limit
mark: stop_it requested
game: n=5/11 how=vis vis=3600 vi_rate=60 vi0_retrace=17039 wall_us=63109555 sleep_us=20153993 avg_vis=58.44 avg_fps=132.62 exceptions=33520 cacheResets=1 recompiles=1627 batches=687155 verts=4795434 texStalls=20 treeDepthMax=25 underruns=0 overruns=3447 pmc1=46003761599 pmc2=0 pmc3=0 pmc4=0 mmcr0=00000042 mmcr1=00000000 heap_used=10467192 heap_free=120136 arena1_free=434176 arena2_free=56405952 flushes=8 flush_us=7333 padtrace=10 rom=sd:/wii64/roms/Mario Party (USA).z64
=== chain 5/11 end vis=3600 how=vis rom=sd:/wii64/roms/Mario Party (USA).z64 ===
mark: pad replay records: 11
mark: loadROM: enter
mark: loadROM: before rom_read
mark: ROMCache_load: enter
mark: ROMCache_load: before first read
mark: ROMCache_load: first read returned
mark: ROMCache_load: byte_swap_type set
mark: ROMCache_load: first byte_swap done
menufps: 0.0
menufps: 54.4
menufps: 1.4
menufps: 1.4
menufps: 1.4
menufps: 1.4
menufps: 1.4
menufps: 1.4
menufps: 1.4
menufps: 21.4
mark: ROMCache_load: loop exited normally
mark: loadROM: after rom_read
mark: loadROM: before init_memory
mark: loadROM: after init_memory
mark: loadROM: before romOpen_gfx
mark: loadROM: after romOpen_gfx / before romOpen_audio
mark: loadROM: after romOpen_audio / before romOpen_input
mark: loadROM: after romOpen_input / before cpu_init
mark: loadROM: after cpu_init
menufps: 4.5
fps: 1.9
first_vi: vi0_retrace=21392
vis: 2.4
cpu: exceptions=0 cacheResets=0 batches=0 verts=0 texStalls=0 recompiles=0 underruns=0 overruns=0 sleep_us=0
mark: CPU core dispatch: dynarec
vis: 0.4
cpu: exceptions=2 cacheResets=1 batches=0 verts=0 texStalls=0 recompiles=113 underruns=0 overruns=0 sleep_us=0
vis: 50.0
cpu: exceptions=423 cacheResets=1 batches=0 verts=0 texStalls=0 recompiles=309 underruns=0 overruns=0 sleep_us=463667
vis: 50.0
cpu: exceptions=663 cacheResets=1 batches=0 verts=0 texStalls=0 recompiles=309 underruns=0 overruns=0 sleep_us=955261
vis: 50.0
cpu: exceptions=3143 cacheResets=1 batches=0 verts=0 texStalls=0 recompiles=333 underruns=0 overruns=0 sleep_us=1384517
vis: 50.0
cpu: exceptions=3383 cacheResets=1 batches=0 verts=0 texStalls=0 recompiles=333 underruns=0 overruns=0 sleep_us=1875615
fps: 0.2
vis: 47.3
cpu: exceptions=3640 cacheResets=1 batches=0 verts=0 texStalls=0 recompiles=924 underruns=0 overruns=0 sleep_us=2070941
fps: 34.8
vis: 50.0
cpu: exceptions=3788 cacheResets=1 batches=0 verts=0 texStalls=8 recompiles=965 underruns=0 overruns=10 sleep_us=2481812
fps: 50.0
vis: 50.0
cpu: exceptions=3940 cacheResets=1 batches=0 verts=0 texStalls=8 recompiles=965 underruns=0 overruns=35 sleep_us=2899577
fps: 50.0
vis: 50.0
cpu: exceptions=4088 cacheResets=1 batches=0 verts=0 texStalls=8 recompiles=972 underruns=0 overruns=60 sleep_us=3321301
fps: 50.0
vis: 50.0
cpu: exceptions=4240 cacheResets=1 batches=0 verts=0 texStalls=8 recompiles=972 underruns=0 overruns=85 sleep_us=3739009
fps: 50.0
vis: 50.0
cpu: exceptions=4388 cacheResets=1 batches=0 verts=0 texStalls=8 recompiles=972 underruns=0 overruns=110 sleep_us=4161088
fps: 50.0
vis: 50.0
cpu: exceptions=4540 cacheResets=1 batches=0 verts=0 texStalls=8 recompiles=972 underruns=0 overruns=135 sleep_us=4578889
fps: 50.0
vis: 50.0
cpu: exceptions=4688 cacheResets=1 batches=0 verts=0 texStalls=8 recompiles=972 underruns=0 overruns=160 sleep_us=5000903
fps: 49.9
vis: 50.0
cpu: exceptions=4846 cacheResets=1 batches=0 verts=0 texStalls=8 recompiles=1001 underruns=0 overruns=185 sleep_us=5396987
fps: 50.0
vis: 50.0
cpu: exceptions=4994 cacheResets=1 batches=0 verts=0 texStalls=8 recompiles=1002 underruns=0 overruns=210 sleep_us=5811993
fps: 50.0
vis: 50.0
cpu: exceptions=5146 cacheResets=1 batches=0 verts=0 texStalls=8 recompiles=1002 underruns=0 overruns=235 sleep_us=6222195
fps: 49.9
vis: 50.0
cpu: exceptions=5294 cacheResets=1 batches=0 verts=0 texStalls=8 recompiles=1002 underruns=0 overruns=260 sleep_us=6637202
fps: 50.0
vis: 50.0
cpu: exceptions=5446 cacheResets=1 batches=0 verts=0 texStalls=8 recompiles=1002 underruns=0 overruns=285 sleep_us=7047346
vis: 50.0
cpu: exceptions=5594 cacheResets=1 batches=0 verts=0 texStalls=8 recompiles=1002 underruns=0 overruns=310 sleep_us=7462419
fps: 50.0
vis: 50.0
cpu: exceptions=5746 cacheResets=1 batches=0 verts=0 texStalls=8 recompiles=1002 underruns=0 overruns=335 sleep_us=7872576
fps: 50.0
vis: 50.0
cpu: exceptions=5894 cacheResets=1 batches=0 verts=0 texStalls=8 recompiles=1002 underruns=0 overruns=360 sleep_us=8287508
fps: 50.0
vis: 50.0
cpu: exceptions=6046 cacheResets=1 batches=0 verts=0 texStalls=8 recompiles=1002 underruns=0 overruns=385 sleep_us=8697680
fps: 50.0
vis: 50.0
cpu: exceptions=6194 cacheResets=1 batches=0 verts=0 texStalls=8 recompiles=1002 underruns=0 overruns=410 sleep_us=9112761
fps: 50.0
vis: 50.0
cpu: exceptions=6346 cacheResets=1 batches=0 verts=0 texStalls=8 recompiles=1002 underruns=0 overruns=435 sleep_us=9522930
fps: 50.0
vis: 50.0
cpu: exceptions=6494 cacheResets=1 batches=0 verts=0 texStalls=8 recompiles=1002 underruns=0 overruns=460 sleep_us=9937894
fps: 50.0
vis: 50.0
cpu: exceptions=6649 cacheResets=1 batches=0 verts=0 texStalls=8 recompiles=1143 underruns=0 overruns=485 sleep_us=10331115
fps: 50.0
vis: 50.0
cpu: exceptions=6801 cacheResets=1 batches=0 verts=0 texStalls=8 recompiles=1143 underruns=0 overruns=510 sleep_us=10738787
fps: 50.0
vis: 50.0
cpu: exceptions=7021 cacheResets=1 batches=0 verts=0 texStalls=8 recompiles=1205 underruns=0 overruns=535 sleep_us=11162199
fps: 34.9
vis: 50.0
cpu: exceptions=7205 cacheResets=1 batches=0 verts=0 texStalls=8 recompiles=1245 underruns=0 overruns=557 sleep_us=11551281
fps: 43.3
vis: 50.0
cpu: exceptions=7354 cacheResets=1 batches=0 verts=0 texStalls=8 recompiles=1254 underruns=0 overruns=582 sleep_us=11987530
fps: 50.0
vis: 50.0
cpu: exceptions=7506 cacheResets=1 batches=0 verts=0 texStalls=8 recompiles=1254 underruns=0 overruns=607 sleep_us=12439053
fps: 50.0
vis: 50.0
cpu: exceptions=7654 cacheResets=1 batches=0 verts=0 texStalls=8 recompiles=1256 underruns=0 overruns=632 sleep_us=12892222
fps: 50.0
vis: 50.0
cpu: exceptions=7806 cacheResets=1 batches=0 verts=0 texStalls=8 recompiles=1256 underruns=0 overruns=657 sleep_us=13343797
fps: 50.0
vis: 50.0
cpu: exceptions=7954 cacheResets=1 batches=0 verts=0 texStalls=8 recompiles=1256 underruns=0 overruns=682 sleep_us=13797112
fps: 50.0
vis: 50.0
cpu: exceptions=8105 cacheResets=1 batches=0 verts=0 texStalls=8 recompiles=1256 underruns=0 overruns=707 sleep_us=14248639
fps: 50.1
vis: 50.0
cpu: exceptions=8253 cacheResets=1 batches=0 verts=0 texStalls=8 recompiles=1258 underruns=0 overruns=732 sleep_us=14708534
fps: 46.0
vis: 50.0
cpu: exceptions=8406 cacheResets=1 batches=0 verts=0 texStalls=8 recompiles=1259 underruns=0 overruns=757 sleep_us=15113836
fps: 50.0
vis: 50.0
cpu: exceptions=8554 cacheResets=1 batches=0 verts=0 texStalls=8 recompiles=1259 underruns=0 overruns=782 sleep_us=15567264
fps: 50.0
vis: 50.0
cpu: exceptions=8705 cacheResets=1 batches=0 verts=0 texStalls=8 recompiles=1259 underruns=0 overruns=807 sleep_us=16019053
fps: 50.0
vis: 50.0
cpu: exceptions=8852 cacheResets=1 batches=0 verts=0 texStalls=8 recompiles=1259 underruns=0 overruns=832 sleep_us=16472537
fps: 50.0
vis: 50.0
cpu: exceptions=9004 cacheResets=1 batches=0 verts=0 texStalls=8 recompiles=1260 underruns=0 overruns=857 sleep_us=16925647
fps: 46.1
vis: 50.0
cpu: exceptions=9154 cacheResets=1 batches=0 verts=0 texStalls=8 recompiles=1260 underruns=0 overruns=882 sleep_us=17337597
fps: 50.0
vis: 50.0
cpu: exceptions=9305 cacheResets=1 batches=0 verts=0 texStalls=8 recompiles=1261 underruns=0 overruns=907 sleep_us=17789238
fps: 50.0
vis: 50.0
cpu: exceptions=9453 cacheResets=1 batches=0 verts=0 texStalls=8 recompiles=1261 underruns=0 overruns=932 sleep_us=18242609
fps: 50.0
vis: 50.0
cpu: exceptions=9604 cacheResets=1 batches=0 verts=0 texStalls=8 recompiles=1261 underruns=0 overruns=957 sleep_us=18694277
vis: 50.0
cpu: exceptions=9751 cacheResets=1 batches=0 verts=0 texStalls=8 recompiles=1263 underruns=0 overruns=982 sleep_us=19147613
fps: 50.0
vis: 50.0
cpu: exceptions=9891 cacheResets=1 batches=0 verts=0 texStalls=8 recompiles=1272 underruns=0 overruns=1007 sleep_us=19607869
fps: 35.7
vis: 35.4
cpu: exceptions=10042 cacheResets=1 batches=0 verts=0 texStalls=8 recompiles=1299 underruns=0 overruns=1023 sleep_us=19924875
vis: 28.7
cpu: exceptions=10240 cacheResets=1 batches=0 verts=0 texStalls=8 recompiles=1630 underruns=0 overruns=1037 sleep_us=19936352
vis: 40.7
cpu: exceptions=10465 cacheResets=1 batches=0 verts=0 texStalls=8 recompiles=1644 underruns=0 overruns=1058 sleep_us=19942800
fps: 8.8
vis: 50.0
cpu: exceptions=10698 cacheResets=1 batches=445 verts=3054 texStalls=16 recompiles=1791 underruns=0 overruns=1083 sleep_us=20061638
fps: 117.1
vis: 50.0
cpu: exceptions=10881 cacheResets=1 batches=1216 verts=8361 texStalls=53 recompiles=1811 underruns=0 overruns=1108 sleep_us=20471095
fps: 100.1
vis: 50.0
cpu: exceptions=11073 cacheResets=1 batches=2083 verts=14298 texStalls=53 recompiles=1833 underruns=0 overruns=1133 sleep_us=20877784
fps: 100.0
vis: 50.0
cpu: exceptions=11256 cacheResets=1 batches=2857 verts=19689 texStalls=53 recompiles=1837 underruns=0 overruns=1158 sleep_us=21291135
fps: 100.0
vis: 50.0
cpu: exceptions=11448 cacheResets=1 batches=3694 verts=25536 texStalls=53 recompiles=1837 underruns=0 overruns=1183 sleep_us=21699763
fps: 100.0
vis: 50.0
cpu: exceptions=11631 cacheResets=1 batches=4498 verts=31080 texStalls=53 recompiles=1839 underruns=0 overruns=1208 sleep_us=22113151
fps: 99.1
vis: 50.0
cpu: exceptions=11844 cacheResets=1 batches=5371 verts=37101 texStalls=53 recompiles=1954 underruns=0 overruns=1233 sleep_us=22453249
fps: 99.6
vis: 50.0
cpu: exceptions=12063 cacheResets=1 batches=6152 verts=42540 texStalls=53 recompiles=1979 underruns=0 overruns=1258 sleep_us=22752125
fps: 100.0
vis: 50.0
cpu: exceptions=12293 cacheResets=1 batches=7018 verts=48528 texStalls=53 recompiles=1980 underruns=0 overruns=1283 sleep_us=23018596
vis: 50.0
cpu: exceptions=12523 cacheResets=1 batches=7810 verts=53988 texStalls=53 recompiles=1981 underruns=0 overruns=1308 sleep_us=23291309
fps: 99.9
vis: 50.0
cpu: exceptions=12756 cacheResets=1 batches=8662 verts=59835 texStalls=53 recompiles=1981 underruns=0 overruns=1333 sleep_us=23557448
fps: 100.0
vis: 50.0
cpu: exceptions=12986 cacheResets=1 batches=9446 verts=65256 texStalls=53 recompiles=1981 underruns=0 overruns=1358 sleep_us=23826901
fps: 100.1
vis: 50.0
cpu: exceptions=13221 cacheResets=1 batches=10300 verts=71130 texStalls=53 recompiles=1986 underruns=0 overruns=1383 sleep_us=24089746
fps: 99.8
vis: 50.0
cpu: exceptions=13445 cacheResets=1 batches=11111 verts=76719 texStalls=53 recompiles=1987 underruns=0 overruns=1408 sleep_us=24362297
fps: 100.1
vis: 50.0
cpu: exceptions=13680 cacheResets=1 batches=11971 verts=82671 texStalls=53 recompiles=1994 underruns=0 overruns=1433 sleep_us=24629875
fps: 100.0
vis: 50.0
cpu: exceptions=13913 cacheResets=1 batches=12775 verts=88215 texStalls=53 recompiles=1994 underruns=0 overruns=1458 sleep_us=24896542
fps: 100.0
vis: 50.0
cpu: exceptions=14152 cacheResets=1 batches=13646 verts=94221 texStalls=53 recompiles=1994 underruns=0 overruns=1483 sleep_us=25171528
fps: 100.1
vis: 50.0
cpu: exceptions=14372 cacheResets=1 batches=14450 verts=99765 texStalls=53 recompiles=1994 underruns=0 overruns=1508 sleep_us=25457543
fps: 99.9
vis: 50.0
cpu: exceptions=14606 cacheResets=1 batches=15321 verts=105771 texStalls=53 recompiles=1994 underruns=0 overruns=1533 sleep_us=25738911
fps: 100.1
vis: 50.0
cpu: exceptions=14828 cacheResets=1 batches=16125 verts=111315 texStalls=53 recompiles=1999 underruns=0 overruns=1558 sleep_us=26023504
fps: 100.7
vis: 50.0
cpu: exceptions=15034 cacheResets=1 batches=16987 verts=117285 texStalls=53 recompiles=2001 underruns=0 overruns=1583 sleep_us=26408973
fps: 100.2
vis: 50.0
cpu: exceptions=15217 cacheResets=1 batches=17770 verts=122730 texStalls=53 recompiles=2001 underruns=0 overruns=1608 sleep_us=26834013
fps: 100.0
vis: 50.0
cpu: exceptions=15409 cacheResets=1 batches=18642 verts=128757 texStalls=53 recompiles=2001 underruns=0 overruns=1633 sleep_us=27254640
fps: 100.0
vis: 50.0
cpu: exceptions=15592 cacheResets=1 batches=19428 verts=134139 texStalls=53 recompiles=2001 underruns=0 overruns=1658 sleep_us=27679368
fps: 99.4
vis: 50.0
cpu: exceptions=15788 cacheResets=1 batches=22058 verts=149163 texStalls=53 recompiles=2011 underruns=0 overruns=1683 sleep_us=27993594
fps: 99.9
vis: 50.0
cpu: exceptions=15980 cacheResets=1 batches=25304 verts=168438 texStalls=53 recompiles=2012 underruns=0 overruns=1708 sleep_us=28301722
fps: 99.9
vis: 50.0
cpu: exceptions=16174 cacheResets=1 batches=29783 verts=196281 texStalls=53 recompiles=2012 underruns=0 overruns=1733 sleep_us=28588490
fps: 100.0
vis: 50.0
cpu: exceptions=16366 cacheResets=1 batches=34722 verts=228033 texStalls=53 recompiles=2012 underruns=0 overruns=1758 sleep_us=28882112
fps: 99.9
vis: 50.0
cpu: exceptions=16561 cacheResets=1 batches=40274 verts=263532 texStalls=53 recompiles=2012 underruns=0 overruns=1783 sleep_us=29164458
fps: 100.1
vis: 50.0
cpu: exceptions=16752 cacheResets=1 batches=45482 verts=296643 texStalls=53 recompiles=2012 underruns=0 overruns=1808 sleep_us=29455043
vis: 50.0
cpu: exceptions=17069 cacheResets=1 batches=53193 verts=346704 texStalls=53 recompiles=2025 underruns=0 overruns=1846 sleep_us=29794081
fps: 100.8
vis: 50.0
cpu: exceptions=17269 cacheResets=1 batches=59118 verts=387819 texStalls=53 recompiles=2025 underruns=0 overruns=1871 sleep_us=30052160
fps: 99.8
vis: 50.0
cpu: exceptions=17457 cacheResets=1 batches=64654 verts=426672 texStalls=53 recompiles=2025 underruns=0 overruns=1896 sleep_us=30318807
fps: 100.2
vis: 50.0
cpu: exceptions=17656 cacheResets=1 batches=70608 verts=468663 texStalls=53 recompiles=2025 underruns=0 overruns=1921 sleep_us=30578933
fps: 99.9
vis: 50.0
cpu: exceptions=17844 cacheResets=1 batches=76113 verts=507381 texStalls=53 recompiles=2025 underruns=0 overruns=1946 sleep_us=30859161
fps: 100.1
vis: 50.0
cpu: exceptions=18041 cacheResets=1 batches=82114 verts=549477 texStalls=53 recompiles=2025 underruns=0 overruns=1971 sleep_us=31137566
fps: 99.8
vis: 50.0
cpu: exceptions=18230 cacheResets=1 batches=87622 verts=588417 texStalls=53 recompiles=2026 underruns=0 overruns=1996 sleep_us=31413451
fps: 100.1
vis: 50.0
cpu: exceptions=18431 cacheResets=1 batches=93486 verts=627951 texStalls=53 recompiles=2026 underruns=0 overruns=2021 sleep_us=31681325
fps: 100.0
vis: 50.0
cpu: exceptions=18621 cacheResets=1 batches=98681 verts=661209 texStalls=55 recompiles=2027 underruns=0 overruns=2046 sleep_us=31962170
fps: 99.9
vis: 50.0
cpu: exceptions=18819 cacheResets=1 batches=104317 verts=697263 texStalls=55 recompiles=2027 underruns=0 overruns=2071 sleep_us=32239792
fps: 100.2
vis: 50.0
cpu: exceptions=19015 cacheResets=1 batches=109550 verts=730650 texStalls=55 recompiles=2027 underruns=0 overruns=2096 sleep_us=32519197
fps: 99.7
vis: 50.0
cpu: exceptions=19228 cacheResets=1 batches=115203 verts=766740 texStalls=68 recompiles=2037 underruns=0 overruns=2121 sleep_us=32721627
fps: 100.2
vis: 50.0
cpu: exceptions=19430 cacheResets=1 batches=120590 verts=800679 texStalls=69 recompiles=2037 underruns=0 overruns=2146 sleep_us=32965433
fps: 97.2
vis: 50.0
cpu: exceptions=19654 cacheResets=1 batches=126696 verts=839145 texStalls=93 recompiles=2049 underruns=0 overruns=2171 sleep_us=33176664
fps: 99.2
vis: 50.0
cpu: exceptions=19871 cacheResets=1 batches=133137 verts=879495 texStalls=124 recompiles=2049 underruns=0 overruns=2196 sleep_us=33346991
fps: 103.5
vis: 50.0
cpu: exceptions=20078 cacheResets=1 batches=140099 verts=923175 texStalls=168 recompiles=2049 underruns=0 overruns=2221 sleep_us=33586369
fps: 97.1
vis: 50.0
cpu: exceptions=20286 cacheResets=1 batches=146524 verts=963321 texStalls=190 recompiles=2049 underruns=0 overruns=2246 sleep_us=33841443
fps: 102.8
vis: 50.0
cpu: exceptions=20496 cacheResets=1 batches=153487 verts=1007013 texStalls=214 recompiles=2049 underruns=0 overruns=2271 sleep_us=34075590
fps: 99.9
vis: 50.0
cpu: exceptions=20695 cacheResets=1 batches=159924 verts=1047483 texStalls=214 recompiles=2049 underruns=0 overruns=2296 sleep_us=34330006
fps: 100.0
vis: 50.0
cpu: exceptions=20895 cacheResets=1 batches=166891 verts=1091589 texStalls=214 recompiles=2049 underruns=0 overruns=2321 sleep_us=34568209
fps: 100.0
vis: 50.0
cpu: exceptions=21098 cacheResets=1 batches=173345 verts=1131909 texStalls=214 recompiles=2049 underruns=0 overruns=2346 sleep_us=34825709
fps: 100.1
vis: 50.0
cpu: exceptions=21298 cacheResets=1 batches=179765 verts=1172031 texStalls=215 recompiles=2049 underruns=0 overruns=2371 sleep_us=35073233
fps: 100.0
vis: 50.0
cpu: exceptions=21501 cacheResets=1 batches=186752 verts=1215828 texStalls=216 recompiles=2049 underruns=0 overruns=2396 sleep_us=35328795
fps: 100.0
vis: 50.0
cpu: exceptions=21701 cacheResets=1 batches=193752 verts=1259667 texStalls=216 recompiles=2049 underruns=0 overruns=2421 sleep_us=35582816
fps: 100.0
vis: 50.0
cpu: exceptions=21900 cacheResets=1 batches=200223 verts=1300233 texStalls=216 recompiles=2049 underruns=0 overruns=2446 sleep_us=35851971
fps: 99.9
vis: 50.0
cpu: exceptions=22104 cacheResets=1 batches=207047 verts=1343730 texStalls=218 recompiles=2066 underruns=0 overruns=2471 sleep_us=36091950
fps: 99.8
vis: 50.0
cpu: exceptions=22314 cacheResets=1 batches=213238 verts=1383552 texStalls=218 recompiles=2066 underruns=0 overruns=2496 sleep_us=36334083
fps: 96.9
vis: 50.0
cpu: exceptions=22533 cacheResets=1 batches=220085 verts=1427031 texStalls=224 recompiles=2069 underruns=0 overruns=2521 sleep_us=36533570
fps: 100.1
vis: 50.0
cpu: exceptions=22759 cacheResets=1 batches=226361 verts=1466718 texStalls=271 recompiles=2070 underruns=0 overruns=2546 sleep_us=36736666
fps: 103.0
vis: 50.0
cpu: exceptions=22989 cacheResets=1 batches=233108 verts=1509606 texStalls=307 recompiles=2071 underruns=0 overruns=2571 sleep_us=36930031
fps: 100.0
vis: 50.0
cpu: exceptions=23205 cacheResets=1 batches=239333 verts=1548948 texStalls=335 recompiles=2071 underruns=0 overruns=2596 sleep_us=37159618
fps: 100.2
vis: 50.0
cpu: exceptions=23422 cacheResets=1 batches=246083 verts=1591560 texStalls=335 recompiles=2076 underruns=0 overruns=2621 sleep_us=37375200
vis: 50.0
cpu: exceptions=23639 cacheResets=1 batches=252331 verts=1630878 texStalls=335 recompiles=2076 underruns=0 overruns=2646 sleep_us=37611853
fps: 99.8
vis: 50.0
cpu: exceptions=23871 cacheResets=1 batches=258093 verts=1667610 texStalls=335 recompiles=2079 underruns=0 overruns=2671 sleep_us=37805265
fps: 88.0
vis: 50.0
cpu: exceptions=24079 cacheResets=1 batches=265261 verts=1716162 texStalls=335 recompiles=2079 underruns=0 overruns=2696 sleep_us=38032341
fps: 99.9
vis: 50.0
cpu: exceptions=24275 cacheResets=1 batches=271899 verts=1761144 texStalls=337 recompiles=2079 underruns=0 overruns=2721 sleep_us=38271826
fps: 99.8
vis: 50.0
cpu: exceptions=24487 cacheResets=1 batches=279026 verts=1809606 texStalls=337 recompiles=2080 underruns=0 overruns=2746 sleep_us=38490515
fps: 100.2
vis: 50.0
cpu: exceptions=24690 cacheResets=1 batches=285609 verts=1854465 texStalls=337 recompiles=2080 underruns=0 overruns=2771 sleep_us=38732263
fps: 100.0
vis: 50.0
cpu: exceptions=24905 cacheResets=1 batches=292481 verts=1898352 texStalls=337 recompiles=2080 underruns=0 overruns=2796 sleep_us=38966822
fps: 100.1
vis: 50.0
cpu: exceptions=25107 cacheResets=1 batches=298755 verts=1938066 texStalls=337 recompiles=2080 underruns=0 overruns=2821 sleep_us=39220372
fps: 99.8
vis: 50.0
cpu: exceptions=25329 cacheResets=1 batches=305521 verts=1980666 texStalls=339 recompiles=2080 underruns=0 overruns=2846 sleep_us=39416848
fps: 100.1
vis: 50.0
cpu: exceptions=25530 cacheResets=1 batches=311797 verts=2020191 texStalls=340 recompiles=2080 underruns=0 overruns=2871 sleep_us=39659349
fps: 100.0
vis: 50.0
cpu: exceptions=25759 cacheResets=1 batches=318539 verts=2062791 texStalls=343 recompiles=2083 underruns=0 overruns=2896 sleep_us=39878489
fps: 99.8
vis: 50.0
cpu: exceptions=25969 cacheResets=1 batches=324723 verts=2102058 texStalls=344 recompiles=2083 underruns=0 overruns=2921 sleep_us=40128987
fps: 99.9
vis: 50.0
cpu: exceptions=26188 cacheResets=1 batches=331421 verts=2144652 texStalls=344 recompiles=2083 underruns=0 overruns=2946 sleep_us=40358806
fps: 99.9
vis: 50.0
cpu: exceptions=26393 cacheResets=1 batches=337684 verts=2184537 texStalls=344 recompiles=2083 underruns=0 overruns=2971 sleep_us=40593372
fps: 97.5
vis: 50.0
cpu: exceptions=26605 cacheResets=1 batches=344320 verts=2227071 texStalls=346 recompiles=2083 underruns=0 overruns=2996 sleep_us=40822229
fps: 99.3
vis: 50.0
cpu: exceptions=26803 cacheResets=1 batches=350315 verts=2265585 texStalls=346 recompiles=2083 underruns=0 overruns=3021 sleep_us=41092767
fps: 103.7
vis: 50.0
cpu: exceptions=27003 cacheResets=1 batches=356883 verts=2307498 texStalls=346 recompiles=2083 underruns=0 overruns=3046 sleep_us=41356576
fps: 100.1
vis: 50.0
cpu: exceptions=27196 cacheResets=1 batches=362919 verts=2346066 texStalls=346 recompiles=2083 underruns=0 overruns=3071 sleep_us=41636733
fps: 100.1
vis: 50.0
cpu: exceptions=27393 cacheResets=1 batches=369478 verts=2387943 texStalls=346 recompiles=2084 underruns=0 overruns=3096 sleep_us=41904990
fps: 99.8
vis: 50.0
cpu: exceptions=27588 cacheResets=1 batches=375575 verts=2426835 texStalls=346 recompiles=2098 underruns=0 overruns=3121 sleep_us=42172727
fps: 99.9
vis: 50.0
cpu: exceptions=27786 cacheResets=1 batches=382194 verts=2469138 texStalls=346 recompiles=2098 underruns=0 overruns=3146 sleep_us=42413507
fps: 100.0
vis: 50.0
cpu: exceptions=27979 cacheResets=1 batches=388292 verts=2508099 texStalls=348 recompiles=2098 underruns=0 overruns=3171 sleep_us=42666949
fps: 100.2
vis: 50.0
cpu: exceptions=28181 cacheResets=1 batches=394388 verts=2547162 texStalls=348 recompiles=2098 underruns=0 overruns=3196 sleep_us=42922700
fps: 99.8
vis: 50.0
cpu: exceptions=28388 cacheResets=1 batches=400966 verts=2588808 texStalls=348 recompiles=2098 underruns=0 overruns=3221 sleep_us=43169390
fps: 99.7
vis: 50.0
cpu: exceptions=28599 cacheResets=1 batches=407460 verts=2630259 texStalls=348 recompiles=2098 underruns=0 overruns=3246 sleep_us=43413477
fps: 99.8
vis: 50.0
cpu: exceptions=28796 cacheResets=1 batches=413475 verts=2668806 texStalls=348 recompiles=2098 underruns=0 overruns=3271 sleep_us=43670377
fps: 100.3
vis: 50.0
cpu: exceptions=29015 cacheResets=1 batches=420096 verts=2711379 texStalls=348 recompiles=2102 underruns=0 overruns=3296 sleep_us=43899135
fps: 99.9
vis: 50.0
cpu: exceptions=29226 cacheResets=1 batches=426165 verts=2750481 texStalls=348 recompiles=2102 underruns=0 overruns=3321 sleep_us=44155577
fps: 100.0
vis: 50.0
cpu: exceptions=29442 cacheResets=1 batches=432751 verts=2792991 texStalls=348 recompiles=2102 underruns=0 overruns=3346 sleep_us=44387859
vis: 50.0
cpu: exceptions=29648 cacheResets=1 batches=438830 verts=2832114 texStalls=348 recompiles=2102 underruns=0 overruns=3371 sleep_us=44647177
fps: 99.9
vis: 50.0
cpu: exceptions=29874 cacheResets=1 batches=445422 verts=2874594 texStalls=351 recompiles=2102 underruns=0 overruns=3396 sleep_us=44860122
fps: 100.0
vis: 50.0
cpu: exceptions=30092 cacheResets=1 batches=451424 verts=2912733 texStalls=352 recompiles=2102 underruns=0 overruns=3421 sleep_us=45093024
fps: 96.3
vis: 50.0
cpu: exceptions=30293 cacheResets=1 batches=457548 verts=2951427 texStalls=352 recompiles=2102 underruns=0 overruns=3446 sleep_us=45340678
fps: 99.8
mark: stop reason: chain guest VI limit
mark: stop_it requested
game: n=6/11 how=vis vis=3600 vi_rate=50 vi0_retrace=21392 wall_us=74948458 sleep_us=45399138 avg_vis=49.01 avg_fps=82.47 exceptions=30361 cacheResets=1 recompiles=2102 batches=459595 verts=2964393 texStalls=352 treeDepthMax=20 underruns=0 overruns=3453 pmc1=54632045641 pmc2=0 pmc3=0 pmc4=0 mmcr0=00000042 mmcr1=00000000 heap_used=10520824 heap_free=66504 arena1_free=434176 arena2_free=56405952 flushes=9 flush_us=7704 padtrace=8 rom=sd:/wii64/roms/Mario Party 2 (E) (M5) [!].z64
=== chain 6/11 end vis=3600 how=vis rom=sd:/wii64/roms/Mario Party 2 (E) (M5) [!].z64 ===
mark: pad replay records: 11
mark: loadROM: enter
mark: loadROM: before rom_read
mark: ROMCache_load: enter
mark: ROMCache_load: before first read
mark: ROMCache_load: first read returned
mark: ROMCache_load: byte_swap_type set
mark: ROMCache_load: first byte_swap done
menufps: 0.0
menufps: 54.5
menufps: 1.4
menufps: 1.4
menufps: 1.4
menufps: 1.4
menufps: 1.4
menufps: 1.4
menufps: 1.4
menufps: 21.4
mark: ROMCache_load: loop exited normally
mark: loadROM: after rom_read
mark: loadROM: before init_memory
mark: loadROM: after init_memory
mark: loadROM: before romOpen_gfx
mark: loadROM: after romOpen_gfx / before romOpen_audio
mark: loadROM: after romOpen_audio / before romOpen_input
mark: loadROM: after romOpen_input / before cpu_init
mark: loadROM: after cpu_init
menufps: 4.5
fps: 1.2
first_vi: vi0_retrace=26455
vis: 0.8
cpu: exceptions=0 cacheResets=0 batches=0 verts=0 texStalls=0 recompiles=0 underruns=0 overruns=0 sleep_us=0
mark: CPU core dispatch: dynarec
vis: 0.4
cpu: exceptions=2 cacheResets=1 batches=0 verts=0 texStalls=0 recompiles=90 underruns=0 overruns=0 sleep_us=0
vis: 60.0
cpu: exceptions=423 cacheResets=1 batches=0 verts=0 texStalls=0 recompiles=315 underruns=0 overruns=0 sleep_us=459955
vis: 60.0
cpu: exceptions=663 cacheResets=1 batches=0 verts=0 texStalls=0 recompiles=315 underruns=0 overruns=0 sleep_us=951334
vis: 60.0
cpu: exceptions=3144 cacheResets=1 batches=0 verts=0 texStalls=0 recompiles=340 underruns=0 overruns=0 sleep_us=1380839
vis: 60.0
cpu: exceptions=3384 cacheResets=1 batches=0 verts=0 texStalls=0 recompiles=340 underruns=0 overruns=0 sleep_us=1871668
fps: 0.2
vis: 60.0
cpu: exceptions=3629 cacheResets=1 batches=0 verts=0 texStalls=0 recompiles=821 underruns=0 overruns=0 sleep_us=2224667
fps: 57.2
vis: 60.0
cpu: exceptions=3807 cacheResets=1 batches=0 verts=0 texStalls=0 recompiles=821 underruns=0 overruns=11 sleep_us=2669459
fps: 60.0
vis: 60.0
cpu: exceptions=3986 cacheResets=1 batches=0 verts=0 texStalls=0 recompiles=827 underruns=0 overruns=41 sleep_us=3114186
fps: 60.0
vis: 60.0
cpu: exceptions=4164 cacheResets=1 batches=0 verts=0 texStalls=0 recompiles=827 underruns=0 overruns=71 sleep_us=3559292
fps: 60.0
vis: 60.0
cpu: exceptions=4344 cacheResets=1 batches=0 verts=0 texStalls=0 recompiles=827 underruns=0 overruns=101 sleep_us=4004371
fps: 59.9
vis: 60.0
cpu: exceptions=4524 cacheResets=1 batches=0 verts=0 texStalls=0 recompiles=834 underruns=0 overruns=131 sleep_us=4449079
fps: 60.1
vis: 60.0
cpu: exceptions=4702 cacheResets=1 batches=0 verts=0 texStalls=0 recompiles=845 underruns=0 overruns=161 sleep_us=4899933
fps: 54.1
vis: 60.0
cpu: exceptions=4881 cacheResets=1 batches=0 verts=0 texStalls=0 recompiles=847 underruns=0 overruns=191 sleep_us=5298844
fps: 60.0
vis: 60.0
cpu: exceptions=5058 cacheResets=1 batches=0 verts=0 texStalls=0 recompiles=847 underruns=0 overruns=221 sleep_us=5744268
fps: 60.0
vis: 60.0
cpu: exceptions=5236 cacheResets=1 batches=0 verts=0 texStalls=0 recompiles=847 underruns=0 overruns=251 sleep_us=6189584
fps: 60.0
vis: 60.0
cpu: exceptions=5415 cacheResets=1 batches=0 verts=0 texStalls=0 recompiles=847 underruns=0 overruns=281 sleep_us=6634949
fps: 60.1
vis: 60.0
cpu: exceptions=5595 cacheResets=1 batches=0 verts=0 texStalls=0 recompiles=848 underruns=0 overruns=311 sleep_us=7085070
fps: 54.1
vis: 60.0
cpu: exceptions=5773 cacheResets=1 batches=0 verts=0 texStalls=0 recompiles=848 underruns=0 overruns=341 sleep_us=7478022
fps: 62.0
vis: 60.0
cpu: exceptions=5953 cacheResets=1 batches=0 verts=0 texStalls=0 recompiles=849 underruns=0 overruns=371 sleep_us=7923371
fps: 60.0
vis: 60.0
cpu: exceptions=6132 cacheResets=1 batches=0 verts=0 texStalls=0 recompiles=849 underruns=0 overruns=401 sleep_us=8368779
fps: 60.0
vis: 60.0
cpu: exceptions=6310 cacheResets=1 batches=0 verts=0 texStalls=0 recompiles=849 underruns=0 overruns=431 sleep_us=8814207
fps: 57.9
vis: 60.0
cpu: exceptions=6490 cacheResets=1 batches=0 verts=0 texStalls=0 recompiles=879 underruns=0 overruns=461 sleep_us=9260182
vis: 45.1
cpu: exceptions=6680 cacheResets=1 batches=0 verts=0 texStalls=0 recompiles=915 underruns=0 overruns=486 sleep_us=9659342
fps: 31.1
vis: 32.9
cpu: exceptions=6874 cacheResets=1 batches=0 verts=0 texStalls=0 recompiles=1293 underruns=0 overruns=502 sleep_us=9659342
vis: 43.6
cpu: exceptions=7091 cacheResets=1 batches=0 verts=0 texStalls=0 recompiles=1306 underruns=0 overruns=524 sleep_us=9659342
fps: 1.5
vis: 60.0
cpu: exceptions=7350 cacheResets=1 batches=320 verts=2193 texStalls=4 recompiles=1467 underruns=0 overruns=554 sleep_us=9712627
fps: 139.3
vis: 60.0
cpu: exceptions=7575 cacheResets=1 batches=1282 verts=8802 texStalls=53 recompiles=1473 underruns=0 overruns=584 sleep_us=10104299
fps: 120.0
vis: 60.0
cpu: exceptions=7800 cacheResets=1 batches=2270 verts=15606 texStalls=53 recompiles=1510 underruns=0 overruns=614 sleep_us=10496639
fps: 121.7
vis: 60.0
cpu: exceptions=8025 cacheResets=1 batches=3251 verts=22416 texStalls=53 recompiles=1514 underruns=0 overruns=644 sleep_us=10891688
fps: 120.0
vis: 60.0
cpu: exceptions=8250 cacheResets=1 batches=4201 verts=29076 texStalls=53 recompiles=1514 underruns=0 overruns=674 sleep_us=11287191
fps: 119.9
vis: 60.0
cpu: exceptions=8475 cacheResets=1 batches=5209 verts=36024 texStalls=53 recompiles=1516 underruns=0 overruns=704 sleep_us=11682306
fps: 118.0
vis: 60.0
cpu: exceptions=8714 cacheResets=1 batches=6218 verts=42981 texStalls=53 recompiles=1769 underruns=0 overruns=734 sleep_us=12003375
fps: 119.3
vis: 60.0
cpu: exceptions=8971 cacheResets=1 batches=7197 verts=49788 texStalls=53 recompiles=1795 underruns=0 overruns=764 sleep_us=12294848
fps: 119.9
vis: 60.0
cpu: exceptions=9236 cacheResets=1 batches=8190 verts=56664 texStalls=53 recompiles=1895 underruns=0 overruns=794 sleep_us=12537646
fps: 121.7
vis: 60.0
cpu: exceptions=9510 cacheResets=1 batches=9188 verts=63549 texStalls=53 recompiles=1896 underruns=0 overruns=824 sleep_us=12787743
fps: 121.6
vis: 60.0
cpu: exceptions=9779 cacheResets=1 batches=10171 verts=70284 texStalls=53 recompiles=1896 underruns=0 overruns=854 sleep_us=13036448
fps: 119.8
vis: 60.0
cpu: exceptions=10049 cacheResets=1 batches=11149 verts=77067 texStalls=53 recompiles=1897 underruns=0 overruns=884 sleep_us=13283371
fps: 117.0
vis: 60.0
cpu: exceptions=10323 cacheResets=1 batches=12132 verts=83808 texStalls=53 recompiles=1902 underruns=0 overruns=914 sleep_us=13530415
fps: 119.9
vis: 60.0
cpu: exceptions=10606 cacheResets=1 batches=13143 verts=90786 texStalls=53 recompiles=1902 underruns=0 overruns=944 sleep_us=13779698
fps: 121.8
vis: 60.0
cpu: exceptions=10876 cacheResets=1 batches=14126 verts=97611 texStalls=53 recompiles=1908 underruns=0 overruns=974 sleep_us=14030629
fps: 119.8
vis: 60.0
cpu: exceptions=11154 cacheResets=1 batches=15131 verts=104541 texStalls=53 recompiles=1908 underruns=0 overruns=1004 sleep_us=14274858
fps: 119.9
vis: 60.0
cpu: exceptions=11418 cacheResets=1 batches=16136 verts=111471 texStalls=53 recompiles=1908 underruns=0 overruns=1034 sleep_us=14530440
fps: 124.0
vis: 60.0
cpu: exceptions=11685 cacheResets=1 batches=17141 verts=118401 texStalls=53 recompiles=1908 underruns=0 overruns=1064 sleep_us=14798316
vis: 60.0
cpu: exceptions=11948 cacheResets=1 batches=18146 verts=125331 texStalls=53 recompiles=1919 underruns=0 overruns=1094 sleep_us=15068902
fps: 114.8
vis: 60.0
cpu: exceptions=12206 cacheResets=1 batches=19151 verts=132261 texStalls=53 recompiles=1919 underruns=0 overruns=1124 sleep_us=15355288
fps: 121.7
vis: 60.0
cpu: exceptions=12446 cacheResets=1 batches=20152 verts=139176 texStalls=53 recompiles=1925 underruns=0 overruns=1154 sleep_us=15708968
fps: 119.4
vis: 60.0
cpu: exceptions=12671 cacheResets=1 batches=21127 verts=145971 texStalls=53 recompiles=1925 underruns=0 overruns=1184 sleep_us=16118683
fps: 120.0
vis: 60.0
cpu: exceptions=12896 cacheResets=1 batches=22136 verts=152928 texStalls=53 recompiles=1925 underruns=0 overruns=1214 sleep_us=16528150
fps: 120.0
vis: 60.0
cpu: exceptions=13121 cacheResets=1 batches=23122 verts=159714 texStalls=53 recompiles=1925 underruns=0 overruns=1244 sleep_us=16937510
fps: 120.0
vis: 60.0
cpu: exceptions=13348 cacheResets=1 batches=25435 verts=173226 texStalls=53 recompiles=1935 underruns=0 overruns=1274 sleep_us=17259998
fps: 118.8
vis: 60.0
cpu: exceptions=13584 cacheResets=1 batches=29221 verts=195141 texStalls=53 recompiles=1939 underruns=0 overruns=1304 sleep_us=17532461
fps: 119.9
vis: 60.0
cpu: exceptions=13818 cacheResets=1 batches=33990 verts=224457 texStalls=53 recompiles=1939 underruns=0 overruns=1334 sleep_us=17792243
fps: 120.2
fps: 120.5
vis: 60.0
cpu: exceptions=14260 cacheResets=1 batches=45895 verts=300831 texStalls=53 recompiles=1939 underruns=0 overruns=1391 sleep_us=18267212
vis: 60.0
cpu: exceptions=14491 cacheResets=1 batches=52342 verts=341925 texStalls=53 recompiles=1940 underruns=0 overruns=1421 sleep_us=18514904
fps: 121.1
vis: 60.0
cpu: exceptions=14746 cacheResets=1 batches=58006 verts=378345 texStalls=53 recompiles=1952 underruns=0 overruns=1451 sleep_us=18704813
fps: 106.8
vis: 60.0
cpu: exceptions=14991 cacheResets=1 batches=64470 verts=420930 texStalls=53 recompiles=1952 underruns=0 overruns=1481 sleep_us=18931552
fps: 120.1
vis: 60.0
cpu: exceptions=15234 cacheResets=1 batches=71364 verts=469326 texStalls=53 recompiles=1952 underruns=0 overruns=1511 sleep_us=19154217
fps: 117.3
vis: 60.0
cpu: exceptions=15476 cacheResets=1 batches=78284 verts=517848 texStalls=53 recompiles=1952 underruns=0 overruns=1541 sleep_us=19377680
fps: 122.6
vis: 60.0
cpu: exceptions=15721 cacheResets=1 batches=85145 verts=566274 texStalls=53 recompiles=1952 underruns=0 overruns=1571 sleep_us=19606316
fps: 120.1
vis: 60.0
cpu: exceptions=15960 cacheResets=1 batches=92045 verts=614760 texStalls=53 recompiles=1953 underruns=0 overruns=1601 sleep_us=19842228
fps: 122.0
vis: 60.0
cpu: exceptions=16204 cacheResets=1 batches=98963 verts=663531 texStalls=53 recompiles=1954 underruns=0 overruns=1631 sleep_us=20087368
fps: 117.9
vis: 60.0
cpu: exceptions=16446 cacheResets=1 batches=105542 verts=706437 texStalls=53 recompiles=1954 underruns=0 overruns=1661 sleep_us=20322717
fps: 117.7
vis: 60.0
cpu: exceptions=16682 cacheResets=1 batches=112091 verts=748257 texStalls=53 recompiles=1955 underruns=0 overruns=1691 sleep_us=20567231
fps: 122.5
vis: 60.0
cpu: exceptions=16917 cacheResets=1 batches=118582 verts=789885 texStalls=55 recompiles=1955 underruns=0 overruns=1721 sleep_us=20811421
fps: 119.9
vis: 60.0
cpu: exceptions=17153 cacheResets=1 batches=125099 verts=831489 texStalls=55 recompiles=1955 underruns=0 overruns=1751 sleep_us=21058044
fps: 119.9
vis: 60.0
cpu: exceptions=17393 cacheResets=1 batches=131628 verts=873150 texStalls=55 recompiles=1955 underruns=0 overruns=1781 sleep_us=21295307
fps: 120.0
vis: 60.0
cpu: exceptions=17650 cacheResets=1 batches=138149 verts=914868 texStalls=68 recompiles=1965 underruns=0 overruns=1811 sleep_us=21453731
fps: 113.2
vis: 60.0
cpu: exceptions=17905 cacheResets=1 batches=144429 verts=954387 texStalls=69 recompiles=1975 underruns=0 overruns=1841 sleep_us=21654576
fps: 119.9
vis: 60.0
cpu: exceptions=18162 cacheResets=1 batches=151448 verts=998529 texStalls=99 recompiles=1976 underruns=0 overruns=1871 sleep_us=21841071
fps: 116.6
vis: 60.0
cpu: exceptions=18410 cacheResets=1 batches=158935 verts=1045530 texStalls=132 recompiles=1976 underruns=0 overruns=1901 sleep_us=22037695
fps: 111.8
vis: 60.0
cpu: exceptions=18658 cacheResets=1 batches=166959 verts=1095735 texStalls=188 recompiles=1976 underruns=0 overruns=1931 sleep_us=22239552
fps: 121.6
vis: 60.0
cpu: exceptions=18907 cacheResets=1 batches=174994 verts=1145997 texStalls=218 recompiles=1976 underruns=0 overruns=1961 sleep_us=22440668
fps: 119.9
vis: 60.0
cpu: exceptions=19156 cacheResets=1 batches=183027 verts=1196364 texStalls=238 recompiles=1976 underruns=0 overruns=1991 sleep_us=22628460
fps: 122.0
vis: 60.0
cpu: exceptions=19396 cacheResets=1 batches=191067 verts=1246986 texStalls=238 recompiles=1976 underruns=0 overruns=2021 sleep_us=22828908
fps: 118.0
vis: 60.0
cpu: exceptions=19634 cacheResets=1 batches=199119 verts=1297947 texStalls=238 recompiles=1976 underruns=0 overruns=2051 sleep_us=23029109
fps: 120.0
vis: 60.0
cpu: exceptions=19875 cacheResets=1 batches=207191 verts=1348218 texStalls=238 recompiles=1976 underruns=0 overruns=2081 sleep_us=23232509
fps: 121.4
vis: 60.0
cpu: exceptions=20121 cacheResets=1 batches=215206 verts=1398432 texStalls=239 recompiles=1976 underruns=0 overruns=2111 sleep_us=23430538
fps: 117.3
vis: 60.0
cpu: exceptions=20361 cacheResets=1 batches=223259 verts=1448886 texStalls=240 recompiles=1976 underruns=0 overruns=2141 sleep_us=23645158
fps: 121.6
vis: 60.0
cpu: exceptions=20601 cacheResets=1 batches=231354 verts=1499592 texStalls=240 recompiles=1976 underruns=0 overruns=2171 sleep_us=23861369
fps: 120.0
vis: 60.0
cpu: exceptions=20841 cacheResets=1 batches=239390 verts=1550106 texStalls=240 recompiles=1976 underruns=0 overruns=2201 sleep_us=24077796
fps: 119.7
vis: 60.0
cpu: exceptions=21084 cacheResets=1 batches=247220 verts=1600191 texStalls=242 recompiles=1993 underruns=0 overruns=2231 sleep_us=24267166
fps: 118.7
vis: 60.0
cpu: exceptions=21334 cacheResets=1 batches=254989 verts=1650054 texStalls=242 recompiles=1996 underruns=0 overruns=2261 sleep_us=24454977
fps: 119.6
vis: 60.0
cpu: exceptions=21595 cacheResets=1 batches=262874 verts=1700046 texStalls=264 recompiles=1997 underruns=0 overruns=2291 sleep_us=24614881
fps: 116.2
vis: 60.0
cpu: exceptions=21851 cacheResets=1 batches=269642 verts=1742892 texStalls=296 recompiles=1998 underruns=0 overruns=2321 sleep_us=24789221
fps: 111.1
vis: 60.0
cpu: exceptions=22110 cacheResets=1 batches=277443 verts=1792683 texStalls=357 recompiles=1998 underruns=0 overruns=2351 sleep_us=24957164
fps: 119.9
vis: 60.0
cpu: exceptions=22363 cacheResets=1 batches=285198 verts=1841574 texStalls=369 recompiles=2000 underruns=0 overruns=2381 sleep_us=25133698
fps: 120.0
vis: 60.0
cpu: exceptions=22619 cacheResets=1 batches=293010 verts=1890876 texStalls=369 recompiles=2003 underruns=0 overruns=2411 sleep_us=25313401
fps: 117.4
vis: 60.0
cpu: exceptions=22876 cacheResets=1 batches=300765 verts=1939740 texStalls=369 recompiles=2003 underruns=0 overruns=2441 sleep_us=25496483
fps: 100.4
vis: 60.0
cpu: exceptions=23144 cacheResets=1 batches=307250 verts=1982604 texStalls=369 recompiles=2007 underruns=0 overruns=2471 sleep_us=25676954
fps: 120.2
vis: 60.0
cpu: exceptions=23394 cacheResets=1 batches=315533 verts=2038770 texStalls=370 recompiles=2007 underruns=0 overruns=2501 sleep_us=25869878
fps: 119.6
vis: 60.0
cpu: exceptions=23648 cacheResets=1 batches=323794 verts=2094729 texStalls=370 recompiles=2007 underruns=0 overruns=2531 sleep_us=26057225
fps: 119.9
vis: 60.0
cpu: exceptions=23903 cacheResets=1 batches=332024 verts=2150610 texStalls=370 recompiles=2008 underruns=0 overruns=2561 sleep_us=26242178
fps: 121.9
vis: 60.0
cpu: exceptions=24158 cacheResets=1 batches=339894 verts=2200491 texStalls=370 recompiles=2008 underruns=0 overruns=2591 sleep_us=26440299
fps: 121.3
vis: 60.0
cpu: exceptions=24418 cacheResets=1 batches=347768 verts=2250198 texStalls=370 recompiles=2008 underruns=0 overruns=2621 sleep_us=26645857
fps: 119.7
vis: 60.0
cpu: exceptions=24678 cacheResets=1 batches=355635 verts=2299833 texStalls=371 recompiles=2008 underruns=0 overruns=2651 sleep_us=26844136
fps: 112.8
vis: 60.0
cpu: exceptions=24942 cacheResets=1 batches=363438 verts=2348964 texStalls=372 recompiles=2008 underruns=0 overruns=2681 sleep_us=27026394
fps: 124.0
vis: 60.0
cpu: exceptions=25203 cacheResets=1 batches=371275 verts=2398347 texStalls=374 recompiles=2008 underruns=0 overruns=2711 sleep_us=27214310
fps: 119.3
vis: 60.0
cpu: exceptions=25472 cacheResets=1 batches=379017 verts=2447382 texStalls=376 recompiles=2011 underruns=0 overruns=2741 sleep_us=27407008
fps: 117.3
vis: 60.0
cpu: exceptions=25736 cacheResets=1 batches=386734 verts=2496417 texStalls=376 recompiles=2011 underruns=0 overruns=2771 sleep_us=27608734
fps: 119.7
vis: 60.0
cpu: exceptions=25998 cacheResets=1 batches=394519 verts=2545908 texStalls=376 recompiles=2011 underruns=0 overruns=2801 sleep_us=27804271
fps: 122.0
vis: 60.0
cpu: exceptions=26260 cacheResets=1 batches=402343 verts=2595774 texStalls=376 recompiles=2011 underruns=0 overruns=2831 sleep_us=27990068
fps: 121.1
vis: 60.0
cpu: exceptions=26517 cacheResets=1 batches=409899 verts=2644479 texStalls=377 recompiles=2011 underruns=0 overruns=2861 sleep_us=28186753
fps: 117.5
vis: 60.0
cpu: exceptions=26770 cacheResets=1 batches=417417 verts=2692563 texStalls=377 recompiles=2011 underruns=0 overruns=2891 sleep_us=28410419
fps: 124.0
vis: 60.0
cpu: exceptions=27019 cacheResets=1 batches=425002 verts=2740962 texStalls=377 recompiles=2011 underruns=0 overruns=2921 sleep_us=28640113
fps: 118.0
vis: 60.0
cpu: exceptions=27268 cacheResets=1 batches=432538 verts=2789142 texStalls=377 recompiles=2011 underruns=0 overruns=2951 sleep_us=28873328
fps: 118.0
vis: 60.0
cpu: exceptions=27513 cacheResets=1 batches=440131 verts=2837610 texStalls=377 recompiles=2012 underruns=0 overruns=2981 sleep_us=29108108
fps: 119.8
vis: 60.0
cpu: exceptions=27765 cacheResets=1 batches=447752 verts=2886162 texStalls=377 recompiles=2026 underruns=0 overruns=3011 sleep_us=29327191
fps: 119.9
vis: 60.0
cpu: exceptions=28012 cacheResets=1 batches=455398 verts=2935071 texStalls=379 recompiles=2026 underruns=0 overruns=3041 sleep_us=29533437
fps: 119.8
vis: 60.0
cpu: exceptions=28262 cacheResets=1 batches=462993 verts=2983752 texStalls=379 recompiles=2026 underruns=0 overruns=3071 sleep_us=29739050
fps: 123.1
vis: 60.0
cpu: exceptions=28516 cacheResets=1 batches=470615 verts=3032208 texStalls=379 recompiles=2026 underruns=0 overruns=3101 sleep_us=29961871
fps: 119.5
vis: 60.0
cpu: exceptions=28771 cacheResets=1 batches=478180 verts=3080151 texStalls=379 recompiles=2026 underruns=0 overruns=3131 sleep_us=30169754
fps: 117.1
vis: 60.0
cpu: exceptions=29025 cacheResets=1 batches=485662 verts=3128262 texStalls=379 recompiles=2026 underruns=0 overruns=3161 sleep_us=30378290
fps: 120.0
vis: 60.0
cpu: exceptions=29279 cacheResets=1 batches=493279 verts=3177045 texStalls=379 recompiles=2026 underruns=0 overruns=3191 sleep_us=30584881
fps: 120.0
vis: 60.0
cpu: exceptions=29543 cacheResets=1 batches=500863 verts=3225945 texStalls=379 recompiles=2026 underruns=0 overruns=3221 sleep_us=30783568
fps: 123.1
vis: 60.0
cpu: exceptions=29809 cacheResets=1 batches=508461 verts=3274941 texStalls=379 recompiles=2026 underruns=0 overruns=3251 sleep_us=30990490
fps: 119.5
vis: 60.0
cpu: exceptions=30075 cacheResets=1 batches=516091 verts=3324057 texStalls=379 recompiles=2026 underruns=0 overruns=3281 sleep_us=31189751
fps: 113.1
vis: 60.0
cpu: exceptions=30340 cacheResets=1 batches=523158 verts=3369747 texStalls=380 recompiles=2026 underruns=0 overruns=3311 sleep_us=31385018
fps: 111.9
vis: 60.0
cpu: exceptions=30601 cacheResets=1 batches=530163 verts=3414702 texStalls=383 recompiles=2026 underruns=0 overruns=3341 sleep_us=31566748
fps: 122.9
vis: 60.0
cpu: exceptions=30862 cacheResets=1 batches=537746 verts=3462606 texStalls=383 recompiles=2026 underruns=0 overruns=3371 sleep_us=31769295
fps: 117.5
vis: 60.0
cpu: exceptions=31123 cacheResets=1 batches=545439 verts=3511281 texStalls=383 recompiles=2026 underruns=0 overruns=3401 sleep_us=31968450
mark: stop reason: chain guest VI limit
mark: stop_it requested
game: n=7/11 how=vis vis=3600 vi_rate=60 vi0_retrace=26455 wall_us=62969356 sleep_us=32132626 avg_vis=58.54 avg_fps=106.87 exceptions=31349 cacheResets=1 recompiles=2026 batches=552066 verts=3553053 texStalls=383 treeDepthMax=26 underruns=0 overruns=3426 pmc1=45899603743 pmc2=0 pmc3=0 pmc4=0 mmcr0=00000042 mmcr1=00000000 heap_used=10506840 heap_free=84584 arena1_free=430080 arena2_free=56405952 flushes=8 flush_us=7224 padtrace=10 rom=sd:/wii64/roms/Mario Party 2 (USA).z64
=== chain 7/11 end vis=3600 how=vis rom=sd:/wii64/roms/Mario Party 2 (USA).z64 ===
mark: pad replay records: 11
mark: loadROM: enter
mark: loadROM: before rom_read
mark: ROMCache_load: enter
mark: ROMCache_load: before first read
mark: ROMCache_load: first read returned
mark: ROMCache_load: byte_swap_type set
mark: ROMCache_load: first byte_swap done
menufps: 0.0
menufps: 54.3
menufps: 1.4
menufps: 1.4
menufps: 1.4
menufps: 1.4
menufps: 1.4
menufps: 1.4
menufps: 1.4
menufps: 21.4
mark: ROMCache_load: loop exited normally
mark: loadROM: after rom_read
mark: loadROM: before init_memory
mark: loadROM: after init_memory
mark: loadROM: before romOpen_gfx
mark: loadROM: after romOpen_gfx / before romOpen_audio
mark: loadROM: after romOpen_audio / before romOpen_input
mark: loadROM: after romOpen_input / before cpu_init
mark: loadROM: after cpu_init
menufps: 4.5
fps: 5.9
first_vi: vi0_retrace=30800
vis: 2.6
cpu: exceptions=0 cacheResets=0 batches=0 verts=0 texStalls=0 recompiles=0 underruns=0 overruns=0 sleep_us=0
mark: CPU core dispatch: dynarec
vis: 0.4
cpu: exceptions=2 cacheResets=1 batches=0 verts=0 texStalls=0 recompiles=138 underruns=0 overruns=0 sleep_us=0
vis: 50.0
cpu: exceptions=2006 cacheResets=1 batches=0 verts=0 texStalls=0 recompiles=367 underruns=0 overruns=0 sleep_us=414600
fps: 0.3
vis: 42.9
cpu: exceptions=2764 cacheResets=1 batches=0 verts=0 texStalls=0 recompiles=777 underruns=0 overruns=0 sleep_us=604044
fps: 45.0
vis: 50.0
cpu: exceptions=2988 cacheResets=1 batches=0 verts=0 texStalls=7 recompiles=1244 underruns=0 overruns=13 sleep_us=820417
fps: 49.9
vis: 50.0
cpu: exceptions=3128 cacheResets=1 batches=0 verts=0 texStalls=7 recompiles=1253 underruns=0 overruns=32 sleep_us=1227297
vis: 50.0
cpu: exceptions=3276 cacheResets=1 batches=0 verts=0 texStalls=7 recompiles=1267 underruns=0 overruns=50 sleep_us=1616414
fps: 49.8
vis: 50.0
cpu: exceptions=3437 cacheResets=1 batches=0 verts=0 texStalls=7 recompiles=1269 underruns=0 overruns=69 sleep_us=1984993
fps: 50.1
vis: 50.0
cpu: exceptions=3587 cacheResets=1 batches=0 verts=0 texStalls=7 recompiles=1277 underruns=0 overruns=88 sleep_us=2350853
fps: 49.8
vis: 50.0
cpu: exceptions=3740 cacheResets=1 batches=0 verts=0 texStalls=7 recompiles=1277 underruns=0 overruns=106 sleep_us=2718939
fps: 50.1
vis: 50.0
cpu: exceptions=3888 cacheResets=1 batches=0 verts=0 texStalls=7 recompiles=1278 underruns=0 overruns=125 sleep_us=3099647
fps: 49.9
vis: 50.0
cpu: exceptions=4034 cacheResets=1 batches=0 verts=0 texStalls=7 recompiles=1279 underruns=0 overruns=144 sleep_us=3468054
fps: 50.0
vis: 50.0
cpu: exceptions=4180 cacheResets=1 batches=0 verts=0 texStalls=7 recompiles=1279 underruns=0 overruns=163 sleep_us=3841236
fps: 49.9
vis: 50.0
cpu: exceptions=4336 cacheResets=1 batches=0 verts=0 texStalls=7 recompiles=1280 underruns=0 overruns=181 sleep_us=4217448
fps: 50.0
vis: 50.0
cpu: exceptions=4491 cacheResets=1 batches=0 verts=0 texStalls=7 recompiles=1312 underruns=0 overruns=200 sleep_us=4581249
fps: 49.9
vis: 50.0
cpu: exceptions=4645 cacheResets=1 batches=0 verts=0 texStalls=7 recompiles=1315 underruns=0 overruns=219 sleep_us=4936675
fps: 50.1
vis: 50.0
cpu: exceptions=4781 cacheResets=1 batches=0 verts=0 texStalls=7 recompiles=1318 underruns=0 overruns=238 sleep_us=5294729
fps: 49.8
vis: 50.0
cpu: exceptions=4923 cacheResets=1 batches=0 verts=0 texStalls=7 recompiles=1318 underruns=0 overruns=256 sleep_us=5651960
fps: 50.2
vis: 50.0
cpu: exceptions=5062 cacheResets=1 batches=0 verts=0 texStalls=7 recompiles=1318 underruns=0 overruns=275 sleep_us=6032444
fps: 50.1
vis: 50.0
cpu: exceptions=5213 cacheResets=1 batches=0 verts=0 texStalls=7 recompiles=1318 underruns=0 overruns=294 sleep_us=6409664
fps: 50.0
vis: 50.0
cpu: exceptions=5356 cacheResets=1 batches=0 verts=0 texStalls=7 recompiles=1318 underruns=0 overruns=313 sleep_us=6785578
fps: 49.9
vis: 50.0
cpu: exceptions=5513 cacheResets=1 batches=0 verts=0 texStalls=7 recompiles=1318 underruns=0 overruns=331 sleep_us=7153631
fps: 50.1
vis: 50.0
cpu: exceptions=5654 cacheResets=1 batches=0 verts=0 texStalls=7 recompiles=1318 underruns=0 overruns=350 sleep_us=7530914
fps: 50.1
vis: 50.0
cpu: exceptions=5801 cacheResets=1 batches=0 verts=0 texStalls=7 recompiles=1318 underruns=0 overruns=369 sleep_us=7904997
fps: 50.1
vis: 50.0
cpu: exceptions=5951 cacheResets=1 batches=0 verts=0 texStalls=7 recompiles=1318 underruns=0 overruns=388 sleep_us=8278102
fps: 49.8
vis: 50.0
cpu: exceptions=6103 cacheResets=1 batches=0 verts=0 texStalls=7 recompiles=1318 underruns=0 overruns=406 sleep_us=8633509
fps: 49.9
vis: 50.0
cpu: exceptions=6254 cacheResets=1 batches=0 verts=0 texStalls=7 recompiles=1425 underruns=0 overruns=425 sleep_us=8992250
fps: 49.9
vis: 50.0
cpu: exceptions=6438 cacheResets=1 batches=0 verts=0 texStalls=7 recompiles=1436 underruns=0 overruns=444 sleep_us=9347260
fps: 50.8
vis: 50.0
cpu: exceptions=6579 cacheResets=1 batches=0 verts=0 texStalls=7 recompiles=1457 underruns=0 overruns=463 sleep_us=9759305
fps: 46.0
vis: 50.0
cpu: exceptions=6753 cacheResets=1 batches=0 verts=0 texStalls=7 recompiles=1475 underruns=0 overruns=481 sleep_us=10151280
fps: 49.9
vis: 50.0
cpu: exceptions=6888 cacheResets=1 batches=0 verts=0 texStalls=7 recompiles=1475 underruns=0 overruns=500 sleep_us=10612544
fps: 50.0
vis: 50.0
cpu: exceptions=7028 cacheResets=1 batches=0 verts=0 texStalls=7 recompiles=1477 underruns=0 overruns=519 sleep_us=11071729
vis: 50.0
cpu: exceptions=7163 cacheResets=1 batches=0 verts=0 texStalls=7 recompiles=1477 underruns=0 overruns=538 sleep_us=11532739
fps: 50.0
vis: 50.0
cpu: exceptions=7303 cacheResets=1 batches=0 verts=0 texStalls=7 recompiles=1477 underruns=0 overruns=557 sleep_us=11992128
fps: 50.0
vis: 50.0
cpu: exceptions=7438 cacheResets=1 batches=0 verts=0 texStalls=7 recompiles=1482 underruns=0 overruns=575 sleep_us=12453684
fps: 50.0
vis: 50.0
cpu: exceptions=7578 cacheResets=1 batches=0 verts=0 texStalls=7 recompiles=1484 underruns=0 overruns=594 sleep_us=12916996
fps: 50.1
vis: 50.0
cpu: exceptions=7714 cacheResets=1 batches=0 verts=0 texStalls=7 recompiles=1484 underruns=0 overruns=613 sleep_us=13334386
fps: 46.1
vis: 50.0
cpu: exceptions=7854 cacheResets=1 batches=0 verts=0 texStalls=7 recompiles=1485 underruns=0 overruns=631 sleep_us=13794102
fps: 50.0
vis: 50.0
cpu: exceptions=7989 cacheResets=1 batches=0 verts=0 texStalls=7 recompiles=1485 underruns=0 overruns=650 sleep_us=14255591
fps: 50.0
vis: 50.0
cpu: exceptions=8129 cacheResets=1 batches=0 verts=0 texStalls=7 recompiles=1485 underruns=0 overruns=669 sleep_us=14715218
fps: 50.0
vis: 50.0
cpu: exceptions=8264 cacheResets=1 batches=0 verts=0 texStalls=7 recompiles=1485 underruns=0 overruns=688 sleep_us=15176237
fps: 50.1
vis: 50.0
cpu: exceptions=8406 cacheResets=1 batches=0 verts=0 texStalls=7 recompiles=1486 underruns=0 overruns=706 sleep_us=15612813
fps: 46.1
vis: 50.0
cpu: exceptions=8541 cacheResets=1 batches=0 verts=0 texStalls=7 recompiles=1487 underruns=0 overruns=725 sleep_us=16057267
fps: 50.0
vis: 50.0
cpu: exceptions=8680 cacheResets=1 batches=0 verts=0 texStalls=7 recompiles=1487 underruns=0 overruns=744 sleep_us=16516748
fps: 50.0
vis: 50.0
cpu: exceptions=8815 cacheResets=1 batches=0 verts=0 texStalls=7 recompiles=1487 underruns=0 overruns=763 sleep_us=16977850
fps: 50.0
vis: 50.0
cpu: exceptions=8955 cacheResets=1 batches=0 verts=0 texStalls=7 recompiles=1489 underruns=0 overruns=781 sleep_us=17437665
fps: 50.0
vis: 50.0
cpu: exceptions=9089 cacheResets=1 batches=0 verts=0 texStalls=7 recompiles=1491 underruns=0 overruns=800 sleep_us=17902317
fps: 23.3
vis: 44.7
cpu: exceptions=9292 cacheResets=1 batches=0 verts=0 texStalls=7 recompiles=1883 underruns=0 overruns=818 sleep_us=18093051
fps: 35.0
vis: 50.0
cpu: exceptions=9410 cacheResets=1 batches=0 verts=0 texStalls=7 recompiles=1891 underruns=0 overruns=836 sleep_us=18461807
fps: 50.0
vis: 50.0
cpu: exceptions=9537 cacheResets=1 batches=0 verts=0 texStalls=7 recompiles=1925 underruns=0 overruns=855 sleep_us=18874514
vis: 50.0
cpu: exceptions=9725 cacheResets=1 batches=0 verts=0 texStalls=7 recompiles=1930 underruns=0 overruns=882 sleep_us=19465038
fps: 51.5
vis: 50.0
cpu: exceptions=9850 cacheResets=1 batches=0 verts=0 texStalls=7 recompiles=1930 underruns=0 overruns=901 sleep_us=19892190
fps: 50.1
vis: 50.0
cpu: exceptions=9973 cacheResets=1 batches=0 verts=0 texStalls=7 recompiles=1931 underruns=0 overruns=919 sleep_us=20322384
fps: 49.9
vis: 50.0
cpu: exceptions=10118 cacheResets=1 batches=186 verts=792 texStalls=7 recompiles=2004 underruns=0 overruns=938 sleep_us=20719180
fps: 57.7
vis: 50.0
cpu: exceptions=10264 cacheResets=1 batches=820 verts=3375 texStalls=7 recompiles=2004 underruns=0 overruns=957 sleep_us=21133009
fps: 74.9
vis: 50.0
cpu: exceptions=10415 cacheResets=1 batches=1575 verts=6411 texStalls=7 recompiles=2004 underruns=0 overruns=976 sleep_us=21542707
fps: 75.0
vis: 50.0
cpu: exceptions=10563 cacheResets=1 batches=2389 verts=9858 texStalls=7 recompiles=2004 underruns=0 overruns=995 sleep_us=21955431
fps: 75.0
vis: 50.0
cpu: exceptions=10716 cacheResets=1 batches=3272 verts=13599 texStalls=7 recompiles=2004 underruns=0 overruns=1013 sleep_us=22364538
fps: 75.0
vis: 50.0
cpu: exceptions=10863 cacheResets=1 batches=4088 verts=17052 texStalls=7 recompiles=2004 underruns=0 overruns=1032 sleep_us=22778286
fps: 74.9
vis: 50.0
cpu: exceptions=11018 cacheResets=1 batches=4972 verts=20796 texStalls=7 recompiles=2005 underruns=0 overruns=1051 sleep_us=23187458
fps: 75.0
vis: 50.0
cpu: exceptions=11166 cacheResets=1 batches=5788 verts=24252 texStalls=7 recompiles=2005 underruns=0 overruns=1070 sleep_us=23602879
fps: 75.2
vis: 50.0
cpu: exceptions=11317 cacheResets=1 batches=6672 verts=27996 texStalls=7 recompiles=2005 underruns=0 overruns=1089 sleep_us=24014611
fps: 74.8
vis: 50.0
cpu: exceptions=11462 cacheResets=1 batches=7488 verts=31452 texStalls=7 recompiles=2005 underruns=0 overruns=1107 sleep_us=24430762
fps: 75.1
vis: 50.0
cpu: exceptions=11610 cacheResets=1 batches=8254 verts=34734 texStalls=7 recompiles=2055 underruns=0 overruns=1126 sleep_us=24839685
fps: 59.6
vis: 50.0
cpu: exceptions=11733 cacheResets=1 batches=8362 verts=35418 texStalls=7 recompiles=2055 underruns=0 overruns=1145 sleep_us=25264854
fps: 50.1
vis: 50.0
cpu: exceptions=11858 cacheResets=1 batches=8479 verts=36159 texStalls=7 recompiles=2055 underruns=0 overruns=1164 sleep_us=25686760
fps: 49.9
vis: 50.0
cpu: exceptions=11978 cacheResets=1 batches=8587 verts=36843 texStalls=7 recompiles=2055 underruns=0 overruns=1182 sleep_us=26112048
fps: 50.0
vis: 50.0
cpu: exceptions=12104 cacheResets=1 batches=8704 verts=37584 texStalls=7 recompiles=2069 underruns=0 overruns=1201 sleep_us=26534309
fps: 50.0
vis: 50.0
cpu: exceptions=12229 cacheResets=1 batches=8812 verts=38268 texStalls=7 recompiles=2070 underruns=0 overruns=1220 sleep_us=26959043
fps: 50.1
vis: 50.0
cpu: exceptions=12356 cacheResets=1 batches=8929 verts=39009 texStalls=7 recompiles=2070 underruns=0 overruns=1239 sleep_us=27380929
fps: 49.8
vis: 50.0
cpu: exceptions=12480 cacheResets=1 batches=9037 verts=39693 texStalls=7 recompiles=2070 underruns=0 overruns=1257 sleep_us=27806074
fps: 50.1
vis: 50.0
cpu: exceptions=12624 cacheResets=1 batches=9232 verts=42111 texStalls=7 recompiles=2159 underruns=0 overruns=1276 sleep_us=28153289
fps: 49.9
vis: 50.0
cpu: exceptions=12748 cacheResets=1 batches=9412 verts=44343 texStalls=7 recompiles=2160 underruns=0 overruns=1295 sleep_us=28575347
fps: 50.1
vis: 50.0
cpu: exceptions=12877 cacheResets=1 batches=9607 verts=46761 texStalls=7 recompiles=2162 underruns=0 overruns=1314 sleep_us=28986892
fps: 49.9
vis: 50.0
cpu: exceptions=12999 cacheResets=1 batches=9787 verts=48993 texStalls=7 recompiles=2162 underruns=0 overruns=1332 sleep_us=29406599
fps: 50.1
vis: 50.0
cpu: exceptions=13128 cacheResets=1 batches=9982 verts=51411 texStalls=7 recompiles=2162 underruns=0 overruns=1351 sleep_us=29823680
vis: 50.0
cpu: exceptions=13249 cacheResets=1 batches=10162 verts=53643 texStalls=7 recompiles=2162 underruns=0 overruns=1370 sleep_us=30243177
fps: 49.9
vis: 50.0
cpu: exceptions=13374 cacheResets=1 batches=10357 verts=56061 texStalls=7 recompiles=2162 underruns=0 overruns=1389 sleep_us=30659057
fps: 50.1
vis: 50.0
cpu: exceptions=13494 cacheResets=1 batches=10537 verts=58293 texStalls=7 recompiles=2162 underruns=0 overruns=1407 sleep_us=31079179
fps: 49.9
vis: 50.0
cpu: exceptions=13618 cacheResets=1 batches=10732 verts=60711 texStalls=7 recompiles=2162 underruns=0 overruns=1426 sleep_us=31496007
fps: 50.1
vis: 50.0
cpu: exceptions=13742 cacheResets=1 batches=10912 verts=62943 texStalls=7 recompiles=2162 underruns=0 overruns=1445 sleep_us=31915506
fps: 49.9
vis: 50.0
cpu: exceptions=13871 cacheResets=1 batches=11107 verts=65361 texStalls=7 recompiles=2163 underruns=0 overruns=1464 sleep_us=32324495
fps: 50.1
vis: 50.0
cpu: exceptions=13993 cacheResets=1 batches=11287 verts=67593 texStalls=7 recompiles=2163 underruns=0 overruns=1482 sleep_us=32744221
fps: 49.9
vis: 50.0
cpu: exceptions=14122 cacheResets=1 batches=11482 verts=70011 texStalls=7 recompiles=2163 underruns=0 overruns=1501 sleep_us=33160106
fps: 50.1
vis: 50.0
cpu: exceptions=14245 cacheResets=1 batches=11662 verts=72243 texStalls=7 recompiles=2163 underruns=0 overruns=1520 sleep_us=33580679
fps: 49.9
vis: 50.0
cpu: exceptions=14372 cacheResets=1 batches=11857 verts=74661 texStalls=7 recompiles=2163 underruns=0 overruns=1539 sleep_us=33996464
fps: 50.1
vis: 50.0
cpu: exceptions=14495 cacheResets=1 batches=12037 verts=76893 texStalls=7 recompiles=2163 underruns=0 overruns=1557 sleep_us=34416474
fps: 49.9
vis: 50.0
cpu: exceptions=14620 cacheResets=1 batches=12232 verts=79311 texStalls=7 recompiles=2163 underruns=0 overruns=1576 sleep_us=34833351
fps: 50.1
vis: 50.0
cpu: exceptions=14742 cacheResets=1 batches=12412 verts=81543 texStalls=7 recompiles=2163 underruns=0 overruns=1595 sleep_us=35252807
fps: 49.9
vis: 50.0
cpu: exceptions=14876 cacheResets=1 batches=12607 verts=83961 texStalls=9 recompiles=2186 underruns=0 overruns=1614 sleep_us=35660690
fps: 50.0
vis: 50.0
cpu: exceptions=14995 cacheResets=1 batches=12787 verts=86190 texStalls=9 recompiles=2186 underruns=0 overruns=1632 sleep_us=36081374
fps: 49.9
vis: 50.0
cpu: exceptions=15122 cacheResets=1 batches=12982 verts=88608 texStalls=9 recompiles=2186 underruns=0 overruns=1651 sleep_us=36498978
fps: 50.1
vis: 50.0
cpu: exceptions=15243 cacheResets=1 batches=13162 verts=90840 texStalls=9 recompiles=2186 underruns=0 overruns=1670 sleep_us=36919483
fps: 49.9
vis: 50.0
cpu: exceptions=15367 cacheResets=1 batches=13357 verts=93255 texStalls=9 recompiles=2186 underruns=0 overruns=1689 sleep_us=37336230
fps: 50.1
vis: 50.0
cpu: exceptions=15487 cacheResets=1 batches=13537 verts=95487 texStalls=9 recompiles=2186 underruns=0 overruns=1707 sleep_us=37756825
fps: 49.9
vis: 50.0
cpu: exceptions=15614 cacheResets=1 batches=13732 verts=97902 texStalls=9 recompiles=2186 underruns=0 overruns=1726 sleep_us=38174863
fps: 50.1
vis: 50.0
cpu: exceptions=15738 cacheResets=1 batches=13912 verts=100134 texStalls=9 recompiles=2186 underruns=0 overruns=1745 sleep_us=38594997
fps: 49.9
vis: 50.0
cpu: exceptions=15866 cacheResets=1 batches=14107 verts=102549 texStalls=9 recompiles=2187 underruns=0 overruns=1764 sleep_us=39012606
fps: 50.1
vis: 50.0
cpu: exceptions=15988 cacheResets=1 batches=14290 verts=104793 texStalls=9 recompiles=2187 underruns=0 overruns=1782 sleep_us=39435594
fps: 49.9
vis: 50.0
cpu: exceptions=16113 cacheResets=1 batches=14296 verts=104847 texStalls=9 recompiles=2187 underruns=0 overruns=1801 sleep_us=39857869
fps: 50.0
vis: 50.0
cpu: exceptions=16240 cacheResets=1 batches=14296 verts=104847 texStalls=11 recompiles=2188 underruns=0 overruns=1820 sleep_us=40277976
fps: 50.0
vis: 50.0
cpu: exceptions=16367 cacheResets=1 batches=14296 verts=104847 texStalls=11 recompiles=2188 underruns=0 overruns=1839 sleep_us=40696631
vis: 50.0
cpu: exceptions=16491 cacheResets=1 batches=14296 verts=104847 texStalls=11 recompiles=2188 underruns=0 overruns=1858 sleep_us=41118757
fps: 50.0
vis: 50.0
cpu: exceptions=16624 cacheResets=1 batches=14296 verts=104847 texStalls=11 recompiles=2188 underruns=0 overruns=1876 sleep_us=41537416
fps: 50.0
vis: 50.0
cpu: exceptions=16752 cacheResets=1 batches=14296 verts=104847 texStalls=11 recompiles=2188 underruns=0 overruns=1895 sleep_us=41959652
fps: 50.0
vis: 50.0
cpu: exceptions=16879 cacheResets=1 batches=14296 verts=104847 texStalls=11 recompiles=2188 underruns=0 overruns=1914 sleep_us=42377909
fps: 50.1
vis: 41.7
cpu: exceptions=17032 cacheResets=1 batches=14296 verts=104847 texStalls=11 recompiles=2246 underruns=0 overruns=1931 sleep_us=42597482
vis: 46.8
cpu: exceptions=17219 cacheResets=1 batches=14296 verts=104847 texStalls=11 recompiles=2267 underruns=0 overruns=1949 sleep_us=42617384
vis: 39.2
cpu: exceptions=17471 cacheResets=1 batches=14296 verts=104847 texStalls=11 recompiles=2279 underruns=0 overruns=1964 sleep_us=42617384
fps: 5.4
vis: 50.0
cpu: exceptions=17587 cacheResets=1 batches=15301 verts=110076 texStalls=61 recompiles=2292 underruns=0 overruns=1982 sleep_us=42923367
fps: 136.1
vis: 50.0
cpu: exceptions=17796 cacheResets=1 batches=17914 verts=123729 texStalls=61 recompiles=2293 underruns=0 overruns=2001 sleep_us=43293898
fps: 125.2
vis: 50.0
cpu: exceptions=17993 cacheResets=1 batches=20326 verts=136302 texStalls=61 recompiles=2293 underruns=0 overruns=2020 sleep_us=43663240
fps: 120.6
vis: 50.0
cpu: exceptions=18205 cacheResets=1 batches=22939 verts=149937 texStalls=64 recompiles=2294 underruns=0 overruns=2039 sleep_us=44016327
fps: 129.7
vis: 50.0
cpu: exceptions=18405 cacheResets=1 batches=25351 verts=162522 texStalls=64 recompiles=2294 underruns=0 overruns=2057 sleep_us=44379979
fps: 124.7
vis: 50.0
cpu: exceptions=18621 cacheResets=1 batches=27964 verts=176142 texStalls=64 recompiles=2299 underruns=0 overruns=2076 sleep_us=44731071
fps: 125.3
vis: 50.0
cpu: exceptions=18820 cacheResets=1 batches=30375 verts=188739 texStalls=64 recompiles=2299 underruns=0 overruns=2095 sleep_us=45096914
fps: 124.7
vis: 50.0
cpu: exceptions=19030 cacheResets=1 batches=32971 verts=202242 texStalls=64 recompiles=2302 underruns=0 overruns=2114 sleep_us=45454019
vis: 50.0
cpu: exceptions=19231 cacheResets=1 batches=35323 verts=214590 texStalls=64 recompiles=2302 underruns=0 overruns=2132 sleep_us=45819897
fps: 125.3
vis: 50.0
cpu: exceptions=19447 cacheResets=1 batches=37744 verts=227688 texStalls=64 recompiles=2302 underruns=0 overruns=2151 sleep_us=46176537
fps: 124.7
vis: 50.0
cpu: exceptions=19645 cacheResets=1 batches=39978 verts=239793 texStalls=64 recompiles=2302 underruns=0 overruns=2170 sleep_us=46542281
fps: 125.3
vis: 50.0
cpu: exceptions=19855 cacheResets=1 batches=42399 verts=252837 texStalls=64 recompiles=2302 underruns=0 overruns=2189 sleep_us=46900375
fps: 124.7
vis: 50.0
cpu: exceptions=20056 cacheResets=1 batches=44602 verts=264678 texStalls=64 recompiles=2302 underruns=0 overruns=2207 sleep_us=47264347
fps: 124.4
vis: 50.0
cpu: exceptions=20274 cacheResets=1 batches=46988 verts=277527 texStalls=66 recompiles=2303 underruns=0 overruns=2226 sleep_us=47616161
fps: 125.5
vis: 50.0
cpu: exceptions=20481 cacheResets=1 batches=49190 verts=289362 texStalls=66 recompiles=2303 underruns=0 overruns=2245 sleep_us=47975737
fps: 125.2
vis: 50.0
cpu: exceptions=20703 cacheResets=1 batches=51595 verts=302394 texStalls=66 recompiles=2303 underruns=0 overruns=2264 sleep_us=48309459
fps: 124.2
vis: 50.0
cpu: exceptions=20915 cacheResets=1 batches=53177 verts=312261 texStalls=66 recompiles=2323 underruns=0 overruns=2282 sleep_us=48644139
fps: 125.7
vis: 50.0
cpu: exceptions=21143 cacheResets=1 batches=53449 verts=315141 texStalls=66 recompiles=2324 underruns=0 overruns=2301 sleep_us=48993127
fps: 124.5
vis: 50.0
cpu: exceptions=21356 cacheResets=1 batches=53685 verts=317709 texStalls=66 recompiles=2325 underruns=0 overruns=2320 sleep_us=49352362
fps: 121.1
vis: 50.0
cpu: exceptions=21574 cacheResets=1 batches=54680 verts=324135 texStalls=66 recompiles=2337 underruns=0 overruns=2339 sleep_us=49626542
fps: 129.0
vis: 50.0
cpu: exceptions=21787 cacheResets=1 batches=57034 verts=338772 texStalls=66 recompiles=2337 underruns=0 overruns=2357 sleep_us=49895133
fps: 124.2
vis: 50.0
cpu: exceptions=22013 cacheResets=1 batches=60553 verts=359754 texStalls=66 recompiles=2337 underruns=0 overruns=2376 sleep_us=50139495
fps: 125.3
vis: 50.0
cpu: exceptions=22230 cacheResets=1 batches=67097 verts=398757 texStalls=68 recompiles=2337 underruns=0 overruns=2395 sleep_us=50375468
fps: 124.6
vis: 50.0
cpu: exceptions=22449 cacheResets=1 batches=75258 verts=448122 texStalls=68 recompiles=2340 underruns=0 overruns=2414 sleep_us=50583428
fps: 125.3
vis: 50.0
cpu: exceptions=22673 cacheResets=1 batches=82682 verts=493200 texStalls=71 recompiles=2343 underruns=0 overruns=2432 sleep_us=50798289
fps: 124.7
vis: 50.0
cpu: exceptions=22900 cacheResets=1 batches=90754 verts=542100 texStalls=71 recompiles=2343 underruns=0 overruns=2451 sleep_us=51008676
fps: 125.4
vis: 50.0
cpu: exceptions=23109 cacheResets=1 batches=98200 verts=587328 texStalls=71 recompiles=2343 underruns=0 overruns=2470 sleep_us=51247305
fps: 124.7
vis: 50.0
cpu: exceptions=23327 cacheResets=1 batches=106245 verts=636255 texStalls=71 recompiles=2343 underruns=0 overruns=2489 sleep_us=51469956
fps: 125.3
vis: 50.0
cpu: exceptions=23539 cacheResets=1 batches=113670 verts=681261 texStalls=71 recompiles=2343 underruns=0 overruns=2507 sleep_us=51711396
fps: 124.6
vis: 50.0
cpu: exceptions=23756 cacheResets=1 batches=121731 verts=730248 texStalls=71 recompiles=2343 underruns=0 overruns=2526 sleep_us=51933075
fps: 125.4
vis: 50.0
cpu: exceptions=23969 cacheResets=1 batches=129182 verts=775491 texStalls=71 recompiles=2343 underruns=0 overruns=2545 sleep_us=52171243
fps: 120.4
vis: 50.0
cpu: exceptions=24183 cacheResets=1 batches=137234 verts=824430 texStalls=71 recompiles=2347 underruns=0 overruns=2564 sleep_us=52394127
fps: 128.6
vis: 50.0
cpu: exceptions=24408 cacheResets=1 batches=145001 verts=871644 texStalls=71 recompiles=2347 underruns=0 overruns=2582 sleep_us=52609963
fps: 125.9
vis: 49.9
cpu: exceptions=24645 cacheResets=1 batches=153461 verts=923001 texStalls=71 recompiles=2347 underruns=0 overruns=2601 sleep_us=52811903
fps: 120.7
vis: 50.0
cpu: exceptions=24866 cacheResets=1 batches=161316 verts=970692 texStalls=71 recompiles=2347 underruns=0 overruns=2620 sleep_us=53032831
fps: 125.2
vis: 50.0
cpu: exceptions=25086 cacheResets=1 batches=169703 verts=1021797 texStalls=71 recompiles=2347 underruns=0 overruns=2639 sleep_us=53237316
fps: 128.2
mark: stop reason: chain guest VI limit
mark: stop_it requested
vis: 50.0
cpu: exceptions=25314 cacheResets=1 batches=177450 verts=1069050 texStalls=71 recompiles=2347 underruns=0 overruns=2657 sleep_us=53458498
game: n=8/11 how=vis vis=3600 vi_rate=50 vi0_retrace=30800 wall_us=74796537 sleep_us=53458498 avg_vis=49.10 avg_fps=69.72 exceptions=25315 cacheResets=1 recompiles=2347 batches=177450 verts=1069050 texStalls=71 treeDepthMax=20 underruns=0 overruns=2657 pmc1=54522889655 pmc2=0 pmc3=0 pmc4=0 mmcr0=00000042 mmcr1=00000000 heap_used=10535448 heap_free=55976 arena1_free=430080 arena2_free=56405952 flushes=9 flush_us=8345 padtrace=10 rom=sd:/wii64/roms/Mario Party 3 (E) (M4) [!].z64
=== chain 8/11 end vis=3600 how=vis rom=sd:/wii64/roms/Mario Party 3 (E) (M4) [!].z64 ===
mark: pad replay records: 11
mark: loadROM: enter
mark: loadROM: before rom_read
mark: ROMCache_load: enter
mark: ROMCache_load: before first read
mark: ROMCache_load: first read returned
mark: ROMCache_load: byte_swap_type set
mark: ROMCache_load: first byte_swap done
menufps: 0.0
menufps: 54.5
menufps: 1.4
menufps: 1.4
menufps: 1.4
menufps: 1.4
menufps: 1.4
menufps: 1.4
menufps: 1.4
menufps: 21.4
mark: ROMCache_load: loop exited normally
mark: loadROM: after rom_read
mark: loadROM: before init_memory
mark: loadROM: after init_memory
mark: loadROM: before romOpen_gfx
mark: loadROM: after romOpen_gfx / before romOpen_audio
mark: loadROM: after romOpen_audio / before romOpen_input
mark: loadROM: after romOpen_input / before cpu_init
mark: loadROM: after cpu_init
menufps: 4.5
fps: 0.9
first_vi: vi0_retrace=35854
vis: 0.1
cpu: exceptions=0 cacheResets=0 batches=0 verts=0 texStalls=0 recompiles=0 underruns=0 overruns=0 sleep_us=0
mark: CPU core dispatch: dynarec
vis: 0.4
cpu: exceptions=2 cacheResets=1 batches=0 verts=0 texStalls=0 recompiles=141 underruns=0 overruns=0 sleep_us=0
vis: 60.0
cpu: exceptions=1826 cacheResets=1 batches=0 verts=0 texStalls=0 recompiles=367 underruns=0 overruns=0 sleep_us=420283
fps: 0.3
vis: 49.8
cpu: exceptions=2780 cacheResets=1 batches=0 verts=0 texStalls=0 recompiles=797 underruns=0 overruns=0 sleep_us=597746
fps: 70.5
vis: 60.0
cpu: exceptions=2956 cacheResets=1 batches=0 verts=0 texStalls=0 recompiles=899 underruns=0 overruns=15 sleep_us=1000031
fps: 60.0
vis: 60.0
cpu: exceptions=3136 cacheResets=1 batches=0 verts=0 texStalls=0 recompiles=899 underruns=0 overruns=45 sleep_us=1454035
fps: 60.0
vis: 60.0
cpu: exceptions=3316 cacheResets=1 batches=0 verts=0 texStalls=0 recompiles=904 underruns=0 overruns=75 sleep_us=1908011
fps: 60.0
vis: 60.0
cpu: exceptions=3496 cacheResets=1 batches=0 verts=0 texStalls=0 recompiles=904 underruns=0 overruns=105 sleep_us=2362170
fps: 60.0
vis: 60.0
cpu: exceptions=3676 cacheResets=1 batches=0 verts=0 texStalls=0 recompiles=912 underruns=0 overruns=135 sleep_us=2816040
vis: 60.0
cpu: exceptions=3856 cacheResets=1 batches=0 verts=0 texStalls=0 recompiles=920 underruns=0 overruns=165 sleep_us=3277015
fps: 60.1
vis: 60.0
cpu: exceptions=4037 cacheResets=1 batches=0 verts=0 texStalls=0 recompiles=921 underruns=0 overruns=195 sleep_us=3684116
fps: 54.1
vis: 60.0
cpu: exceptions=4217 cacheResets=1 batches=0 verts=0 texStalls=0 recompiles=922 underruns=0 overruns=225 sleep_us=4138559
fps: 60.0
vis: 60.0
cpu: exceptions=4397 cacheResets=1 batches=0 verts=0 texStalls=0 recompiles=923 underruns=0 overruns=255 sleep_us=4592938
fps: 60.0
vis: 60.0
cpu: exceptions=4577 cacheResets=1 batches=0 verts=0 texStalls=0 recompiles=924 underruns=0 overruns=285 sleep_us=5047155
fps: 60.1
vis: 60.0
cpu: exceptions=4755 cacheResets=1 batches=0 verts=0 texStalls=0 recompiles=924 underruns=0 overruns=315 sleep_us=5463158
fps: 54.1
vis: 60.0
cpu: exceptions=4935 cacheResets=1 batches=0 verts=0 texStalls=0 recompiles=925 underruns=0 overruns=345 sleep_us=5917494
fps: 60.0
vis: 60.0
cpu: exceptions=5115 cacheResets=1 batches=0 verts=0 texStalls=0 recompiles=925 underruns=0 overruns=375 sleep_us=6371974
fps: 60.0
vis: 60.0
cpu: exceptions=5295 cacheResets=1 batches=0 verts=0 texStalls=0 recompiles=925 underruns=0 overruns=405 sleep_us=6826433
fps: 62.0
vis: 60.0
cpu: exceptions=5475 cacheResets=1 batches=0 verts=0 texStalls=0 recompiles=930 underruns=0 overruns=435 sleep_us=7284717
fps: 31.9
vis: 47.3
cpu: exceptions=5671 cacheResets=1 batches=0 verts=0 texStalls=0 recompiles=1476 underruns=0 overruns=459 sleep_us=7411869
fps: 39.4
vis: 60.0
cpu: exceptions=5826 cacheResets=1 batches=0 verts=0 texStalls=0 recompiles=1494 underruns=0 overruns=489 sleep_us=7813795
fps: 59.9
vis: 60.0
cpu: exceptions=5994 cacheResets=1 batches=0 verts=0 texStalls=0 recompiles=1605 underruns=0 overruns=519 sleep_us=8195885
fps: 62.0
vis: 60.0
cpu: exceptions=6160 cacheResets=1 batches=0 verts=0 texStalls=0 recompiles=1650 underruns=0 overruns=549 sleep_us=8604928
vis: 60.0
cpu: exceptions=6369 cacheResets=1 batches=0 verts=0 texStalls=0 recompiles=1651 underruns=0 overruns=588 sleep_us=9136559
fps: 59.9
vis: 60.0
cpu: exceptions=6524 cacheResets=1 batches=0 verts=0 texStalls=0 recompiles=1651 underruns=0 overruns=618 sleep_us=9556240
fps: 60.0
vis: 60.0
cpu: exceptions=6701 cacheResets=1 batches=244 verts=1032 texStalls=0 recompiles=1728 underruns=0 overruns=648 sleep_us=9942506
fps: 67.9
vis: 60.0
cpu: exceptions=6886 cacheResets=1 batches=1036 verts=4275 texStalls=0 recompiles=1728 underruns=0 overruns=678 sleep_us=10342185
fps: 90.0
vis: 60.0
cpu: exceptions=7079 cacheResets=1 batches=1990 verts=8238 texStalls=0 recompiles=1728 underruns=0 overruns=708 sleep_us=10740826
fps: 90.0
vis: 60.0
cpu: exceptions=7269 cacheResets=1 batches=3009 verts=12555 texStalls=0 recompiles=1728 underruns=0 overruns=738 sleep_us=11139044
fps: 90.0
vis: 60.0
cpu: exceptions=7459 cacheResets=1 batches=4029 verts=16875 texStalls=0 recompiles=1729 underruns=0 overruns=768 sleep_us=11537327
fps: 90.0
vis: 60.0
cpu: exceptions=7648 cacheResets=1 batches=5049 verts=21192 texStalls=0 recompiles=1729 underruns=0 overruns=798 sleep_us=11935773
fps: 90.0
vis: 60.0
cpu: exceptions=7838 cacheResets=1 batches=6069 verts=25509 texStalls=0 recompiles=1731 underruns=0 overruns=828 sleep_us=12334810
fps: 92.0
vis: 60.0
cpu: exceptions=8029 cacheResets=1 batches=7089 verts=29826 texStalls=0 recompiles=1731 underruns=0 overruns=858 sleep_us=12736154
fps: 90.0
vis: 60.0
cpu: exceptions=8217 cacheResets=1 batches=8109 verts=34146 texStalls=0 recompiles=1731 underruns=0 overruns=888 sleep_us=13137829
fps: 92.0
vis: 60.0
cpu: exceptions=8404 cacheResets=1 batches=9129 verts=38466 texStalls=0 recompiles=1731 underruns=0 overruns=918 sleep_us=13540043
fps: 90.0
vis: 60.0
cpu: exceptions=8587 cacheResets=1 batches=9972 verts=42093 texStalls=0 recompiles=1780 underruns=0 overruns=948 sleep_us=13939138
fps: 78.9
vis: 60.0
cpu: exceptions=8750 cacheResets=1 batches=10107 verts=42948 texStalls=0 recompiles=1780 underruns=0 overruns=978 sleep_us=14352422
fps: 62.0
vis: 60.0
cpu: exceptions=8911 cacheResets=1 batches=10242 verts=43803 texStalls=0 recompiles=1780 underruns=0 overruns=1008 sleep_us=14765927
fps: 60.0
vis: 60.0
cpu: exceptions=9069 cacheResets=1 batches=10377 verts=44658 texStalls=0 recompiles=1780 underruns=0 overruns=1038 sleep_us=15179352
fps: 60.0
vis: 60.0
cpu: exceptions=9231 cacheResets=1 batches=10512 verts=45513 texStalls=0 recompiles=1794 underruns=0 overruns=1068 sleep_us=15591853
fps: 60.0
vis: 60.0
cpu: exceptions=9392 cacheResets=1 batches=10647 verts=46368 texStalls=0 recompiles=1795 underruns=0 overruns=1098 sleep_us=16005013
fps: 60.0
vis: 60.0
cpu: exceptions=9552 cacheResets=1 batches=10782 verts=47223 texStalls=0 recompiles=1795 underruns=0 overruns=1128 sleep_us=16418176
fps: 60.0
vis: 57.5
cpu: exceptions=9714 cacheResets=1 batches=10908 verts=48021 texStalls=0 recompiles=1810 underruns=0 overruns=1157 sleep_us=16803909
fps: 48.3
vis: 60.0
cpu: exceptions=9883 cacheResets=1 batches=11133 verts=50811 texStalls=0 recompiles=1885 underruns=0 overruns=1187 sleep_us=17168755
fps: 65.2
vis: 60.0
cpu: exceptions=10042 cacheResets=1 batches=11358 verts=53601 texStalls=0 recompiles=1886 underruns=0 overruns=1217 sleep_us=17578147
fps: 60.0
vis: 60.0
cpu: exceptions=10206 cacheResets=1 batches=11583 verts=56391 texStalls=0 recompiles=1892 underruns=0 overruns=1247 sleep_us=17980497
fps: 60.0
vis: 60.0
cpu: exceptions=10365 cacheResets=1 batches=11808 verts=59181 texStalls=0 recompiles=1892 underruns=0 overruns=1277 sleep_us=18386905
fps: 62.0
vis: 60.0
cpu: exceptions=10525 cacheResets=1 batches=12033 verts=61971 texStalls=0 recompiles=1892 underruns=0 overruns=1307 sleep_us=18793246
fps: 60.0
vis: 60.0
cpu: exceptions=10685 cacheResets=1 batches=12258 verts=64761 texStalls=0 recompiles=1892 underruns=0 overruns=1337 sleep_us=19199717
fps: 60.0
vis: 60.0
cpu: exceptions=10848 cacheResets=1 batches=12483 verts=67551 texStalls=0 recompiles=1892 underruns=0 overruns=1367 sleep_us=19606162
fps: 60.0
vis: 60.0
cpu: exceptions=11008 cacheResets=1 batches=12708 verts=70341 texStalls=0 recompiles=1892 underruns=0 overruns=1397 sleep_us=20012628
fps: 60.0
vis: 60.0
cpu: exceptions=11168 cacheResets=1 batches=12933 verts=73131 texStalls=0 recompiles=1892 underruns=0 overruns=1427 sleep_us=20418983
fps: 60.0
vis: 60.0
cpu: exceptions=11331 cacheResets=1 batches=13158 verts=75921 texStalls=0 recompiles=1892 underruns=0 overruns=1457 sleep_us=20825278
fps: 60.0
vis: 60.0
cpu: exceptions=11500 cacheResets=1 batches=13383 verts=78711 texStalls=0 recompiles=1893 underruns=0 overruns=1487 sleep_us=21224687
fps: 60.0
vis: 60.0
cpu: exceptions=11659 cacheResets=1 batches=13608 verts=81501 texStalls=0 recompiles=1893 underruns=0 overruns=1517 sleep_us=21631159
fps: 58.2
vis: 60.0
cpu: exceptions=11818 cacheResets=1 batches=13833 verts=84291 texStalls=0 recompiles=1893 underruns=0 overruns=1547 sleep_us=22037476
fps: 60.0
vis: 60.0
cpu: exceptions=11975 cacheResets=1 batches=14058 verts=87081 texStalls=0 recompiles=1893 underruns=0 overruns=1577 sleep_us=22443895
fps: 60.0
vis: 60.0
cpu: exceptions=12137 cacheResets=1 batches=14283 verts=89871 texStalls=0 recompiles=1893 underruns=0 overruns=1607 sleep_us=22850187
fps: 60.0
vis: 60.0
cpu: exceptions=12292 cacheResets=1 batches=14508 verts=92661 texStalls=0 recompiles=1893 underruns=0 overruns=1637 sleep_us=23256685
fps: 60.0
vis: 60.0
cpu: exceptions=12450 cacheResets=1 batches=14733 verts=95451 texStalls=0 recompiles=1893 underruns=0 overruns=1667 sleep_us=23663110
fps: 60.0
vis: 60.0
cpu: exceptions=12607 cacheResets=1 batches=14958 verts=98241 texStalls=0 recompiles=1893 underruns=0 overruns=1697 sleep_us=24069600
fps: 60.0
vis: 60.0
cpu: exceptions=12772 cacheResets=1 batches=15183 verts=101031 texStalls=2 recompiles=1915 underruns=0 overruns=1727 sleep_us=24467897
fps: 62.0
vis: 60.0
cpu: exceptions=12929 cacheResets=1 batches=15408 verts=103818 texStalls=2 recompiles=1915 underruns=0 overruns=1757 sleep_us=24875334
fps: 60.0
vis: 60.0
cpu: exceptions=13090 cacheResets=1 batches=15633 verts=106605 texStalls=2 recompiles=1915 underruns=0 overruns=1787 sleep_us=25282656
fps: 57.9
vis: 60.0
cpu: exceptions=13247 cacheResets=1 batches=15858 verts=109392 texStalls=2 recompiles=1915 underruns=0 overruns=1817 sleep_us=25690133
fps: 60.0
vis: 60.0
cpu: exceptions=13405 cacheResets=1 batches=16083 verts=112179 texStalls=2 recompiles=1915 underruns=0 overruns=1847 sleep_us=26097637
fps: 60.0
vis: 60.0
cpu: exceptions=13562 cacheResets=1 batches=16308 verts=114966 texStalls=2 recompiles=1915 underruns=0 overruns=1877 sleep_us=26505090
fps: 62.0
vis: 60.0
cpu: exceptions=13723 cacheResets=1 batches=16533 verts=117753 texStalls=2 recompiles=1915 underruns=0 overruns=1907 sleep_us=26912569
fps: 60.0
vis: 60.0
cpu: exceptions=13885 cacheResets=1 batches=16758 verts=120540 texStalls=2 recompiles=1915 underruns=0 overruns=1937 sleep_us=27319957
fps: 60.0
vis: 60.0
cpu: exceptions=14047 cacheResets=1 batches=16983 verts=123327 texStalls=2 recompiles=1916 underruns=0 overruns=1967 sleep_us=27728007
fps: 58.1
vis: 60.0
cpu: exceptions=14207 cacheResets=1 batches=17215 verts=126150 texStalls=2 recompiles=1916 underruns=0 overruns=1997 sleep_us=28138430
fps: 62.0
vis: 60.0
cpu: exceptions=14368 cacheResets=1 batches=17225 verts=126228 texStalls=2 recompiles=1916 underruns=0 overruns=2027 sleep_us=28551157
fps: 60.0
vis: 60.0
cpu: exceptions=14528 cacheResets=1 batches=17225 verts=126228 texStalls=4 recompiles=1917 underruns=0 overruns=2057 sleep_us=28959319
fps: 58.0
vis: 60.0
cpu: exceptions=14686 cacheResets=1 batches=17225 verts=126228 texStalls=4 recompiles=1917 underruns=0 overruns=2087 sleep_us=29369015
fps: 62.0
vis: 60.0
cpu: exceptions=14851 cacheResets=1 batches=17225 verts=126228 texStalls=4 recompiles=1917 underruns=0 overruns=2117 sleep_us=29778461
fps: 60.0
vis: 60.0
cpu: exceptions=15014 cacheResets=1 batches=17225 verts=126228 texStalls=4 recompiles=1917 underruns=0 overruns=2147 sleep_us=30188045
fps: 60.0
vis: 60.0
cpu: exceptions=15173 cacheResets=1 batches=17225 verts=126228 texStalls=4 recompiles=1925 underruns=0 overruns=2177 sleep_us=30596965
fps: 60.0
vis: 60.0
cpu: exceptions=15332 cacheResets=1 batches=17225 verts=126228 texStalls=4 recompiles=1925 underruns=0 overruns=2207 sleep_us=31005198
fps: 60.0
vis: 52.2
cpu: exceptions=15522 cacheResets=1 batches=17225 verts=126228 texStalls=4 recompiles=2000 underruns=0 overruns=2234 sleep_us=31222256
vis: 56.4
cpu: exceptions=15727 cacheResets=1 batches=17225 verts=126228 texStalls=4 recompiles=2021 underruns=0 overruns=2263 sleep_us=31246531
vis: 41.0
cpu: exceptions=16001 cacheResets=1 batches=17225 verts=126228 texStalls=4 recompiles=2033 underruns=0 overruns=2284 sleep_us=31246531
fps: 3.8
vis: 60.0
cpu: exceptions=16121 cacheResets=1 batches=17828 verts=129366 texStalls=54 recompiles=2049 underruns=0 overruns=2314 sleep_us=31580137
fps: 168.0
vis: 60.0
cpu: exceptions=16370 cacheResets=1 batches=20843 verts=145101 texStalls=54 recompiles=2129 underruns=0 overruns=2344 sleep_us=31931517
fps: 148.0
vis: 60.0
cpu: exceptions=16623 cacheResets=1 batches=23858 verts=160821 texStalls=54 recompiles=2129 underruns=0 overruns=2374 sleep_us=32277782
fps: 145.9
vis: 60.0
cpu: exceptions=16877 cacheResets=1 batches=26870 verts=176523 texStalls=54 recompiles=2129 underruns=0 overruns=2404 sleep_us=32619558
fps: 150.0
vis: 60.0
cpu: exceptions=17132 cacheResets=1 batches=29860 verts=192108 texStalls=57 recompiles=2130 underruns=0 overruns=2434 sleep_us=32953007
fps: 149.9
vis: 60.0
cpu: exceptions=17386 cacheResets=1 batches=32858 verts=207711 texStalls=57 recompiles=2152 underruns=0 overruns=2464 sleep_us=33286964
fps: 152.0
vis: 60.0
cpu: exceptions=17643 cacheResets=1 batches=35873 verts=223464 texStalls=57 recompiles=2153 underruns=0 overruns=2494 sleep_us=33624870
fps: 150.0
vis: 60.0
cpu: exceptions=17896 cacheResets=1 batches=38888 verts=239148 texStalls=57 recompiles=2153 underruns=0 overruns=2524 sleep_us=33965269
fps: 150.0
vis: 60.0
cpu: exceptions=18151 cacheResets=1 batches=41867 verts=254730 texStalls=57 recompiles=2156 underruns=0 overruns=2554 sleep_us=34304981
fps: 149.9
vis: 60.0
cpu: exceptions=18410 cacheResets=1 batches=44677 verts=269904 texStalls=57 recompiles=2156 underruns=0 overruns=2584 sleep_us=34644197
fps: 151.9
vis: 60.0
cpu: exceptions=18671 cacheResets=1 batches=47466 verts=285030 texStalls=57 recompiles=2156 underruns=0 overruns=2614 sleep_us=34983672
fps: 152.0
vis: 60.0
cpu: exceptions=18927 cacheResets=1 batches=50269 verts=300159 texStalls=57 recompiles=2156 underruns=0 overruns=2644 sleep_us=35324491
fps: 150.0
vis: 60.0
cpu: exceptions=19183 cacheResets=1 batches=53020 verts=314958 texStalls=57 recompiles=2156 underruns=0 overruns=2674 sleep_us=35665012
fps: 150.0
vis: 60.0
cpu: exceptions=19447 cacheResets=1 batches=55773 verts=329775 texStalls=59 recompiles=2157 underruns=0 overruns=2704 sleep_us=35996648
fps: 147.9
vis: 60.0
cpu: exceptions=19706 cacheResets=1 batches=58529 verts=344589 texStalls=59 recompiles=2157 underruns=0 overruns=2734 sleep_us=36334610
fps: 148.0
vis: 60.0
cpu: exceptions=19973 cacheResets=1 batches=61283 verts=359409 texStalls=59 recompiles=2157 underruns=0 overruns=2764 sleep_us=36657038
fps: 149.9
vis: 60.0
cpu: exceptions=20239 cacheResets=1 batches=64011 verts=375339 texStalls=59 recompiles=2177 underruns=0 overruns=2794 sleep_us=36961500
fps: 147.1
vis: 60.0
cpu: exceptions=20509 cacheResets=1 batches=64336 verts=378726 texStalls=59 recompiles=2178 underruns=0 overruns=2824 sleep_us=37293045
fps: 150.0
vis: 60.0
cpu: exceptions=20782 cacheResets=1 batches=64636 verts=381966 texStalls=59 recompiles=2178 underruns=0 overruns=2854 sleep_us=37628435
fps: 145.9
vis: 60.0
cpu: exceptions=21056 cacheResets=1 batches=65367 verts=387243 texStalls=59 recompiles=2186 underruns=0 overruns=2884 sleep_us=37911234
fps: 149.9
vis: 60.0
cpu: exceptions=21333 cacheResets=1 batches=68011 verts=403521 texStalls=59 recompiles=2186 underruns=0 overruns=2914 sleep_us=38129508
fps: 149.7
vis: 60.0
cpu: exceptions=21612 cacheResets=1 batches=71554 verts=425202 texStalls=59 recompiles=2186 underruns=0 overruns=2944 sleep_us=38344117
fps: 149.5
vis: 60.0
cpu: exceptions=21889 cacheResets=1 batches=78791 verts=467844 texStalls=61 recompiles=2186 underruns=0 overruns=2974 sleep_us=38529663
fps: 148.9
vis: 60.0
cpu: exceptions=22164 cacheResets=1 batches=88222 verts=524823 texStalls=61 recompiles=2189 underruns=0 overruns=3004 sleep_us=38702579
vis: 60.0
cpu: exceptions=22446 cacheResets=1 batches=97513 verts=581178 texStalls=64 recompiles=2194 underruns=0 overruns=3034 sleep_us=38861642
fps: 151.4
vis: 60.0
cpu: exceptions=22729 cacheResets=1 batches=106805 verts=637653 texStalls=64 recompiles=2194 underruns=0 overruns=3064 sleep_us=39025624
fps: 149.2
vis: 60.0
cpu: exceptions=23002 cacheResets=1 batches=116093 verts=694131 texStalls=64 recompiles=2194 underruns=0 overruns=3094 sleep_us=39206402
fps: 151.9
vis: 60.0
cpu: exceptions=23272 cacheResets=1 batches=125346 verts=750525 texStalls=64 recompiles=2194 underruns=0 overruns=3124 sleep_us=39390360
fps: 150.0
vis: 60.0
cpu: exceptions=23545 cacheResets=1 batches=134613 verts=806871 texStalls=64 recompiles=2194 underruns=0 overruns=3154 sleep_us=39574304
fps: 150.0
vis: 60.0
cpu: exceptions=23813 cacheResets=1 batches=143889 verts=863337 texStalls=64 recompiles=2194 underruns=0 overruns=3184 sleep_us=39756998
fps: 148.0
vis: 60.0
cpu: exceptions=24087 cacheResets=1 batches=153173 verts=919818 texStalls=64 recompiles=2194 underruns=0 overruns=3214 sleep_us=39937528
fps: 153.9
vis: 60.0
cpu: exceptions=24360 cacheResets=1 batches=162438 verts=976209 texStalls=64 recompiles=2194 underruns=0 overruns=3244 sleep_us=40124130
fps: 145.8
vis: 60.0
cpu: exceptions=24640 cacheResets=1 batches=171991 verts=1034535 texStalls=64 recompiles=2199 underruns=0 overruns=3274 sleep_us=40288269
fps: 151.2
vis: 60.0
cpu: exceptions=24927 cacheResets=1 batches=181724 verts=1093674 texStalls=64 recompiles=2199 underruns=0 overruns=3304 sleep_us=40450889
fps: 149.9
vis: 60.0
cpu: exceptions=25208 cacheResets=1 batches=191519 verts=1153140 texStalls=64 recompiles=2199 underruns=0 overruns=3334 sleep_us=40613341
fps: 150.0
vis: 60.0
cpu: exceptions=25488 cacheResets=1 batches=201203 verts=1212294 texStalls=64 recompiles=2199 underruns=0 overruns=3364 sleep_us=40775303
fps: 148.9
vis: 60.0
cpu: exceptions=25765 cacheResets=1 batches=210887 verts=1271376 texStalls=64 recompiles=2199 underruns=0 overruns=3394 sleep_us=40942698
fps: 149.9
vis: 60.0
cpu: exceptions=26042 cacheResets=1 batches=220606 verts=1330545 texStalls=64 recompiles=2199 underruns=0 overruns=3424 sleep_us=41109432
fps: 152.0
vis: 60.0
cpu: exceptions=26323 cacheResets=1 batches=230266 verts=1389498 texStalls=67 recompiles=2200 underruns=0 overruns=3454 sleep_us=41270420
fps: 150.0
vis: 60.0
cpu: exceptions=26604 cacheResets=1 batches=239953 verts=1448559 texStalls=67 recompiles=2200 underruns=0 overruns=3484 sleep_us=41434093
fps: 151.9
vis: 60.0
cpu: exceptions=26888 cacheResets=1 batches=249635 verts=1507575 texStalls=67 recompiles=2200 underruns=0 overruns=3514 sleep_us=41593041
fps: 150.0
mark: stop reason: chain guest VI limit
mark: stop_it requested
game: n=9/11 how=vis vis=3600 vi_rate=60 vi0_retrace=35854 wall_us=62917531 sleep_us=41666547 avg_vis=58.56 avg_fps=91.77 exceptions=27020 cacheResets=1 recompiles=2200 batches=254159 verts=1535151 texStalls=67 treeDepthMax=20 underruns=0 overruns=3528 pmc1=45863589948 pmc2=0 pmc3=0 pmc4=0 mmcr0=00000042 mmcr1=00000000 heap_used=10518008 heap_free=89800 arena1_free=413696 arena2_free=56405952 flushes=8 flush_us=7296 padtrace=10 rom=sd:/wii64/roms/Mario Party 3 (USA).z64
=== chain 9/11 end vis=3600 how=vis rom=sd:/wii64/roms/Mario Party 3 (USA).z64 ===
mark: loadROM: enter
mark: loadROM: before rom_read
mark: ROMCache_load: enter
mark: ROMCache_load: before first read
mark: ROMCache_load: first read returned
mark: ROMCache_load: byte_swap_type set
mark: ROMCache_load: first byte_swap done
menufps: 0.0
menufps: 59.7
mark: ROMCache_load: loop exited normally
mark: loadROM: after rom_read
mark: loadROM: before init_memory
mark: loadROM: after init_memory
mark: loadROM: before romOpen_gfx
mark: loadROM: after romOpen_gfx / before romOpen_audio
mark: loadROM: after romOpen_audio / before romOpen_input
mark: loadROM: after romOpen_input / before cpu_init
mark: loadROM: after cpu_init
menufps: 1.0
fps: 7.0
first_vi: vi0_retrace=39845
vis: 3.8
cpu: exceptions=0 cacheResets=0 batches=0 verts=0 texStalls=0 recompiles=0 underruns=0 overruns=0 sleep_us=0
mark: CPU core dispatch: dynarec
vis: 60.0
cpu: exceptions=1471 cacheResets=1 batches=0 verts=0 texStalls=0 recompiles=421 underruns=0 overruns=0 sleep_us=139198
fps: 3.1
vis: 60.0
cpu: exceptions=2355 cacheResets=1 batches=0 verts=0 texStalls=0 recompiles=425 underruns=0 overruns=24 sleep_us=511885
fps: 60.8
vis: 60.0
cpu: exceptions=2625 cacheResets=1 batches=0 verts=0 texStalls=0 recompiles=425 underruns=0 overruns=54 sleep_us=951072
fps: 60.0
vis: 60.0
cpu: exceptions=2918 cacheResets=1 batches=0 verts=0 texStalls=0 recompiles=468 underruns=0 overruns=84 sleep_us=1370220
vis: 60.0
cpu: exceptions=3298 cacheResets=1 batches=0 verts=0 texStalls=0 recompiles=468 underruns=0 overruns=114 sleep_us=1688797
fps: 11.7
vis: 27.3
cpu: exceptions=3552 cacheResets=1 batches=217 verts=4047 texStalls=0 recompiles=634 underruns=0 overruns=133 sleep_us=1848997
vis: 60.0
cpu: exceptions=3836 cacheResets=1 batches=3016 verts=57600 texStalls=0 recompiles=763 underruns=0 overruns=163 sleep_us=1861004
fps: 59.5
vis: 60.0
cpu: exceptions=4134 cacheResets=1 batches=6056 verts=113688 texStalls=0 recompiles=771 underruns=0 overruns=193 sleep_us=2052002
fps: 60.0
vis: 60.0
cpu: exceptions=4430 cacheResets=1 batches=9206 verts=170196 texStalls=0 recompiles=775 underruns=0 overruns=223 sleep_us=2248122
fps: 60.0
vis: 60.0
cpu: exceptions=4724 cacheResets=1 batches=12310 verts=225852 texStalls=0 recompiles=775 underruns=0 overruns=253 sleep_us=2443817
fps: 60.0
vis: 60.0
cpu: exceptions=5015 cacheResets=1 batches=15381 verts=280347 texStalls=0 recompiles=775 underruns=0 overruns=283 sleep_us=2643838
fps: 60.0
vis: 60.0
cpu: exceptions=5309 cacheResets=1 batches=18498 verts=335580 texStalls=0 recompiles=775 underruns=0 overruns=313 sleep_us=2841735
fps: 60.0
vis: 60.0
cpu: exceptions=5594 cacheResets=1 batches=21757 verts=391497 texStalls=0 recompiles=777 underruns=0 overruns=343 sleep_us=3044844
fps: 60.0
vis: 60.0
cpu: exceptions=5889 cacheResets=1 batches=25131 verts=447666 texStalls=0 recompiles=777 underruns=0 overruns=373 sleep_us=3236087
fps: 60.0
vis: 60.0
cpu: exceptions=6185 cacheResets=1 batches=28577 verts=502968 texStalls=0 recompiles=777 underruns=0 overruns=403 sleep_us=3427794
fps: 60.0
vis: 60.0
cpu: exceptions=6483 cacheResets=1 batches=32214 verts=558981 texStalls=0 recompiles=777 underruns=0 overruns=433 sleep_us=3614169
fps: 60.0
vis: 60.0
cpu: exceptions=6778 cacheResets=1 batches=36086 verts=613779 texStalls=0 recompiles=777 underruns=0 overruns=463 sleep_us=3802092
fps: 60.0
vis: 60.0
cpu: exceptions=7073 cacheResets=1 batches=40105 verts=667539 texStalls=0 recompiles=777 underruns=0 overruns=493 sleep_us=3985864
fps: 60.0
vis: 60.0
cpu: exceptions=7364 cacheResets=1 batches=44065 verts=720267 texStalls=0 recompiles=777 underruns=0 overruns=523 sleep_us=4175374
fps: 60.0
vis: 60.0
cpu: exceptions=7654 cacheResets=1 batches=48099 verts=773145 texStalls=0 recompiles=777 underruns=0 overruns=553 sleep_us=4368069
fps: 60.0
vis: 60.0
cpu: exceptions=7940 cacheResets=1 batches=52124 verts=826248 texStalls=0 recompiles=777 underruns=0 overruns=583 sleep_us=4564852
fps: 59.8
vis: 60.0
cpu: exceptions=8237 cacheResets=1 batches=56234 verts=880827 texStalls=0 recompiles=777 underruns=0 overruns=613 sleep_us=4756904
fps: 60.0
vis: 60.0
cpu: exceptions=8529 cacheResets=1 batches=60448 verts=936045 texStalls=0 recompiles=777 underruns=0 overruns=643 sleep_us=4935915
fps: 60.0
vis: 60.0
cpu: exceptions=8840 cacheResets=1 batches=64768 verts=992370 texStalls=0 recompiles=777 underruns=0 overruns=673 sleep_us=5100862
fps: 60.0
vis: 60.0
cpu: exceptions=9157 cacheResets=1 batches=69317 verts=1052157 texStalls=0 recompiles=777 underruns=0 overruns=703 sleep_us=5258393
fps: 60.0
vis: 60.0
cpu: exceptions=9471 cacheResets=1 batches=73877 verts=1113456 texStalls=0 recompiles=777 underruns=0 overruns=733 sleep_us=5417458
fps: 60.0
vis: 60.0
cpu: exceptions=9789 cacheResets=1 batches=78524 verts=1175802 texStalls=0 recompiles=777 underruns=0 overruns=763 sleep_us=5572718
fps: 60.0
vis: 60.0
cpu: exceptions=10098 cacheResets=1 batches=83227 verts=1239435 texStalls=0 recompiles=777 underruns=0 overruns=793 sleep_us=5734858
fps: 60.0
vis: 60.0
cpu: exceptions=10408 cacheResets=1 batches=87973 verts=1302822 texStalls=0 recompiles=777 underruns=0 overruns=823 sleep_us=5898595
fps: 60.0
vis: 60.0
cpu: exceptions=10719 cacheResets=1 batches=94232 verts=1413240 texStalls=0 recompiles=777 underruns=0 overruns=853 sleep_us=6008696
fps: 59.8
vis: 60.0
cpu: exceptions=11032 cacheResets=1 batches=100652 verts=1528800 texStalls=0 recompiles=777 underruns=0 overruns=883 sleep_us=6127173
fps: 60.0
vis: 60.0
cpu: exceptions=11371 cacheResets=1 batches=107137 verts=1644753 texStalls=0 recompiles=785 underruns=0 overruns=913 sleep_us=6211759
fps: 60.0
vis: 60.0
cpu: exceptions=11696 cacheResets=1 batches=114031 verts=1763214 texStalls=0 recompiles=787 underruns=0 overruns=943 sleep_us=6301213
fps: 60.0
vis: 60.0
cpu: exceptions=12019 cacheResets=1 batches=120568 verts=1878852 texStalls=0 recompiles=790 underruns=0 overruns=973 sleep_us=6398105
vis: 60.0
cpu: exceptions=12370 cacheResets=1 batches=127018 verts=1995945 texStalls=0 recompiles=790 underruns=0 overruns=1004 sleep_us=6486504
fps: 60.0
vis: 60.0
cpu: exceptions=12695 cacheResets=1 batches=133248 verts=2109195 texStalls=0 recompiles=790 underruns=0 overruns=1034 sleep_us=6586500
fps: 60.0
vis: 60.0
cpu: exceptions=13020 cacheResets=1 batches=139428 verts=2222145 texStalls=0 recompiles=790 underruns=0 overruns=1064 sleep_us=6691633
fps: 60.0
vis: 60.0
cpu: exceptions=13342 cacheResets=1 batches=146220 verts=2336358 texStalls=0 recompiles=790 underruns=0 overruns=1094 sleep_us=6793800
fps: 60.0
vis: 60.0
cpu: exceptions=13652 cacheResets=1 batches=153143 verts=2451333 texStalls=0 recompiles=790 underruns=0 overruns=1124 sleep_us=6906956
fps: 60.0
vis: 60.0
cpu: exceptions=13964 cacheResets=1 batches=160121 verts=2566725 texStalls=0 recompiles=790 underruns=0 overruns=1154 sleep_us=7024068
fps: 60.0
vis: 60.0
cpu: exceptions=14282 cacheResets=1 batches=167091 verts=2681766 texStalls=0 recompiles=790 underruns=0 overruns=1184 sleep_us=7135165
fps: 59.9
vis: 60.0
cpu: exceptions=14585 cacheResets=1 batches=173982 verts=2795880 texStalls=0 recompiles=790 underruns=0 overruns=1214 sleep_us=7258529
fps: 60.0
vis: 60.0
cpu: exceptions=14900 cacheResets=1 batches=180712 verts=2908464 texStalls=0 recompiles=790 underruns=0 overruns=1244 sleep_us=7376720
fps: 60.0
vis: 60.0
cpu: exceptions=15227 cacheResets=1 batches=187397 verts=3020904 texStalls=0 recompiles=790 underruns=0 overruns=1274 sleep_us=7480965
fps: 60.0
vis: 60.0
cpu: exceptions=15538 cacheResets=1 batches=194078 verts=3133065 texStalls=0 recompiles=790 underruns=0 overruns=1304 sleep_us=7593736
fps: 60.0
vis: 60.0
cpu: exceptions=15848 cacheResets=1 batches=200695 verts=3244335 texStalls=0 recompiles=790 underruns=0 overruns=1334 sleep_us=7709662
fps: 60.0
vis: 60.0
cpu: exceptions=16151 cacheResets=1 batches=207205 verts=3353727 texStalls=0 recompiles=790 underruns=0 overruns=1364 sleep_us=7831428
fps: 60.0
vis: 60.0
cpu: exceptions=16455 cacheResets=1 batches=213654 verts=3462597 texStalls=0 recompiles=790 underruns=0 overruns=1394 sleep_us=7960620
fps: 60.0
vis: 60.0
cpu: exceptions=16752 cacheResets=1 batches=219969 verts=3575271 texStalls=0 recompiles=790 underruns=0 overruns=1424 sleep_us=8093645
fps: 60.0
vis: 60.0
cpu: exceptions=17059 cacheResets=1 batches=226314 verts=3687879 texStalls=0 recompiles=790 underruns=0 overruns=1454 sleep_us=8214062
fps: 60.0
vis: 60.0
cpu: exceptions=17363 cacheResets=1 batches=232665 verts=3801207 texStalls=0 recompiles=790 underruns=0 overruns=1484 sleep_us=8337429
fps: 60.0
vis: 60.0
cpu: exceptions=17678 cacheResets=1 batches=239076 verts=3914508 texStalls=0 recompiles=790 underruns=0 overruns=1514 sleep_us=8448517
fps: 60.0
vis: 60.0
cpu: exceptions=17990 cacheResets=1 batches=245496 verts=4027467 texStalls=0 recompiles=790 underruns=0 overruns=1544 sleep_us=8564899
fps: 60.0
vis: 60.0
cpu: exceptions=18299 cacheResets=1 batches=251906 verts=4140666 texStalls=0 recompiles=790 underruns=0 overruns=1574 sleep_us=8685277
fps: 60.0
vis: 60.0
cpu: exceptions=18601 cacheResets=1 batches=258318 verts=4254411 texStalls=0 recompiles=790 underruns=0 overruns=1604 sleep_us=8808573
fps: 59.9
vis: 60.0
cpu: exceptions=18908 cacheResets=1 batches=266230 verts=4377726 texStalls=0 recompiles=790 underruns=0 overruns=1634 sleep_us=8916568
fps: 60.0
vis: 60.0
cpu: exceptions=19209 cacheResets=1 batches=274174 verts=4499010 texStalls=0 recompiles=790 underruns=0 overruns=1664 sleep_us=9031680
fps: 60.0
vis: 60.0
cpu: exceptions=19515 cacheResets=1 batches=281737 verts=4612272 texStalls=0 recompiles=790 underruns=0 overruns=1694 sleep_us=9143192
fps: 60.0
vis: 60.0
cpu: exceptions=19826 cacheResets=1 batches=289220 verts=4722987 texStalls=0 recompiles=790 underruns=0 overruns=1724 sleep_us=9254550
fps: 60.0
vis: 60.0
cpu: exceptions=20139 cacheResets=1 batches=296743 verts=4835112 texStalls=0 recompiles=790 underruns=0 overruns=1754 sleep_us=9356234
fps: 60.0
vis: 60.0
cpu: exceptions=20450 cacheResets=1 batches=304579 verts=4954311 texStalls=0 recompiles=790 underruns=0 overruns=1784 sleep_us=9458915
fps: 59.9
vis: 60.0
cpu: exceptions=20759 cacheResets=1 batches=312470 verts=5077980 texStalls=0 recompiles=790 underruns=0 overruns=1814 sleep_us=9561378
fps: 60.0
vis: 60.0
cpu: exceptions=21071 cacheResets=1 batches=319941 verts=5195409 texStalls=0 recompiles=791 underruns=0 overruns=1844 sleep_us=9665386
fps: 60.1
vis: 60.0
cpu: exceptions=21368 cacheResets=1 batches=325201 verts=5283873 texStalls=0 recompiles=791 underruns=0 overruns=1874 sleep_us=9780070
fps: 59.9
vis: 60.0
cpu: exceptions=21695 cacheResets=1 batches=330435 verts=5377584 texStalls=0 recompiles=791 underruns=0 overruns=1904 sleep_us=9844815
fps: 60.1
vis: 60.0
cpu: exceptions=22052 cacheResets=1 batches=333705 verts=5441295 texStalls=0 recompiles=791 underruns=0 overruns=1934 sleep_us=9905956
fps: 60.4
vis: 60.0
cpu: exceptions=22385 cacheResets=1 batches=337150 verts=5510937 texStalls=0 recompiles=792 underruns=0 overruns=1964 sleep_us=10080136
fps: 59.5
vis: 60.0
cpu: exceptions=22672 cacheResets=1 batches=345294 verts=5662692 texStalls=0 recompiles=792 underruns=0 overruns=1994 sleep_us=10153330
fps: 60.0
vis: 60.0
cpu: exceptions=22955 cacheResets=1 batches=353380 verts=5814045 texStalls=0 recompiles=792 underruns=0 overruns=2024 sleep_us=10231658
fps: 60.1
vis: 60.0
cpu: exceptions=23241 cacheResets=1 batches=359777 verts=5921514 texStalls=0 recompiles=792 underruns=0 overruns=2054 sleep_us=10333213
fps: 60.0
vis: 60.0
cpu: exceptions=23535 cacheResets=1 batches=366065 verts=6025755 texStalls=0 recompiles=792 underruns=0 overruns=2084 sleep_us=10428602
fps: 60.0
vis: 60.0
cpu: exceptions=23818 cacheResets=1 batches=373604 verts=6134550 texStalls=0 recompiles=792 underruns=0 overruns=2114 sleep_us=10529406
fps: 60.0
vis: 60.0
cpu: exceptions=24115 cacheResets=1 batches=381224 verts=6243888 texStalls=0 recompiles=792 underruns=0 overruns=2144 sleep_us=10614766
fps: 60.0
vis: 60.0
cpu: exceptions=24406 cacheResets=1 batches=388543 verts=6344286 texStalls=0 recompiles=792 underruns=0 overruns=2174 sleep_us=10709203
fps: 60.0
vis: 60.0
cpu: exceptions=24705 cacheResets=1 batches=395823 verts=6444003 texStalls=0 recompiles=792 underruns=0 overruns=2204 sleep_us=10799281
fps: 60.0
vis: 60.0
cpu: exceptions=25006 cacheResets=1 batches=402538 verts=6569232 texStalls=0 recompiles=792 underruns=0 overruns=2234 sleep_us=10882300
fps: 60.0
vis: 60.0
cpu: exceptions=25288 cacheResets=1 batches=409213 verts=6696363 texStalls=0 recompiles=792 underruns=0 overruns=2264 sleep_us=10978994
fps: 60.1
vis: 60.0
cpu: exceptions=25574 cacheResets=1 batches=413612 verts=6772821 texStalls=0 recompiles=792 underruns=0 overruns=2294 sleep_us=11108343
fps: 60.0
vis: 60.0
cpu: exceptions=25870 cacheResets=1 batches=417842 verts=6845709 texStalls=0 recompiles=792 underruns=0 overruns=2324 sleep_us=11234275
fps: 60.0
vis: 60.0
cpu: exceptions=26167 cacheResets=1 batches=422023 verts=6917145 texStalls=0 recompiles=792 underruns=0 overruns=2354 sleep_us=11357689
fps: 60.0
vis: 60.0
cpu: exceptions=26469 cacheResets=1 batches=426193 verts=6988458 texStalls=0 recompiles=792 underruns=0 overruns=2384 sleep_us=11477522
fps: 59.8
vis: 60.0
cpu: exceptions=26762 cacheResets=1 batches=430286 verts=7056252 texStalls=0 recompiles=792 underruns=0 overruns=2414 sleep_us=11607405
fps: 60.0
vis: 60.0
cpu: exceptions=27063 cacheResets=1 batches=434366 verts=7123752 texStalls=0 recompiles=792 underruns=0 overruns=2444 sleep_us=11730158
fps: 59.8
vis: 45.6
cpu: exceptions=27287 cacheResets=1 batches=440603 verts=7218405 texStalls=0 recompiles=793 underruns=0 overruns=2468 sleep_us=11774928
fps: 45.3
vis: 60.0
cpu: exceptions=27578 cacheResets=1 batches=447547 verts=7321707 texStalls=0 recompiles=793 underruns=0 overruns=2498 sleep_us=11898556
fps: 60.0
vis: 60.0
cpu: exceptions=27876 cacheResets=1 batches=454443 verts=7423956 texStalls=0 recompiles=793 underruns=0 overruns=2528 sleep_us=12013608
fps: 60.0
vis: 60.0
cpu: exceptions=28174 cacheResets=1 batches=461252 verts=7524651 texStalls=0 recompiles=793 underruns=0 overruns=2558 sleep_us=12131764
fps: 60.0
vis: 60.0
cpu: exceptions=28477 cacheResets=1 batches=468100 verts=7623012 texStalls=0 recompiles=793 underruns=0 overruns=2588 sleep_us=12241864
fps: 60.0
vis: 60.0
cpu: exceptions=28791 cacheResets=1 batches=474817 verts=7736088 texStalls=0 recompiles=793 underruns=0 overruns=2618 sleep_us=12338359
fps: 60.0
vis: 60.0
cpu: exceptions=29127 cacheResets=1 batches=480380 verts=7846059 texStalls=0 recompiles=793 underruns=0 overruns=2648 sleep_us=12420695
fps: 60.0
vis: 60.0
cpu: exceptions=29478 cacheResets=1 batches=485835 verts=7959303 texStalls=0 recompiles=793 underruns=0 overruns=2678 sleep_us=12485857
fps: 60.0
vis: 60.0
cpu: exceptions=29830 cacheResets=1 batches=491184 verts=8073339 texStalls=0 recompiles=798 underruns=0 overruns=2708 sleep_us=12553867
fps: 53.3
vis: 58.5
cpu: exceptions=30184 cacheResets=1 batches=496507 verts=8187513 texStalls=0 recompiles=832 underruns=0 overruns=2738 sleep_us=12556567
fps: 65.2
vis: 60.0
cpu: exceptions=30480 cacheResets=1 batches=501775 verts=8301504 texStalls=0 recompiles=832 underruns=0 overruns=2768 sleep_us=12672175
fps: 60.0
vis: 60.0
cpu: exceptions=30756 cacheResets=1 batches=507025 verts=8415270 texStalls=0 recompiles=832 underruns=0 overruns=2798 sleep_us=12801635
fps: 60.0
vis: 60.0
cpu: exceptions=31030 cacheResets=1 batches=512262 verts=8528694 texStalls=0 recompiles=832 underruns=0 overruns=2828 sleep_us=12948674
fps: 60.0
vis: 60.0
cpu: exceptions=31304 cacheResets=1 batches=517497 verts=8641785 texStalls=0 recompiles=832 underruns=0 overruns=2858 sleep_us=13099430
fps: 60.1
vis: 60.0
cpu: exceptions=31578 cacheResets=1 batches=521504 verts=8716656 texStalls=0 recompiles=832 underruns=0 overruns=2888 sleep_us=13266233
fps: 60.0
vis: 60.0
cpu: exceptions=31852 cacheResets=1 batches=525084 verts=8779707 texStalls=0 recompiles=832 underruns=0 overruns=2918 sleep_us=13438628
fps: 60.0
vis: 60.0
cpu: exceptions=32127 cacheResets=1 batches=528707 verts=8842107 texStalls=0 recompiles=832 underruns=0 overruns=2948 sleep_us=13609385
fps: 60.0
vis: 60.0
cpu: exceptions=32402 cacheResets=1 batches=532292 verts=8903742 texStalls=0 recompiles=832 underruns=0 overruns=2978 sleep_us=13780952
fps: 59.9
vis: 60.0
cpu: exceptions=32680 cacheResets=1 batches=535799 verts=8963793 texStalls=0 recompiles=832 underruns=0 overruns=3008 sleep_us=13952194
fps: 60.0
vis: 60.0
cpu: exceptions=32958 cacheResets=1 batches=539276 verts=9022308 texStalls=0 recompiles=832 underruns=0 overruns=3038 sleep_us=14125192
fps: 60.0
vis: 60.0
cpu: exceptions=33233 cacheResets=1 batches=542757 verts=9079839 texStalls=0 recompiles=832 underruns=0 overruns=3068 sleep_us=14300452
fps: 60.0
vis: 60.0
cpu: exceptions=33508 cacheResets=1 batches=546286 verts=9137172 texStalls=0 recompiles=832 underruns=0 overruns=3098 sleep_us=14475933
fps: 60.0
vis: 60.0
cpu: exceptions=33783 cacheResets=1 batches=549813 verts=9194388 texStalls=0 recompiles=832 underruns=0 overruns=3128 sleep_us=14647664
fps: 60.0
vis: 60.0
cpu: exceptions=34057 cacheResets=1 batches=553374 verts=9252114 texStalls=0 recompiles=832 underruns=0 overruns=3158 sleep_us=14820719
fps: 60.0
vis: 60.0
cpu: exceptions=34330 cacheResets=1 batches=556981 verts=9310473 texStalls=0 recompiles=832 underruns=0 overruns=3188 sleep_us=14996663
fps: 60.0
vis: 60.0
cpu: exceptions=34605 cacheResets=1 batches=560587 verts=9370389 texStalls=0 recompiles=832 underruns=0 overruns=3218 sleep_us=15170229
fps: 60.0
vis: 60.0
cpu: exceptions=34883 cacheResets=1 batches=564381 verts=9433731 texStalls=0 recompiles=832 underruns=0 overruns=3248 sleep_us=15339833
fps: 60.0
vis: 60.0
cpu: exceptions=35159 cacheResets=1 batches=568664 verts=9506202 texStalls=0 recompiles=832 underruns=0 overruns=3278 sleep_us=15503629
fps: 60.0
vis: 60.0
cpu: exceptions=35433 cacheResets=1 batches=573112 verts=9582426 texStalls=0 recompiles=832 underruns=0 overruns=3308 sleep_us=15668760
fps: 60.0
vis: 60.0
cpu: exceptions=35707 cacheResets=1 batches=577800 verts=9662073 texStalls=0 recompiles=832 underruns=0 overruns=3338 sleep_us=15829672
fps: 60.0
vis: 60.0
cpu: exceptions=35979 cacheResets=1 batches=582678 verts=9744846 texStalls=0 recompiles=832 underruns=0 overruns=3368 sleep_us=15991669
fps: 60.0
vis: 60.0
cpu: exceptions=36272 cacheResets=1 batches=587754 verts=9828006 texStalls=0 recompiles=832 underruns=0 overruns=3398 sleep_us=16134234
fps: 60.0
vis: 60.0
cpu: exceptions=36573 cacheResets=1 batches=593080 verts=9913038 texStalls=0 recompiles=832 underruns=0 overruns=3428 sleep_us=16267117
fps: 60.0
vis: 60.0
cpu: exceptions=36883 cacheResets=1 batches=598775 verts=10000725 texStalls=0 recompiles=832 underruns=0 overruns=3458 sleep_us=16388545
fps: 60.0
vis: 60.0
cpu: exceptions=37190 cacheResets=1 batches=604669 verts=10090365 texStalls=0 recompiles=832 underruns=0 overruns=3488 sleep_us=16516731
fps: 60.0
vis: 60.0
cpu: exceptions=37489 cacheResets=1 batches=610644 verts=10180368 texStalls=0 recompiles=832 underruns=0 overruns=3518 sleep_us=16647051
fps: 60.0
vis: 60.0
cpu: exceptions=37798 cacheResets=1 batches=616764 verts=10272525 texStalls=0 recompiles=832 underruns=0 overruns=3548 sleep_us=16770441
mark: stop reason: chain guest VI limit
mark: stop_it requested
game: n=10/11 how=vis vis=3600 vi_rate=60 vi0_retrace=39845 wall_us=60530051 sleep_us=16827761 avg_vis=59.13 avg_fps=58.50 exceptions=37958 cacheResets=1 recompiles=832 batches=619838 verts=10318191 texStalls=0 treeDepthMax=12 underruns=0 overruns=3563 pmc1=44124012159 pmc2=0 pmc3=0 pmc4=0 mmcr0=00000042 mmcr1=00000000 heap_used=10419128 heap_free=188680 arena1_free=413696 arena2_free=56405952 flushes=8 flush_us=7531 padtrace=0 rom=sd:/wii64/roms/Pokemon Snap.rom
=== chain 10/11 end vis=3600 how=vis rom=sd:/wii64/roms/Pokemon Snap.rom ===
mark: loadROM: enter
mark: loadROM: before rom_read
mark: ROMCache_load: enter
mark: ROMCache_load: before first read
mark: ROMCache_load: first read returned
mark: ROMCache_load: byte_swap_type set
mark: ROMCache_load: first byte_swap done
menufps: 0.0
menufps: 58.3
mark: ROMCache_load: loop exited normally
mark: loadROM: after rom_read
mark: loadROM: before init_memory
mark: loadROM: after init_memory
mark: loadROM: before romOpen_gfx
mark: loadROM: after romOpen_gfx / before romOpen_audio
mark: loadROM: after romOpen_audio / before romOpen_input
mark: loadROM: after romOpen_input / before cpu_init
mark: loadROM: after cpu_init
menufps: 1.0
fps: 7.0
first_vi: vi0_retrace=43690
vis: 4.1
cpu: exceptions=0 cacheResets=0 batches=0 verts=0 texStalls=0 recompiles=0 underruns=0 overruns=0 sleep_us=0
mark: CPU core dispatch: dynarec
vis: 60.0
cpu: exceptions=3978 cacheResets=1 batches=0 verts=0 texStalls=0 recompiles=223 underruns=0 overruns=0 sleep_us=118654
fps: 1.1
vis: 60.0
cpu: exceptions=8407 cacheResets=1 batches=0 verts=0 texStalls=0 recompiles=396 underruns=0 overruns=24 sleep_us=279595
fps: 61.4
vis: 60.0
cpu: exceptions=8590 cacheResets=1 batches=0 verts=0 texStalls=0 recompiles=412 underruns=0 overruns=54 sleep_us=722091
vis: 60.0
cpu: exceptions=8860 cacheResets=1 batches=0 verts=0 texStalls=0 recompiles=439 underruns=0 overruns=84 sleep_us=1105671
fps: 20.5
vis: 57.1
cpu: exceptions=9583 cacheResets=1 batches=27 verts=186 texStalls=0 recompiles=697 underruns=0 overruns=114 sleep_us=1368520
vis: 60.0
cpu: exceptions=9781 cacheResets=1 batches=825 verts=5673 texStalls=0 recompiles=767 underruns=0 overruns=144 sleep_us=1515320
fps: 61.3
vis: 60.0
cpu: exceptions=9994 cacheResets=1 batches=1522 verts=10407 texStalls=0 recompiles=767 underruns=0 overruns=174 sleep_us=1844762
fps: 60.0
vis: 60.0
cpu: exceptions=10205 cacheResets=1 batches=2198 verts=15180 texStalls=0 recompiles=769 underruns=0 overruns=204 sleep_us=2172398
fps: 60.0
vis: 60.0
cpu: exceptions=10442 cacheResets=1 batches=3450 verts=31107 texStalls=0 recompiles=786 underruns=0 overruns=234 sleep_us=2472572
fps: 59.9
vis: 60.0
cpu: exceptions=10663 cacheResets=1 batches=5272 verts=59304 texStalls=0 recompiles=786 underruns=0 overruns=264 sleep_us=2783135
fps: 60.1
vis: 60.0
cpu: exceptions=10884 cacheResets=1 batches=7102 verts=92082 texStalls=0 recompiles=786 underruns=0 overruns=294 sleep_us=3097258
fps: 60.0
vis: 60.0
cpu: exceptions=11105 cacheResets=1 batches=9003 verts=122175 texStalls=0 recompiles=786 underruns=0 overruns=324 sleep_us=3410991
fps: 60.0
vis: 60.0
cpu: exceptions=11330 cacheResets=1 batches=10903 verts=152469 texStalls=0 recompiles=786 underruns=0 overruns=354 sleep_us=3724197
fps: 60.0
vis: 60.0
cpu: exceptions=11550 cacheResets=1 batches=12840 verts=180060 texStalls=0 recompiles=786 underruns=0 overruns=384 sleep_us=4038438
fps: 60.0
vis: 60.0
cpu: exceptions=11803 cacheResets=1 batches=15456 verts=220431 texStalls=0 recompiles=818 underruns=0 overruns=414 sleep_us=4123192
fps: 59.7
vis: 60.0
cpu: exceptions=12057 cacheResets=1 batches=18193 verts=262119 texStalls=0 recompiles=818 underruns=0 overruns=444 sleep_us=4376332
fps: 60.2
vis: 60.0
cpu: exceptions=12288 cacheResets=1 batches=21061 verts=305931 texStalls=0 recompiles=818 underruns=0 overruns=474 sleep_us=4646973
fps: 59.9
vis: 60.0
cpu: exceptions=12562 cacheResets=1 batches=23851 verts=350346 texStalls=0 recompiles=821 underruns=0 overruns=504 sleep_us=4888600
fps: 59.9
vis: 60.0
cpu: exceptions=12865 cacheResets=1 batches=25670 verts=372744 texStalls=0 recompiles=821 underruns=0 overruns=534 sleep_us=5131083
fps: 60.2
vis: 60.0
cpu: exceptions=13140 cacheResets=1 batches=27542 verts=394698 texStalls=0 recompiles=824 underruns=0 overruns=564 sleep_us=5394859
fps: 59.9
vis: 60.0
cpu: exceptions=13398 cacheResets=1 batches=29380 verts=416355 texStalls=0 recompiles=824 underruns=0 overruns=594 sleep_us=5664845
fps: 60.0
vis: 60.0
cpu: exceptions=13679 cacheResets=1 batches=31310 verts=438465 texStalls=0 recompiles=828 underruns=0 overruns=624 sleep_us=5872553
fps: 60.0
vis: 60.0
cpu: exceptions=13923 cacheResets=1 batches=33272 verts=460821 texStalls=0 recompiles=828 underruns=0 overruns=654 sleep_us=6152362
fps: 60.0
vis: 60.0
cpu: exceptions=14181 cacheResets=1 batches=35224 verts=483156 texStalls=0 recompiles=842 underruns=0 overruns=684 sleep_us=6411634
fps: 60.0
vis: 60.0
cpu: exceptions=14442 cacheResets=1 batches=37275 verts=507126 texStalls=0 recompiles=842 underruns=0 overruns=714 sleep_us=6679156
fps: 60.0
vis: 60.0
cpu: exceptions=14714 cacheResets=1 batches=39272 verts=530976 texStalls=0 recompiles=842 underruns=0 overruns=744 sleep_us=6938242
fps: 59.9
vis: 60.0
cpu: exceptions=15004 cacheResets=1 batches=41586 verts=560997 texStalls=0 recompiles=842 underruns=0 overruns=774 sleep_us=7175511
fps: 60.1
vis: 60.0
cpu: exceptions=15275 cacheResets=1 batches=44576 verts=604731 texStalls=0 recompiles=842 underruns=0 overruns=804 sleep_us=7408983
fps: 60.0
vis: 60.0
cpu: exceptions=15548 cacheResets=1 batches=47652 verts=650379 texStalls=0 recompiles=849 underruns=0 overruns=834 sleep_us=7624968
fps: 59.9
vis: 60.0
cpu: exceptions=15813 cacheResets=1 batches=50934 verts=700626 texStalls=0 recompiles=849 underruns=0 overruns=864 sleep_us=7852412
fps: 59.9
vis: 60.0
cpu: exceptions=16101 cacheResets=1 batches=54623 verts=758763 texStalls=0 recompiles=849 underruns=0 overruns=894 sleep_us=8065285
fps: 60.1
vis: 60.0
cpu: exceptions=16369 cacheResets=1 batches=58403 verts=821124 texStalls=0 recompiles=849 underruns=0 overruns=924 sleep_us=8287441
fps: 60.1
vis: 60.0
cpu: exceptions=16635 cacheResets=1 batches=62198 verts=884664 texStalls=0 recompiles=849 underruns=0 overruns=954 sleep_us=8509823
fps: 59.9
vis: 60.0
cpu: exceptions=16920 cacheResets=1 batches=66045 verts=949014 texStalls=0 recompiles=857 underruns=0 overruns=984 sleep_us=8726402
fps: 60.1
vis: 60.0
cpu: exceptions=17164 cacheResets=1 batches=69916 verts=1011078 texStalls=0 recompiles=857 underruns=0 overruns=1014 sleep_us=8968213
fps: 60.2
vis: 60.0
cpu: exceptions=17365 cacheResets=1 batches=73742 verts=1076478 texStalls=0 recompiles=857 underruns=0 overruns=1044 sleep_us=9240065
fps: 59.9
vis: 60.0
cpu: exceptions=17586 cacheResets=1 batches=77506 verts=1140453 texStalls=0 recompiles=857 underruns=0 overruns=1074 sleep_us=9494328
fps: 59.9
vis: 60.0
cpu: exceptions=17799 cacheResets=1 batches=81210 verts=1202919 texStalls=0 recompiles=857 underruns=0 overruns=1104 sleep_us=9747706
fps: 60.0
vis: 60.0
cpu: exceptions=18025 cacheResets=1 batches=84849 verts=1265139 texStalls=0 recompiles=857 underruns=0 overruns=1134 sleep_us=9999166
fps: 59.8
vis: 60.0
cpu: exceptions=18305 cacheResets=1 batches=88371 verts=1325586 texStalls=0 recompiles=872 underruns=0 overruns=1164 sleep_us=10125681
fps: 60.0
vis: 60.0
cpu: exceptions=18549 cacheResets=1 batches=91644 verts=1373073 texStalls=0 recompiles=873 underruns=0 overruns=1194 sleep_us=10372643
fps: 60.1
vis: 60.0
cpu: exceptions=18762 cacheResets=1 batches=94794 verts=1416273 texStalls=0 recompiles=873 underruns=0 overruns=1224 sleep_us=10635476
fps: 60.0
vis: 60.0
cpu: exceptions=18976 cacheResets=1 batches=97818 verts=1457583 texStalls=0 recompiles=877 underruns=0 overruns=1254 sleep_us=10909282
fps: 60.2
vis: 60.0
cpu: exceptions=19168 cacheResets=1 batches=99112 verts=1472883 texStalls=0 recompiles=877 underruns=0 overruns=1284 sleep_us=11241113
fps: 60.0
vis: 60.0
cpu: exceptions=19367 cacheResets=1 batches=100491 verts=1489215 texStalls=0 recompiles=877 underruns=0 overruns=1314 sleep_us=11569479
fps: 60.0
vis: 60.0
cpu: exceptions=19579 cacheResets=1 batches=101999 verts=1507170 texStalls=0 recompiles=877 underruns=0 overruns=1344 sleep_us=11883984
fps: 59.6
vis: 60.0
cpu: exceptions=19870 cacheResets=1 batches=103416 verts=1525746 texStalls=0 recompiles=877 underruns=0 overruns=1374 sleep_us=12151652
vis: 60.0
cpu: exceptions=20213 cacheResets=1 batches=105426 verts=1551909 texStalls=0 recompiles=877 underruns=0 overruns=1419 sleep_us=12594116
fps: 61.3
vis: 60.0
cpu: exceptions=20488 cacheResets=1 batches=106016 verts=1559289 texStalls=0 recompiles=894 underruns=0 overruns=1449 sleep_us=12909008
fps: 29.2
vis: 60.0
cpu: exceptions=20724 cacheResets=1 batches=106016 verts=1559289 texStalls=0 recompiles=897 underruns=0 overruns=1479 sleep_us=13270948
fps: 59.9
vis: 60.0
cpu: exceptions=20989 cacheResets=1 batches=106016 verts=1559289 texStalls=0 recompiles=899 underruns=0 overruns=1509 sleep_us=13603693
fps: 59.9
vis: 60.0
cpu: exceptions=21248 cacheResets=1 batches=106016 verts=1559289 texStalls=0 recompiles=901 underruns=0 overruns=1539 sleep_us=13941862
fps: 60.0
vis: 60.0
cpu: exceptions=21521 cacheResets=1 batches=106016 verts=1559289 texStalls=0 recompiles=903 underruns=0 overruns=1569 sleep_us=14269919
fps: 60.1
vis: 60.0
cpu: exceptions=21806 cacheResets=1 batches=106016 verts=1559289 texStalls=0 recompiles=907 underruns=0 overruns=1599 sleep_us=14588437
vis: 60.0
cpu: exceptions=22505 cacheResets=1 batches=106016 verts=1559289 texStalls=0 recompiles=929 underruns=0 overruns=1629 sleep_us=14835982
fps: 26.5
vis: 60.0
cpu: exceptions=22837 cacheResets=1 batches=106706 verts=1569393 texStalls=0 recompiles=1188 underruns=0 overruns=1659 sleep_us=15062831
fps: 59.5
vis: 60.0
cpu: exceptions=23137 cacheResets=1 batches=108489 verts=1600158 texStalls=0 recompiles=1259 underruns=0 overruns=1689 sleep_us=15295348
fps: 30.1
vis: 60.0
cpu: exceptions=23956 cacheResets=1 batches=108489 verts=1600158 texStalls=0 recompiles=1271 underruns=0 overruns=1719 sleep_us=15523711
fps: 59.5
vis: 60.0
cpu: exceptions=24260 cacheResets=1 batches=109958 verts=1614669 texStalls=0 recompiles=1307 underruns=0 overruns=1749 sleep_us=15790274
vis: 60.0
cpu: exceptions=24578 cacheResets=1 batches=112648 verts=1642650 texStalls=0 recompiles=1336 underruns=0 overruns=1779 sleep_us=15984716
vis: 60.0
cpu: exceptions=25340 cacheResets=1 batches=112648 verts=1642650 texStalls=0 recompiles=1337 underruns=0 overruns=1809 sleep_us=16214250
fps: 27.7
vis: 60.0
cpu: exceptions=25766 cacheResets=1 batches=113923 verts=1654899 texStalls=0 recompiles=1368 underruns=0 overruns=1839 sleep_us=16464773
fps: 59.7
vis: 60.0
cpu: exceptions=26042 cacheResets=1 batches=117305 verts=1688022 texStalls=0 recompiles=1370 underruns=0 overruns=1869 sleep_us=16665855
vis: 60.0
cpu: exceptions=26770 cacheResets=1 batches=117430 verts=1689231 texStalls=0 recompiles=1375 underruns=0 overruns=1899 sleep_us=16909435
fps: 28.6
vis: 37.2
cpu: exceptions=27064 cacheResets=1 batches=117590 verts=1691355 texStalls=1 recompiles=1441 underruns=0 overruns=1919 sleep_us=17107132
fps: 35.4
vis: 60.0
cpu: exceptions=27358 cacheResets=1 batches=119573 verts=1716423 texStalls=38 recompiles=1448 underruns=0 overruns=1949 sleep_us=17301059
fps: 59.9
vis: 60.0
cpu: exceptions=27842 cacheResets=1 batches=120543 verts=1728045 texStalls=50 recompiles=1452 underruns=0 overruns=1979 sleep_us=17527187
fps: 15.1
vis: 60.0
cpu: exceptions=28541 cacheResets=1 batches=120543 verts=1728045 texStalls=50 recompiles=1484 underruns=0 overruns=2009 sleep_us=17812976
fps: 59.2
vis: 60.0
cpu: exceptions=28844 cacheResets=1 batches=124118 verts=1764480 texStalls=50 recompiles=1510 underruns=0 overruns=2039 sleep_us=17903487
vis: 60.0
cpu: exceptions=29347 cacheResets=1 batches=125725 verts=1780998 texStalls=50 recompiles=1514 underruns=0 overruns=2069 sleep_us=18125367
fps: 24.7
vis: 60.0
cpu: exceptions=30289 cacheResets=1 batches=125725 verts=1780998 texStalls=50 recompiles=1522 underruns=0 overruns=2099 sleep_us=18366595
fps: 59.5
vis: 60.0
cpu: exceptions=30599 cacheResets=1 batches=126490 verts=1794585 texStalls=50 recompiles=1589 underruns=0 overruns=2129 sleep_us=18622753
vis: 60.0
cpu: exceptions=30930 cacheResets=1 batches=127525 verts=1814676 texStalls=50 recompiles=1593 underruns=0 overruns=2159 sleep_us=18878252
fps: 30.1
vis: 60.0
cpu: exceptions=31707 cacheResets=1 batches=127525 verts=1814676 texStalls=50 recompiles=1601 underruns=0 overruns=2189 sleep_us=19120602
fps: 59.5
vis: 60.0
cpu: exceptions=32024 cacheResets=1 batches=129321 verts=1834626 texStalls=50 recompiles=1630 underruns=0 overruns=2219 sleep_us=19357674
vis: 60.0
cpu: exceptions=32411 cacheResets=1 batches=131681 verts=1863366 texStalls=50 recompiles=1682 underruns=0 overruns=2249 sleep_us=19521883
fps: 27.7
vis: 60.0
cpu: exceptions=33231 cacheResets=1 batches=131681 verts=1863366 texStalls=50 recompiles=1690 underruns=0 overruns=2279 sleep_us=19743674
fps: 59.5
vis: 60.0
cpu: exceptions=33536 cacheResets=1 batches=133767 verts=1887447 texStalls=50 recompiles=1710 underruns=0 overruns=2309 sleep_us=19905580
vis: 60.0
cpu: exceptions=33829 cacheResets=1 batches=135392 verts=1914135 texStalls=50 recompiles=1713 underruns=0 overruns=2339 sleep_us=20152922
vis: 60.0
cpu: exceptions=35198 cacheResets=1 batches=135392 verts=1914135 texStalls=50 recompiles=1713 underruns=0 overruns=2369 sleep_us=20400522
vis: 60.0
cpu: exceptions=36438 cacheResets=1 batches=135392 verts=1914135 texStalls=50 recompiles=1718 underruns=0 overruns=2399 sleep_us=20618145
fps: 18.4
vis: 60.0
cpu: exceptions=36730 cacheResets=1 batches=138738 verts=1973085 texStalls=50 recompiles=1722 underruns=0 overruns=2429 sleep_us=20723436
fps: 60.3
vis: 60.0
cpu: exceptions=37023 cacheResets=1 batches=142944 verts=2031822 texStalls=50 recompiles=1723 underruns=0 overruns=2459 sleep_us=20820811
fps: 59.9
vis: 60.0
cpu: exceptions=37308 cacheResets=1 batches=145465 verts=2069148 texStalls=50 recompiles=1723 underruns=0 overruns=2489 sleep_us=20947581
fps: 60.0
vis: 60.0
cpu: exceptions=37583 cacheResets=1 batches=147606 verts=2109174 texStalls=50 recompiles=1723 underruns=0 overruns=2519 sleep_us=21072290
fps: 60.0
vis: 60.0
cpu: exceptions=37892 cacheResets=1 batches=150630 verts=2162031 texStalls=50 recompiles=1723 underruns=0 overruns=2549 sleep_us=21160198
fps: 59.9
vis: 60.0
cpu: exceptions=38177 cacheResets=1 batches=153945 verts=2214402 texStalls=50 recompiles=1723 underruns=0 overruns=2579 sleep_us=21269673
fps: 60.2
vis: 60.0
cpu: exceptions=38425 cacheResets=1 batches=157263 verts=2259750 texStalls=145 recompiles=1725 underruns=0 overruns=2609 sleep_us=21369376
fps: 59.8
vis: 60.0
cpu: exceptions=39060 cacheResets=1 batches=158513 verts=2276571 texStalls=170 recompiles=1741 underruns=0 overruns=2639 sleep_us=21556329
fps: 23.6
vis: 60.0
cpu: exceptions=39307 cacheResets=1 batches=160791 verts=2313102 texStalls=170 recompiles=1741 underruns=0 overruns=2669 sleep_us=21825875
fps: 60.0
vis: 60.0
cpu: exceptions=39540 cacheResets=1 batches=163133 verts=2347101 texStalls=170 recompiles=1741 underruns=0 overruns=2699 sleep_us=22141288
fps: 60.0
vis: 60.0
cpu: exceptions=39777 cacheResets=1 batches=164949 verts=2370957 texStalls=170 recompiles=1741 underruns=0 overruns=2729 sleep_us=22457248
fps: 59.9
vis: 60.0
cpu: exceptions=40032 cacheResets=1 batches=166614 verts=2394450 texStalls=170 recompiles=1741 underruns=0 overruns=2759 sleep_us=22762975
fps: 60.2
vis: 60.0
cpu: exceptions=40257 cacheResets=1 batches=167808 verts=2413836 texStalls=170 recompiles=1741 underruns=0 overruns=2789 sleep_us=23091892
vis: 60.0
cpu: exceptions=40621 cacheResets=1 batches=168112 verts=2418771 texStalls=170 recompiles=1744 underruns=0 overruns=2819 sleep_us=23375676
fps: 30.3
vis: 60.0
cpu: exceptions=41070 cacheResets=1 batches=168921 verts=2439714 texStalls=170 recompiles=1754 underruns=0 overruns=2849 sleep_us=23654009
fps: 60.4
vis: 60.0
cpu: exceptions=41328 cacheResets=1 batches=170488 verts=2475471 texStalls=170 recompiles=1754 underruns=0 overruns=2879 sleep_us=23938722
fps: 60.2
vis: 60.0
cpu: exceptions=41573 cacheResets=1 batches=172264 verts=2514141 texStalls=170 recompiles=1754 underruns=0 overruns=2909 sleep_us=24230591
fps: 60.1
vis: 60.0
cpu: exceptions=41816 cacheResets=1 batches=173429 verts=2542155 texStalls=170 recompiles=1754 underruns=0 overruns=2939 sleep_us=24530290
fps: 59.8
vis: 60.0
cpu: exceptions=42092 cacheResets=1 batches=174389 verts=2567235 texStalls=170 recompiles=1754 underruns=0 overruns=2969 sleep_us=24813269
fps: 60.0
vis: 60.0
cpu: exceptions=42498 cacheResets=1 batches=174869 verts=2579295 texStalls=170 recompiles=1759 underruns=0 overruns=2999 sleep_us=25094948
fps: 7.3
vis: 60.0
cpu: exceptions=43374 cacheResets=1 batches=176064 verts=2593116 texStalls=170 recompiles=1825 underruns=0 overruns=3029 sleep_us=25314781
fps: 61.9
vis: 60.0
cpu: exceptions=43631 cacheResets=1 batches=179564 verts=2633799 texStalls=170 recompiles=1902 underruns=0 overruns=3059 sleep_us=25519745
fps: 60.0
vis: 60.0
cpu: exceptions=43871 cacheResets=1 batches=182210 verts=2666604 texStalls=170 recompiles=1925 underruns=0 overruns=3089 sleep_us=25760654
fps: 59.8
vis: 60.0
cpu: exceptions=44133 cacheResets=1 batches=184695 verts=2699739 texStalls=170 recompiles=1933 underruns=0 overruns=3119 sleep_us=25999782
fps: 60.0
vis: 60.0
cpu: exceptions=44418 cacheResets=1 batches=187223 verts=2732151 texStalls=170 recompiles=1949 underruns=0 overruns=3149 sleep_us=26219407
fps: 60.0
vis: 60.0
cpu: exceptions=44678 cacheResets=1 batches=190089 verts=2768166 texStalls=170 recompiles=1975 underruns=0 overruns=3179 sleep_us=26455122
fps: 60.1
vis: 60.0
cpu: exceptions=44954 cacheResets=1 batches=193147 verts=2804571 texStalls=170 recompiles=2019 underruns=0 overruns=3209 sleep_us=26674971
fps: 59.9
vis: 60.0
cpu: exceptions=45232 cacheResets=1 batches=195881 verts=2832357 texStalls=170 recompiles=2019 underruns=0 overruns=3239 sleep_us=26897190
fps: 60.1
vis: 60.0
cpu: exceptions=45485 cacheResets=1 batches=199350 verts=2871186 texStalls=170 recompiles=2031 underruns=0 overruns=3269 sleep_us=27128503
fps: 59.9
vis: 60.0
cpu: exceptions=45788 cacheResets=1 batches=202500 verts=2906043 texStalls=170 recompiles=2095 underruns=0 overruns=3299 sleep_us=27319100
fps: 60.0
vis: 60.0
cpu: exceptions=46092 cacheResets=1 batches=205702 verts=2938623 texStalls=170 recompiles=2097 underruns=0 overruns=3329 sleep_us=27513144
vis: 60.0
cpu: exceptions=46547 cacheResets=1 batches=206679 verts=2948013 texStalls=170 recompiles=2100 underruns=0 overruns=3359 sleep_us=27739876
fps: 17.6
vis: 60.0
cpu: exceptions=47019 cacheResets=1 batches=209730 verts=2986974 texStalls=268 recompiles=2110 underruns=0 overruns=3389 sleep_us=27825812
fps: 60.5
vis: 60.0
cpu: exceptions=47269 cacheResets=1 batches=214513 verts=3046209 texStalls=418 recompiles=2110 underruns=0 overruns=3419 sleep_us=27981996
fps: 60.1
vis: 60.0
cpu: exceptions=47526 cacheResets=1 batches=219400 verts=3106500 texStalls=568 recompiles=2110 underruns=0 overruns=3449 sleep_us=28129438
fps: 59.7
vis: 60.0
cpu: exceptions=47839 cacheResets=1 batches=224319 verts=3166746 texStalls=744 recompiles=2110 underruns=0 overruns=3479 sleep_us=28241341
fps: 60.0
vis: 60.0
cpu: exceptions=48135 cacheResets=1 batches=229807 verts=3234585 texStalls=1012 recompiles=2110 underruns=0 overruns=3509 sleep_us=28348785
fps: 60.0
vis: 60.0
cpu: exceptions=48460 cacheResets=1 batches=233603 verts=3282675 texStalls=1221 recompiles=2112 underruns=0 overruns=3539 sleep_us=28518293
fps: 12.2
mark: stop reason: chain guest VI limit
mark: stop_it requested
game: n=11/11 how=vis vis=3600 vi_rate=60 vi0_retrace=43690 wall_us=60235096 sleep_us=28653133 avg_vis=59.32 avg_fps=53.09 exceptions=48737 cacheResets=1 recompiles=2124 batches=236000 verts=3293412 texStalls=1221 treeDepthMax=14 underruns=0 overruns=3563 pmc1=43898465774 pmc2=0 pmc3=0 pmc4=0 mmcr0=00000042 mmcr1=00000000 heap_used=10619960 heap_free=41096 arena1_free=360448 arena2_free=56405952 flushes=7 flush_us=6584 padtrace=0 rom=sd:/wii64/roms/Super Smash Bros. (U) [!].z64
=== chain 11/11 end vis=3600 how=vis rom=sd:/wii64/roms/Super Smash Bros. (U) [!].z64 ===
