--- wii64 perf log ---
mark: diag config: wiiload arguments
mark: pad replay records: 1
selftest:
  raw[0]=51288816214485017
  raw[1]=51288816214485019
  raw[2]=51288816214485035
  raw[3]=51288816214485046
  raw[4]=51288816214485057
  delta[0]=0us
  delta[1]=0us
  delta[2]=0us
  delta[3]=0us
mark: audio quality: accurate
mark: audio modes: n64=0 output=0 mixer=0 latency=2 sync=0
mark: HBC agent ready
mark: loadROM: enter
mark: loadROM: before rom_read
mark: ROMCache_load: enter
menufps: 0.4
mark: ROMCache_load: before first read
mark: ROMCache_load: first read returned
mark: ROMCache_load: byte_swap_type set
mark: ROMCache_load: first byte_swap done
menufps: 0.2
menufps: 8.5
menufps: 2.0
menufps: 8.0
menufps: 7.8
menufps: 8.1
menufps: 8.1
menufps: 7.5
menufps: 1.3
menufps: 1.3
menufps: 1.3
menufps: 1.3
menufps: 1.3
menufps: 1.3
menufps: 1.2
menufps: 3.7
menufps: 8.3
menufps: 8.3
menufps: 8.3
menufps: 8.3
mark: ROMCache_load: loop exited normally
menufps: 2.8
menufps: 1.1
menufps: 1.1
menufps: 1.1
menufps: 1.1
menufps: 1.1
menufps: 1.2
menufps: 1.1
menufps: 1.1
menufps: 1.1
menufps: 1.1
menufps: 1.1
menufps: 1.1
menufps: 1.1
menufps: 1.1
menufps: 1.1
menufps: 1.1
menufps: 1.1
menufps: 1.1
menufps: 1.1
mark: ROMCache_load: preflush_us=17748281
mark: ROMCache_load: elapsed_us=40555821 bytes=33554432 vm=1
mark: loadROM: after rom_read
mark: loadROM: before init_memory
mark: loadROM: after init_memory
mark: loadROM: before romOpen_gfx
mark: loadROM: after romOpen_gfx / before romOpen_audio
mark: loadROM: after romOpen_audio / before romOpen_input
mark: loadROM: after romOpen_input / before cpu_init
mark: loadROM: after cpu_init
menufps: 3.0
menufps: 1.0
menufps: 1.0
fps: 0.0
first_vi: vi0_retrace=2637
vis: 0.0
cpu: exceptions=0 cacheResets=0 batches=0 verts=0 texStalls=0 recompiles=0 underruns=0 overruns=0 sleep_us=0 queue_ms=0
mark: CPU core dispatch: dynarec
vis: 57.9
cpu: exceptions=77 cacheResets=1 batches=0 verts=0 texStalls=0 recompiles=228 underruns=1 overruns=0 sleep_us=0 queue_ms=139
vis: 60.0
cpu: exceptions=207 cacheResets=1 batches=0 verts=0 texStalls=0 recompiles=372 underruns=1 overruns=0 sleep_us=406443 queue_ms=139
vis: 60.0
cpu: exceptions=310 cacheResets=1 batches=0 verts=0 texStalls=0 recompiles=452 underruns=1 overruns=0 sleep_us=732585 queue_ms=134
vis: 60.0
cpu: exceptions=1310 cacheResets=1 batches=0 verts=0 texStalls=0 recompiles=709 underruns=1 overruns=0 sleep_us=964769 queue_ms=134
vis: 60.0
cpu: exceptions=1960 cacheResets=1 batches=0 verts=0 texStalls=0 recompiles=717 underruns=1 overruns=0 sleep_us=1257848 queue_ms=134
vis: 60.0
cpu: exceptions=5971 cacheResets=1 batches=0 verts=0 texStalls=0 recompiles=1001 underruns=1 overruns=0 sleep_us=1412648 queue_ms=143
fps: 0.3
vis: 60.0
cpu: exceptions=6935 cacheResets=1 batches=13 verts=1638 texStalls=0 recompiles=1178 underruns=1 overruns=0 sleep_us=1811301 queue_ms=130
fps: 31.9
vis: 60.0
cpu: exceptions=7082 cacheResets=1 batches=28 verts=3528 texStalls=0 recompiles=1178 underruns=1 overruns=0 sleep_us=2249843 queue_ms=130
fps: 30.0
vis: 60.0
cpu: exceptions=7230 cacheResets=1 batches=43 verts=5418 texStalls=0 recompiles=1178 underruns=1 overruns=0 sleep_us=2688366 queue_ms=139
fps: 30.0
vis: 60.0
cpu: exceptions=7376 cacheResets=1 batches=58 verts=7308 texStalls=0 recompiles=1178 underruns=1 overruns=0 sleep_us=3127295 queue_ms=139
fps: 30.0
vis: 60.0
cpu: exceptions=7523 cacheResets=1 batches=73 verts=9198 texStalls=0 recompiles=1178 underruns=1 overruns=0 sleep_us=3565834 queue_ms=126
fps: 30.0
vis: 60.0
cpu: exceptions=7670 cacheResets=1 batches=88 verts=11088 texStalls=0 recompiles=1178 underruns=1 overruns=0 sleep_us=4004727 queue_ms=134
fps: 30.0
vis: 60.0
cpu: exceptions=7817 cacheResets=1 batches=103 verts=12978 texStalls=0 recompiles=1178 underruns=1 overruns=0 sleep_us=4443217 queue_ms=134
fps: 30.0
vis: 60.0
cpu: exceptions=7965 cacheResets=1 batches=118 verts=14868 texStalls=0 recompiles=1178 underruns=1 overruns=0 sleep_us=4881669 queue_ms=130
fps: 30.0
vis: 60.0
cpu: exceptions=8111 cacheResets=1 batches=133 verts=16758 texStalls=0 recompiles=1179 underruns=1 overruns=0 sleep_us=5331777 queue_ms=130
fps: 30.0
vis: 60.0
cpu: exceptions=8258 cacheResets=1 batches=148 verts=18648 texStalls=0 recompiles=1179 underruns=1 overruns=0 sleep_us=5783758 queue_ms=130
fps: 30.0
vis: 60.0
cpu: exceptions=8406 cacheResets=1 batches=163 verts=20538 texStalls=0 recompiles=1179 underruns=1 overruns=0 sleep_us=6235719 queue_ms=139
fps: 30.0
vis: 60.0
cpu: exceptions=8552 cacheResets=1 batches=178 verts=22428 texStalls=0 recompiles=1179 underruns=1 overruns=0 sleep_us=6688057 queue_ms=126
fps: 30.0
vis: 60.0
cpu: exceptions=8699 cacheResets=1 batches=193 verts=24318 texStalls=0 recompiles=1179 underruns=1 overruns=0 sleep_us=7139986 queue_ms=126
fps: 29.1
vis: 60.0
cpu: exceptions=8847 cacheResets=1 batches=208 verts=26208 texStalls=0 recompiles=1179 underruns=1 overruns=0 sleep_us=7591946 queue_ms=121
fps: 30.0
vis: 60.0
cpu: exceptions=8993 cacheResets=1 batches=223 verts=28098 texStalls=0 recompiles=1179 underruns=1 overruns=0 sleep_us=8044277 queue_ms=108
fps: 30.0
vis: 60.0
cpu: exceptions=9141 cacheResets=1 batches=238 verts=29988 texStalls=0 recompiles=1179 underruns=1 overruns=0 sleep_us=8496250 queue_ms=117
fps: 30.0
vis: 60.0
cpu: exceptions=9287 cacheResets=1 batches=253 verts=31878 texStalls=0 recompiles=1179 underruns=1 overruns=0 sleep_us=8950340 queue_ms=117
fps: 30.0
vis: 60.0
cpu: exceptions=9434 cacheResets=1 batches=268 verts=33768 texStalls=0 recompiles=1179 underruns=1 overruns=0 sleep_us=9403139 queue_ms=104
fps: 30.0
vis: 60.0
cpu: exceptions=9582 cacheResets=1 batches=283 verts=35658 texStalls=0 recompiles=1179 underruns=1 overruns=0 sleep_us=9855933 queue_ms=113
fps: 30.0
vis: 60.0
cpu: exceptions=9728 cacheResets=1 batches=298 verts=37548 texStalls=0 recompiles=1179 underruns=1 overruns=0 sleep_us=10309124 queue_ms=113
fps: 30.0
vis: 60.0
cpu: exceptions=9875 cacheResets=1 batches=313 verts=39438 texStalls=0 recompiles=1179 underruns=1 overruns=0 sleep_us=10761948 queue_ms=113
fps: 30.0
vis: 60.0
cpu: exceptions=10023 cacheResets=1 batches=328 verts=41328 texStalls=0 recompiles=1179 underruns=1 overruns=0 sleep_us=11214782 queue_ms=108
fps: 30.0
vis: 60.0
cpu: exceptions=10168 cacheResets=1 batches=343 verts=43218 texStalls=0 recompiles=1179 underruns=1 overruns=0 sleep_us=11667976 queue_ms=108
fps: 30.0
vis: 60.0
cpu: exceptions=10316 cacheResets=1 batches=358 verts=45108 texStalls=0 recompiles=1179 underruns=1 overruns=0 sleep_us=12120828 queue_ms=117
fps: 30.0
vis: 60.0
cpu: exceptions=10463 cacheResets=1 batches=373 verts=46998 texStalls=0 recompiles=1190 underruns=1 overruns=0 sleep_us=12563466 queue_ms=104
fps: 29.9
vis: 60.0
cpu: exceptions=10609 cacheResets=1 batches=388 verts=48888 texStalls=0 recompiles=1190 underruns=1 overruns=0 sleep_us=13001292 queue_ms=104
fps: 30.0
vis: 60.0
cpu: exceptions=10757 cacheResets=1 batches=403 verts=50778 texStalls=0 recompiles=1190 underruns=1 overruns=0 sleep_us=13438751 queue_ms=113
fps: 30.0
vis: 60.0
cpu: exceptions=10903 cacheResets=1 batches=418 verts=52668 texStalls=0 recompiles=1190 underruns=1 overruns=0 sleep_us=13876623 queue_ms=113
fps: 30.0
vis: 60.0
cpu: exceptions=11050 cacheResets=1 batches=433 verts=54558 texStalls=0 recompiles=1190 underruns=1 overruns=0 sleep_us=14314198 queue_ms=100
fps: 30.0
vis: 60.0
cpu: exceptions=11198 cacheResets=1 batches=448 verts=56448 texStalls=0 recompiles=1190 underruns=1 overruns=0 sleep_us=14751729 queue_ms=108
fps: 30.0
vis: 60.0
cpu: exceptions=11344 cacheResets=1 batches=463 verts=58338 texStalls=0 recompiles=1190 underruns=1 overruns=0 sleep_us=15189599 queue_ms=108
fps: 30.0
vis: 60.0
cpu: exceptions=11492 cacheResets=1 batches=478 verts=60228 texStalls=0 recompiles=1190 underruns=1 overruns=0 sleep_us=15627111 queue_ms=104
fps: 30.0
vis: 60.0
cpu: exceptions=11639 cacheResets=1 batches=493 verts=62118 texStalls=0 recompiles=1190 underruns=1 overruns=0 sleep_us=16064639 queue_ms=104
fps: 29.4
vis: 60.0
cpu: exceptions=11784 cacheResets=1 batches=508 verts=64008 texStalls=0 recompiles=1190 underruns=1 overruns=0 sleep_us=16515414 queue_ms=91
fps: 30.0
vis: 60.0
cpu: exceptions=11932 cacheResets=1 batches=523 verts=65898 texStalls=0 recompiles=1190 underruns=1 overruns=0 sleep_us=16971152 queue_ms=100
fps: 30.0
vis: 60.0
cpu: exceptions=12079 cacheResets=1 batches=538 verts=67788 texStalls=0 recompiles=1190 underruns=1 overruns=0 sleep_us=17426885 queue_ms=100
fps: 30.0
vis: 60.0
cpu: exceptions=12225 cacheResets=1 batches=553 verts=69678 texStalls=0 recompiles=1190 underruns=1 overruns=0 sleep_us=17882904 queue_ms=87
fps: 30.0
vis: 60.0
cpu: exceptions=12373 cacheResets=1 batches=568 verts=71568 texStalls=0 recompiles=1190 underruns=1 overruns=0 sleep_us=18338576 queue_ms=95
fps: 30.0
vis: 60.0
cpu: exceptions=12519 cacheResets=1 batches=583 verts=73458 texStalls=0 recompiles=1190 underruns=1 overruns=0 sleep_us=18794649 queue_ms=95
fps: 30.0
vis: 60.0
cpu: exceptions=12667 cacheResets=1 batches=598 verts=75348 texStalls=0 recompiles=1190 underruns=1 overruns=0 sleep_us=19250316 queue_ms=91
fps: 30.0
vis: 60.0
cpu: exceptions=12814 cacheResets=1 batches=613 verts=77238 texStalls=0 recompiles=1190 underruns=1 overruns=0 sleep_us=19705997 queue_ms=91
fps: 29.3
vis: 60.0
cpu: exceptions=12960 cacheResets=1 batches=628 verts=79128 texStalls=0 recompiles=1190 underruns=1 overruns=0 sleep_us=20141635 queue_ms=91
fps: 30.6
vis: 60.0
cpu: exceptions=13107 cacheResets=1 batches=643 verts=81018 texStalls=0 recompiles=1190 underruns=1 overruns=0 sleep_us=20579022 queue_ms=100
fps: 30.0
vis: 60.0
cpu: exceptions=13254 cacheResets=1 batches=658 verts=82908 texStalls=0 recompiles=1190 underruns=1 overruns=0 sleep_us=21016440 queue_ms=87
fps: 30.0
vis: 60.0
cpu: exceptions=13400 cacheResets=1 batches=673 verts=84798 texStalls=0 recompiles=1190 underruns=1 overruns=0 sleep_us=21454192 queue_ms=87
fps: 30.0
vis: 60.0
cpu: exceptions=13548 cacheResets=1 batches=688 verts=86688 texStalls=0 recompiles=1190 underruns=1 overruns=0 sleep_us=21891589 queue_ms=95
fps: 30.0
vis: 60.0
cpu: exceptions=13695 cacheResets=1 batches=703 verts=88578 texStalls=0 recompiles=1190 underruns=1 overruns=0 sleep_us=22328997 queue_ms=82
fps: 30.0
vis: 60.0
cpu: exceptions=13842 cacheResets=1 batches=718 verts=90468 texStalls=0 recompiles=1190 underruns=1 overruns=0 sleep_us=22766689 queue_ms=91
fps: 30.0
vis: 60.0
cpu: exceptions=13989 cacheResets=1 batches=733 verts=92358 texStalls=0 recompiles=1190 underruns=1 overruns=0 sleep_us=23204196 queue_ms=91
fps: 30.0
vis: 60.0
cpu: exceptions=14137 cacheResets=1 batches=948 verts=103848 texStalls=0 recompiles=1427 underruns=1 overruns=0 sleep_us=23612195 queue_ms=91
fps: 30.0
vis: 60.0
cpu: exceptions=14303 cacheResets=1 batches=1563 verts=134538 texStalls=0 recompiles=1613 underruns=1 overruns=0 sleep_us=24016827 queue_ms=87
fps: 30.0
vis: 60.0
cpu: exceptions=14468 cacheResets=1 batches=2178 verts=165228 texStalls=0 recompiles=1618 underruns=1 overruns=0 sleep_us=24428642 queue_ms=87
fps: 30.0
vis: 60.0
cpu: exceptions=14665 cacheResets=1 batches=2793 verts=195918 texStalls=0 recompiles=1624 underruns=1 overruns=0 sleep_us=24835362 queue_ms=87
fps: 29.1
mark: stop reason: chain guest VI limit
vis: 59.7
cpu: exceptions=14886 cacheResets=1 batches=3408 verts=226608 texStalls=0 recompiles=1624 underruns=1 overruns=0 sleep_us=25223327 queue_ms=69
mark: stop_it requested
audio: alist_resample_calls=0 alist_resample_samples=0 alist_zoh_calls=0 alist_zoh_samples=0 musyx_subframes=3400 musyx_voices=615 musyx_voice_peak=5
audio_stages: adpcm_calls=0 adpcm_samples=0 envmix_calls=0 envmix_samples=0 mix_calls=0 mix_samples=0 musyx_fx_calls=3331 musyx_fx_taps=6662 output_calls=3407 output_samples=654144
audio_envmix: exp_calls=0 ge_calls=0 lin_calls=0 nead_calls=0 exp_steady=0 ge_steady=0 lin_steady=0
audio_gaps: nead_mats=0 nead_efz=0 resample_flag2=0 musyx_ptr10=0
audio_output: stream_requests=4087 stream_fed=2266 input_hz=22047 playback_hz=22047 queue_peak_ms=161
audio_time: stage=resample sampled_calls=0 sampled_samples=0 sampled_us=0
audio_time: stage=zoh sampled_calls=0 sampled_samples=0 sampled_us=0
audio_time: stage=adpcm sampled_calls=0 sampled_samples=0 sampled_us=0
audio_time: stage=envmix_exp sampled_calls=0 sampled_samples=0 sampled_us=0
audio_time: stage=envmix_ge sampled_calls=0 sampled_samples=0 sampled_us=0
audio_time: stage=envmix_lin sampled_calls=0 sampled_samples=0 sampled_us=0
audio_time: stage=envmix_nead sampled_calls=0 sampled_samples=0 sampled_us=0
audio_time: stage=mix sampled_calls=0 sampled_samples=0 sampled_us=0
audio_time: stage=musyx_voice sampled_calls=4 sampled_samples=768 sampled_us=77
audio_time: stage=musyx_fx sampled_calls=26 sampled_samples=52 sampled_us=517
audio_time: stage=output sampled_calls=26 sampled_samples=4992 sampled_us=108
gpu_counters: clks=7342466431 tb_clks=7342466528 ras_busy=96298271 xf_wait_in=7106717849 xf_wait_out=94052766 ras_peak_permille=33 ztop_in=356458040 ztop_out=355552872 z_in=2361120 z_out=2287700 blend_in=357962248 copy_clks=100552171 fifo_overflows=0
game: n=1/6 how=vis vis=1800 vi_rate=60 vi0_retrace=2637 wall_us=30215764 sleep_us=25223327 avg_vis=58.98 avg_fps=28.90 exceptions=14887 cacheResets=1 recompiles=1624 batches=3408 verts=226608 texStalls=0 treeDepthMax=25 underruns=1 overruns=0 queue_peak_ms=143 dsp_avg=1.36 dsp_peak=1.60 dsp_samples=61 pmc1=3318452033 pmc2=3123076042 pmc3=0 pmc4=0 mmcr0=00000042 mmcr1=00000000 heap_used=10889124 heap_free=37480 arena1_free=299008 arena2_free=288704 flushes=5 flush_us=60280 padtrace=4 rom=sd:/wii64/roms/007 - The World Is Not Enough (USA).z64
=== chain 1/6 end vis=1800 how=vis rom=sd:/wii64/roms/007 - The World Is Not Enough (USA).z64 ===
mark: pad replay records: 1
mark: loadROM: enter
mark: loadROM: before rom_read
mark: ROMCache_load: enter
mark: ROMCache_load: before first read
mark: ROMCache_load: first read returned
mark: ROMCache_load: byte_swap_type set
mark: ROMCache_load: first byte_swap done
menufps: 0.1
menufps: 8.4
menufps: 7.9
menufps: 7.8
menufps: 8.3
menufps: 8.0
menufps: 8.0
menufps: 8.0
mark: ROMCache_load: loop exited normally
mark: ROMCache_load: elapsed_us=3855625 bytes=16777216 vm=0
mark: loadROM: after rom_read
mark: loadROM: before init_memory
mark: loadROM: after init_memory
mark: loadROM: before romOpen_gfx
mark: loadROM: after romOpen_gfx / before romOpen_audio
mark: loadROM: after romOpen_audio / before romOpen_input
mark: loadROM: after romOpen_input / before cpu_init
mark: loadROM: after cpu_init
menufps: 2.4
menufps: 1.0
menufps: 1.0
fps: 1.0
first_vi: vi0_retrace=4892
vis: 0.1
cpu: exceptions=0 cacheResets=0 batches=0 verts=0 texStalls=0 recompiles=0 underruns=0 overruns=0 sleep_us=0 queue_ms=0
mark: CPU core dispatch: dynarec
vis: 60.0
cpu: exceptions=37 cacheResets=1 batches=0 verts=0 texStalls=0 recompiles=138 underruns=0 overruns=0 sleep_us=20508 queue_ms=0
vis: 60.0
cpu: exceptions=67 cacheResets=1 batches=0 verts=0 texStalls=0 recompiles=138 underruns=0 overruns=0 sleep_us=342225 queue_ms=0
vis: 60.0
cpu: exceptions=368 cacheResets=1 batches=0 verts=0 texStalls=0 recompiles=390 underruns=0 overruns=0 sleep_us=622005 queue_ms=0
vis: 60.0
cpu: exceptions=570 cacheResets=1 batches=0 verts=0 texStalls=0 recompiles=668 underruns=2 overruns=0 sleep_us=916916 queue_ms=17
fps: 0.4
vis: 60.0
cpu: exceptions=766 cacheResets=1 batches=44 verts=2262 texStalls=0 recompiles=1899 underruns=3 overruns=0 sleep_us=1112155 queue_ms=34
vis: 60.0
cpu: exceptions=919 cacheResets=1 batches=44 verts=2262 texStalls=0 recompiles=1913 underruns=3 overruns=0 sleep_us=1464475 queue_ms=39
fps: 1.3
vis: 60.0
cpu: exceptions=1111 cacheResets=1 batches=523 verts=18168 texStalls=0 recompiles=1999 underruns=3 overruns=0 sleep_us=1763838 queue_ms=43
fps: 30.0
vis: 60.0
cpu: exceptions=1290 cacheResets=1 batches=1367 verts=39522 texStalls=0 recompiles=2006 underruns=3 overruns=0 sleep_us=2082746 queue_ms=34
fps: 30.0
vis: 60.0
cpu: exceptions=1480 cacheResets=1 batches=2414 verts=62094 texStalls=0 recompiles=2009 underruns=3 overruns=0 sleep_us=2393416 queue_ms=39
fps: 30.0
vis: 60.0
cpu: exceptions=1657 cacheResets=1 batches=3477 verts=84762 texStalls=0 recompiles=2010 underruns=3 overruns=0 sleep_us=2705727 queue_ms=43
fps: 30.0
vis: 60.0
cpu: exceptions=1840 cacheResets=1 batches=4530 verts=107034 texStalls=0 recompiles=2012 underruns=3 overruns=0 sleep_us=3018159 queue_ms=48
fps: 30.0
vis: 60.0
cpu: exceptions=2031 cacheResets=1 batches=5594 verts=129078 texStalls=0 recompiles=2029 underruns=3 overruns=0 sleep_us=3325502 queue_ms=44
fps: 30.0
vis: 60.0
cpu: exceptions=2218 cacheResets=1 batches=6620 verts=150894 texStalls=0 recompiles=2029 underruns=3 overruns=0 sleep_us=3640965 queue_ms=35
fps: 30.0
vis: 60.0
cpu: exceptions=2399 cacheResets=1 batches=7874 verts=182286 texStalls=0 recompiles=2031 underruns=3 overruns=0 sleep_us=3931129 queue_ms=39
fps: 29.9
vis: 60.0
cpu: exceptions=2607 cacheResets=1 batches=9515 verts=221466 texStalls=0 recompiles=2036 underruns=3 overruns=0 sleep_us=4192407 queue_ms=44
fps: 30.0
vis: 60.0
cpu: exceptions=2786 cacheResets=1 batches=11160 verts=252474 texStalls=0 recompiles=2047 underruns=3 overruns=0 sleep_us=4463971 queue_ms=40
fps: 30.0
vis: 60.0
cpu: exceptions=2963 cacheResets=1 batches=12648 verts=277062 texStalls=0 recompiles=2063 underruns=3 overruns=0 sleep_us=4761548 queue_ms=44
fps: 30.0
vis: 60.0
cpu: exceptions=3134 cacheResets=1 batches=13893 verts=300192 texStalls=0 recompiles=2063 underruns=3 overruns=0 sleep_us=5076127 queue_ms=35
fps: 29.1
vis: 60.0
cpu: exceptions=3311 cacheResets=1 batches=14955 verts=322224 texStalls=0 recompiles=2064 underruns=3 overruns=0 sleep_us=5397190 queue_ms=26
fps: 30.0
vis: 60.0
cpu: exceptions=3496 cacheResets=1 batches=15990 verts=344094 texStalls=0 recompiles=2064 underruns=3 overruns=0 sleep_us=5712590 queue_ms=31
fps: 30.0
vis: 60.0
cpu: exceptions=3685 cacheResets=1 batches=17051 verts=367944 texStalls=0 recompiles=2064 underruns=3 overruns=0 sleep_us=6020209 queue_ms=27
fps: 30.0
vis: 60.0
cpu: exceptions=3873 cacheResets=1 batches=18373 verts=405216 texStalls=0 recompiles=2064 underruns=3 overruns=0 sleep_us=6304075 queue_ms=31
fps: 30.0
vis: 60.0
cpu: exceptions=4080 cacheResets=1 batches=19710 verts=442578 texStalls=0 recompiles=2072 underruns=3 overruns=0 sleep_us=6584074 queue_ms=22
fps: 29.9
vis: 60.0
cpu: exceptions=4276 cacheResets=1 batches=22471 verts=477696 texStalls=0 recompiles=2081 underruns=3 overruns=0 sleep_us=6839644 queue_ms=27
fps: 29.9
vis: 60.0
cpu: exceptions=4471 cacheResets=1 batches=27669 verts=520134 texStalls=0 recompiles=2081 underruns=3 overruns=0 sleep_us=7059838 queue_ms=31
fps: 30.0
vis: 60.0
cpu: exceptions=4657 cacheResets=1 batches=32960 verts=563130 texStalls=0 recompiles=2081 underruns=3 overruns=0 sleep_us=7284107 queue_ms=27
fps: 30.0
vis: 60.0
cpu: exceptions=4854 cacheResets=1 batches=37986 verts=604536 texStalls=0 recompiles=2083 underruns=3 overruns=0 sleep_us=7517107 queue_ms=18
fps: 30.0
vis: 60.0
cpu: exceptions=5048 cacheResets=1 batches=43113 verts=646548 texStalls=0 recompiles=2083 underruns=3 overruns=0 sleep_us=7748088 queue_ms=23
fps: 30.0
vis: 60.0
cpu: exceptions=5255 cacheResets=1 batches=48350 verts=691956 texStalls=0 recompiles=2083 underruns=3 overruns=0 sleep_us=7956922 queue_ms=27
fps: 30.0
vis: 60.0
cpu: exceptions=5452 cacheResets=1 batches=52520 verts=741906 texStalls=0 recompiles=2084 underruns=3 overruns=0 sleep_us=8197185 queue_ms=23
fps: 30.1
vis: 60.0
cpu: exceptions=5657 cacheResets=1 batches=54524 verts=778866 texStalls=0 recompiles=2095 underruns=3 overruns=0 sleep_us=8491570 queue_ms=28
fps: 30.0
vis: 60.0
cpu: exceptions=5832 cacheResets=1 batches=56407 verts=815088 texStalls=0 recompiles=2095 underruns=3 overruns=0 sleep_us=8809482 queue_ms=19
fps: 30.1
vis: 60.0
cpu: exceptions=6010 cacheResets=1 batches=57105 verts=844206 texStalls=0 recompiles=2098 underruns=3 overruns=0 sleep_us=9163217 queue_ms=23
fps: 30.0
vis: 60.0
cpu: exceptions=6184 cacheResets=1 batches=57780 verts=873186 texStalls=0 recompiles=2129 underruns=3 overruns=0 sleep_us=9518174 queue_ms=28
fps: 30.1
vis: 60.0
cpu: exceptions=6361 cacheResets=1 batches=58175 verts=887718 texStalls=0 recompiles=2130 underruns=3 overruns=0 sleep_us=9924914 queue_ms=24
vis: 60.0
cpu: exceptions=6537 cacheResets=1 batches=58355 verts=894186 texStalls=0 recompiles=2277 underruns=3 overruns=0 sleep_us=10274712 queue_ms=28
vis: 60.0
cpu: exceptions=6716 cacheResets=1 batches=58355 verts=894186 texStalls=0 recompiles=2277 underruns=3 overruns=0 sleep_us=10625402 queue_ms=32
vis: 60.0
cpu: exceptions=6861 cacheResets=1 batches=58355 verts=894186 texStalls=0 recompiles=2283 underruns=3 overruns=0 sleep_us=10985601 queue_ms=24
vis: 60.0
cpu: exceptions=7007 cacheResets=1 batches=58355 verts=894186 texStalls=0 recompiles=2287 underruns=3 overruns=0 sleep_us=11349681 queue_ms=6
vis: 60.0
cpu: exceptions=7151 cacheResets=1 batches=58355 verts=894186 texStalls=0 recompiles=2288 underruns=4 overruns=0 sleep_us=11712217 queue_ms=24
fps: 3.5
vis: 60.0
cpu: exceptions=7312 cacheResets=1 batches=58362 verts=894501 texStalls=0 recompiles=2302 underruns=4 overruns=0 sleep_us=12050830 queue_ms=28
fps: 11.2
vis: 60.0
cpu: exceptions=7492 cacheResets=1 batches=59557 verts=912579 texStalls=0 recompiles=2315 underruns=4 overruns=0 sleep_us=12404377 queue_ms=20
fps: 19.3
vis: 60.0
cpu: exceptions=7660 cacheResets=1 batches=60775 verts=930795 texStalls=0 recompiles=2315 underruns=4 overruns=0 sleep_us=12764541 queue_ms=24
fps: 20.0
vis: 60.0
cpu: exceptions=7821 cacheResets=1 batches=62145 verts=951135 texStalls=0 recompiles=2315 underruns=4 overruns=0 sleep_us=13147183 queue_ms=20
fps: 20.0
vis: 60.0
cpu: exceptions=7989 cacheResets=1 batches=63515 verts=971475 texStalls=0 recompiles=2315 underruns=4 overruns=0 sleep_us=13528589 queue_ms=24
fps: 20.0
vis: 60.0
cpu: exceptions=8155 cacheResets=1 batches=65210 verts=998100 texStalls=0 recompiles=2315 underruns=4 overruns=0 sleep_us=13894380 queue_ms=29
fps: 20.1
vis: 60.0
cpu: exceptions=8323 cacheResets=1 batches=66514 verts=1017684 texStalls=0 recompiles=2315 underruns=4 overruns=0 sleep_us=14287932 queue_ms=20
fps: 20.0
vis: 60.0
cpu: exceptions=8489 cacheResets=1 batches=67074 verts=1023774 texStalls=0 recompiles=2315 underruns=4 overruns=0 sleep_us=14704751 queue_ms=24
fps: 19.8
vis: 60.0
cpu: exceptions=8664 cacheResets=1 batches=67964 verts=1041576 texStalls=0 recompiles=2318 underruns=4 overruns=0 sleep_us=15089657 queue_ms=20
fps: 19.4
vis: 60.0
cpu: exceptions=8826 cacheResets=1 batches=70107 verts=1101264 texStalls=0 recompiles=2323 underruns=4 overruns=0 sleep_us=15413020 queue_ms=25
vis: 60.0
cpu: exceptions=9004 cacheResets=1 batches=72397 verts=1154538 texStalls=0 recompiles=2323 underruns=4 overruns=0 sleep_us=15750956 queue_ms=29
fps: 20.0
vis: 60.0
cpu: exceptions=9167 cacheResets=1 batches=74175 verts=1195374 texStalls=0 recompiles=2323 underruns=4 overruns=0 sleep_us=16081956 queue_ms=20
fps: 16.4
vis: 60.0
cpu: exceptions=9331 cacheResets=1 batches=75944 verts=1239927 texStalls=0 recompiles=2325 underruns=4 overruns=0 sleep_us=16411494 queue_ms=16
fps: 18.8
vis: 60.0
cpu: exceptions=9496 cacheResets=1 batches=77864 verts=1289157 texStalls=0 recompiles=2325 underruns=4 overruns=0 sleep_us=16760353 queue_ms=21
fps: 20.0
vis: 60.0
cpu: exceptions=9668 cacheResets=1 batches=79784 verts=1338387 texStalls=0 recompiles=2325 underruns=4 overruns=0 sleep_us=17108765 queue_ms=25
fps: 20.0
vis: 60.0
cpu: exceptions=9832 cacheResets=1 batches=81704 verts=1387617 texStalls=0 recompiles=2325 underruns=4 overruns=0 sleep_us=17458909 queue_ms=29
fps: 20.0
vis: 60.0
cpu: exceptions=10000 cacheResets=1 batches=83624 verts=1436847 texStalls=0 recompiles=2325 underruns=4 overruns=0 sleep_us=17806539 queue_ms=21
fps: 20.0
vis: 60.0
cpu: exceptions=10161 cacheResets=1 batches=85544 verts=1486077 texStalls=0 recompiles=2325 underruns=4 overruns=0 sleep_us=18157137 queue_ms=17
fps: 19.7
vis: 60.0
cpu: exceptions=10330 cacheResets=1 batches=87464 verts=1535307 texStalls=0 recompiles=2325 underruns=5 overruns=0 sleep_us=18507716 queue_ms=21
fps: 20.0
mark: stop reason: chain guest VI limit
mark: stop_it requested
audio: alist_resample_calls=12288 alist_resample_samples=2260992 alist_zoh_calls=0 alist_zoh_samples=0 musyx_subframes=0 musyx_voices=0 musyx_voice_peak=0
audio_stages: adpcm_calls=8696 adpcm_samples=910096 envmix_calls=8875 envmix_samples=1633000 mix_calls=68260 mix_samples=12559840 musyx_fx_calls=0 musyx_fx_taps=0 output_calls=855 output_samples=627256
audio_envmix: exp_calls=0 ge_calls=0 lin_calls=8875 nead_calls=0 exp_steady=0 ge_steady=0 lin_steady=8256
audio_gaps: nead_mats=0 nead_efz=0 resample_flag2=0 musyx_ptr10=0
audio_output: stream_requests=4522 stream_fed=2175 input_hz=21998 playback_hz=21998 queue_peak_ms=81
audio_time: stage=resample sampled_calls=96 sampled_samples=17664 sampled_us=705
audio_time: stage=zoh sampled_calls=0 sampled_samples=0 sampled_us=0
audio_time: stage=adpcm sampled_calls=68 sampled_samples=7072 sampled_us=318
audio_time: stage=envmix_exp sampled_calls=0 sampled_samples=0 sampled_us=0
audio_time: stage=envmix_ge sampled_calls=0 sampled_samples=0 sampled_us=0
audio_time: stage=envmix_lin sampled_calls=69 sampled_samples=12696 sampled_us=689
audio_time: stage=envmix_nead sampled_calls=0 sampled_samples=0 sampled_us=0
audio_time: stage=mix sampled_calls=537 sampled_samples=98808 sampled_us=1697
audio_time: stage=musyx_voice sampled_calls=0 sampled_samples=0 sampled_us=0
audio_time: stage=musyx_fx sampled_calls=0 sampled_samples=0 sampled_us=0
audio_time: stage=output sampled_calls=6 sampled_samples=4416 sampled_us=77
gpu_counters: clks=7332935069 tb_clks=7332935168 ras_busy=222137496 xf_wait_in=6647930250 xf_wait_out=586707589 ras_peak_permille=49 ztop_in=836302160 ztop_out=802850744 z_in=19433404 z_out=19275104 blend_in=822447472 copy_clks=77783333 fifo_overflows=1520
game: n=2/6 how=vis vis=1800 vi_rate=60 vi0_retrace=4892 wall_us=30176473 sleep_us=18825627 avg_vis=59.00 avg_fps=23.80 exceptions=10510 cacheResets=1 recompiles=2325 batches=89384 verts=1584537 texStalls=0 treeDepthMax=32 underruns=5 overruns=0 queue_peak_ms=48 dsp_avg=1.30 dsp_peak=1.65 dsp_samples=60 pmc1=7845244400 pmc2=6927242403 pmc3=0 pmc4=0 mmcr0=00000042 mmcr1=00000000 heap_used=10946884 heap_free=37064 arena1_free=241664 arena2_free=288704 flushes=5 flush_us=57040 padtrace=0 rom=sd:/wii64/roms/Banjo-Kazooie.V64
=== chain 2/6 end vis=1800 how=vis rom=sd:/wii64/roms/Banjo-Kazooie.V64 ===
mark: pad replay records: 1
mark: loadROM: enter
mark: loadROM: before rom_read
mark: ROMCache_load: enter
mark: ROMCache_load: before first read
mark: ROMCache_load: first read returned
mark: ROMCache_load: byte_swap_type set
mark: ROMCache_load: first byte_swap done
menufps: 0.1
menufps: 8.5
menufps: 8.0
menufps: 8.1
menufps: 8.4
mark: ROMCache_load: loop exited normally
mark: ROMCache_load: elapsed_us=2828828 bytes=12582912 vm=0
mark: loadROM: after rom_read
mark: loadROM: before init_memory
mark: loadROM: after init_memory
mark: loadROM: before romOpen_gfx
mark: loadROM: after romOpen_gfx / before romOpen_audio
mark: loadROM: after romOpen_audio / before romOpen_input
mark: loadROM: after romOpen_input / before cpu_init
mark: loadROM: after cpu_init
menufps: 6.3
menufps: 1.9
menufps: 1.0
menufps: 1.0
fps: 1.2
first_vi: vi0_retrace=7080
vis: 4.3
cpu: exceptions=0 cacheResets=0 batches=0 verts=0 texStalls=0 recompiles=0 underruns=0 overruns=0 sleep_us=0 queue_ms=0
mark: CPU core dispatch: dynarec
vis: 60.0
cpu: exceptions=923 cacheResets=1 batches=0 verts=0 texStalls=0 recompiles=326 underruns=0 overruns=0 sleep_us=211544 queue_ms=125
fps: 1.8
vis: 60.0
cpu: exceptions=1663 cacheResets=1 batches=0 verts=0 texStalls=0 recompiles=533 underruns=0 overruns=0 sleep_us=557559 queue_ms=116
fps: 12.1
vis: 60.0
cpu: exceptions=1966 cacheResets=1 batches=40 verts=960 texStalls=0 recompiles=682 underruns=0 overruns=0 sleep_us=916431 queue_ms=121
vis: 60.0
cpu: exceptions=2843 cacheResets=1 batches=70 verts=1680 texStalls=0 recompiles=691 underruns=0 overruns=0 sleep_us=1295327 queue_ms=125
fps: 18.7
vis: 60.0
cpu: exceptions=2948 cacheResets=1 batches=145 verts=3480 texStalls=0 recompiles=691 underruns=0 overruns=0 sleep_us=1738678 queue_ms=116
fps: 30.0
vis: 60.0
cpu: exceptions=3056 cacheResets=1 batches=225 verts=5400 texStalls=0 recompiles=691 underruns=0 overruns=0 sleep_us=2179887 queue_ms=121
fps: 31.0
vis: 60.0
cpu: exceptions=3161 cacheResets=1 batches=300 verts=7200 texStalls=0 recompiles=691 underruns=0 overruns=0 sleep_us=2623165 queue_ms=125
fps: 30.0
vis: 60.0
cpu: exceptions=3266 cacheResets=1 batches=375 verts=9000 texStalls=0 recompiles=696 underruns=0 overruns=0 sleep_us=3070146 queue_ms=129
vis: 60.0
cpu: exceptions=3610 cacheResets=1 batches=380 verts=9120 texStalls=0 recompiles=764 underruns=0 overruns=0 sleep_us=3380293 queue_ms=121
fps: 12.2
vis: 60.0
cpu: exceptions=3924 cacheResets=1 batches=759 verts=17781 texStalls=0 recompiles=889 underruns=0 overruns=0 sleep_us=3703385 queue_ms=125
fps: 29.8
vis: 60.0
cpu: exceptions=4041 cacheResets=1 batches=1743 verts=38949 texStalls=0 recompiles=904 underruns=0 overruns=0 sleep_us=4084938 queue_ms=129
fps: 31.1
vis: 60.0
cpu: exceptions=4177 cacheResets=1 batches=2680 verts=58968 texStalls=0 recompiles=906 underruns=0 overruns=0 sleep_us=4468203 queue_ms=134
fps: 30.0
vis: 60.0
cpu: exceptions=4298 cacheResets=1 batches=3610 verts=78903 texStalls=0 recompiles=918 underruns=0 overruns=0 sleep_us=4846451 queue_ms=125
fps: 30.0
vis: 60.0
cpu: exceptions=4416 cacheResets=1 batches=4540 verts=98838 texStalls=0 recompiles=918 underruns=0 overruns=0 sleep_us=5228582 queue_ms=129
fps: 30.0
vis: 60.0
cpu: exceptions=4533 cacheResets=1 batches=5470 verts=118773 texStalls=0 recompiles=924 underruns=0 overruns=0 sleep_us=5610378 queue_ms=134
fps: 30.0
vis: 60.0
cpu: exceptions=4651 cacheResets=1 batches=6400 verts=138708 texStalls=0 recompiles=924 underruns=0 overruns=0 sleep_us=5994601 queue_ms=125
fps: 30.0
vis: 60.0
cpu: exceptions=4764 cacheResets=1 batches=7330 verts=158643 texStalls=0 recompiles=925 underruns=0 overruns=0 sleep_us=6382663 queue_ms=129
fps: 30.0
vis: 60.0
cpu: exceptions=4875 cacheResets=1 batches=8260 verts=178578 texStalls=0 recompiles=925 underruns=0 overruns=0 sleep_us=6772609 queue_ms=134
fps: 29.2
vis: 60.0
cpu: exceptions=4986 cacheResets=1 batches=9190 verts=198513 texStalls=0 recompiles=925 underruns=0 overruns=0 sleep_us=7161596 queue_ms=125
fps: 30.0
vis: 60.0
cpu: exceptions=5099 cacheResets=1 batches=10120 verts=218448 texStalls=0 recompiles=925 underruns=0 overruns=0 sleep_us=7548785 queue_ms=116
fps: 30.0
vis: 60.0
cpu: exceptions=5212 cacheResets=1 batches=10924 verts=234561 texStalls=0 recompiles=925 underruns=0 overruns=0 sleep_us=7941602 queue_ms=121
fps: 30.0
vis: 60.0
cpu: exceptions=5337 cacheResets=1 batches=11448 verts=246147 texStalls=0 recompiles=934 underruns=0 overruns=0 sleep_us=8330297 queue_ms=125
fps: 30.0
vis: 60.0
cpu: exceptions=5464 cacheResets=1 batches=12239 verts=261468 texStalls=0 recompiles=934 underruns=0 overruns=0 sleep_us=8706388 queue_ms=116
fps: 30.0
vis: 60.0
cpu: exceptions=5589 cacheResets=1 batches=13268 verts=278217 texStalls=0 recompiles=934 underruns=0 overruns=0 sleep_us=9072737 queue_ms=121
fps: 30.0
vis: 60.0
cpu: exceptions=5707 cacheResets=1 batches=14399 verts=295578 texStalls=0 recompiles=945 underruns=0 overruns=0 sleep_us=9431464 queue_ms=125
fps: 30.0
vis: 60.0
cpu: exceptions=5827 cacheResets=1 batches=15194 verts=310923 texStalls=0 recompiles=946 underruns=0 overruns=0 sleep_us=9791243 queue_ms=129
fps: 30.0
vis: 60.0
cpu: exceptions=5948 cacheResets=1 batches=15934 verts=325938 texStalls=0 recompiles=946 underruns=0 overruns=0 sleep_us=10156251 queue_ms=121
fps: 30.1
vis: 60.0
cpu: exceptions=6069 cacheResets=1 batches=16588 verts=340437 texStalls=0 recompiles=946 underruns=0 overruns=0 sleep_us=10537935 queue_ms=125
fps: 30.0
vis: 60.0
cpu: exceptions=6190 cacheResets=1 batches=17048 verts=353772 texStalls=0 recompiles=946 underruns=0 overruns=0 sleep_us=10932935 queue_ms=129
fps: 30.0
vis: 60.0
cpu: exceptions=6305 cacheResets=1 batches=17483 verts=366957 texStalls=0 recompiles=946 underruns=0 overruns=0 sleep_us=11331928 queue_ms=121
fps: 30.0
vis: 60.0
cpu: exceptions=6415 cacheResets=1 batches=17918 verts=380142 texStalls=0 recompiles=946 underruns=0 overruns=0 sleep_us=11733894 queue_ms=125
fps: 30.0
vis: 60.0
cpu: exceptions=6523 cacheResets=1 batches=18353 verts=393327 texStalls=0 recompiles=946 underruns=0 overruns=0 sleep_us=12139031 queue_ms=129
fps: 30.0
vis: 60.0
cpu: exceptions=6632 cacheResets=1 batches=18788 verts=406512 texStalls=0 recompiles=946 underruns=0 overruns=0 sleep_us=12543999 queue_ms=134
fps: 30.0
vis: 60.0
cpu: exceptions=6742 cacheResets=1 batches=19223 verts=419697 texStalls=0 recompiles=946 underruns=0 overruns=0 sleep_us=12948422 queue_ms=125
fps: 30.0
vis: 60.0
cpu: exceptions=6850 cacheResets=1 batches=19658 verts=432882 texStalls=0 recompiles=946 underruns=0 overruns=0 sleep_us=13351769 queue_ms=129
fps: 30.0
vis: 60.0
cpu: exceptions=6959 cacheResets=1 batches=20093 verts=446067 texStalls=0 recompiles=946 underruns=0 overruns=0 sleep_us=13754901 queue_ms=134
fps: 30.0
vis: 60.0
cpu: exceptions=7068 cacheResets=1 batches=20528 verts=459252 texStalls=0 recompiles=946 underruns=0 overruns=0 sleep_us=14157867 queue_ms=125
fps: 30.0
vis: 60.0
cpu: exceptions=7180 cacheResets=1 batches=20963 verts=472437 texStalls=0 recompiles=946 underruns=0 overruns=0 sleep_us=14559264 queue_ms=129
fps: 28.3
vis: 60.0
cpu: exceptions=7292 cacheResets=1 batches=21398 verts=485622 texStalls=0 recompiles=946 underruns=0 overruns=0 sleep_us=14960140 queue_ms=108
fps: 30.0
vis: 60.0
cpu: exceptions=7406 cacheResets=1 batches=21833 verts=498807 texStalls=0 recompiles=946 underruns=0 overruns=0 sleep_us=15362464 queue_ms=99
fps: 30.0
vis: 60.0
cpu: exceptions=7519 cacheResets=1 batches=22268 verts=511992 texStalls=0 recompiles=946 underruns=0 overruns=0 sleep_us=15763787 queue_ms=103
vis: 60.0
cpu: exceptions=7717 cacheResets=1 batches=22413 verts=516387 texStalls=0 recompiles=959 underruns=0 overruns=0 sleep_us=16108978 queue_ms=108
vis: 60.0
cpu: exceptions=7926 cacheResets=1 batches=22413 verts=516387 texStalls=0 recompiles=986 underruns=0 overruns=0 sleep_us=16440247 queue_ms=112
vis: 60.0
cpu: exceptions=8265 cacheResets=1 batches=22413 verts=516387 texStalls=0 recompiles=987 underruns=0 overruns=0 sleep_us=16759947 queue_ms=103
vis: 60.0
cpu: exceptions=8542 cacheResets=1 batches=22413 verts=516387 texStalls=0 recompiles=1003 underruns=0 overruns=0 sleep_us=17079752 queue_ms=108
fps: 3.1
vis: 60.0
cpu: exceptions=8850 cacheResets=1 batches=23229 verts=531279 texStalls=0 recompiles=1039 underruns=0 overruns=0 sleep_us=17374745 queue_ms=112
fps: 29.8
vis: 60.0
cpu: exceptions=8981 cacheResets=1 batches=24759 verts=559179 texStalls=0 recompiles=1039 underruns=0 overruns=0 sleep_us=17685019 queue_ms=103
fps: 30.8
vis: 60.0
cpu: exceptions=9111 cacheResets=1 batches=26284 verts=587043 texStalls=0 recompiles=1039 underruns=0 overruns=0 sleep_us=17998957 queue_ms=108
fps: 30.0
vis: 60.0
cpu: exceptions=9241 cacheResets=1 batches=27874 verts=615189 texStalls=0 recompiles=1039 underruns=0 overruns=0 sleep_us=18307859 queue_ms=112
fps: 30.1
vis: 60.0
cpu: exceptions=9371 cacheResets=1 batches=29532 verts=643893 texStalls=0 recompiles=1039 underruns=0 overruns=0 sleep_us=18617724 queue_ms=116
fps: 30.0
vis: 60.0
cpu: exceptions=9506 cacheResets=1 batches=31287 verts=673404 texStalls=0 recompiles=1039 underruns=0 overruns=0 sleep_us=18924501 queue_ms=108
fps: 30.0
vis: 60.0
cpu: exceptions=9642 cacheResets=1 batches=33042 verts=702969 texStalls=0 recompiles=1039 underruns=0 overruns=0 sleep_us=19232379 queue_ms=113
fps: 29.9
vis: 60.0
cpu: exceptions=9777 cacheResets=1 batches=35323 verts=741210 texStalls=0 recompiles=1040 underruns=0 overruns=0 sleep_us=19506803 queue_ms=117
fps: 30.0
vis: 60.0
cpu: exceptions=9915 cacheResets=1 batches=37965 verts=784473 texStalls=0 recompiles=1040 underruns=0 overruns=0 sleep_us=19766713 queue_ms=108
fps: 30.0
vis: 60.0
cpu: exceptions=10057 cacheResets=1 batches=40703 verts=836022 texStalls=0 recompiles=1040 underruns=0 overruns=0 sleep_us=20031283 queue_ms=113
fps: 29.9
vis: 60.0
cpu: exceptions=10195 cacheResets=1 batches=44299 verts=892797 texStalls=0 recompiles=1040 underruns=0 overruns=0 sleep_us=20250296 queue_ms=117
fps: 30.1
vis: 60.0
cpu: exceptions=10338 cacheResets=1 batches=47150 verts=945024 texStalls=0 recompiles=1040 underruns=0 overruns=0 sleep_us=20510348 queue_ms=121
fps: 30.0
vis: 60.0
cpu: exceptions=10482 cacheResets=1 batches=49865 verts=996459 texStalls=0 recompiles=1040 underruns=0 overruns=0 sleep_us=20778122 queue_ms=113
fps: 28.9
vis: 60.0
cpu: exceptions=10619 cacheResets=1 batches=52580 verts=1047804 texStalls=0 recompiles=1040 underruns=0 overruns=0 sleep_us=21049064 queue_ms=91
fps: 30.0
mark: stop reason: chain guest VI limit
mark: stop_it requested
audio: alist_resample_calls=23629 alist_resample_samples=3332368 alist_zoh_calls=0 alist_zoh_samples=0 musyx_subframes=0 musyx_voices=0 musyx_voice_peak=0
audio_stages: adpcm_calls=18523 adpcm_samples=1492720 envmix_calls=19138 envmix_samples=2671312 mix_calls=134730 mix_samples=19831680 musyx_fx_calls=0 musyx_fx_taps=0 output_calls=898 output_samples=661056
audio_envmix: exp_calls=0 ge_calls=19138 lin_calls=0 nead_calls=0 exp_steady=0 ge_steady=17854 lin_steady=0
audio_gaps: nead_mats=0 nead_efz=0 resample_flag2=0 musyx_ptr10=0
audio_output: stream_requests=3979 stream_fed=2288 input_hz=22047 playback_hz=22047 queue_peak_ms=171
audio_time: stage=resample sampled_calls=186 sampled_samples=26464 sampled_us=1115
audio_time: stage=zoh sampled_calls=0 sampled_samples=0 sampled_us=0
audio_time: stage=adpcm sampled_calls=145 sampled_samples=11648 sampled_us=516
audio_time: stage=envmix_exp sampled_calls=0 sampled_samples=0 sampled_us=0
audio_time: stage=envmix_ge sampled_calls=150 sampled_samples=20960 sampled_us=1197
audio_time: stage=envmix_lin sampled_calls=0 sampled_samples=0 sampled_us=0
audio_time: stage=envmix_nead sampled_calls=0 sampled_samples=0 sampled_us=0
audio_time: stage=mix sampled_calls=1060 sampled_samples=156128 sampled_us=2513
audio_time: stage=musyx_voice sampled_calls=0 sampled_samples=0 sampled_us=0
audio_time: stage=musyx_fx sampled_calls=0 sampled_samples=0 sampled_us=0
audio_time: stage=output sampled_calls=7 sampled_samples=5152 sampled_us=76
gpu_counters: clks=7344253040 tb_clks=7344253124 ras_busy=158325764 xf_wait_in=7022921934 xf_wait_out=252188541 ras_peak_permille=32 ztop_in=604931564 ztop_out=575444292 z_in=4892140 z_out=4564528 blend_in=580523936 copy_clks=82717479 fifo_overflows=170
game: n=3/6 how=vis vis=1800 vi_rate=60 vi0_retrace=7080 wall_us=30223147 sleep_us=21298863 avg_vis=59.07 avg_fps=27.55 exceptions=10764 cacheResets=1 recompiles=1040 batches=55295 verts=1099149 texStalls=0 treeDepthMax=13 underruns=0 overruns=0 queue_peak_ms=134 dsp_avg=1.34 dsp_peak=1.60 dsp_samples=60 pmc1=6369370495 pmc2=5924449989 pmc3=0 pmc4=0 mmcr0=00000042 mmcr1=00000000 heap_used=10862660 heap_free=154056 arena1_free=208896 arena2_free=288704 flushes=5 flush_us=79169 padtrace=0 rom=sd:/wii64/roms/Diddy Kong Racing (USA) (En,Fr) (Rev 1).z64
=== chain 3/6 end vis=1800 how=vis rom=sd:/wii64/roms/Diddy Kong Racing (USA) (En,Fr) (Rev 1).z64 ===
mark: pad replay records: 1
mark: loadROM: enter
mark: loadROM: before rom_read
mark: ROMCache_load: enter
mark: ROMCache_load: before first read
mark: ROMCache_load: first read returned
mark: ROMCache_load: byte_swap_type set
mark: ROMCache_load: first byte_swap done
menufps: 0.1
menufps: 8.4
menufps: 8.3
menufps: 8.3
menufps: 8.0
menufps: 8.0
menufps: 8.1
menufps: 2.8
menufps: 1.3
menufps: 1.3
menufps: 1.3
menufps: 1.2
menufps: 1.3
menufps: 1.2
menufps: 3.8
menufps: 8.3
menufps: 8.3
menufps: 8.3
menufps: 8.3
mark: ROMCache_load: loop exited normally
menufps: 2.8
menufps: 1.1
menufps: 1.1
menufps: 1.1
menufps: 1.1
menufps: 1.1
menufps: 1.1
menufps: 1.1
menufps: 1.1
menufps: 1.1
menufps: 1.1
menufps: 1.1
menufps: 1.1
menufps: 1.1
menufps: 1.1
menufps: 1.1
menufps: 1.1
menufps: 1.1
menufps: 1.1
menufps: 1.1
mark: ROMCache_load: preflush_us=17699015
mark: ROMCache_load: elapsed_us=30233078 bytes=33554432 vm=1
mark: loadROM: after rom_read
mark: loadROM: before init_memory
mark: loadROM: after init_memory
mark: loadROM: before romOpen_gfx
mark: loadROM: after romOpen_gfx / before romOpen_audio
mark: loadROM: after romOpen_audio / before romOpen_input
mark: loadROM: after romOpen_input / before cpu_init
mark: loadROM: after cpu_init
menufps: 3.0
menufps: 1.0
menufps: 1.0
fps: 0.1
first_vi: vi0_retrace=10912
vis: 0.9
cpu: exceptions=0 cacheResets=0 batches=0 verts=0 texStalls=0 recompiles=0 underruns=0 overruns=0 sleep_us=0 queue_ms=0
mark: CPU core dispatch: dynarec
vis: 60.0
cpu: exceptions=33 cacheResets=1 batches=0 verts=0 texStalls=0 recompiles=82 underruns=0 overruns=0 sleep_us=27077 queue_ms=0
vis: 60.0
cpu: exceptions=63 cacheResets=1 batches=0 verts=0 texStalls=0 recompiles=82 underruns=0 overruns=0 sleep_us=384430 queue_ms=0
vis: 60.0
cpu: exceptions=93 cacheResets=1 batches=0 verts=0 texStalls=0 recompiles=82 underruns=0 overruns=0 sleep_us=740866 queue_ms=0
vis: 60.0
cpu: exceptions=205 cacheResets=1 batches=0 verts=0 texStalls=0 recompiles=182 underruns=0 overruns=0 sleep_us=1063420 queue_ms=0
vis: 60.0
cpu: exceptions=246 cacheResets=1 batches=0 verts=0 texStalls=0 recompiles=188 underruns=0 overruns=0 sleep_us=1436331 queue_ms=0
vis: 60.0
cpu: exceptions=288 cacheResets=1 batches=0 verts=0 texStalls=0 recompiles=188 underruns=0 overruns=0 sleep_us=1804582 queue_ms=0
vis: 60.0
cpu: exceptions=318 cacheResets=1 batches=0 verts=0 texStalls=0 recompiles=188 underruns=0 overruns=0 sleep_us=2169813 queue_ms=0
vis: 60.0
cpu: exceptions=395 cacheResets=1 batches=0 verts=0 texStalls=0 recompiles=314 underruns=2 overruns=0 sleep_us=2599644 queue_ms=37
vis: 60.0
cpu: exceptions=472 cacheResets=1 batches=0 verts=0 texStalls=0 recompiles=323 underruns=2 overruns=0 sleep_us=3057140 queue_ms=41
vis: 60.0
cpu: exceptions=547 cacheResets=1 batches=0 verts=0 texStalls=0 recompiles=323 underruns=2 overruns=0 sleep_us=3518543 queue_ms=33
vis: 60.0
cpu: exceptions=740 cacheResets=1 batches=0 verts=0 texStalls=0 recompiles=434 underruns=2 overruns=0 sleep_us=3764854 queue_ms=37
vis: 60.0
cpu: exceptions=965 cacheResets=1 batches=0 verts=0 texStalls=0 recompiles=434 underruns=2 overruns=0 sleep_us=4004261 queue_ms=41
vis: 60.0
cpu: exceptions=1152 cacheResets=1 batches=0 verts=0 texStalls=0 recompiles=448 underruns=2 overruns=0 sleep_us=4259964 queue_ms=46
vis: 59.9
cpu: exceptions=1393 cacheResets=1 batches=0 verts=0 texStalls=0 recompiles=497 underruns=2 overruns=0 sleep_us=4490993 queue_ms=37
fps: 0.1
vis: 60.0
cpu: exceptions=1687 cacheResets=1 batches=591 verts=8424 texStalls=0 recompiles=1254 underruns=3 overruns=0 sleep_us=4648066 queue_ms=120
fps: 31.1
vis: 60.0
cpu: exceptions=1961 cacheResets=1 batches=1476 verts=20754 texStalls=0 recompiles=1255 underruns=3 overruns=0 sleep_us=5009490 queue_ms=124
fps: 30.0
vis: 60.0
cpu: exceptions=2238 cacheResets=1 batches=2361 verts=33084 texStalls=0 recompiles=1276 underruns=3 overruns=0 sleep_us=5359293 queue_ms=115
fps: 30.0
vis: 60.0
cpu: exceptions=2515 cacheResets=1 batches=3246 verts=45414 texStalls=0 recompiles=1279 underruns=3 overruns=0 sleep_us=5728139 queue_ms=120
fps: 29.4
vis: 60.0
cpu: exceptions=2790 cacheResets=1 batches=4131 verts=57744 texStalls=0 recompiles=1280 underruns=3 overruns=0 sleep_us=6097035 queue_ms=111
fps: 30.0
vis: 60.0
cpu: exceptions=3076 cacheResets=1 batches=5016 verts=70074 texStalls=0 recompiles=1300 underruns=3 overruns=0 sleep_us=6454071 queue_ms=115
fps: 30.0
vis: 60.0
cpu: exceptions=3359 cacheResets=1 batches=5901 verts=82404 texStalls=0 recompiles=1300 underruns=3 overruns=0 sleep_us=6811426 queue_ms=107
fps: 30.0
vis: 60.0
cpu: exceptions=3639 cacheResets=1 batches=6786 verts=94734 texStalls=0 recompiles=1302 underruns=3 overruns=0 sleep_us=7172862 queue_ms=111
fps: 30.0
vis: 60.0
cpu: exceptions=3920 cacheResets=1 batches=7671 verts=107064 texStalls=0 recompiles=1351 underruns=3 overruns=0 sleep_us=7530393 queue_ms=115
fps: 30.0
vis: 60.0
cpu: exceptions=4198 cacheResets=1 batches=7971 verts=112194 texStalls=0 recompiles=1366 underruns=3 overruns=0 sleep_us=7910523 queue_ms=120
fps: 30.0
vis: 60.0
cpu: exceptions=4352 cacheResets=1 batches=8071 verts=113904 texStalls=0 recompiles=1383 underruns=3 overruns=0 sleep_us=8282257 queue_ms=111
fps: 30.0
vis: 60.0
cpu: exceptions=4499 cacheResets=1 batches=8476 verts=141129 texStalls=0 recompiles=1384 underruns=3 overruns=0 sleep_us=8650739 queue_ms=115
fps: 30.0
vis: 60.0
cpu: exceptions=4647 cacheResets=1 batches=8881 verts=168354 texStalls=0 recompiles=1386 underruns=3 overruns=0 sleep_us=9021116 queue_ms=120
fps: 30.0
vis: 60.0
cpu: exceptions=4794 cacheResets=1 batches=9286 verts=195579 texStalls=0 recompiles=1387 underruns=3 overruns=0 sleep_us=9398091 queue_ms=111
fps: 30.0
vis: 60.0
cpu: exceptions=4940 cacheResets=1 batches=9691 verts=222804 texStalls=0 recompiles=1387 underruns=3 overruns=0 sleep_us=9773424 queue_ms=115
fps: 30.0
vis: 60.0
cpu: exceptions=5090 cacheResets=1 batches=10096 verts=250029 texStalls=0 recompiles=1389 underruns=3 overruns=0 sleep_us=10147087 queue_ms=120
fps: 30.0
vis: 59.6
cpu: exceptions=5245 cacheResets=1 batches=10501 verts=277254 texStalls=0 recompiles=1410 underruns=3 overruns=0 sleep_us=10509314 queue_ms=111
fps: 29.7
vis: 60.0
cpu: exceptions=5396 cacheResets=1 batches=11214 verts=310275 texStalls=0 recompiles=1413 underruns=3 overruns=0 sleep_us=10806180 queue_ms=115
fps: 30.0
vis: 60.0
cpu: exceptions=5543 cacheResets=1 batches=11949 verts=343710 texStalls=0 recompiles=1414 underruns=3 overruns=0 sleep_us=11123358 queue_ms=120
fps: 30.0
vis: 60.0
cpu: exceptions=5692 cacheResets=1 batches=12684 verts=377145 texStalls=0 recompiles=1428 underruns=3 overruns=0 sleep_us=11435255 queue_ms=124
fps: 30.0
vis: 60.0
cpu: exceptions=5838 cacheResets=1 batches=13419 verts=410580 texStalls=0 recompiles=1428 underruns=3 overruns=0 sleep_us=11742647 queue_ms=115
fps: 16.0
vis: 60.0
cpu: exceptions=6078 cacheResets=1 batches=13517 verts=415038 texStalls=0 recompiles=1521 underruns=3 overruns=0 sleep_us=12006818 queue_ms=120
vis: 60.0
cpu: exceptions=6308 cacheResets=1 batches=13517 verts=415038 texStalls=0 recompiles=1624 underruns=3 overruns=0 sleep_us=12221843 queue_ms=124
fps: 1.2
vis: 60.0
cpu: exceptions=6414 cacheResets=1 batches=14397 verts=436692 texStalls=0 recompiles=1666 underruns=3 overruns=0 sleep_us=12481844 queue_ms=115
fps: 22.9
vis: 60.0
cpu: exceptions=6559 cacheResets=1 batches=14727 verts=442002 texStalls=0 recompiles=1671 underruns=3 overruns=0 sleep_us=12764949 queue_ms=107
fps: 30.0
vis: 60.0
cpu: exceptions=6702 cacheResets=1 batches=15248 verts=452796 texStalls=0 recompiles=1673 underruns=3 overruns=0 sleep_us=13072965 queue_ms=111
fps: 29.8
vis: 60.0
cpu: exceptions=6846 cacheResets=1 batches=17018 verts=499281 texStalls=0 recompiles=1673 underruns=3 overruns=0 sleep_us=13342144 queue_ms=102
fps: 30.0
vis: 60.0
cpu: exceptions=6992 cacheResets=1 batches=18788 verts=545766 texStalls=0 recompiles=1673 underruns=3 overruns=0 sleep_us=13610506 queue_ms=107
fps: 30.1
vis: 60.0
cpu: exceptions=7134 cacheResets=1 batches=19597 verts=564795 texStalls=0 recompiles=1673 underruns=3 overruns=0 sleep_us=13912379 queue_ms=111
fps: 30.0
vis: 60.0
cpu: exceptions=7275 cacheResets=1 batches=19927 verts=570105 texStalls=0 recompiles=1674 underruns=3 overruns=0 sleep_us=14230294 queue_ms=115
fps: 29.5
vis: 60.0
cpu: exceptions=7424 cacheResets=1 batches=22177 verts=640737 texStalls=0 recompiles=1692 underruns=3 overruns=0 sleep_us=14473919 queue_ms=107
fps: 30.0
vis: 60.0
cpu: exceptions=7572 cacheResets=1 batches=27307 verts=809352 texStalls=0 recompiles=1692 underruns=3 overruns=0 sleep_us=14630997 queue_ms=111
fps: 30.0
vis: 60.0
cpu: exceptions=7717 cacheResets=1 batches=32437 verts=977967 texStalls=0 recompiles=1692 underruns=3 overruns=0 sleep_us=14790542 queue_ms=115
fps: 30.0
vis: 60.0
cpu: exceptions=7862 cacheResets=1 batches=37567 verts=1146582 texStalls=0 recompiles=1692 underruns=3 overruns=0 sleep_us=14950609 queue_ms=107
fps: 30.0
vis: 60.0
cpu: exceptions=8007 cacheResets=1 batches=42613 verts=1313757 texStalls=0 recompiles=1692 underruns=3 overruns=0 sleep_us=15119106 queue_ms=111
fps: 30.0
vis: 60.0
cpu: exceptions=8155 cacheResets=1 batches=47713 verts=1482012 texStalls=0 recompiles=1692 underruns=3 overruns=0 sleep_us=15280543 queue_ms=115
fps: 30.0
vis: 60.0
cpu: exceptions=8299 cacheResets=1 batches=52813 verts=1650267 texStalls=0 recompiles=1692 underruns=3 overruns=0 sleep_us=15444841 queue_ms=120
fps: 30.0
vis: 60.0
cpu: exceptions=8444 cacheResets=1 batches=57913 verts=1818522 texStalls=0 recompiles=1692 underruns=3 overruns=0 sleep_us=15606457 queue_ms=111
fps: 30.0
vis: 60.0
cpu: exceptions=8592 cacheResets=1 batches=63053 verts=1986837 texStalls=0 recompiles=1692 underruns=3 overruns=0 sleep_us=15767240 queue_ms=115
fps: 30.0
vis: 60.0
cpu: exceptions=8738 cacheResets=1 batches=68213 verts=2155182 texStalls=0 recompiles=1692 underruns=3 overruns=0 sleep_us=15924022 queue_ms=120
fps: 30.0
vis: 60.0
cpu: exceptions=8882 cacheResets=1 batches=73373 verts=2323527 texStalls=0 recompiles=1692 underruns=3 overruns=0 sleep_us=16086221 queue_ms=111
fps: 30.0
vis: 60.0
cpu: exceptions=9030 cacheResets=1 batches=78521 verts=2491800 texStalls=0 recompiles=1692 underruns=3 overruns=0 sleep_us=16245626 queue_ms=115
fps: 30.0
vis: 60.0
cpu: exceptions=9175 cacheResets=1 batches=83651 verts=2659965 texStalls=0 recompiles=1692 underruns=3 overruns=0 sleep_us=16406370 queue_ms=120
fps: 30.0
vis: 60.0
cpu: exceptions=9319 cacheResets=1 batches=88781 verts=2828130 texStalls=0 recompiles=1692 underruns=3 overruns=0 sleep_us=16564296 queue_ms=124
fps: 29.1
vis: 60.0
cpu: exceptions=9465 cacheResets=1 batches=93911 verts=2996295 texStalls=0 recompiles=1692 underruns=3 overruns=0 sleep_us=16725414 queue_ms=102
fps: 30.0
mark: stop reason: chain guest VI limit
mark: stop_it requested
audio: alist_resample_calls=23575 alist_resample_samples=4337800 alist_zoh_calls=0 alist_zoh_samples=0 musyx_subframes=0 musyx_voices=0 musyx_voice_peak=0
audio_stages: adpcm_calls=14419 adpcm_samples=1667152 envmix_calls=17229 envmix_samples=3170136 mix_calls=126920 mix_samples=23353280 musyx_fx_calls=0 musyx_fx_taps=0 output_calls=792 output_samples=583096
audio_envmix: exp_calls=0 ge_calls=0 lin_calls=17229 nead_calls=0 exp_steady=0 ge_steady=0 lin_steady=15522
audio_gaps: nead_mats=0 nead_efz=0 resample_flag2=0 musyx_ptr10=0
audio_output: stream_requests=5413 stream_fed=2019 input_hz=22047 playback_hz=22047 queue_peak_ms=140
audio_time: stage=resample sampled_calls=185 sampled_samples=34040 sampled_us=1341
audio_time: stage=zoh sampled_calls=0 sampled_samples=0 sampled_us=0
audio_time: stage=adpcm sampled_calls=113 sampled_samples=13392 sampled_us=561
audio_time: stage=envmix_exp sampled_calls=0 sampled_samples=0 sampled_us=0
audio_time: stage=envmix_ge sampled_calls=0 sampled_samples=0 sampled_us=0
audio_time: stage=envmix_lin sampled_calls=135 sampled_samples=24840 sampled_us=1336
audio_time: stage=envmix_nead sampled_calls=0 sampled_samples=0 sampled_us=0
audio_time: stage=mix sampled_calls=999 sampled_samples=183816 sampled_us=3050
audio_time: stage=musyx_voice sampled_calls=0 sampled_samples=0 sampled_us=0
audio_time: stage=musyx_fx sampled_calls=0 sampled_samples=0 sampled_us=0
audio_time: stage=output sampled_calls=6 sampled_samples=4416 sampled_us=82
gpu_counters: clks=7341210887 tb_clks=7341210980 ras_busy=123526907 xf_wait_in=7059673618 xf_wait_out=176617346 ras_peak_permille=31 ztop_in=480470284 ztop_out=471848256 z_in=3304 z_out=2984 blend_in=472360556 copy_clks=108817509 fifo_overflows=180
game: n=4/6 how=vis vis=1800 vi_rate=60 vi0_retrace=10912 wall_us=30210579 sleep_us=16871094 avg_vis=59.01 avg_fps=27.59 exceptions=9606 cacheResets=1 recompiles=1695 batches=99045 verts=3164580 texStalls=0 treeDepthMax=17 underruns=3 overruns=0 queue_peak_ms=124 dsp_avg=1.37 dsp_peak=1.75 dsp_samples=60 pmc1=9299950528 pmc2=8446518203 pmc3=0 pmc4=0 mmcr0=00000042 mmcr1=00000000 heap_used=10909124 heap_free=107592 arena1_free=208896 arena2_free=288704 flushes=5 flush_us=59551 padtrace=0 rom=sd:/wii64/roms/Donkey Kong 64 (USA).z64
=== chain 4/6 end vis=1800 how=vis rom=sd:/wii64/roms/Donkey Kong 64 (USA).z64 ===
mark: pad replay records: 1
mark: loadROM: enter
mark: loadROM: before rom_read
mark: ROMCache_load: enter
mark: ROMCache_load: before first read
mark: ROMCache_load: first read returned
mark: ROMCache_load: byte_swap_type set
mark: ROMCache_load: first byte_swap done
menufps: 0.1
menufps: 8.4
menufps: 8.1
menufps: 8.0
menufps: 7.8
mark: ROMCache_load: loop exited normally
mark: ROMCache_load: elapsed_us=2864135 bytes=12582912 vm=0
mark: loadROM: after rom_read
mark: loadROM: before init_memory
mark: loadROM: after init_memory
mark: loadROM: before romOpen_gfx
mark: loadROM: after romOpen_gfx / before romOpen_audio
mark: loadROM: after romOpen_audio / before romOpen_input
mark: loadROM: after romOpen_input / before cpu_init
mark: loadROM: after cpu_init
menufps: 6.6
menufps: 1.9
menufps: 1.0
menufps: 1.0
fps: 0.2
first_vi: vi0_retrace=13107
vis: 4.2
cpu: exceptions=0 cacheResets=0 batches=0 verts=0 texStalls=0 recompiles=0 underruns=0 overruns=0 sleep_us=0 queue_ms=0
mark: CPU core dispatch: dynarec
vis: 60.0
cpu: exceptions=100 cacheResets=1 batches=0 verts=0 texStalls=0 recompiles=296 underruns=0 overruns=0 sleep_us=114732 queue_ms=0
vis: 60.0
cpu: exceptions=267 cacheResets=1 batches=0 verts=0 texStalls=0 recompiles=472 underruns=1 overruns=0 sleep_us=426613 queue_ms=5
fps: 0.8
vis: 60.0
cpu: exceptions=428 cacheResets=1 batches=0 verts=0 texStalls=0 recompiles=675 underruns=1 overruns=0 sleep_us=803074 queue_ms=9
vis: 60.0
cpu: exceptions=698 cacheResets=1 batches=0 verts=0 texStalls=0 recompiles=675 underruns=1 overruns=0 sleep_us=1279023 queue_ms=13
vis: 60.0
cpu: exceptions=931 cacheResets=1 batches=0 verts=0 texStalls=0 recompiles=677 underruns=1 overruns=0 sleep_us=1755080 queue_ms=5
vis: 60.0
cpu: exceptions=1155 cacheResets=1 batches=0 verts=0 texStalls=0 recompiles=677 underruns=1 overruns=0 sleep_us=2231809 queue_ms=9
vis: 60.0
cpu: exceptions=1371 cacheResets=1 batches=0 verts=0 texStalls=0 recompiles=685 underruns=1 overruns=0 sleep_us=2707923 queue_ms=13
vis: 60.0
cpu: exceptions=1595 cacheResets=1 batches=0 verts=0 texStalls=0 recompiles=685 underruns=1 overruns=0 sleep_us=3184725 queue_ms=18
fps: 1.4
vis: 60.0
cpu: exceptions=1748 cacheResets=1 batches=348 verts=1044 texStalls=0 recompiles=713 underruns=1 overruns=0 sleep_us=3547927 queue_ms=9
fps: 60.2
vis: 60.0
cpu: exceptions=1898 cacheResets=1 batches=708 verts=2124 texStalls=0 recompiles=713 underruns=1 overruns=0 sleep_us=3916054 queue_ms=13
fps: 60.0
vis: 60.0
cpu: exceptions=2075 cacheResets=1 batches=4160 verts=45240 texStalls=0 recompiles=796 underruns=1 overruns=0 sleep_us=4285422 queue_ms=15
fps: 56.0
vis: 60.0
cpu: exceptions=2254 cacheResets=1 batches=11300 verts=136860 texStalls=0 recompiles=796 underruns=1 overruns=0 sleep_us=4665036 queue_ms=18
fps: 59.9
vis: 60.0
cpu: exceptions=2442 cacheResets=1 batches=18440 verts=228480 texStalls=0 recompiles=809 underruns=1 overruns=0 sleep_us=5033592 queue_ms=10
fps: 60.0
vis: 60.0
cpu: exceptions=2618 cacheResets=1 batches=25580 verts=320100 texStalls=0 recompiles=809 underruns=1 overruns=0 sleep_us=5405534 queue_ms=13
fps: 60.2
vis: 60.0
cpu: exceptions=2823 cacheResets=1 batches=32720 verts=411720 texStalls=0 recompiles=812 underruns=1 overruns=0 sleep_us=5775324 queue_ms=14
fps: 60.0
vis: 60.0
cpu: exceptions=3003 cacheResets=1 batches=39860 verts=503340 texStalls=0 recompiles=812 underruns=1 overruns=0 sleep_us=6144919 queue_ms=5
fps: 60.0
vis: 60.0
cpu: exceptions=3173 cacheResets=1 batches=47000 verts=594960 texStalls=0 recompiles=813 underruns=1 overruns=0 sleep_us=6517428 queue_ms=10
fps: 60.0
vis: 60.0
cpu: exceptions=3355 cacheResets=1 batches=54140 verts=686580 texStalls=0 recompiles=813 underruns=1 overruns=0 sleep_us=6887008 queue_ms=14
fps: 58.7
vis: 60.0
cpu: exceptions=3557 cacheResets=1 batches=61280 verts=778200 texStalls=0 recompiles=813 underruns=2 overruns=0 sleep_us=7255469 queue_ms=15
fps: 60.0
vis: 60.0
cpu: exceptions=3724 cacheResets=1 batches=68420 verts=869820 texStalls=0 recompiles=813 underruns=2 overruns=0 sleep_us=7629049 queue_ms=5
fps: 60.0
vis: 60.0
cpu: exceptions=3897 cacheResets=1 batches=75560 verts=961440 texStalls=0 recompiles=813 underruns=2 overruns=0 sleep_us=7999271 queue_ms=11
fps: 60.0
vis: 60.0
cpu: exceptions=4070 cacheResets=1 batches=82700 verts=1053060 texStalls=0 recompiles=813 underruns=2 overruns=0 sleep_us=8369022 queue_ms=14
fps: 60.0
vis: 60.0
cpu: exceptions=4266 cacheResets=1 batches=89840 verts=1144680 texStalls=0 recompiles=813 underruns=2 overruns=0 sleep_us=8741286 queue_ms=15
fps: 60.0
vis: 60.0
cpu: exceptions=4439 cacheResets=1 batches=96980 verts=1236300 texStalls=0 recompiles=813 underruns=2 overruns=0 sleep_us=9109997 queue_ms=6
fps: 60.0
vis: 60.0
cpu: exceptions=4610 cacheResets=1 batches=104120 verts=1327920 texStalls=0 recompiles=813 underruns=2 overruns=0 sleep_us=9480553 queue_ms=10
fps: 60.0
vis: 60.0
cpu: exceptions=4777 cacheResets=1 batches=111260 verts=1419540 texStalls=0 recompiles=813 underruns=2 overruns=0 sleep_us=9854044 queue_ms=15
fps: 60.0
vis: 60.0
cpu: exceptions=4976 cacheResets=1 batches=118400 verts=1511160 texStalls=0 recompiles=813 underruns=2 overruns=0 sleep_us=10222210 queue_ms=3
fps: 59.9
vis: 60.0
cpu: exceptions=5153 cacheResets=1 batches=119363 verts=1534314 texStalls=0 recompiles=835 underruns=2 overruns=0 sleep_us=10629335 queue_ms=6
fps: 60.2
vis: 60.0
cpu: exceptions=5342 cacheResets=1 batches=120233 verts=1558434 texStalls=0 recompiles=836 underruns=2 overruns=0 sleep_us=11038040 queue_ms=12
fps: 60.0
vis: 60.0
cpu: exceptions=5549 cacheResets=1 batches=121103 verts=1582554 texStalls=0 recompiles=837 underruns=2 overruns=0 sleep_us=11440642 queue_ms=15
fps: 58.0
vis: 60.0
cpu: exceptions=5766 cacheResets=1 batches=121944 verts=1605870 texStalls=0 recompiles=839 underruns=2 overruns=0 sleep_us=11845678 queue_ms=2
fps: 60.0
vis: 60.0
cpu: exceptions=5947 cacheResets=1 batches=122814 verts=1629990 texStalls=0 recompiles=839 underruns=3 overruns=0 sleep_us=12254107 queue_ms=20
fps: 60.0
vis: 60.0
cpu: exceptions=6133 cacheResets=1 batches=123684 verts=1654110 texStalls=0 recompiles=841 underruns=3 overruns=0 sleep_us=12662212 queue_ms=24
fps: 60.0
vis: 60.0
cpu: exceptions=6301 cacheResets=1 batches=124554 verts=1678230 texStalls=0 recompiles=841 underruns=3 overruns=0 sleep_us=13079380 queue_ms=29
fps: 60.0
vis: 60.0
cpu: exceptions=6497 cacheResets=1 batches=125424 verts=1702350 texStalls=0 recompiles=841 underruns=3 overruns=0 sleep_us=13495405 queue_ms=17
fps: 60.0
vis: 60.0
cpu: exceptions=6668 cacheResets=1 batches=126294 verts=1726470 texStalls=0 recompiles=841 underruns=3 overruns=0 sleep_us=13910635 queue_ms=20
fps: 60.0
vis: 60.0
cpu: exceptions=6836 cacheResets=1 batches=127048 verts=1747374 texStalls=0 recompiles=842 underruns=3 overruns=0 sleep_us=14331287 queue_ms=26
fps: 33.3
vis: 60.0
cpu: exceptions=7004 cacheResets=1 batches=127084 verts=1748886 texStalls=0 recompiles=964 underruns=3 overruns=0 sleep_us=14655730 queue_ms=15
fps: 58.1
vis: 60.0
cpu: exceptions=7220 cacheResets=1 batches=127204 verts=1753926 texStalls=0 recompiles=964 underruns=4 overruns=0 sleep_us=15094393 queue_ms=16
fps: 60.0
vis: 60.0
cpu: exceptions=7410 cacheResets=1 batches=127324 verts=1758966 texStalls=0 recompiles=967 underruns=4 overruns=0 sleep_us=15533338 queue_ms=7
fps: 60.0
vis: 60.0
cpu: exceptions=7606 cacheResets=1 batches=127444 verts=1764006 texStalls=0 recompiles=967 underruns=4 overruns=0 sleep_us=15969461 queue_ms=12
fps: 60.1
vis: 60.0
cpu: exceptions=7801 cacheResets=1 batches=127564 verts=1769046 texStalls=0 recompiles=967 underruns=4 overruns=0 sleep_us=16406930 queue_ms=16
fps: 60.0
vis: 60.0
cpu: exceptions=8016 cacheResets=1 batches=127684 verts=1774086 texStalls=0 recompiles=967 underruns=4 overruns=0 sleep_us=16844790 queue_ms=18
fps: 60.0
vis: 60.0
cpu: exceptions=8234 cacheResets=1 batches=127804 verts=1779126 texStalls=0 recompiles=967 underruns=4 overruns=0 sleep_us=17271684 queue_ms=7
fps: 60.0
vis: 60.0
cpu: exceptions=8456 cacheResets=1 batches=127924 verts=1784166 texStalls=0 recompiles=967 underruns=4 overruns=0 sleep_us=17699940 queue_ms=13
fps: 59.6
vis: 60.0
cpu: exceptions=8686 cacheResets=1 batches=128020 verts=1788198 texStalls=0 recompiles=972 underruns=5 overruns=0 sleep_us=18053446 queue_ms=42
fps: 60.0
vis: 60.0
cpu: exceptions=8918 cacheResets=1 batches=128080 verts=1790718 texStalls=0 recompiles=972 underruns=5 overruns=0 sleep_us=18369534 queue_ms=43
fps: 60.0
vis: 60.0
cpu: exceptions=9113 cacheResets=1 batches=128140 verts=1793238 texStalls=0 recompiles=972 underruns=5 overruns=0 sleep_us=18689620 queue_ms=34
fps: 60.0
vis: 60.0
cpu: exceptions=9295 cacheResets=1 batches=128200 verts=1795758 texStalls=0 recompiles=972 underruns=5 overruns=0 sleep_us=19019919 queue_ms=39
fps: 59.6
vis: 60.0
cpu: exceptions=9515 cacheResets=1 batches=132820 verts=1831938 texStalls=0 recompiles=1056 underruns=5 overruns=0 sleep_us=19260921 queue_ms=43
fps: 60.0
vis: 60.0
cpu: exceptions=9789 cacheResets=1 batches=142000 verts=1901778 texStalls=0 recompiles=1056 underruns=5 overruns=0 sleep_us=19454276 queue_ms=31
fps: 59.9
vis: 60.0
cpu: exceptions=10056 cacheResets=1 batches=151180 verts=1971618 texStalls=0 recompiles=1060 underruns=5 overruns=0 sleep_us=19643917 queue_ms=34
fps: 60.0
vis: 60.0
cpu: exceptions=10313 cacheResets=1 batches=160360 verts=2041458 texStalls=0 recompiles=1063 underruns=5 overruns=0 sleep_us=19835279 queue_ms=40
fps: 60.2
vis: 60.0
cpu: exceptions=10563 cacheResets=1 batches=169542 verts=2111304 texStalls=0 recompiles=1069 underruns=5 overruns=0 sleep_us=20025161 queue_ms=43
fps: 44.4
vis: 60.0
cpu: exceptions=10813 cacheResets=1 batches=175968 verts=2160192 texStalls=0 recompiles=1079 underruns=5 overruns=0 sleep_us=20238118 queue_ms=31
fps: 40.0
vis: 60.0
cpu: exceptions=11003 cacheResets=1 batches=182088 verts=2206752 texStalls=0 recompiles=1079 underruns=5 overruns=0 sleep_us=20470579 queue_ms=35
fps: 40.0
vis: 60.0
cpu: exceptions=11179 cacheResets=1 batches=188208 verts=2253312 texStalls=0 recompiles=1079 underruns=5 overruns=0 sleep_us=20705194 queue_ms=39
fps: 40.0
vis: 60.0
cpu: exceptions=11356 cacheResets=1 batches=194328 verts=2299872 texStalls=0 recompiles=1079 underruns=5 overruns=0 sleep_us=20940137 queue_ms=31
fps: 52.2
vis: 60.0
cpu: exceptions=11609 cacheResets=1 batches=202896 verts=2365056 texStalls=0 recompiles=1080 underruns=5 overruns=0 sleep_us=21139152 queue_ms=19
fps: 60.0
mark: stop reason: chain guest VI limit
mark: stop_it requested
audio: alist_resample_calls=36648 alist_resample_samples=5290320 alist_zoh_calls=0 alist_zoh_samples=0 musyx_subframes=0 musyx_voices=0 musyx_voice_peak=0
audio_stages: adpcm_calls=29405 adpcm_samples=1702032 envmix_calls=32233 envmix_samples=4641520 mix_calls=83885 mix_samples=12327200 musyx_fx_calls=0 musyx_fx_taps=0 output_calls=883 output_samples=648800
audio_envmix: exp_calls=0 ge_calls=32233 lin_calls=0 nead_calls=0 exp_steady=0 ge_steady=28938 lin_steady=0
audio_gaps: nead_mats=0 nead_efz=0 resample_flag2=0 musyx_ptr10=0
audio_output: stream_requests=4141 stream_fed=2251 input_hz=22047 playback_hz=22047 queue_peak_ms=76
audio_time: stage=resample sampled_calls=288 sampled_samples=41312 sampled_us=1750
audio_time: stage=zoh sampled_calls=0 sampled_samples=0 sampled_us=0
audio_time: stage=adpcm sampled_calls=231 sampled_samples=13888 sampled_us=614
audio_time: stage=envmix_exp sampled_calls=0 sampled_samples=0 sampled_us=0
audio_time: stage=envmix_ge sampled_calls=253 sampled_samples=36432 sampled_us=2147
audio_time: stage=envmix_lin sampled_calls=0 sampled_samples=0 sampled_us=0
audio_time: stage=envmix_nead sampled_calls=0 sampled_samples=0 sampled_us=0
audio_time: stage=mix sampled_calls=660 sampled_samples=97056 sampled_us=1571
audio_time: stage=musyx_voice sampled_calls=0 sampled_samples=0 sampled_us=0
audio_time: stage=musyx_fx sampled_calls=0 sampled_samples=0 sampled_us=0
audio_time: stage=output sampled_calls=6 sampled_samples=4400 sampled_us=75
gpu_counters: clks=7335931476 tb_clks=7335931568 ras_busy=156931208 xf_wait_in=7015839753 xf_wait_out=87620381 ras_peak_permille=64 ztop_in=594868200 ztop_out=535168732 z_in=0 z_out=0 blend_in=536149500 copy_clks=158885920 fifo_overflows=0
game: n=5/6 how=vis vis=1800 vi_rate=60 vi0_retrace=13107 wall_us=30188904 sleep_us=21315123 avg_vis=59.07 avg_fps=54.50 exceptions=11840 cacheResets=1 recompiles=1080 batches=211770 verts=2432568 texStalls=0 treeDepthMax=15 underruns=5 overruns=0 queue_peak_ms=43 dsp_avg=1.36 dsp_peak=1.65 dsp_samples=60 pmc1=6362565170 pmc2=6098738677 pmc3=0 pmc4=0 mmcr0=00000042 mmcr1=00000000 heap_used=10861156 heap_free=155560 arena1_free=208896 arena2_free=288704 flushes=5 flush_us=63247 padtrace=0 rom=sd:/wii64/roms/GoldenEye 007 (USA).z64
=== chain 5/6 end vis=1800 how=vis rom=sd:/wii64/roms/GoldenEye 007 (USA).z64 ===
mark: pad replay records: 27
mark: loadROM: enter
mark: loadROM: before rom_read
mark: ROMCache_load: enter
mark: ROMCache_load: before first read
mark: ROMCache_load: first read returned
mark: ROMCache_load: byte_swap_type set
mark: ROMCache_load: first byte_swap done
menufps: 0.1
menufps: 8.3
menufps: 7.9
menufps: 8.2
menufps: 8.3
menufps: 8.3
menufps: 7.6
menufps: 1.3
menufps: 1.3
menufps: 1.3
menufps: 1.3
menufps: 1.3
menufps: 1.3
menufps: 1.3
menufps: 3.8
menufps: 8.3
menufps: 7.7
menufps: 8.0
menufps: 8.2
mark: ROMCache_load: loop exited normally
menufps: 3.4
menufps: 1.1
menufps: 1.2
menufps: 1.1
menufps: 1.1
menufps: 1.1
menufps: 1.2
menufps: 1.1
menufps: 1.1
menufps: 1.1
menufps: 1.2
menufps: 1.1
menufps: 1.1
menufps: 1.2
menufps: 1.1
menufps: 1.1
menufps: 1.1
menufps: 1.1
menufps: 1.1
menufps: 1.1
mark: ROMCache_load: preflush_us=17610965
mark: ROMCache_load: elapsed_us=30163107 bytes=33554432 vm=1
mark: loadROM: after rom_read
mark: loadROM: before init_memory
mark: loadROM: after init_memory
mark: loadROM: before romOpen_gfx
mark: loadROM: after romOpen_gfx / before romOpen_audio
mark: loadROM: after romOpen_audio / before romOpen_input
mark: loadROM: after romOpen_input / before cpu_init
mark: loadROM: after cpu_init
menufps: 3.1
menufps: 1.0
menufps: 1.0
fps: 0.1
first_vi: vi0_retrace=16934
vis: 0.9
cpu: exceptions=0 cacheResets=0 batches=0 verts=0 texStalls=0 recompiles=0 underruns=0 overruns=0 sleep_us=0 queue_ms=0
mark: CPU core dispatch: dynarec
vis: 25.1
cpu: exceptions=259 cacheResets=1 batches=0 verts=0 texStalls=0 recompiles=114 underruns=0 overruns=0 sleep_us=0 queue_ms=0
vis: 50.0
cpu: exceptions=1013 cacheResets=1 batches=0 verts=0 texStalls=0 recompiles=246 underruns=0 overruns=0 sleep_us=209929 queue_ms=0
fps: 1.0
vis: 50.0
cpu: exceptions=1818 cacheResets=1 batches=200 verts=7200 texStalls=0 recompiles=632 underruns=1 overruns=0 sleep_us=553863 queue_ms=35
fps: 53.3
vis: 50.0
cpu: exceptions=2218 cacheResets=1 batches=400 verts=14400 texStalls=0 recompiles=632 underruns=1 overruns=0 sleep_us=974465 queue_ms=41
fps: 50.0
vis: 50.0
cpu: exceptions=2618 cacheResets=1 batches=600 verts=21600 texStalls=0 recompiles=632 underruns=1 overruns=0 sleep_us=1395152 queue_ms=39
fps: 50.0
vis: 50.0
cpu: exceptions=3018 cacheResets=1 batches=800 verts=28800 texStalls=0 recompiles=632 underruns=1 overruns=0 sleep_us=1815570 queue_ms=44
fps: 50.0
vis: 50.0
cpu: exceptions=4182 cacheResets=1 batches=832 verts=29952 texStalls=0 recompiles=788 underruns=1 overruns=0 sleep_us=2023712 queue_ms=41
fps: 2.9
vis: 42.5
cpu: exceptions=5520 cacheResets=1 batches=983 verts=32856 texStalls=0 recompiles=1590 underruns=2 overruns=0 sleep_us=2169965 queue_ms=3
fps: 18.0
vis: 50.0
cpu: exceptions=6518 cacheResets=1 batches=2504 verts=63852 texStalls=0 recompiles=1683 underruns=4 overruns=0 sleep_us=2441913 queue_ms=16
vis: 50.0
cpu: exceptions=7507 cacheResets=1 batches=3856 verts=91404 texStalls=0 recompiles=1683 underruns=4 overruns=0 sleep_us=2765818 queue_ms=24
fps: 16.7
vis: 50.0
cpu: exceptions=8496 cacheResets=1 batches=5208 verts=118956 texStalls=0 recompiles=1688 underruns=4 overruns=0 sleep_us=3089835 queue_ms=21
fps: 16.7
vis: 50.0
cpu: exceptions=9486 cacheResets=1 batches=6729 verts=149952 texStalls=0 recompiles=1689 underruns=4 overruns=0 sleep_us=3401446 queue_ms=28
fps: 16.7
vis: 50.0
cpu: exceptions=10477 cacheResets=1 batches=8081 verts=177504 texStalls=0 recompiles=1743 underruns=4 overruns=0 sleep_us=3702672 queue_ms=23
fps: 16.6
vis: 50.0
cpu: exceptions=11468 cacheResets=1 batches=9433 verts=205056 texStalls=0 recompiles=1745 underruns=4 overruns=0 sleep_us=4000632 queue_ms=31
fps: 16.7
vis: 50.0
cpu: exceptions=12460 cacheResets=1 batches=10954 verts=236052 texStalls=0 recompiles=1748 underruns=4 overruns=0 sleep_us=4290941 queue_ms=26
fps: 16.7
vis: 50.0
cpu: exceptions=13450 cacheResets=1 batches=12306 verts=263604 texStalls=0 recompiles=1748 underruns=4 overruns=0 sleep_us=4606053 queue_ms=34
fps: 16.7
vis: 50.0
cpu: exceptions=14438 cacheResets=1 batches=13658 verts=291156 texStalls=0 recompiles=1748 underruns=4 overruns=0 sleep_us=4922229 queue_ms=29
fps: 16.7
vis: 50.0
cpu: exceptions=15429 cacheResets=1 batches=15179 verts=322152 texStalls=0 recompiles=1748 underruns=4 overruns=0 sleep_us=5224219 queue_ms=27
fps: 16.3
vis: 50.0
cpu: exceptions=16420 cacheResets=1 batches=16531 verts=349704 texStalls=0 recompiles=1748 underruns=4 overruns=0 sleep_us=5539993 queue_ms=24
fps: 16.7
vis: 50.0
cpu: exceptions=17410 cacheResets=1 batches=17883 verts=377256 texStalls=0 recompiles=1748 underruns=4 overruns=0 sleep_us=5855816 queue_ms=22
fps: 16.7
vis: 50.0
cpu: exceptions=18400 cacheResets=1 batches=19404 verts=408252 texStalls=0 recompiles=1748 underruns=4 overruns=0 sleep_us=6157655 queue_ms=18
fps: 16.7
vis: 50.0
cpu: exceptions=19390 cacheResets=1 batches=20756 verts=435804 texStalls=0 recompiles=1772 underruns=4 overruns=0 sleep_us=6457441 queue_ms=25
vis: 50.0
cpu: exceptions=20378 cacheResets=1 batches=22108 verts=463356 texStalls=0 recompiles=1772 underruns=4 overruns=0 sleep_us=6736973 queue_ms=21
fps: 16.7
vis: 50.0
cpu: exceptions=21368 cacheResets=1 batches=23629 verts=494352 texStalls=0 recompiles=1773 underruns=4 overruns=0 sleep_us=6993531 queue_ms=28
fps: 16.7
vis: 50.0
cpu: exceptions=22360 cacheResets=1 batches=24981 verts=521904 texStalls=0 recompiles=1773 underruns=4 overruns=0 sleep_us=7268572 queue_ms=23
fps: 16.7
vis: 50.0
cpu: exceptions=23351 cacheResets=1 batches=26407 verts=549456 texStalls=0 recompiles=1773 underruns=4 overruns=0 sleep_us=7543612 queue_ms=31
fps: 16.7
vis: 50.0
cpu: exceptions=24345 cacheResets=1 batches=27994 verts=580452 texStalls=0 recompiles=1775 underruns=4 overruns=0 sleep_us=7804519 queue_ms=28
fps: 16.7
vis: 50.0
cpu: exceptions=25337 cacheResets=1 batches=29346 verts=608004 texStalls=0 recompiles=1775 underruns=4 overruns=0 sleep_us=8080343 queue_ms=25
fps: 16.7
vis: 50.0
cpu: exceptions=26329 cacheResets=1 batches=30698 verts=635556 texStalls=0 recompiles=1775 underruns=4 overruns=0 sleep_us=8356690 queue_ms=31
fps: 16.7
vis: 50.0
cpu: exceptions=27323 cacheResets=1 batches=32219 verts=666552 texStalls=0 recompiles=1775 underruns=4 overruns=0 sleep_us=8619003 queue_ms=27
fps: 16.7
vis: 50.0
cpu: exceptions=28315 cacheResets=1 batches=33571 verts=694104 texStalls=0 recompiles=1775 underruns=4 overruns=0 sleep_us=8920303 queue_ms=34
fps: 16.7
vis: 50.0
cpu: exceptions=29305 cacheResets=1 batches=34923 verts=721656 texStalls=0 recompiles=1775 underruns=4 overruns=0 sleep_us=9237132 queue_ms=30
fps: 16.7
vis: 50.0
cpu: exceptions=30297 cacheResets=1 batches=36444 verts=752652 texStalls=0 recompiles=1775 underruns=4 overruns=0 sleep_us=9539930 queue_ms=38
fps: 16.7
vis: 50.0
cpu: exceptions=31287 cacheResets=1 batches=37796 verts=780204 texStalls=0 recompiles=1775 underruns=4 overruns=0 sleep_us=9856646 queue_ms=33
fps: 16.7
vis: 50.0
cpu: exceptions=32277 cacheResets=1 batches=39148 verts=807756 texStalls=0 recompiles=1775 underruns=4 overruns=0 sleep_us=10173430 queue_ms=41
fps: 16.7
vis: 50.0
cpu: exceptions=33268 cacheResets=1 batches=40669 verts=838752 texStalls=0 recompiles=1775 underruns=4 overruns=0 sleep_us=10476312 queue_ms=37
vis: 50.0
cpu: exceptions=34259 cacheResets=1 batches=42021 verts=866304 texStalls=0 recompiles=1787 underruns=4 overruns=0 sleep_us=10779223 queue_ms=44
fps: 16.7
vis: 50.0
cpu: exceptions=35250 cacheResets=1 batches=43373 verts=893856 texStalls=0 recompiles=1787 underruns=4 overruns=0 sleep_us=11077675 queue_ms=40
fps: 16.4
vis: 50.0
cpu: exceptions=36242 cacheResets=1 batches=44894 verts=924852 texStalls=0 recompiles=1787 underruns=4 overruns=0 sleep_us=11373755 queue_ms=37
fps: 16.7
vis: 50.0
cpu: exceptions=38028 cacheResets=1 batches=45401 verts=935184 texStalls=0 recompiles=1876 underruns=4 overruns=0 sleep_us=11684776 queue_ms=35
fps: 2.8
vis: 50.0
cpu: exceptions=39201 cacheResets=1 batches=46886 verts=944094 texStalls=0 recompiles=1909 underruns=4 overruns=0 sleep_us=11910507 queue_ms=33
fps: 53.9
vis: 50.0
cpu: exceptions=39660 cacheResets=1 batches=50284 verts=964482 texStalls=0 recompiles=1932 underruns=4 overruns=0 sleep_us=12122197 queue_ms=19
fps: 50.0
vis: 50.0
cpu: exceptions=40090 cacheResets=1 batches=53684 verts=984882 texStalls=0 recompiles=1933 underruns=4 overruns=0 sleep_us=12331226 queue_ms=16
fps: 50.0
vis: 50.0
cpu: exceptions=40508 cacheResets=1 batches=57084 verts=1005282 texStalls=0 recompiles=1933 underruns=4 overruns=0 sleep_us=12538083 queue_ms=22
fps: 50.0
vis: 50.0
cpu: exceptions=40914 cacheResets=1 batches=60484 verts=1025682 texStalls=0 recompiles=1933 underruns=4 overruns=0 sleep_us=12767399 queue_ms=19
fps: 50.0
vis: 50.0
cpu: exceptions=41314 cacheResets=1 batches=63884 verts=1046082 texStalls=0 recompiles=1933 underruns=4 overruns=0 sleep_us=12980879 queue_ms=26
fps: 50.0
vis: 50.0
cpu: exceptions=41714 cacheResets=1 batches=67284 verts=1066482 texStalls=0 recompiles=1933 underruns=4 overruns=0 sleep_us=13199593 queue_ms=23
fps: 50.0
vis: 50.0
cpu: exceptions=42114 cacheResets=1 batches=70684 verts=1086882 texStalls=0 recompiles=1933 underruns=4 overruns=0 sleep_us=13425009 queue_ms=29
fps: 50.0
vis: 50.0
cpu: exceptions=42514 cacheResets=1 batches=74084 verts=1107282 texStalls=0 recompiles=1933 underruns=4 overruns=0 sleep_us=13648887 queue_ms=26
fps: 50.0
vis: 50.0
cpu: exceptions=42914 cacheResets=1 batches=77484 verts=1127682 texStalls=0 recompiles=1933 underruns=4 overruns=0 sleep_us=13880428 queue_ms=31
fps: 50.0
vis: 50.0
cpu: exceptions=43314 cacheResets=1 batches=80884 verts=1148082 texStalls=0 recompiles=1933 underruns=4 overruns=0 sleep_us=14116934 queue_ms=29
fps: 50.0
vis: 50.0
cpu: exceptions=43714 cacheResets=1 batches=84284 verts=1168482 texStalls=0 recompiles=1933 underruns=4 overruns=0 sleep_us=14348248 queue_ms=25
fps: 50.0
vis: 50.0
cpu: exceptions=44114 cacheResets=1 batches=87684 verts=1188882 texStalls=0 recompiles=1933 underruns=4 overruns=0 sleep_us=14577477 queue_ms=32
fps: 50.0
vis: 50.0
cpu: exceptions=44514 cacheResets=1 batches=91084 verts=1209282 texStalls=0 recompiles=1933 underruns=4 overruns=0 sleep_us=14802670 queue_ms=30
fps: 50.0
vis: 50.0
cpu: exceptions=44914 cacheResets=1 batches=94484 verts=1229682 texStalls=0 recompiles=1933 underruns=4 overruns=0 sleep_us=15028274 queue_ms=35
fps: 50.0
vis: 50.0
cpu: exceptions=45314 cacheResets=1 batches=97884 verts=1250082 texStalls=0 recompiles=1933 underruns=4 overruns=0 sleep_us=15259112 queue_ms=33
fps: 50.0
vis: 50.0
cpu: exceptions=45714 cacheResets=1 batches=101284 verts=1270482 texStalls=0 recompiles=1933 underruns=4 overruns=0 sleep_us=15496403 queue_ms=29
fps: 50.0
vis: 50.0
cpu: exceptions=46114 cacheResets=1 batches=104684 verts=1290882 texStalls=0 recompiles=1933 underruns=4 overruns=0 sleep_us=15730625 queue_ms=34
fps: 48.7
vis: 50.0
cpu: exceptions=46514 cacheResets=1 batches=108084 verts=1311282 texStalls=0 recompiles=1933 underruns=4 overruns=0 sleep_us=15960414 queue_ms=24
fps: 50.0
vis: 50.0
cpu: exceptions=46914 cacheResets=1 batches=111484 verts=1331682 texStalls=0 recompiles=1933 underruns=4 overruns=0 sleep_us=16187334 queue_ms=19
fps: 49.7
vis: 50.0
cpu: exceptions=47321 cacheResets=1 batches=116086 verts=1359366 texStalls=0 recompiles=1947 underruns=4 overruns=0 sleep_us=16359349 queue_ms=27
fps: 50.1
vis: 50.0
cpu: exceptions=47733 cacheResets=1 batches=121211 verts=1390266 texStalls=0 recompiles=1947 underruns=4 overruns=0 sleep_us=16531791 queue_ms=25
fps: 50.0
vis: 50.0
cpu: exceptions=48141 cacheResets=1 batches=126336 verts=1421166 texStalls=0 recompiles=1947 underruns=4 overruns=0 sleep_us=16716869 queue_ms=29
fps: 50.0
vis: 50.0
cpu: exceptions=48541 cacheResets=1 batches=131461 verts=1452066 texStalls=0 recompiles=1947 underruns=4 overruns=0 sleep_us=16905778 queue_ms=28
fps: 50.0
vis: 50.0
cpu: exceptions=48941 cacheResets=1 batches=136586 verts=1482966 texStalls=0 recompiles=1947 underruns=4 overruns=0 sleep_us=17089141 queue_ms=32
fps: 50.0
vis: 50.0
cpu: exceptions=49341 cacheResets=1 batches=141711 verts=1513866 texStalls=0 recompiles=1947 underruns=4 overruns=0 sleep_us=17264544 queue_ms=29
fps: 50.0
vis: 50.0
cpu: exceptions=49741 cacheResets=1 batches=146836 verts=1544766 texStalls=0 recompiles=1947 underruns=4 overruns=0 sleep_us=17438467 queue_ms=37
fps: 50.0
vis: 50.0
cpu: exceptions=50141 cacheResets=1 batches=151961 verts=1575666 texStalls=0 recompiles=1947 underruns=4 overruns=0 sleep_us=17614279 queue_ms=32
fps: 50.0
vis: 50.0
cpu: exceptions=50541 cacheResets=1 batches=157086 verts=1606566 texStalls=0 recompiles=1947 underruns=4 overruns=0 sleep_us=17794660 queue_ms=40
fps: 50.0
vis: 50.0
cpu: exceptions=50941 cacheResets=1 batches=162211 verts=1637466 texStalls=0 recompiles=1947 underruns=4 overruns=0 sleep_us=17976893 queue_ms=37
fps: 50.0
vis: 50.0
cpu: exceptions=51341 cacheResets=1 batches=167336 verts=1668366 texStalls=0 recompiles=1947 underruns=4 overruns=0 sleep_us=18154202 queue_ms=32
fps: 50.0
vis: 50.0
cpu: exceptions=51741 cacheResets=1 batches=172461 verts=1699266 texStalls=0 recompiles=1947 underruns=4 overruns=0 sleep_us=18325849 queue_ms=40
fps: 50.0
vis: 50.0
cpu: exceptions=52142 cacheResets=1 batches=177586 verts=1730166 texStalls=0 recompiles=1947 underruns=4 overruns=0 sleep_us=18492276 queue_ms=35
fps: 50.0
vis: 50.0
cpu: exceptions=52544 cacheResets=1 batches=182711 verts=1761066 texStalls=0 recompiles=1947 underruns=4 overruns=0 sleep_us=18659550 queue_ms=42
fps: 50.0
vis: 50.0
cpu: exceptions=52944 cacheResets=1 batches=187836 verts=1791966 texStalls=0 recompiles=1947 underruns=4 overruns=0 sleep_us=18838031 queue_ms=40
fps: 50.0
vis: 50.0
cpu: exceptions=53344 cacheResets=1 batches=192961 verts=1822866 texStalls=0 recompiles=1947 underruns=4 overruns=0 sleep_us=19019343 queue_ms=45
fps: 50.0
vis: 50.0
cpu: exceptions=53744 cacheResets=1 batches=198086 verts=1853766 texStalls=0 recompiles=1947 underruns=4 overruns=0 sleep_us=19195700 queue_ms=44
fps: 50.0
vis: 50.0
cpu: exceptions=54144 cacheResets=1 batches=203211 verts=1884666 texStalls=0 recompiles=1947 underruns=4 overruns=0 sleep_us=19366937 queue_ms=40
fps: 48.7
vis: 50.0
cpu: exceptions=54544 cacheResets=1 batches=208336 verts=1915566 texStalls=0 recompiles=1947 underruns=4 overruns=0 sleep_us=19537380 queue_ms=36
fps: 50.0
vis: 50.0
cpu: exceptions=54944 cacheResets=1 batches=213461 verts=1946466 texStalls=0 recompiles=1947 underruns=4 overruns=0 sleep_us=19709567 queue_ms=34
fps: 50.0
vis: 50.0
cpu: exceptions=55344 cacheResets=1 batches=218586 verts=1977366 texStalls=0 recompiles=1947 underruns=4 overruns=0 sleep_us=19886654 queue_ms=30
fps: 50.0
vis: 50.0
cpu: exceptions=55744 cacheResets=1 batches=223711 verts=2008266 texStalls=0 recompiles=1947 underruns=4 overruns=0 sleep_us=20068514 queue_ms=37
fps: 50.0
vis: 50.0
cpu: exceptions=56144 cacheResets=1 batches=228836 verts=2039166 texStalls=0 recompiles=1947 underruns=4 overruns=0 sleep_us=20245723 queue_ms=34
fps: 50.0
vis: 50.0
cpu: exceptions=56544 cacheResets=1 batches=233961 verts=2070066 texStalls=0 recompiles=1947 underruns=4 overruns=0 sleep_us=20416073 queue_ms=40
fps: 50.0
vis: 50.0
cpu: exceptions=56946 cacheResets=1 batches=239085 verts=2100894 texStalls=0 recompiles=1948 underruns=4 overruns=0 sleep_us=20582059 queue_ms=38
fps: 50.0
vis: 50.0
cpu: exceptions=57349 cacheResets=1 batches=244210 verts=2131644 texStalls=0 recompiles=1948 underruns=4 overruns=0 sleep_us=20745549 queue_ms=43
fps: 50.0
vis: 50.0
cpu: exceptions=57750 cacheResets=1 batches=249335 verts=2162394 texStalls=0 recompiles=1948 underruns=4 overruns=0 sleep_us=20918782 queue_ms=40
fps: 50.0
vis: 50.0
cpu: exceptions=58150 cacheResets=1 batches=254460 verts=2193144 texStalls=0 recompiles=1948 underruns=4 overruns=0 sleep_us=21103656 queue_ms=46
fps: 50.0
vis: 50.0
cpu: exceptions=58550 cacheResets=1 batches=259585 verts=2223894 texStalls=0 recompiles=1948 underruns=4 overruns=0 sleep_us=21282009 queue_ms=43
fps: 50.0
vis: 50.0
cpu: exceptions=58950 cacheResets=1 batches=264710 verts=2254644 texStalls=0 recompiles=1948 underruns=4 overruns=0 sleep_us=21457180 queue_ms=50
fps: 50.0
vis: 50.0
cpu: exceptions=59350 cacheResets=1 batches=269835 verts=2285394 texStalls=0 recompiles=1949 underruns=4 overruns=0 sleep_us=21632040 queue_ms=46
fps: 50.0
vis: 50.0
cpu: exceptions=59750 cacheResets=1 batches=274960 verts=2316144 texStalls=0 recompiles=1949 underruns=4 overruns=0 sleep_us=21807763 queue_ms=44
fps: 50.0
vis: 50.0
cpu: exceptions=60150 cacheResets=1 batches=280085 verts=2346894 texStalls=0 recompiles=1949 underruns=4 overruns=0 sleep_us=21992696 queue_ms=50
fps: 50.0
vis: 50.0
cpu: exceptions=60550 cacheResets=1 batches=285210 verts=2377644 texStalls=0 recompiles=1949 underruns=4 overruns=0 sleep_us=22182202 queue_ms=46
fps: 50.0
vis: 50.0
cpu: exceptions=60950 cacheResets=1 batches=290335 verts=2408394 texStalls=0 recompiles=1949 underruns=4 overruns=0 sleep_us=22368237 queue_ms=53
fps: 50.0
vis: 50.0
cpu: exceptions=61350 cacheResets=1 batches=295460 verts=2439144 texStalls=0 recompiles=1949 underruns=4 overruns=0 sleep_us=22550880 queue_ms=49
fps: 49.9
vis: 50.0
cpu: exceptions=62011 cacheResets=1 batches=301399 verts=2474778 texStalls=0 recompiles=1957 underruns=4 overruns=0 sleep_us=22682596 queue_ms=46
fps: 50.0
vis: 50.0
cpu: exceptions=62413 cacheResets=1 batches=308374 verts=2516628 texStalls=0 recompiles=1957 underruns=4 overruns=0 sleep_us=22807427 queue_ms=54
fps: 48.7
vis: 50.0
cpu: exceptions=62814 cacheResets=1 batches=315349 verts=2558478 texStalls=0 recompiles=1957 underruns=4 overruns=0 sleep_us=22941921 queue_ms=42
fps: 50.0
vis: 50.0
cpu: exceptions=63214 cacheResets=1 batches=322324 verts=2600328 texStalls=0 recompiles=1957 underruns=4 overruns=0 sleep_us=23086289 queue_ms=38
fps: 50.3
vis: 50.0
cpu: exceptions=63614 cacheResets=1 batches=328059 verts=2634738 texStalls=0 recompiles=1958 underruns=4 overruns=0 sleep_us=23263160 queue_ms=45
fps: 50.0
vis: 50.0
cpu: exceptions=64014 cacheResets=1 batches=331934 verts=2657988 texStalls=0 recompiles=1958 underruns=4 overruns=0 sleep_us=23487765 queue_ms=40
fps: 50.0
vis: 50.0
cpu: exceptions=64414 cacheResets=1 batches=335809 verts=2681238 texStalls=0 recompiles=1958 underruns=4 overruns=0 sleep_us=23708594 queue_ms=47
fps: 50.0
vis: 50.0
cpu: exceptions=64814 cacheResets=1 batches=339684 verts=2704488 texStalls=0 recompiles=1958 underruns=4 overruns=0 sleep_us=23929264 queue_ms=44
fps: 50.0
vis: 50.0
cpu: exceptions=65214 cacheResets=1 batches=343559 verts=2727738 texStalls=0 recompiles=1958 underruns=4 overruns=0 sleep_us=24154420 queue_ms=50
fps: 50.0
vis: 50.0
cpu: exceptions=65614 cacheResets=1 batches=347434 verts=2750988 texStalls=0 recompiles=1958 underruns=4 overruns=0 sleep_us=24385501 queue_ms=49
fps: 50.0
vis: 50.0
cpu: exceptions=66014 cacheResets=1 batches=351309 verts=2774238 texStalls=0 recompiles=1958 underruns=4 overruns=0 sleep_us=24616549 queue_ms=54
fps: 50.0
vis: 50.0
cpu: exceptions=66414 cacheResets=1 batches=355184 verts=2797488 texStalls=0 recompiles=1958 underruns=4 overruns=0 sleep_us=24842762 queue_ms=51
fps: 50.0
vis: 50.0
cpu: exceptions=66815 cacheResets=1 batches=359050 verts=2820684 texStalls=0 recompiles=1966 underruns=4 overruns=0 sleep_us=25055373 queue_ms=57
fps: 50.0
vis: 50.0
cpu: exceptions=67216 cacheResets=1 batches=362925 verts=2843934 texStalls=0 recompiles=1966 underruns=4 overruns=0 sleep_us=25270299 queue_ms=53
fps: 50.0
vis: 50.0
cpu: exceptions=67616 cacheResets=1 batches=366800 verts=2867184 texStalls=0 recompiles=1966 underruns=4 overruns=0 sleep_us=25491685 queue_ms=51
fps: 50.0
vis: 50.0
cpu: exceptions=68016 cacheResets=1 batches=370675 verts=2890434 texStalls=0 recompiles=1966 underruns=4 overruns=0 sleep_us=25722478 queue_ms=56
fps: 50.0
vis: 50.0
cpu: exceptions=68416 cacheResets=1 batches=374550 verts=2913684 texStalls=0 recompiles=1966 underruns=4 overruns=0 sleep_us=25956080 queue_ms=54
fps: 50.0
vis: 50.0
cpu: exceptions=68816 cacheResets=1 batches=378425 verts=2936934 texStalls=0 recompiles=1966 underruns=4 overruns=0 sleep_us=26181701 queue_ms=61
fps: 50.0
vis: 50.0
cpu: exceptions=69216 cacheResets=1 batches=382300 verts=2960184 texStalls=0 recompiles=1966 underruns=4 overruns=0 sleep_us=26399731 queue_ms=57
fps: 50.0
vis: 50.0
cpu: exceptions=69616 cacheResets=1 batches=386175 verts=2983434 texStalls=0 recompiles=1966 underruns=4 overruns=0 sleep_us=26616841 queue_ms=64
fps: 50.0
vis: 50.0
cpu: exceptions=70016 cacheResets=1 batches=390050 verts=3006684 texStalls=0 recompiles=1966 underruns=4 overruns=0 sleep_us=26833927 queue_ms=60
fps: 50.0
vis: 50.0
cpu: exceptions=70416 cacheResets=1 batches=393925 verts=3029934 texStalls=0 recompiles=1966 underruns=4 overruns=0 sleep_us=27055893 queue_ms=57
fps: 48.7
vis: 50.0
cpu: exceptions=70816 cacheResets=1 batches=397800 verts=3053184 texStalls=0 recompiles=1966 underruns=4 overruns=0 sleep_us=27281096 queue_ms=55
fps: 50.0
vis: 50.0
cpu: exceptions=71216 cacheResets=1 batches=401675 verts=3076434 texStalls=0 recompiles=1966 underruns=4 overruns=0 sleep_us=27501281 queue_ms=51
fps: 50.0
vis: 50.0
cpu: exceptions=71790 cacheResets=1 batches=405076 verts=3096840 texStalls=0 recompiles=1971 underruns=4 overruns=0 sleep_us=27706374 queue_ms=49
vis: 50.0
cpu: exceptions=72714 cacheResets=1 batches=405076 verts=3096840 texStalls=0 recompiles=1971 underruns=4 overruns=0 sleep_us=27943305 queue_ms=53
vis: 50.0
cpu: exceptions=74207 cacheResets=1 batches=405076 verts=3096840 texStalls=0 recompiles=2000 underruns=4 overruns=0 sleep_us=28169107 queue_ms=52
fps: 2.3
vis: 50.0
cpu: exceptions=74753 cacheResets=1 batches=407192 verts=3152394 texStalls=0 recompiles=2272 underruns=6 overruns=0 sleep_us=28345092 queue_ms=87
fps: 19.6
vis: 50.0
cpu: exceptions=75144 cacheResets=1 batches=409808 verts=3222570 texStalls=0 recompiles=2272 underruns=6 overruns=0 sleep_us=28656718 queue_ms=84
fps: 16.7
vis: 50.0
cpu: exceptions=75537 cacheResets=1 batches=412751 verts=3301518 texStalls=0 recompiles=2272 underruns=6 overruns=0 sleep_us=28950457 queue_ms=91
fps: 16.7
vis: 50.0
cpu: exceptions=75928 cacheResets=1 batches=415367 verts=3371694 texStalls=0 recompiles=2272 underruns=6 overruns=0 sleep_us=29262324 queue_ms=88
fps: 16.7
vis: 50.0
cpu: exceptions=76319 cacheResets=1 batches=417847 verts=3436638 texStalls=0 recompiles=2273 underruns=6 overruns=0 sleep_us=29587884 queue_ms=93
fps: 16.6
vis: 49.4
cpu: exceptions=76713 cacheResets=1 batches=420589 verts=3507738 texStalls=0 recompiles=2281 underruns=6 overruns=0 sleep_us=29893607 queue_ms=83
fps: 16.5
vis: 50.0
cpu: exceptions=77104 cacheResets=1 batches=423171 verts=3576606 texStalls=0 recompiles=2287 underruns=6 overruns=0 sleep_us=30208462 queue_ms=87
fps: 16.7
vis: 50.0
cpu: exceptions=77586 cacheResets=1 batches=425515 verts=3636318 texStalls=0 recompiles=2312 underruns=6 overruns=0 sleep_us=30501936 queue_ms=85
fps: 16.6
vis: 49.9
cpu: exceptions=77979 cacheResets=1 batches=428424 verts=3713958 texStalls=0 recompiles=2312 underruns=6 overruns=0 sleep_us=30785443 queue_ms=90
vis: 50.0
cpu: exceptions=78370 cacheResets=1 batches=431040 verts=3784134 texStalls=0 recompiles=2319 underruns=6 overruns=0 sleep_us=31086022 queue_ms=88
fps: 16.6
vis: 50.0
cpu: exceptions=78761 cacheResets=1 batches=433656 verts=3854310 texStalls=0 recompiles=2319 underruns=6 overruns=0 sleep_us=31386949 queue_ms=85
fps: 16.7
vis: 49.9
cpu: exceptions=79154 cacheResets=1 batches=436599 verts=3933258 texStalls=0 recompiles=2319 underruns=6 overruns=0 sleep_us=31669633 queue_ms=91
fps: 16.6
vis: 50.0
cpu: exceptions=79545 cacheResets=1 batches=439215 verts=4003434 texStalls=0 recompiles=2319 underruns=6 overruns=0 sleep_us=31970586 queue_ms=88
fps: 16.7
vis: 50.0
cpu: exceptions=79936 cacheResets=1 batches=441831 verts=4073610 texStalls=0 recompiles=2319 underruns=6 overruns=0 sleep_us=32271698 queue_ms=93
fps: 16.7
vis: 49.9
cpu: exceptions=80329 cacheResets=1 batches=444774 verts=4152558 texStalls=0 recompiles=2319 underruns=6 overruns=0 sleep_us=32554486 queue_ms=92
fps: 16.4
vis: 50.0
cpu: exceptions=80720 cacheResets=1 batches=447390 verts=4222734 texStalls=0 recompiles=2319 underruns=6 overruns=0 sleep_us=32855519 queue_ms=79
fps: 16.7
vis: 50.0
cpu: exceptions=81111 cacheResets=1 batches=450006 verts=4292910 texStalls=0 recompiles=2319 underruns=6 overruns=0 sleep_us=33156586 queue_ms=86
fps: 16.7
vis: 49.9
cpu: exceptions=81504 cacheResets=1 batches=452949 verts=4371858 texStalls=0 recompiles=2319 underruns=6 overruns=0 sleep_us=33439462 queue_ms=84
fps: 16.6
vis: 50.0
cpu: exceptions=81895 cacheResets=1 batches=455565 verts=4442034 texStalls=0 recompiles=2319 underruns=6 overruns=0 sleep_us=33740612 queue_ms=88
fps: 16.7
vis: 50.0
cpu: exceptions=82286 cacheResets=1 batches=458181 verts=4512210 texStalls=0 recompiles=2319 underruns=6 overruns=0 sleep_us=34041826 queue_ms=87
fps: 16.7
vis: 49.9
cpu: exceptions=82679 cacheResets=1 batches=461124 verts=4591158 texStalls=0 recompiles=2319 underruns=6 overruns=0 sleep_us=34324868 queue_ms=82
fps: 16.7
vis: 50.0
cpu: exceptions=83070 cacheResets=1 batches=463740 verts=4661334 texStalls=0 recompiles=2331 underruns=6 overruns=0 sleep_us=34633210 queue_ms=90
vis: 50.0
cpu: exceptions=83461 cacheResets=1 batches=466356 verts=4731510 texStalls=0 recompiles=2331 underruns=6 overruns=0 sleep_us=34947701 queue_ms=85
fps: 16.7
vis: 50.0
cpu: exceptions=83855 cacheResets=1 batches=469299 verts=4810458 texStalls=0 recompiles=2331 underruns=6 overruns=0 sleep_us=35244036 queue_ms=92
fps: 16.7
vis: 50.0
cpu: exceptions=84246 cacheResets=1 batches=471915 verts=4880634 texStalls=0 recompiles=2331 underruns=6 overruns=0 sleep_us=35558090 queue_ms=89
fps: 16.7
vis: 50.0
cpu: exceptions=84723 cacheResets=1 batches=474531 verts=4950810 texStalls=0 recompiles=2331 underruns=6 overruns=0 sleep_us=35858801 queue_ms=96
fps: 16.6
vis: 49.9
cpu: exceptions=85116 cacheResets=1 batches=477474 verts=5029758 texStalls=0 recompiles=2331 underruns=6 overruns=0 sleep_us=36142350 queue_ms=92
fps: 16.6
vis: 50.0
cpu: exceptions=85507 cacheResets=1 batches=480090 verts=5099934 texStalls=0 recompiles=2331 underruns=6 overruns=0 sleep_us=36444163 queue_ms=90
fps: 16.7
vis: 50.0
cpu: exceptions=85898 cacheResets=1 batches=482706 verts=5170110 texStalls=0 recompiles=2331 underruns=6 overruns=0 sleep_us=36746081 queue_ms=95
fps: 16.7
vis: 49.9
cpu: exceptions=86291 cacheResets=1 batches=485781 verts=5249058 texStalls=0 recompiles=2331 underruns=6 overruns=0 sleep_us=37029387 queue_ms=93
fps: 16.6
vis: 50.0
cpu: exceptions=86682 cacheResets=1 batches=488749 verts=5319234 texStalls=0 recompiles=2331 underruns=6 overruns=0 sleep_us=37329846 queue_ms=97
fps: 16.7
vis: 50.0
cpu: exceptions=87073 cacheResets=1 batches=491681 verts=5389410 texStalls=0 recompiles=2331 underruns=6 overruns=0 sleep_us=37630349 queue_ms=96
fps: 16.7
vis: 49.9
cpu: exceptions=87466 cacheResets=1 batches=494989 verts=5468358 texStalls=0 recompiles=2331 underruns=6 overruns=0 sleep_us=37912619 queue_ms=93
fps: 16.6
vis: 50.0
cpu: exceptions=87857 cacheResets=1 batches=497922 verts=5538534 texStalls=0 recompiles=2331 underruns=6 overruns=0 sleep_us=38213094 queue_ms=99
fps: 16.7
vis: 50.0
cpu: exceptions=88248 cacheResets=1 batches=500888 verts=5608710 texStalls=0 recompiles=2331 underruns=6 overruns=0 sleep_us=38513861 queue_ms=96
fps: 16.3
vis: 49.9
cpu: exceptions=88641 cacheResets=1 batches=504227 verts=5687658 texStalls=0 recompiles=2331 underruns=6 overruns=0 sleep_us=38796449 queue_ms=83
vis: 50.0
cpu: exceptions=89032 cacheResets=1 batches=507177 verts=5757834 texStalls=0 recompiles=2331 underruns=6 overruns=0 sleep_us=39097144 queue_ms=90
fps: 16.6
vis: 50.0
cpu: exceptions=89423 cacheResets=1 batches=510108 verts=5828010 texStalls=0 recompiles=2331 underruns=6 overruns=0 sleep_us=39397987 queue_ms=86
fps: 16.7
vis: 49.9
cpu: exceptions=89816 cacheResets=1 batches=513409 verts=5906958 texStalls=0 recompiles=2331 underruns=6 overruns=0 sleep_us=39680382 queue_ms=85
fps: 16.6
vis: 50.0
cpu: exceptions=90207 cacheResets=1 batches=516365 verts=5977134 texStalls=0 recompiles=2331 underruns=6 overruns=0 sleep_us=39990015 queue_ms=89
fps: 16.7
vis: 50.0
cpu: exceptions=90598 cacheResets=1 batches=519157 verts=6047310 texStalls=0 recompiles=2331 underruns=6 overruns=0 sleep_us=40303847 queue_ms=88
fps: 16.7
vis: 50.0
cpu: exceptions=90992 cacheResets=1 batches=522100 verts=6126258 texStalls=0 recompiles=2331 underruns=6 overruns=0 sleep_us=40599827 queue_ms=93
fps: 16.7
vis: 50.0
cpu: exceptions=91383 cacheResets=1 batches=524724 verts=6196434 texStalls=0 recompiles=2331 underruns=6 overruns=0 sleep_us=40913312 queue_ms=91
fps: 16.6
vis: 50.0
cpu: exceptions=91864 cacheResets=1 batches=527340 verts=6266610 texStalls=0 recompiles=2331 underruns=6 overruns=0 sleep_us=41211601 queue_ms=96
fps: 16.7
vis: 49.9
cpu: exceptions=92257 cacheResets=1 batches=530283 verts=6345558 texStalls=0 recompiles=2331 underruns=6 overruns=0 sleep_us=41492610 queue_ms=93
fps: 16.6
vis: 50.0
cpu: exceptions=92648 cacheResets=1 batches=532899 verts=6415734 texStalls=0 recompiles=2331 underruns=6 overruns=0 sleep_us=41791825 queue_ms=100
fps: 16.7
vis: 50.0
cpu: exceptions=93039 cacheResets=1 batches=535515 verts=6485910 texStalls=0 recompiles=2331 underruns=6 overruns=0 sleep_us=42091123 queue_ms=97
fps: 16.7
vis: 49.9
cpu: exceptions=93432 cacheResets=1 batches=538458 verts=6564858 texStalls=0 recompiles=2331 underruns=6 overruns=0 sleep_us=42372163 queue_ms=95
fps: 16.6
vis: 50.0
cpu: exceptions=93823 cacheResets=1 batches=541074 verts=6635034 texStalls=0 recompiles=2331 underruns=6 overruns=0 sleep_us=42671161 queue_ms=99
vis: 50.0
cpu: exceptions=94214 cacheResets=1 batches=543690 verts=6705210 texStalls=0 recompiles=2331 underruns=6 overruns=0 sleep_us=42970387 queue_ms=97
fps: 16.7
vis: 49.9
cpu: exceptions=94607 cacheResets=1 batches=546633 verts=6784158 texStalls=0 recompiles=2331 underruns=6 overruns=0 sleep_us=43251251 queue_ms=93
fps: 16.6
vis: 50.0
cpu: exceptions=94998 cacheResets=1 batches=549249 verts=6854334 texStalls=0 recompiles=2331 underruns=6 overruns=0 sleep_us=43550430 queue_ms=101
fps: 16.7
vis: 50.0
cpu: exceptions=95389 cacheResets=1 batches=551865 verts=6924510 texStalls=0 recompiles=2331 underruns=6 overruns=0 sleep_us=43849550 queue_ms=96
fps: 16.7
vis: 49.9
cpu: exceptions=95782 cacheResets=1 batches=554808 verts=7003458 texStalls=0 recompiles=2331 underruns=6 overruns=0 sleep_us=44130608 queue_ms=95
fps: 16.6
vis: 50.0
cpu: exceptions=96173 cacheResets=1 batches=557424 verts=7073634 texStalls=0 recompiles=2331 underruns=6 overruns=0 sleep_us=44430144 queue_ms=100
fps: 16.3
vis: 50.0
cpu: exceptions=96564 cacheResets=1 batches=560040 verts=7143810 texStalls=0 recompiles=2331 underruns=6 overruns=0 sleep_us=44729519 queue_ms=89
fps: 16.7
vis: 49.9
cpu: exceptions=96957 cacheResets=1 batches=562983 verts=7222758 texStalls=0 recompiles=2331 underruns=6 overruns=0 sleep_us=45010632 queue_ms=85
fps: 16.7
vis: 50.0
cpu: exceptions=97348 cacheResets=1 batches=565599 verts=7292934 texStalls=0 recompiles=2331 underruns=6 overruns=0 sleep_us=45318842 queue_ms=91
fps: 16.7
vis: 50.0
cpu: exceptions=97739 cacheResets=1 batches=568215 verts=7363110 texStalls=0 recompiles=2331 underruns=6 overruns=0 sleep_us=45631317 queue_ms=88
fps: 16.7
vis: 50.0
cpu: exceptions=98133 cacheResets=1 batches=571158 verts=7442058 texStalls=0 recompiles=2331 underruns=6 overruns=0 sleep_us=45926339 queue_ms=94
fps: 16.7
vis: 50.0
cpu: exceptions=98524 cacheResets=1 batches=573774 verts=7512234 texStalls=0 recompiles=2331 underruns=6 overruns=0 sleep_us=46240531 queue_ms=92
fps: 16.6
vis: 50.0
cpu: exceptions=98964 cacheResets=1 batches=576390 verts=7582410 texStalls=0 recompiles=2331 underruns=6 overruns=0 sleep_us=46546570 queue_ms=98
fps: 16.7
vis: 50.0
cpu: exceptions=99357 cacheResets=1 batches=579333 verts=7661358 texStalls=0 recompiles=2331 underruns=6 overruns=0 sleep_us=46834615 queue_ms=96
vis: 50.0
cpu: exceptions=99748 cacheResets=1 batches=581949 verts=7731534 texStalls=0 recompiles=2331 underruns=6 overruns=0 sleep_us=47141054 queue_ms=91
fps: 16.7
vis: 50.0
cpu: exceptions=100139 cacheResets=1 batches=584565 verts=7801710 texStalls=0 recompiles=2331 underruns=6 overruns=0 sleep_us=47446432 queue_ms=98
fps: 16.7
vis: 49.9
cpu: exceptions=100532 cacheResets=1 batches=587508 verts=7880658 texStalls=0 recompiles=2331 underruns=6 overruns=0 sleep_us=47732246 queue_ms=94
fps: 16.6
vis: 50.0
cpu: exceptions=100923 cacheResets=1 batches=590124 verts=7950834 texStalls=0 recompiles=2331 underruns=6 overruns=0 sleep_us=48036223 queue_ms=102
fps: 16.7
vis: 50.0
cpu: exceptions=101314 cacheResets=1 batches=592740 verts=8021010 texStalls=0 recompiles=2331 underruns=6 overruns=0 sleep_us=48340358 queue_ms=97
fps: 16.7
vis: 49.9
cpu: exceptions=101707 cacheResets=1 batches=595683 verts=8099958 texStalls=0 recompiles=2331 underruns=6 overruns=0 sleep_us=48626191 queue_ms=96
fps: 16.7
vis: 50.0
cpu: exceptions=102098 cacheResets=1 batches=598299 verts=8170134 texStalls=0 recompiles=2331 underruns=6 overruns=0 sleep_us=48931599 queue_ms=101
fps: 16.7
vis: 50.0
cpu: exceptions=102489 cacheResets=1 batches=600915 verts=8240310 texStalls=0 recompiles=2331 underruns=6 overruns=0 sleep_us=49237623 queue_ms=99
fps: 16.7
vis: 50.0
cpu: exceptions=102882 cacheResets=1 batches=603858 verts=8319258 texStalls=0 recompiles=2331 underruns=6 overruns=0 sleep_us=49525645 queue_ms=104
fps: 16.7
vis: 50.0
cpu: exceptions=103273 cacheResets=1 batches=606474 verts=8389434 texStalls=0 recompiles=2331 underruns=6 overruns=0 sleep_us=49831901 queue_ms=102
fps: 16.7
vis: 50.0
cpu: exceptions=103664 cacheResets=1 batches=609090 verts=8459610 texStalls=0 recompiles=2331 underruns=6 overruns=0 sleep_us=50138316 queue_ms=107
fps: 16.7
vis: 50.0
cpu: exceptions=104057 cacheResets=1 batches=612033 verts=8538558 texStalls=0 recompiles=2331 underruns=6 overruns=0 sleep_us=50433670 queue_ms=105
fps: 15.9
vis: 50.0
cpu: exceptions=104448 cacheResets=1 batches=614649 verts=8608734 texStalls=0 recompiles=2331 underruns=6 overruns=0 sleep_us=50748525 queue_ms=84
fps: 16.7
vis: 50.0
cpu: exceptions=104840 cacheResets=1 batches=617265 verts=8678910 texStalls=0 recompiles=2331 underruns=6 overruns=0 sleep_us=51062569 queue_ms=81
fps: 16.7
vis: 50.0
cpu: exceptions=105233 cacheResets=1 batches=620208 verts=8757858 texStalls=0 recompiles=2331 underruns=6 overruns=0 sleep_us=51358931 queue_ms=87
vis: 50.0
cpu: exceptions=105720 cacheResets=1 batches=622824 verts=8828034 texStalls=0 recompiles=2331 underruns=6 overruns=0 sleep_us=51654484 queue_ms=83
fps: 16.6
vis: 50.0
cpu: exceptions=106111 cacheResets=1 batches=625440 verts=8898210 texStalls=0 recompiles=2331 underruns=6 overruns=0 sleep_us=51954623 queue_ms=90
fps: 16.7
vis: 49.9
cpu: exceptions=106504 cacheResets=1 batches=628383 verts=8977158 texStalls=0 recompiles=2331 underruns=6 overruns=0 sleep_us=52236658 queue_ms=86
fps: 16.6
vis: 50.0
cpu: exceptions=106895 cacheResets=1 batches=630999 verts=9047334 texStalls=0 recompiles=2331 underruns=6 overruns=0 sleep_us=52536675 queue_ms=85
fps: 16.7
vis: 50.0
cpu: exceptions=107286 cacheResets=1 batches=633615 verts=9117510 texStalls=0 recompiles=2331 underruns=6 overruns=0 sleep_us=52836658 queue_ms=89
fps: 16.7
vis: 49.9
cpu: exceptions=107679 cacheResets=1 batches=636558 verts=9196458 texStalls=0 recompiles=2331 underruns=6 overruns=0 sleep_us=53118258 queue_ms=88
fps: 16.6
vis: 50.0
cpu: exceptions=108070 cacheResets=1 batches=639174 verts=9266634 texStalls=0 recompiles=2331 underruns=6 overruns=0 sleep_us=53417937 queue_ms=92
fps: 16.7
vis: 50.0
cpu: exceptions=108461 cacheResets=1 batches=641790 verts=9336810 texStalls=0 recompiles=2331 underruns=6 overruns=0 sleep_us=53717791 queue_ms=91
fps: 16.7
vis: 49.9
cpu: exceptions=108854 cacheResets=1 batches=644733 verts=9415758 texStalls=0 recompiles=2331 underruns=6 overruns=0 sleep_us=53999332 queue_ms=86
fps: 16.6
vis: 50.0
cpu: exceptions=109245 cacheResets=1 batches=647349 verts=9485934 texStalls=0 recompiles=2331 underruns=6 overruns=0 sleep_us=54299090 queue_ms=94
fps: 16.7
vis: 50.0
cpu: exceptions=109636 cacheResets=1 batches=649965 verts=9556110 texStalls=0 recompiles=2331 underruns=6 overruns=0 sleep_us=54599306 queue_ms=90
fps: 16.7
vis: 49.9
cpu: exceptions=110029 cacheResets=1 batches=652908 verts=9635058 texStalls=0 recompiles=2331 underruns=6 overruns=0 sleep_us=54881306 queue_ms=97
fps: 16.6
vis: 50.0
cpu: exceptions=110420 cacheResets=1 batches=655524 verts=9705234 texStalls=0 recompiles=2331 underruns=6 overruns=0 sleep_us=55181351 queue_ms=92
vis: 50.0
cpu: exceptions=110811 cacheResets=1 batches=658140 verts=9775410 texStalls=0 recompiles=2331 underruns=6 overruns=0 sleep_us=55481599 queue_ms=100
fps: 16.7
vis: 50.0
cpu: exceptions=111209 cacheResets=1 batches=661083 verts=9854358 texStalls=0 recompiles=2336 underruns=6 overruns=0 sleep_us=55762667 queue_ms=96
fps: 16.7
vis: 50.0
cpu: exceptions=111601 cacheResets=1 batches=663699 verts=9924534 texStalls=0 recompiles=2336 underruns=6 overruns=0 sleep_us=56063209 queue_ms=94
fps: 16.7
vis: 50.0
cpu: exceptions=111992 cacheResets=1 batches=666315 verts=9994710 texStalls=0 recompiles=2336 underruns=6 overruns=0 sleep_us=56376093 queue_ms=99
fps: 16.2
vis: 50.0
cpu: exceptions=112385 cacheResets=1 batches=669258 verts=10073658 texStalls=0 recompiles=2336 underruns=6 overruns=0 sleep_us=56671075 queue_ms=78
fps: 16.7
vis: 50.0
cpu: exceptions=112776 cacheResets=1 batches=671874 verts=10143834 texStalls=0 recompiles=2336 underruns=6 overruns=0 sleep_us=56983842 queue_ms=85
fps: 16.7
vis: 50.0
cpu: exceptions=113167 cacheResets=1 batches=674490 verts=10214010 texStalls=0 recompiles=2341 underruns=6 overruns=0 sleep_us=57295109 queue_ms=82
fps: 16.7
vis: 50.0
cpu: exceptions=113560 cacheResets=1 batches=677433 verts=10292958 texStalls=0 recompiles=2341 underruns=6 overruns=0 sleep_us=57590018 queue_ms=89
fps: 16.7
vis: 50.0
cpu: exceptions=114087 cacheResets=1 batches=680049 verts=10363134 texStalls=0 recompiles=2352 underruns=6 overruns=0 sleep_us=57895779 queue_ms=84
vis: 50.0
cpu: exceptions=114934 cacheResets=1 batches=680049 verts=10363134 texStalls=0 recompiles=2358 underruns=6 overruns=0 sleep_us=58176446 queue_ms=92
vis: 50.0
cpu: exceptions=116460 cacheResets=1 batches=680049 verts=10363134 texStalls=0 recompiles=2395 underruns=6 overruns=0 sleep_us=58437638 queue_ms=89
fps: 2.8
vis: 50.0
cpu: exceptions=117205 cacheResets=1 batches=681720 verts=10405938 texStalls=0 recompiles=2541 underruns=6 overruns=0 sleep_us=58633765 queue_ms=93
fps: 18.1
vis: 50.0
cpu: exceptions=117606 cacheResets=1 batches=684136 verts=10469250 texStalls=0 recompiles=2541 underruns=6 overruns=0 sleep_us=58944648 queue_ms=92
fps: 16.7
vis: 50.0
cpu: exceptions=118003 cacheResets=1 batches=686854 verts=10540476 texStalls=0 recompiles=2541 underruns=6 overruns=0 sleep_us=59232395 queue_ms=88
fps: 16.7
vis: 50.0
cpu: exceptions=118394 cacheResets=1 batches=689270 verts=10603788 texStalls=0 recompiles=2541 underruns=6 overruns=0 sleep_us=59546094 queue_ms=95
fps: 16.7
vis: 50.0
cpu: exceptions=118785 cacheResets=1 batches=691686 verts=10667100 texStalls=0 recompiles=2542 underruns=6 overruns=0 sleep_us=59833601 queue_ms=92
fps: 16.7
vis: 50.0
cpu: exceptions=119178 cacheResets=1 batches=694404 verts=10738326 texStalls=0 recompiles=2542 underruns=6 overruns=0 sleep_us=60116460 queue_ms=98
fps: 16.7
vis: 50.0
cpu: exceptions=119569 cacheResets=1 batches=696820 verts=10801638 texStalls=0 recompiles=2542 underruns=6 overruns=0 sleep_us=60418213 queue_ms=95
vis: 50.0
cpu: exceptions=119960 cacheResets=1 batches=699236 verts=10864950 texStalls=0 recompiles=2542 underruns=6 overruns=0 sleep_us=60733293 queue_ms=100
fps: 16.7
vis: 50.0
cpu: exceptions=120353 cacheResets=1 batches=701954 verts=10936176 texStalls=0 recompiles=2542 underruns=6 overruns=0 sleep_us=61034118 queue_ms=99
fps: 16.7
vis: 50.0
cpu: exceptions=120744 cacheResets=1 batches=704370 verts=10999488 texStalls=0 recompiles=2542 underruns=6 overruns=0 sleep_us=61348476 queue_ms=104
fps: 16.7
vis: 50.0
cpu: exceptions=121135 cacheResets=1 batches=706786 verts=11062800 texStalls=0 recompiles=2542 underruns=6 overruns=0 sleep_us=61666585 queue_ms=102
fps: 16.7
vis: 50.0
cpu: exceptions=121528 cacheResets=1 batches=709504 verts=11134026 texStalls=0 recompiles=2542 underruns=6 overruns=0 sleep_us=61963312 queue_ms=107
fps: 16.7
vis: 50.0
cpu: exceptions=121919 cacheResets=1 batches=711920 verts=11197338 texStalls=0 recompiles=2542 underruns=6 overruns=0 sleep_us=62273224 queue_ms=105
fps: 16.3
vis: 50.0
cpu: exceptions=122310 cacheResets=1 batches=714540 verts=11268498 texStalls=0 recompiles=2545 underruns=6 overruns=0 sleep_us=62549551 queue_ms=92
fps: 16.7
vis: 49.9
cpu: exceptions=122703 cacheResets=1 batches=717564 verts=11351496 texStalls=0 recompiles=2545 underruns=6 overruns=0 sleep_us=62819391 queue_ms=98
fps: 16.6
vis: 50.0
cpu: exceptions=123094 cacheResets=1 batches=720252 verts=11425272 texStalls=0 recompiles=2545 underruns=6 overruns=0 sleep_us=63102444 queue_ms=95
fps: 16.7
vis: 50.0
cpu: exceptions=123485 cacheResets=1 batches=722940 verts=11499048 texStalls=0 recompiles=2545 underruns=6 overruns=0 sleep_us=63389336 queue_ms=94
fps: 16.7
vis: 49.9
cpu: exceptions=123878 cacheResets=1 batches=725964 verts=11582046 texStalls=0 recompiles=2545 underruns=6 overruns=0 sleep_us=63654707 queue_ms=98
fps: 16.6
vis: 50.0
cpu: exceptions=124269 cacheResets=1 batches=728652 verts=11655822 texStalls=0 recompiles=2545 underruns=6 overruns=0 sleep_us=63941349 queue_ms=97
fps: 16.7
vis: 50.0
cpu: exceptions=124660 cacheResets=1 batches=731340 verts=11729598 texStalls=0 recompiles=2545 underruns=6 overruns=0 sleep_us=64224309 queue_ms=101
fps: 16.7
vis: 49.9
cpu: exceptions=125053 cacheResets=1 batches=734364 verts=11812596 texStalls=0 recompiles=2545 underruns=6 overruns=0 sleep_us=64491705 queue_ms=100
vis: 50.0
cpu: exceptions=125444 cacheResets=1 batches=737052 verts=11886372 texStalls=0 recompiles=2545 underruns=6 overruns=0 sleep_us=64785705 queue_ms=104
fps: 16.6
vis: 50.0
cpu: exceptions=125835 cacheResets=1 batches=739740 verts=11960148 texStalls=0 recompiles=2545 underruns=6 overruns=0 sleep_us=65078334 queue_ms=102
fps: 16.7
vis: 49.8
cpu: exceptions=126228 cacheResets=1 batches=742764 verts=12043146 texStalls=0 recompiles=2548 underruns=6 overruns=0 sleep_us=65338967 queue_ms=98
fps: 16.6
vis: 50.0
cpu: exceptions=126619 cacheResets=1 batches=745452 verts=12116922 texStalls=0 recompiles=2548 underruns=6 overruns=0 sleep_us=65620688 queue_ms=105
fps: 16.7
vis: 50.0
cpu: exceptions=127010 cacheResets=1 batches=748140 verts=12190698 texStalls=0 recompiles=2548 underruns=6 overruns=0 sleep_us=65900815 queue_ms=103
fps: 16.7
vis: 49.9
cpu: exceptions=127403 cacheResets=1 batches=751164 verts=12273696 texStalls=0 recompiles=2548 underruns=6 overruns=0 sleep_us=66165454 queue_ms=99
fps: 16.6
vis: 50.0
cpu: exceptions=127794 cacheResets=1 batches=753852 verts=12347472 texStalls=0 recompiles=2548 underruns=6 overruns=0 sleep_us=66442662 queue_ms=106
fps: 16.7
vis: 50.0
cpu: exceptions=128185 cacheResets=1 batches=756540 verts=12421248 texStalls=0 recompiles=2548 underruns=6 overruns=0 sleep_us=66727855 queue_ms=101
fps: 16.7
vis: 49.9
cpu: exceptions=128578 cacheResets=1 batches=759564 verts=12504246 texStalls=0 recompiles=2548 underruns=6 overruns=0 sleep_us=66989679 queue_ms=100
fps: 16.6
vis: 50.0
cpu: exceptions=128969 cacheResets=1 batches=762252 verts=12578022 texStalls=0 recompiles=2548 underruns=6 overruns=0 sleep_us=67271687 queue_ms=104
fps: 16.7
vis: 50.0
cpu: exceptions=129360 cacheResets=1 batches=764940 verts=12651798 texStalls=0 recompiles=2548 underruns=6 overruns=0 sleep_us=67551731 queue_ms=103
fps: 16.7
vis: 49.9
cpu: exceptions=129753 cacheResets=1 batches=767964 verts=12734796 texStalls=0 recompiles=2548 underruns=6 overruns=0 sleep_us=67818268 queue_ms=108
fps: 16.3
vis: 50.0
cpu: exceptions=130144 cacheResets=1 batches=770652 verts=12808572 texStalls=0 recompiles=2549 underruns=6 overruns=0 sleep_us=68104375 queue_ms=98
vis: 50.0
cpu: exceptions=130535 cacheResets=1 batches=773340 verts=12882348 texStalls=0 recompiles=2549 underruns=6 overruns=0 sleep_us=68384332 queue_ms=93
fps: 16.7
vis: 49.9
cpu: exceptions=130928 cacheResets=1 batches=776364 verts=12965346 texStalls=0 recompiles=2549 underruns=6 overruns=0 sleep_us=68655467 queue_ms=92
fps: 16.6
vis: 50.0
cpu: exceptions=131319 cacheResets=1 batches=779052 verts=13039122 texStalls=0 recompiles=2549 underruns=6 overruns=0 sleep_us=68941695 queue_ms=96
fps: 16.7
vis: 50.0
cpu: exceptions=131710 cacheResets=1 batches=781740 verts=13112898 texStalls=0 recompiles=2549 underruns=6 overruns=0 sleep_us=69231983 queue_ms=95
fps: 16.7
vis: 49.8
cpu: exceptions=132103 cacheResets=1 batches=784764 verts=13195896 texStalls=0 recompiles=2549 underruns=6 overruns=0 sleep_us=69488683 queue_ms=99
fps: 16.6
vis: 50.0
cpu: exceptions=132494 cacheResets=1 batches=787452 verts=13269672 texStalls=0 recompiles=2549 underruns=6 overruns=0 sleep_us=69756006 queue_ms=98
fps: 16.7
vis: 50.0
cpu: exceptions=132885 cacheResets=1 batches=790140 verts=13343448 texStalls=0 recompiles=2549 underruns=6 overruns=0 sleep_us=70014728 queue_ms=103
fps: 16.7
vis: 49.8
cpu: exceptions=133278 cacheResets=1 batches=793164 verts=13426446 texStalls=0 recompiles=2549 underruns=6 overruns=0 sleep_us=70258624 queue_ms=100
fps: 16.6
vis: 50.0
cpu: exceptions=133669 cacheResets=1 batches=795852 verts=13500222 texStalls=0 recompiles=2549 underruns=6 overruns=0 sleep_us=70514780 queue_ms=98
fps: 16.7
vis: 50.0
cpu: exceptions=134060 cacheResets=1 batches=798540 verts=13573998 texStalls=0 recompiles=2552 underruns=6 overruns=0 sleep_us=70773966 queue_ms=102
fps: 16.7
vis: 49.8
cpu: exceptions=134453 cacheResets=1 batches=801564 verts=13656996 texStalls=0 recompiles=2552 underruns=6 overruns=0 sleep_us=71017623 queue_ms=101
fps: 16.6
vis: 50.0
cpu: exceptions=134844 cacheResets=1 batches=804252 verts=13730772 texStalls=0 recompiles=2552 underruns=6 overruns=0 sleep_us=71273163 queue_ms=96
fps: 16.7
vis: 50.0
cpu: exceptions=135235 cacheResets=1 batches=806940 verts=13804548 texStalls=0 recompiles=2552 underruns=6 overruns=0 sleep_us=71533549 queue_ms=104
fps: 16.7
vis: 49.8
cpu: exceptions=135628 cacheResets=1 batches=809964 verts=13887546 texStalls=0 recompiles=2552 underruns=6 overruns=0 sleep_us=71777260 queue_ms=100
vis: 50.0
cpu: exceptions=136019 cacheResets=1 batches=812652 verts=13961322 texStalls=0 recompiles=2552 underruns=6 overruns=0 sleep_us=72037385 queue_ms=99
fps: 16.6
vis: 50.0
cpu: exceptions=136418 cacheResets=1 batches=815340 verts=14035098 texStalls=0 recompiles=2553 underruns=6 overruns=0 sleep_us=72276153 queue_ms=104
fps: 16.7
vis: 49.7
cpu: exceptions=136817 cacheResets=1 batches=818364 verts=14118096 texStalls=0 recompiles=2555 underruns=6 overruns=0 sleep_us=72489023 queue_ms=101
fps: 16.6
vis: 50.0
cpu: exceptions=137209 cacheResets=1 batches=821052 verts=14191872 texStalls=0 recompiles=2556 underruns=6 overruns=0 sleep_us=72738596 queue_ms=99
fps: 16.7
vis: 50.0
cpu: exceptions=137601 cacheResets=1 batches=823740 verts=14265648 texStalls=0 recompiles=2556 underruns=6 overruns=0 sleep_us=73001593 queue_ms=103
fps: 16.3
vis: 49.9
cpu: exceptions=137994 cacheResets=1 batches=826764 verts=14348646 texStalls=0 recompiles=2556 underruns=6 overruns=0 sleep_us=73266117 queue_ms=92
fps: 16.6
vis: 50.0
cpu: exceptions=138385 cacheResets=1 batches=829452 verts=14422422 texStalls=0 recompiles=2556 underruns=6 overruns=0 sleep_us=73559698 queue_ms=89
fps: 16.7
vis: 50.0
cpu: exceptions=138776 cacheResets=1 batches=832140 verts=14496198 texStalls=0 recompiles=2556 underruns=6 overruns=0 sleep_us=73849740 queue_ms=95
fps: 16.7
vis: 49.9
cpu: exceptions=139169 cacheResets=1 batches=835164 verts=14579196 texStalls=0 recompiles=2556 underruns=6 overruns=0 sleep_us=74111348 queue_ms=93
fps: 16.6
vis: 50.0
cpu: exceptions=139560 cacheResets=1 batches=837852 verts=14652972 texStalls=0 recompiles=2556 underruns=6 overruns=0 sleep_us=74401613 queue_ms=89
fps: 16.7
vis: 50.0
cpu: exceptions=139951 cacheResets=1 batches=840540 verts=14726748 texStalls=0 recompiles=2556 underruns=6 overruns=0 sleep_us=74689024 queue_ms=96
fps: 16.7
vis: 49.9
cpu: exceptions=140344 cacheResets=1 batches=843564 verts=14809746 texStalls=0 recompiles=2559 underruns=6 overruns=0 sleep_us=74959896 queue_ms=91
fps: 16.6
vis: 50.0
cpu: exceptions=140735 cacheResets=1 batches=846252 verts=14883522 texStalls=0 recompiles=2559 underruns=6 overruns=0 sleep_us=75246148 queue_ms=99
vis: 50.0
cpu: exceptions=141126 cacheResets=1 batches=848940 verts=14957298 texStalls=0 recompiles=2559 underruns=6 overruns=0 sleep_us=75535229 queue_ms=95
fps: 16.7
vis: 49.9
cpu: exceptions=141520 cacheResets=1 batches=851964 verts=15040296 texStalls=0 recompiles=2566 underruns=6 overruns=0 sleep_us=75806247 queue_ms=102
fps: 16.6
vis: 50.0
cpu: exceptions=141911 cacheResets=1 batches=854652 verts=15114072 texStalls=0 recompiles=2566 underruns=6 overruns=0 sleep_us=76095376 queue_ms=98
fps: 16.7
vis: 50.0
cpu: exceptions=142302 cacheResets=1 batches=857340 verts=15187848 texStalls=0 recompiles=2566 underruns=6 overruns=0 sleep_us=76396042 queue_ms=97
fps: 16.7
vis: 49.9
cpu: exceptions=142695 cacheResets=1 batches=860364 verts=15270846 texStalls=0 recompiles=2566 underruns=6 overruns=0 sleep_us=76673830 queue_ms=101
fps: 16.6
vis: 50.0
cpu: exceptions=143086 cacheResets=1 batches=863052 verts=15344622 texStalls=0 recompiles=2566 underruns=6 overruns=0 sleep_us=76958623 queue_ms=99
fps: 16.7
vis: 50.0
cpu: exceptions=143477 cacheResets=1 batches=865740 verts=15418398 texStalls=0 recompiles=2566 underruns=6 overruns=0 sleep_us=77244643 queue_ms=104
fps: 16.7
vis: 49.9
cpu: exceptions=143870 cacheResets=1 batches=868764 verts=15501396 texStalls=0 recompiles=2566 underruns=6 overruns=0 sleep_us=77511825 queue_ms=103
fps: 16.6
vis: 50.0
cpu: exceptions=144261 cacheResets=1 batches=871452 verts=15575172 texStalls=0 recompiles=2566 underruns=6 overruns=0 sleep_us=77799988 queue_ms=98
fps: 16.7
vis: 50.0
cpu: exceptions=144652 cacheResets=1 batches=874140 verts=15648948 texStalls=0 recompiles=2566 underruns=6 overruns=0 sleep_us=78082338 queue_ms=106
fps: 16.7
vis: 49.9
cpu: exceptions=145045 cacheResets=1 batches=877164 verts=15731946 texStalls=0 recompiles=2566 underruns=6 overruns=0 sleep_us=78354906 queue_ms=102
fps: 16.6
vis: 50.0
cpu: exceptions=145436 cacheResets=1 batches=879852 verts=15805722 texStalls=0 recompiles=2566 underruns=6 overruns=0 sleep_us=78637765 queue_ms=109
fps: 16.3
vis: 50.0
cpu: exceptions=145827 cacheResets=1 batches=882540 verts=15879498 texStalls=0 recompiles=2566 underruns=6 overruns=0 sleep_us=78926199 queue_ms=96
fps: 16.7
vis: 49.9
cpu: exceptions=146221 cacheResets=1 batches=885564 verts=15962496 texStalls=0 recompiles=2573 underruns=6 overruns=0 sleep_us=79187441 queue_ms=93
vis: 50.0
cpu: exceptions=146612 cacheResets=1 batches=888252 verts=16036272 texStalls=0 recompiles=2573 underruns=6 overruns=0 sleep_us=79471463 queue_ms=91
fps: 16.6
vis: 50.0
cpu: exceptions=147003 cacheResets=1 batches=890940 verts=16110048 texStalls=0 recompiles=2573 underruns=6 overruns=0 sleep_us=79755497 queue_ms=97
fps: 16.7
vis: 49.8
cpu: exceptions=147396 cacheResets=1 batches=893964 verts=16193046 texStalls=0 recompiles=2573 underruns=6 overruns=0 sleep_us=80019270 queue_ms=95
fps: 16.6
vis: 50.0
cpu: exceptions=147787 cacheResets=1 batches=896652 verts=16266822 texStalls=0 recompiles=2575 underruns=6 overruns=0 sleep_us=80306368 queue_ms=99
fps: 16.7
vis: 50.0
cpu: exceptions=148178 cacheResets=1 batches=899340 verts=16340598 texStalls=0 recompiles=2575 underruns=6 overruns=0 sleep_us=80595041 queue_ms=98
fps: 16.7
vis: 49.9
cpu: exceptions=148571 cacheResets=1 batches=902364 verts=16423596 texStalls=0 recompiles=2575 underruns=6 overruns=0 sleep_us=80866052 queue_ms=93
fps: 16.6
vis: 50.0
cpu: exceptions=148962 cacheResets=1 batches=905052 verts=16497372 texStalls=0 recompiles=2575 underruns=6 overruns=0 sleep_us=81149757 queue_ms=101
fps: 16.7
vis: 50.0
cpu: exceptions=149354 cacheResets=1 batches=907740 verts=16571148 texStalls=0 recompiles=2575 underruns=6 overruns=0 sleep_us=81438288 queue_ms=96
fps: 16.7
vis: 49.9
cpu: exceptions=149747 cacheResets=1 batches=910765 verts=16654146 texStalls=0 recompiles=2575 underruns=6 overruns=0 sleep_us=81709333 queue_ms=103
fps: 16.6
vis: 50.0
cpu: exceptions=150138 cacheResets=1 batches=913453 verts=16727922 texStalls=0 recompiles=2575 underruns=6 overruns=0 sleep_us=81993169 queue_ms=100
fps: 16.7
vis: 50.0
cpu: exceptions=150529 cacheResets=1 batches=916141 verts=16801698 texStalls=0 recompiles=2575 underruns=6 overruns=0 sleep_us=82263919 queue_ms=98
fps: 16.7
vis: 49.8
cpu: exceptions=150922 cacheResets=1 batches=919165 verts=16884696 texStalls=0 recompiles=2575 underruns=6 overruns=0 sleep_us=82508553 queue_ms=103
fps: 16.6
vis: 50.0
cpu: exceptions=151313 cacheResets=1 batches=921853 verts=16958472 texStalls=0 recompiles=2575 underruns=6 overruns=0 sleep_us=82768513 queue_ms=100
vis: 50.0
cpu: exceptions=151704 cacheResets=1 batches=924541 verts=17032248 texStalls=0 recompiles=2575 underruns=6 overruns=0 sleep_us=83024676 queue_ms=107
fps: 16.7
vis: 49.8
cpu: exceptions=152097 cacheResets=1 batches=927565 verts=17115246 texStalls=0 recompiles=2575 underruns=6 overruns=0 sleep_us=83268609 queue_ms=103
fps: 16.6
vis: 50.0
cpu: exceptions=152488 cacheResets=1 batches=930253 verts=17189022 texStalls=0 recompiles=2575 underruns=6 overruns=0 sleep_us=83528544 queue_ms=101
fps: 16.7
vis: 50.0
cpu: exceptions=152880 cacheResets=1 batches=932941 verts=17262798 texStalls=0 recompiles=2575 underruns=6 overruns=0 sleep_us=83769730 queue_ms=106
fps: 16.7
vis: 49.7
cpu: exceptions=153273 cacheResets=1 batches=935965 verts=17345796 texStalls=0 recompiles=2575 underruns=6 overruns=0 sleep_us=83984979 queue_ms=105
fps: 16.2
vis: 50.0
cpu: exceptions=153666 cacheResets=1 batches=938653 verts=17419572 texStalls=0 recompiles=2575 underruns=6 overruns=0 sleep_us=84228104 queue_ms=91
fps: 16.7
vis: 50.0
cpu: exceptions=154057 cacheResets=1 batches=941341 verts=17493348 texStalls=0 recompiles=2575 underruns=6 overruns=0 sleep_us=84475723 queue_ms=90
fps: 16.7
vis: 49.7
cpu: exceptions=154450 cacheResets=1 batches=944365 verts=17576346 texStalls=0 recompiles=2575 underruns=6 overruns=0 sleep_us=84707590 queue_ms=85
fps: 16.6
vis: 50.0
cpu: exceptions=154846 cacheResets=1 batches=947053 verts=17650122 texStalls=0 recompiles=2580 underruns=6 overruns=0 sleep_us=84926734 queue_ms=93
fps: 16.7
vis: 50.0
cpu: exceptions=155246 cacheResets=1 batches=949741 verts=17723898 texStalls=0 recompiles=2583 underruns=6 overruns=0 sleep_us=85169287 queue_ms=88
fps: 16.7
vis: 49.8
cpu: exceptions=155656 cacheResets=1 batches=952765 verts=17806896 texStalls=0 recompiles=2586 underruns=6 overruns=0 sleep_us=85405820 queue_ms=86
fps: 16.6
vis: 50.0
cpu: exceptions=156055 cacheResets=1 batches=955453 verts=17880672 texStalls=0 recompiles=2590 underruns=6 overruns=0 sleep_us=85681181 queue_ms=92
fps: 16.7
vis: 50.0
cpu: exceptions=156445 cacheResets=1 batches=958141 verts=17954448 texStalls=0 recompiles=2590 underruns=6 overruns=0 sleep_us=85984602 queue_ms=90
fps: 16.7
vis: 50.0
cpu: exceptions=156838 cacheResets=1 batches=961165 verts=18037446 texStalls=0 recompiles=2590 underruns=6 overruns=0 sleep_us=86270083 queue_ms=95
vis: 50.0
cpu: exceptions=157229 cacheResets=1 batches=963853 verts=18111222 texStalls=0 recompiles=2590 underruns=6 overruns=0 sleep_us=86573579 queue_ms=92
fps: 16.7
vis: 50.0
cpu: exceptions=157620 cacheResets=1 batches=966541 verts=18184998 texStalls=0 recompiles=2593 underruns=6 overruns=0 sleep_us=86876722 queue_ms=99
fps: 16.7
vis: 49.9
cpu: exceptions=158013 cacheResets=1 batches=969565 verts=18267996 texStalls=0 recompiles=2593 underruns=6 overruns=0 sleep_us=87160304 queue_ms=95
fps: 16.6
vis: 50.0
cpu: exceptions=158404 cacheResets=1 batches=972253 verts=18341772 texStalls=0 recompiles=2593 underruns=6 overruns=0 sleep_us=87467565 queue_ms=93
fps: 16.7
vis: 50.0
cpu: exceptions=158795 cacheResets=1 batches=974941 verts=18415548 texStalls=0 recompiles=2593 underruns=6 overruns=0 sleep_us=87761071 queue_ms=98
fps: 16.7
vis: 49.9
cpu: exceptions=159188 cacheResets=1 batches=977965 verts=18498546 texStalls=0 recompiles=2593 underruns=6 overruns=0 sleep_us=88036489 queue_ms=97
fps: 16.6
vis: 50.0
cpu: exceptions=159579 cacheResets=1 batches=980653 verts=18572322 texStalls=0 recompiles=2593 underruns=6 overruns=0 sleep_us=88330482 queue_ms=101
fps: 16.7
vis: 50.0
cpu: exceptions=159970 cacheResets=1 batches=983341 verts=18646098 texStalls=0 recompiles=2595 underruns=6 overruns=0 sleep_us=88622789 queue_ms=99
fps: 16.7
vis: 49.9
cpu: exceptions=160363 cacheResets=1 batches=986365 verts=18729096 texStalls=0 recompiles=2595 underruns=6 overruns=0 sleep_us=88898909 queue_ms=95
fps: 16.6
vis: 50.0
cpu: exceptions=160754 cacheResets=1 batches=989053 verts=18802872 texStalls=0 recompiles=2595 underruns=6 overruns=0 sleep_us=89192681 queue_ms=103
fps: 16.7
vis: 50.0
cpu: exceptions=161145 cacheResets=1 batches=991741 verts=18876648 texStalls=0 recompiles=2595 underruns=6 overruns=0 sleep_us=89486605 queue_ms=98
fps: 16.3
vis: 49.9
cpu: exceptions=161538 cacheResets=1 batches=994778 verts=18959646 texStalls=0 recompiles=2595 underruns=6 overruns=0 sleep_us=89757165 queue_ms=88
fps: 16.6
vis: 50.0
cpu: exceptions=161929 cacheResets=1 batches=997466 verts=19033422 texStalls=0 recompiles=2595 underruns=6 overruns=0 sleep_us=90050208 queue_ms=93
vis: 50.0
cpu: exceptions=162320 cacheResets=1 batches=1000154 verts=19107198 texStalls=0 recompiles=2595 underruns=6 overruns=0 sleep_us=90339967 queue_ms=91
fps: 16.7
vis: 49.9
cpu: exceptions=162713 cacheResets=1 batches=1003178 verts=19190196 texStalls=0 recompiles=2595 underruns=6 overruns=0 sleep_us=90604434 queue_ms=96
fps: 16.6
vis: 50.0
cpu: exceptions=163106 cacheResets=1 batches=1005866 verts=19263972 texStalls=0 recompiles=2596 underruns=6 overruns=0 sleep_us=90878158 queue_ms=93
fps: 16.7
vis: 50.0
cpu: exceptions=163498 cacheResets=1 batches=1008552 verts=19337598 texStalls=0 recompiles=2600 underruns=6 overruns=0 sleep_us=91147954 queue_ms=99
fps: 16.7
vis: 49.8
cpu: exceptions=163893 cacheResets=1 batches=1011540 verts=19418976 texStalls=0 recompiles=2600 underruns=6 overruns=0 sleep_us=91400469 queue_ms=96
fps: 16.6
vis: 50.0
cpu: exceptions=164292 cacheResets=1 batches=1014196 verts=19491312 texStalls=0 recompiles=2600 underruns=6 overruns=0 sleep_us=91646700 queue_ms=94
fps: 16.7
vis: 50.0
cpu: exceptions=164685 cacheResets=1 batches=1016852 verts=19563648 texStalls=0 recompiles=2600 underruns=6 overruns=0 sleep_us=91885743 queue_ms=100
fps: 16.7
vis: 49.7
cpu: exceptions=165079 cacheResets=1 batches=1019840 verts=19645026 texStalls=0 recompiles=2600 underruns=6 overruns=0 sleep_us=92113592 queue_ms=97
fps: 16.6
vis: 50.0
cpu: exceptions=165471 cacheResets=1 batches=1022496 verts=19717362 texStalls=0 recompiles=2600 underruns=6 overruns=0 sleep_us=92355571 queue_ms=94
fps: 16.7
vis: 50.0
cpu: exceptions=165862 cacheResets=1 batches=1025152 verts=19789698 texStalls=0 recompiles=2600 underruns=6 overruns=0 sleep_us=92605022 queue_ms=99
fps: 16.7
vis: 49.7
cpu: exceptions=166255 cacheResets=1 batches=1028140 verts=19871076 texStalls=0 recompiles=2600 underruns=6 overruns=0 sleep_us=92835379 queue_ms=96
fps: 16.6
vis: 50.0
cpu: exceptions=166650 cacheResets=1 batches=1030796 verts=19943412 texStalls=0 recompiles=2600 underruns=6 overruns=0 sleep_us=93062477 queue_ms=94
fps: 16.7
vis: 50.0
cpu: exceptions=167043 cacheResets=1 batches=1033452 verts=20015748 texStalls=0 recompiles=2606 underruns=6 overruns=0 sleep_us=93284972 queue_ms=99
fps: 16.7
vis: 49.7
cpu: exceptions=167438 cacheResets=1 batches=1036440 verts=20097126 texStalls=0 recompiles=2606 underruns=6 overruns=0 sleep_us=93499722 queue_ms=98
vis: 50.0
cpu: exceptions=167830 cacheResets=1 batches=1039096 verts=20169462 texStalls=0 recompiles=2606 underruns=6 overruns=0 sleep_us=93750171 queue_ms=93
fps: 16.6
vis: 50.0
cpu: exceptions=168221 cacheResets=1 batches=1041752 verts=20241798 texStalls=0 recompiles=2606 underruns=6 overruns=0 sleep_us=94019748 queue_ms=101
fps: 16.7
vis: 49.9
cpu: exceptions=168614 cacheResets=1 batches=1044740 verts=20323176 texStalls=0 recompiles=2606 underruns=6 overruns=0 sleep_us=94283829 queue_ms=97
fps: 16.6
vis: 50.0
cpu: exceptions=169005 cacheResets=1 batches=1047400 verts=20395608 texStalls=0 recompiles=2608 underruns=6 overruns=0 sleep_us=94569798 queue_ms=95
fps: 16.4
vis: 50.0
cpu: exceptions=169396 cacheResets=1 batches=1050072 verts=20468328 texStalls=0 recompiles=2608 underruns=6 overruns=0 sleep_us=94851876 queue_ms=91
fps: 16.7
vis: 49.9
cpu: exceptions=169789 cacheResets=1 batches=1053078 verts=20550138 texStalls=0 recompiles=2608 underruns=6 overruns=0 sleep_us=95120032 queue_ms=89
mark: stop reason: chain guest VI limit
mark: stop_it requested
audio: alist_resample_calls=193292 alist_resample_samples=30992704 alist_zoh_calls=0 alist_zoh_samples=0 musyx_subframes=0 musyx_voices=0 musyx_voice_peak=0
audio_stages: adpcm_calls=215328 adpcm_samples=34190208 envmix_calls=193292 envmix_samples=30992704 mix_calls=160880 mix_samples=62681448 musyx_fx_calls=0 musyx_fx_taps=0 output_calls=8957 output_samples=5745136
audio_envmix: exp_calls=0 ge_calls=0 lin_calls=0 nead_calls=193292 exp_steady=0 ge_steady=0 lin_steady=0
audio_gaps: nead_mats=0 nead_efz=0 resample_flag2=0 musyx_ptr10=0
audio_output: stream_requests=22076 stream_fed=19939 input_hz=31995 playback_hz=31995 queue_peak_ms=128
audio_time: stage=resample sampled_calls=1521 sampled_samples=243816 sampled_us=10356
audio_time: stage=zoh sampled_calls=0 sampled_samples=0 sampled_us=0
audio_time: stage=adpcm sampled_calls=1695 sampled_samples=269888 sampled_us=11317
audio_time: stage=envmix_exp sampled_calls=0 sampled_samples=0 sampled_us=0
audio_time: stage=envmix_ge sampled_calls=0 sampled_samples=0 sampled_us=0
audio_time: stage=envmix_lin sampled_calls=0 sampled_samples=0 sampled_us=0
audio_time: stage=envmix_nead sampled_calls=1521 sampled_samples=243816 sampled_us=13739
audio_time: stage=mix sampled_calls=1266 sampled_samples=492880 sampled_us=8096
audio_time: stage=musyx_voice sampled_calls=0 sampled_samples=0 sampled_us=0
audio_time: stage=musyx_fx sampled_calls=0 sampled_samples=0 sampled_us=0
audio_time: stage=output sampled_calls=70 sampled_samples=44912 sampled_us=840
gpu_counters: clks=43939991432 tb_clks=43939991516 ras_busy=1258986874 xf_wait_in=41343334834 xf_wait_out=1574148023 ras_peak_permille=51 ztop_in=3634957284 ztop_out=3510619852 z_in=1109126020 z_out=1096471940 blend_in=4621106568 copy_clks=441100158 fifo_overflows=3952
game: n=6/6 how=vis vis=9000 vi_rate=50 vi0_retrace=16934 wall_us=180822795 sleep_us=95238848 avg_vis=49.75 avg_fps=24.76 exceptions=169961 cacheResets=1 recompiles=2608 batches=1054080 verts=20577408 texStalls=0 treeDepthMax=15 underruns=6 overruns=0 queue_peak_ms=109 dsp_avg=1.55 dsp_peak=1.95 dsp_samples=361 pmc1=61684528364 pmc2=52093592776 pmc3=0 pmc4=0 mmcr0=00000042 mmcr1=00000000 heap_used=10956580 heap_free=60136 arena1_free=208896 arena2_free=288704 flushes=20 flush_us=251439 padtrace=26 rom=sd:/wii64/roms/Legend of Zelda, The - Majora's Mask (E) (M4) [!].z64
=== chain 6/6 end vis=9000 how=vis rom=sd:/wii64/roms/Legend of Zelda, The - Majora's Mask (E) (M4) [!].z64 ===
