--- wii64 perf log ---
mark: diag config: wiiload arguments
mark: wiiload dynacore argument received
mark: diag received dynacore line
mark: diag requested core: dynarec
mark: pad replay records: 7
selftest:
  raw[0]=51287959640170347
  raw[1]=51287959640170348
  raw[2]=51287959640170365
  raw[3]=51287959640170376
  raw[4]=51287959640170387
  delta[0]=0us
  delta[1]=0us
  delta[2]=0us
  delta[3]=0us
mark: audio quality: accurate
mark: audio modes: n64=0 output=0 mixer=0 latency=2 sync=0
mark: diag applied core: dynarec
mark: HBC agent ready
mark: loadROM: enter
mark: loadROM: before rom_read
mark: ROMCache_load: enter
mark: ROMCache_load: before first read
mark: ROMCache_load: first read returned
mark: ROMCache_load: byte_swap_type set
mark: ROMCache_load: first byte_swap done
menufps: 10.3
menufps: 8.4
menufps: 7.9
mark: ROMCache_load: loop exited normally
mark: ROMCache_load: elapsed_us=1924861 bytes=8388608 vm=0
mark: loadROM: after rom_read
mark: loadROM: before init_memory
mark: loadROM: after init_memory
mark: loadROM: before romOpen_gfx
mark: loadROM: after romOpen_gfx / before romOpen_audio
mark: loadROM: after romOpen_audio / before romOpen_input
mark: loadROM: after romOpen_input / before cpu_init
mark: loadROM: after cpu_init
menufps: 2.9
menufps: 0.8
menufps: 1.0
fps: 0.0
first_vi: vi0_retrace=330
vis: 0.0
cpu: exceptions=0 cacheResets=0 batches=0 verts=0 texStalls=0 recompiles=0 underruns=0 overruns=0 sleep_us=0 queue_ms=0
mark: CPU core dispatch: dynarec
vis: 60.0
cpu: exceptions=240 cacheResets=1 batches=0 verts=0 texStalls=0 recompiles=189 underruns=2 overruns=0 sleep_us=225240 queue_ms=127
vis: 60.0
cpu: exceptions=540 cacheResets=1 batches=0 verts=0 texStalls=0 recompiles=198 underruns=2 overruns=0 sleep_us=701690 queue_ms=123
vis: 60.0
cpu: exceptions=840 cacheResets=1 batches=0 verts=0 texStalls=0 recompiles=204 underruns=2 overruns=0 sleep_us=1178243 queue_ms=129
vis: 60.0
cpu: exceptions=1135 cacheResets=1 batches=0 verts=0 texStalls=0 recompiles=204 underruns=2 overruns=0 sleep_us=1655387 queue_ms=124
fps: 0.5
vis: 60.0
cpu: exceptions=1431 cacheResets=1 batches=414 verts=9387 texStalls=0 recompiles=468 underruns=3 overruns=0 sleep_us=1965828 queue_ms=11
fps: 20.0
vis: 60.0
cpu: exceptions=1588 cacheResets=1 batches=2484 verts=56322 texStalls=0 recompiles=475 underruns=3 overruns=0 sleep_us=2378967 queue_ms=9
fps: 30.0
vis: 60.0
cpu: exceptions=1752 cacheResets=1 batches=4554 verts=103257 texStalls=0 recompiles=478 underruns=3 overruns=0 sleep_us=2791191 queue_ms=15
fps: 30.0
vis: 60.0
cpu: exceptions=1894 cacheResets=1 batches=6624 verts=150192 texStalls=0 recompiles=478 underruns=3 overruns=0 sleep_us=3212558 queue_ms=11
fps: 30.0
vis: 60.0
cpu: exceptions=2036 cacheResets=1 batches=8694 verts=197127 texStalls=0 recompiles=478 underruns=3 overruns=0 sleep_us=3633741 queue_ms=7
fps: 30.0
vis: 60.0
cpu: exceptions=2178 cacheResets=1 batches=10767 verts=244080 texStalls=0 recompiles=489 underruns=3 overruns=0 sleep_us=4053612 queue_ms=13
fps: 30.0
vis: 60.0
cpu: exceptions=2319 cacheResets=1 batches=12574 verts=284835 texStalls=0 recompiles=498 underruns=3 overruns=0 sleep_us=4477928 queue_ms=9
vis: 60.0
cpu: exceptions=2638 cacheResets=1 batches=12574 verts=284835 texStalls=0 recompiles=675 underruns=5 overruns=0 sleep_us=4640217 queue_ms=32
vis: 60.0
cpu: exceptions=2728 cacheResets=1 batches=12574 verts=284835 texStalls=0 recompiles=733 underruns=5 overruns=0 sleep_us=4821773 queue_ms=28
vis: 60.0
cpu: exceptions=2818 cacheResets=1 batches=12574 verts=284835 texStalls=0 recompiles=784 underruns=5 overruns=0 sleep_us=5087202 queue_ms=34
fps: 4.9
vis: 60.0
cpu: exceptions=2961 cacheResets=1 batches=13906 verts=302151 texStalls=0 recompiles=910 underruns=6 overruns=0 sleep_us=5311990 queue_ms=8
fps: 15.1
vis: 60.0
cpu: exceptions=3118 cacheResets=1 batches=18796 verts=366456 texStalls=0 recompiles=910 underruns=6 overruns=0 sleep_us=5461574 queue_ms=4
fps: 30.0
vis: 60.0
cpu: exceptions=3273 cacheResets=1 batches=23664 verts=430377 texStalls=0 recompiles=927 underruns=6 overruns=0 sleep_us=5611869 queue_ms=8
fps: 30.0
vis: 60.0
cpu: exceptions=3436 cacheResets=1 batches=28527 verts=494250 texStalls=0 recompiles=927 underruns=6 overruns=0 sleep_us=5761749 queue_ms=5
fps: 30.0
vis: 60.0
cpu: exceptions=3591 cacheResets=1 batches=33397 verts=558165 texStalls=0 recompiles=927 underruns=6 overruns=0 sleep_us=5921104 queue_ms=10
fps: 29.1
vis: 60.0
cpu: exceptions=3762 cacheResets=1 batches=38257 verts=622020 texStalls=0 recompiles=927 underruns=8 overruns=0 sleep_us=6066499 queue_ms=6
fps: 29.9
vis: 60.0
cpu: exceptions=3978 cacheResets=1 batches=43144 verts=686037 texStalls=0 recompiles=936 underruns=8 overruns=0 sleep_us=6190637 queue_ms=12
fps: 20.0
vis: 60.0
cpu: exceptions=4234 cacheResets=1 batches=43737 verts=693768 texStalls=0 recompiles=1065 underruns=11 overruns=0 sleep_us=6444353 queue_ms=13
fps: 31.6
vis: 60.0
cpu: exceptions=4401 cacheResets=1 batches=44543 verts=704184 texStalls=0 recompiles=1065 underruns=11 overruns=0 sleep_us=6825747 queue_ms=17
fps: 30.0
vis: 60.0
cpu: exceptions=4573 cacheResets=1 batches=45338 verts=714534 texStalls=0 recompiles=1065 underruns=11 overruns=0 sleep_us=7206549 queue_ms=13
fps: 30.0
vis: 60.0
cpu: exceptions=4738 cacheResets=1 batches=46133 verts=724884 texStalls=0 recompiles=1065 underruns=11 overruns=0 sleep_us=7597866 queue_ms=18
fps: 30.0
vis: 60.0
cpu: exceptions=4911 cacheResets=1 batches=46928 verts=735234 texStalls=0 recompiles=1065 underruns=11 overruns=0 sleep_us=7977153 queue_ms=15
fps: 30.0
vis: 60.0
cpu: exceptions=5090 cacheResets=1 batches=47723 verts=745584 texStalls=0 recompiles=1065 underruns=11 overruns=0 sleep_us=8350503 queue_ms=10
fps: 30.0
vis: 60.0
cpu: exceptions=5263 cacheResets=1 batches=48518 verts=755934 texStalls=0 recompiles=1065 underruns=11 overruns=0 sleep_us=8727681 queue_ms=16
fps: 30.0
vis: 60.0
cpu: exceptions=5432 cacheResets=1 batches=49313 verts=766284 texStalls=0 recompiles=1065 underruns=11 overruns=0 sleep_us=9112070 queue_ms=13
fps: 30.0
vis: 60.0
cpu: exceptions=5597 cacheResets=1 batches=50108 verts=776634 texStalls=0 recompiles=1065 underruns=11 overruns=0 sleep_us=9503797 queue_ms=17
vis: 60.0
cpu: exceptions=5779 cacheResets=1 batches=50623 verts=785304 texStalls=0 recompiles=1068 underruns=11 overruns=0 sleep_us=9896020 queue_ms=14
fps: 30.0
vis: 60.0
cpu: exceptions=5954 cacheResets=1 batches=51131 verts=793932 texStalls=0 recompiles=1071 underruns=11 overruns=0 sleep_us=10287454 queue_ms=19
fps: 30.0
vis: 60.0
cpu: exceptions=6203 cacheResets=1 batches=51233 verts=795660 texStalls=0 recompiles=1131 underruns=11 overruns=0 sleep_us=10570277 queue_ms=16
fps: 4.1
vis: 60.0
cpu: exceptions=6352 cacheResets=1 batches=51788 verts=806676 texStalls=0 recompiles=1530 underruns=12 overruns=0 sleep_us=10771019 queue_ms=32
fps: 32.4
vis: 60.0
cpu: exceptions=6487 cacheResets=1 batches=54698 verts=879306 texStalls=0 recompiles=1534 underruns=12 overruns=0 sleep_us=11106356 queue_ms=29
vis: 60.0
cpu: exceptions=6622 cacheResets=1 batches=57608 verts=951936 texStalls=0 recompiles=1534 underruns=12 overruns=0 sleep_us=11441768 queue_ms=26
fps: 30.0
vis: 60.0
cpu: exceptions=6757 cacheResets=1 batches=60518 verts=1024566 texStalls=0 recompiles=1534 underruns=12 overruns=0 sleep_us=11777303 queue_ms=32
fps: 30.0
vis: 60.0
cpu: exceptions=6892 cacheResets=1 batches=63428 verts=1097196 texStalls=0 recompiles=1534 underruns=12 overruns=0 sleep_us=12113246 queue_ms=27
fps: 30.0
vis: 60.0
cpu: exceptions=7044 cacheResets=1 batches=67346 verts=1175874 texStalls=0 recompiles=1544 underruns=12 overruns=0 sleep_us=12411249 queue_ms=33
fps: 29.2
vis: 60.0
cpu: exceptions=7219 cacheResets=1 batches=71513 verts=1256046 texStalls=0 recompiles=1545 underruns=12 overruns=0 sleep_us=12689315 queue_ms=20
fps: 30.0
vis: 60.0
cpu: exceptions=7399 cacheResets=1 batches=75668 verts=1336146 texStalls=0 recompiles=1545 underruns=12 overruns=0 sleep_us=12962776 queue_ms=16
fps: 30.0
vis: 60.0
cpu: exceptions=7580 cacheResets=1 batches=79823 verts=1416246 texStalls=0 recompiles=1545 underruns=12 overruns=0 sleep_us=13231835 queue_ms=22
fps: 30.0
vis: 60.0
cpu: exceptions=7775 cacheResets=1 batches=83978 verts=1496346 texStalls=0 recompiles=1545 underruns=12 overruns=0 sleep_us=13491768 queue_ms=18
fps: 29.9
vis: 60.0
cpu: exceptions=7988 cacheResets=1 batches=88133 verts=1576446 texStalls=0 recompiles=1545 underruns=12 overruns=0 sleep_us=13743355 queue_ms=23
fps: 30.0
vis: 60.0
cpu: exceptions=8196 cacheResets=1 batches=92288 verts=1656546 texStalls=0 recompiles=1545 underruns=12 overruns=0 sleep_us=13997184 queue_ms=19
fps: 30.0
vis: 60.0
cpu: exceptions=8415 cacheResets=1 batches=96443 verts=1736646 texStalls=0 recompiles=1545 underruns=12 overruns=0 sleep_us=14241750 queue_ms=16
fps: 30.0
vis: 60.0
cpu: exceptions=8620 cacheResets=1 batches=100598 verts=1816746 texStalls=0 recompiles=1545 underruns=12 overruns=0 sleep_us=14497228 queue_ms=20
fps: 30.0
vis: 60.0
cpu: exceptions=8814 cacheResets=1 batches=104753 verts=1896846 texStalls=0 recompiles=1545 underruns=12 overruns=0 sleep_us=14761696 queue_ms=17
fps: 30.0
vis: 60.0
cpu: exceptions=9006 cacheResets=1 batches=108908 verts=1976946 texStalls=0 recompiles=1545 underruns=12 overruns=0 sleep_us=15028773 queue_ms=22
fps: 30.0
vis: 60.0
cpu: exceptions=9170 cacheResets=1 batches=113063 verts=2057046 texStalls=0 recompiles=1547 underruns=12 overruns=0 sleep_us=15314462 queue_ms=18
fps: 30.0
vis: 60.0
cpu: exceptions=9314 cacheResets=1 batches=117218 verts=2137146 texStalls=0 recompiles=1547 underruns=12 overruns=0 sleep_us=15612257 queue_ms=24
fps: 30.0
vis: 60.0
cpu: exceptions=9454 cacheResets=1 batches=121373 verts=2217246 texStalls=0 recompiles=1547 underruns=12 overruns=0 sleep_us=15912218 queue_ms=20
fps: 30.0
vis: 60.0
cpu: exceptions=9594 cacheResets=1 batches=125528 verts=2297346 texStalls=0 recompiles=1547 underruns=12 overruns=0 sleep_us=16212741 queue_ms=16
fps: 30.0
vis: 60.0
cpu: exceptions=9732 cacheResets=1 batches=129683 verts=2377446 texStalls=0 recompiles=1547 underruns=12 overruns=0 sleep_us=16516542 queue_ms=21
fps: 30.0
vis: 60.0
cpu: exceptions=9867 cacheResets=1 batches=133838 verts=2457546 texStalls=0 recompiles=1547 underruns=12 overruns=0 sleep_us=16825285 queue_ms=18
fps: 30.0
vis: 60.0
cpu: exceptions=10002 cacheResets=1 batches=137993 verts=2537646 texStalls=0 recompiles=1547 underruns=12 overruns=0 sleep_us=17134642 queue_ms=23
fps: 30.1
vis: 60.0
cpu: exceptions=10137 cacheResets=1 batches=141308 verts=2612706 texStalls=0 recompiles=1548 underruns=12 overruns=0 sleep_us=17463487 queue_ms=20
fps: 30.0
vis: 60.0
cpu: exceptions=10272 cacheResets=1 batches=144203 verts=2685246 texStalls=0 recompiles=1548 underruns=12 overruns=0 sleep_us=17803284 queue_ms=25
fps: 30.0
vis: 60.0
cpu: exceptions=10413 cacheResets=1 batches=147127 verts=2758434 texStalls=0 recompiles=1568 underruns=12 overruns=0 sleep_us=18133303 queue_ms=21
fps: 29.0
vis: 60.0
cpu: exceptions=10578 cacheResets=1 batches=150442 verts=2840604 texStalls=0 recompiles=1568 underruns=12 overruns=0 sleep_us=18419640 queue_ms=9
fps: 30.2
vis: 60.0
cpu: exceptions=10739 cacheResets=1 batches=153277 verts=2903958 texStalls=0 recompiles=1569 underruns=12 overruns=0 sleep_us=18729460 queue_ms=4
fps: 30.0
vis: 60.0
cpu: exceptions=10897 cacheResets=1 batches=155692 verts=2950848 texStalls=0 recompiles=1569 underruns=12 overruns=0 sleep_us=19059793 queue_ms=10
fps: 30.0
vis: 60.0
cpu: exceptions=11061 cacheResets=1 batches=158107 verts=2997738 texStalls=0 recompiles=1572 underruns=12 overruns=0 sleep_us=19384427 queue_ms=6
fps: 29.9
vis: 60.0
cpu: exceptions=11257 cacheResets=1 batches=160522 verts=3044628 texStalls=0 recompiles=1572 underruns=12 overruns=0 sleep_us=19683571 queue_ms=2
fps: 30.1
vis: 60.0
cpu: exceptions=11445 cacheResets=1 batches=162943 verts=3091548 texStalls=0 recompiles=1572 underruns=12 overruns=0 sleep_us=19990457 queue_ms=8
fps: 30.0
vis: 60.0
cpu: exceptions=11612 cacheResets=1 batches=165448 verts=3138888 texStalls=0 recompiles=1572 underruns=12 overruns=0 sleep_us=20309926 queue_ms=4
fps: 29.9
vis: 60.0
cpu: exceptions=11793 cacheResets=1 batches=167977 verts=3186300 texStalls=0 recompiles=1572 underruns=12 overruns=0 sleep_us=20612701 queue_ms=9
fps: 29.9
vis: 60.0
cpu: exceptions=11987 cacheResets=1 batches=170631 verts=3235599 texStalls=0 recompiles=1572 underruns=12 overruns=0 sleep_us=20897547 queue_ms=5
fps: 30.0
vis: 60.0
cpu: exceptions=12181 cacheResets=1 batches=173365 verts=3286146 texStalls=0 recompiles=1572 underruns=12 overruns=0 sleep_us=21187889 queue_ms=11
fps: 30.0
vis: 60.0
cpu: exceptions=12351 cacheResets=1 batches=176141 verts=3336819 texStalls=0 recompiles=1572 underruns=12 overruns=0 sleep_us=21497818 queue_ms=6
fps: 29.9
vis: 60.0
cpu: exceptions=12528 cacheResets=1 batches=178979 verts=3387774 texStalls=0 recompiles=1572 underruns=12 overruns=0 sleep_us=21799235 queue_ms=3
fps: 30.0
vis: 60.0
cpu: exceptions=12716 cacheResets=1 batches=181859 verts=3438939 texStalls=0 recompiles=1572 underruns=12 overruns=0 sleep_us=22086321 queue_ms=9
fps: 30.0
vis: 60.0
cpu: exceptions=12922 cacheResets=1 batches=184739 verts=3490104 texStalls=0 recompiles=1572 underruns=12 overruns=0 sleep_us=22360479 queue_ms=4
fps: 30.0
vis: 60.0
cpu: exceptions=13104 cacheResets=1 batches=187657 verts=3542493 texStalls=0 recompiles=1572 underruns=12 overruns=0 sleep_us=22654661 queue_ms=10
fps: 30.0
vis: 60.0
cpu: exceptions=13272 cacheResets=1 batches=190687 verts=3598338 texStalls=0 recompiles=1572 underruns=12 overruns=0 sleep_us=22949521 queue_ms=6
fps: 30.0
vis: 60.0
cpu: exceptions=13458 cacheResets=1 batches=193717 verts=3654183 texStalls=0 recompiles=1572 underruns=12 overruns=0 sleep_us=23229219 queue_ms=12
vis: 60.0
cpu: exceptions=13660 cacheResets=1 batches=196747 verts=3710028 texStalls=0 recompiles=1572 underruns=12 overruns=0 sleep_us=23491095 queue_ms=7
fps: 30.0
vis: 60.0
cpu: exceptions=13850 cacheResets=1 batches=199779 verts=3766155 texStalls=0 recompiles=1572 underruns=12 overruns=0 sleep_us=23767096 queue_ms=4
fps: 30.0
vis: 60.0
cpu: exceptions=14020 cacheResets=1 batches=202781 verts=3822612 texStalls=0 recompiles=1572 underruns=12 overruns=0 sleep_us=24060792 queue_ms=9
fps: 29.2
mark: stop reason: chain guest VI limit
mark: stop_it requested
audio: alist_resample_calls=42763 alist_resample_samples=5572696 alist_zoh_calls=0 alist_zoh_samples=0 musyx_subframes=0 musyx_voices=0 musyx_voice_peak=0
audio_stages: adpcm_calls=41651 adpcm_samples=5505360 envmix_calls=40317 envmix_samples=5378800 mix_calls=9436 mix_samples=3019520 musyx_fx_calls=0 musyx_fx_taps=0 output_calls=2360 output_samples=1259104
audio_envmix: exp_calls=40317 ge_calls=0 lin_calls=0 nead_calls=0 exp_steady=33833 ge_steady=0 lin_steady=0
audio_gaps: nead_mats=0 nead_efz=0 resample_flag2=0 musyx_ptr10=0
audio_output: stream_requests=6231 stream_fed=4371 input_hz=32006 playback_hz=32006 queue_peak_ms=149
probe_schema: version=2 self=1 interval=127
vm_io: read_ahead=1 reads=0 hits=0 read_bytes=0 writes=0 write_bytes=0 errors=0
subsystem_time: stage=rsp_gfx calls=1046 timed_calls=1046 period=1 timed_us=4028386
subsystem_time: stage=rsp_audio calls=2359 timed_calls=2359 period=1 timed_us=1167399
subsystem_time: stage=rsp_other calls=0 timed_calls=0 period=1 timed_us=0
subsystem_time: stage=lookup calls=6905636 timed_calls=54375 period=127 timed_us=12473
subsystem_time: stage=compile calls=1572 timed_calls=1572 period=1 timed_us=165646
subsystem_time: stage=dispatch calls=6519964 timed_calls=51338 period=127 timed_us=49035
subsystem_self: stage=dispatch calls=6519964 timed_calls=51338 self_us=31214 dropped=0
subsystem_time: stage=execute_inclusive calls=6519964 timed_calls=51338 period=127 timed_us=353836
subsystem_self: stage=execute_inclusive calls=6519964 timed_calls=51338 self_us=77168 dropped=0
subsystem_time: stage=rom_copy calls=3129 timed_calls=3129 period=1 timed_us=41872
subsystem_time: stage=present calls=2399 timed_calls=2399 period=1 timed_us=51655
subsystem_time: stage=limiter calls=2365 timed_calls=2365 period=1 timed_us=24338936
subsystem_time: stage=vm_fault calls=0 timed_calls=0 period=1 timed_us=0
subsystem_time: stage=vm_victim calls=0 timed_calls=0 period=1 timed_us=0
subsystem_time: stage=vm_read calls=0 timed_calls=0 period=1 timed_us=0
subsystem_time: stage=vm_write calls=0 timed_calls=0 period=1 timed_us=0
subsystem_time: stage=tex_hash calls=85143 timed_calls=85143 period=1 timed_us=585747
subsystem_time: stage=tex_lookup calls=85143 timed_calls=85143 period=1 timed_us=43884
subsystem_time: stage=tex_load calls=177 timed_calls=177 period=1 timed_us=7243
subsystem_time: stage=tex_activate calls=85143 timed_calls=85143 period=1 timed_us=55530
subsystem_time: stage=draw_triangles calls=205469 timed_calls=205469 period=1 timed_us=593569
subsystem_time: stage=draw_rect calls=8799 timed_calls=8799 period=1 timed_us=65402
subsystem_time: stage=gfx_list calls=1046 timed_calls=1046 period=1 timed_us=4026320
subsystem_time: stage=gfx_command calls=2786550 timed_calls=21941 period=127 timed_us=33005
gfx_ucodes: mask=00000001
gfx_opcode: op=01 calls=75425 timed_calls=626 timed_us=293
gfx_opcode: op=03 calls=73618 timed_calls=581 timed_us=281
gfx_opcode: op=04 calls=202047 timed_calls=1571 timed_us=5817
gfx_opcode: op=06 calls=145119 timed_calls=1136 timed_us=198
gfx_opcode: op=b4 calls=4451 timed_calls=28 timed_us=5
gfx_opcode: op=b6 calls=23951 timed_calls=176 timed_us=24
gfx_opcode: op=b7 calls=21046 timed_calls=167 timed_us=23
gfx_opcode: op=b8 calls=140311 timed_calls=1069 timed_us=134
gfx_opcode: op=b9 calls=30676 timed_calls=259 timed_us=42
gfx_opcode: op=ba calls=19636 timed_calls=163 timed_us=35
gfx_opcode: op=bb calls=51780 timed_calls=401 timed_us=71
gfx_opcode: op=bc calls=19397 timed_calls=151 timed_us=35
gfx_opcode: op=bd calls=3892 timed_calls=32 timed_us=4
gfx_opcode: op=bf calls=1291606 timed_calls=10163 timed_us=19092
gfx_opcode: op=e4 calls=6448 timed_calls=56 timed_us=501
gfx_opcode: op=e6 calls=85143 timed_calls=691 timed_us=83
gfx_opcode: op=e7 calls=100882 timed_calls=792 timed_us=96
gfx_opcode: op=e8 calls=34686 timed_calls=288 timed_us=36
gfx_opcode: op=e9 calls=1046 timed_calls=7 timed_us=8
gfx_opcode: op=ed calls=7377 timed_calls=62 timed_us=26
gfx_opcode: op=f2 calls=70825 timed_calls=541 timed_us=143
gfx_opcode: op=f3 calls=85143 timed_calls=675 timed_us=3170
gfx_opcode: op=f5 calls=132649 timed_calls=1013 timed_us=186
gfx_opcode: op=f6 calls=3397 timed_calls=22 timed_us=827
gfx_opcode: op=f7 calls=2351 timed_calls=19 timed_us=10
gfx_opcode: op=f9 calls=38 timed_calls=0 timed_us=0
gfx_opcode: op=fa calls=5662 timed_calls=52 timed_us=8
gfx_opcode: op=fb calls=7254 timed_calls=54 timed_us=8
gfx_opcode: op=fc calls=52413 timed_calls=422 timed_us=57
gfx_opcode: op=fd calls=85143 timed_calls=700 timed_us=96
gfx_opcode: op=fe calls=1046 timed_calls=5 timed_us=4
gfx_opcode: op=ff calls=2092 timed_calls=19 timed_us=11
subsystem_time: stage=vertex calls=2212154 timed_calls=17418 period=127 timed_us=5494
subsystem_time: stage=gfx_state calls=314513 timed_calls=2476 period=127 timed_us=8989
subsystem_self: stage=gfx_state calls=314513 timed_calls=2476 self_us=3269 dropped=0
subsystem_time: stage=gx_wait calls=4 timed_calls=4 period=1 timed_us=2539
subsystem_time: stage=dma_pi calls=3129 timed_calls=3129 period=1 timed_us=96161
subsystem_time: stage=dma_sp calls=6810 timed_calls=6810 period=1 timed_us=6748
subsystem_time: stage=dma_si calls=1690 timed_calls=1690 period=1 timed_us=24565
subsystem_time: stage=tlb_translate calls=200897 timed_calls=1581 period=127 timed_us=173
subsystem_time: stage=pif calls=1691 timed_calls=1691 period=1 timed_us=22654
subsystem_time: stage=input calls=4180 timed_calls=4180 period=1 timed_us=19140
subsystem_time: stage=guest_interrupt calls=17253 timed_calls=17253 period=1 timed_us=24496516
subsystem_self: stage=guest_interrupt calls=17253 timed_calls=17253 self_us=41168 dropped=0
subsystem_time: stage=interpreter_inclusive calls=0 timed_calls=0 period=1 timed_us=0
subsystem_self: stage=interpreter_inclusive calls=0 timed_calls=0 self_us=0 dropped=0
subsystem_time: stage=audio_submit calls=2360 timed_calls=2360 period=1 timed_us=26259
subsystem_time: stage=audio_callback calls=24660 timed_calls=24660 period=1 timed_us=17430
subsystem_time: stage=memory_slow calls=1118277 timed_calls=8805 period=127 timed_us=36002
subsystem_self: stage=memory_slow calls=1118277 timed_calls=8805 self_us=4270 dropped=0
subsystem_time: stage=jit_invalidate calls=385672 timed_calls=3036 period=127 timed_us=640
subsystem_time: stage=cpu_helper calls=17895378 timed_calls=140908 period=127 timed_us=188614
subsystem_time: stage=storage_read calls=0 timed_calls=0 period=1 timed_us=0
subsystem_time: stage=storage_write calls=0 timed_calls=0 period=1 timed_us=0
subsystem_time: stage=save_load calls=0 timed_calls=0 period=1 timed_us=0
subsystem_time: stage=save_write calls=0 timed_calls=0 period=1 timed_us=0
subsystem_time: stage=state_load calls=0 timed_calls=0 period=1 timed_us=0
subsystem_time: stage=state_save calls=0 timed_calls=0 period=1 timed_us=0
subsystem_time: stage=probe_io calls=6 timed_calls=6 period=1 timed_us=74109
subsystem_time: stage=agent_poll calls=4810 timed_calls=4810 period=1 timed_us=1023
audio_time: stage=resample sampled_calls=336 sampled_samples=43888 sampled_us=1852
audio_time: stage=zoh sampled_calls=0 sampled_samples=0 sampled_us=0
audio_time: stage=adpcm sampled_calls=327 sampled_samples=42240 sampled_us=1792
audio_time: stage=envmix_exp sampled_calls=317 sampled_samples=42336 sampled_us=4088
audio_time: stage=envmix_ge sampled_calls=0 sampled_samples=0 sampled_us=0
audio_time: stage=envmix_lin sampled_calls=0 sampled_samples=0 sampled_us=0
audio_time: stage=envmix_nead sampled_calls=0 sampled_samples=0 sampled_us=0
audio_time: stage=mix sampled_calls=74 sampled_samples=23680 sampled_us=399
audio_time: stage=musyx_voice sampled_calls=0 sampled_samples=0 sampled_us=0
audio_time: stage=musyx_fx sampled_calls=0 sampled_samples=0 sampled_us=0
audio_time: stage=output sampled_calls=18 sampled_samples=9584 sampled_us=170
gpu_counters: clks=9773732170 tb_clks=9773732268 ras_busy=198173139 xf_wait_in=9326758243 xf_wait_out=283558043 ras_peak_permille=34 ztop_in=761478892 ztop_out=724567180 z_in=1416440 z_out=1344756 blend_in=726250184 copy_clks=118881436 fifo_overflows=326
game: n=1/9 how=vis vis=2400 vi_rate=60 vi0_retrace=330 wall_us=40221001 sleep_us=24331862 avg_vis=59.25 avg_fps=27.96 exceptions=14189 cacheResets=1 recompiles=1572 batches=205469 verts=3874818 texStalls=0 treeDepthMax=14 underruns=14 overruns=0 queue_peak_ms=129 dsp_avg=1.52 dsp_peak=1.80 dsp_samples=80 pmc1=11456477410 pmc2=11673146974 pmc3=0 pmc4=0 mmcr0=00000042 mmcr1=00000000 heap_used=10876792 heap_free=37480 arena1_free=315392 arena2_free=288704 flushes=6 flush_us=74107 padtrace=11 rom=sd:/wii64/roms/Super Mario 64.v64
=== chain 1/9 end vis=2400 how=vis rom=sd:/wii64/roms/Super Mario 64.v64 ===
mark: pad replay records: 22
mark: loadROM: enter
mark: loadROM: before rom_read
mark: ROMCache_load: enter
mark: ROMCache_load: before first read
mark: ROMCache_load: first read returned
mark: ROMCache_load: byte_swap_type set
mark: ROMCache_load: first byte_swap done
menufps: 0.0
menufps: 8.4
menufps: 8.3
menufps: 8.3
menufps: 8.1
mark: ROMCache_load: loop exited normally
mark: ROMCache_load: elapsed_us=3086643 bytes=13893632 vm=0
mark: loadROM: after rom_read
mark: loadROM: before init_memory
mark: loadROM: after init_memory
mark: loadROM: before romOpen_gfx
mark: loadROM: after romOpen_gfx / before romOpen_audio
mark: loadROM: after romOpen_audio / before romOpen_input
mark: loadROM: after romOpen_input / before cpu_init
mark: loadROM: after cpu_init
menufps: 6.4
menufps: 1.9
menufps: 1.0
menufps: 1.0
fps: 1.8
first_vi: vi0_retrace=3136
vis: 4.1
cpu: exceptions=0 cacheResets=0 batches=0 verts=0 texStalls=0 recompiles=0 underruns=0 overruns=0 sleep_us=0 queue_ms=0
mark: CPU core dispatch: dynarec
vis: 60.0
cpu: exceptions=1030 cacheResets=1 batches=0 verts=0 texStalls=0 recompiles=316 underruns=1 overruns=0 sleep_us=81380 queue_ms=116
vis: 60.0
cpu: exceptions=1330 cacheResets=1 batches=0 verts=0 texStalls=0 recompiles=316 underruns=1 overruns=0 sleep_us=551551 queue_ms=113
vis: 60.0
cpu: exceptions=1630 cacheResets=1 batches=0 verts=0 texStalls=0 recompiles=331 underruns=1 overruns=0 sleep_us=1020087 queue_ms=109
vis: 60.0
cpu: exceptions=1928 cacheResets=1 batches=0 verts=0 texStalls=0 recompiles=331 underruns=1 overruns=0 sleep_us=1490231 queue_ms=116
vis: 60.0
cpu: exceptions=2228 cacheResets=1 batches=0 verts=0 texStalls=0 recompiles=331 underruns=1 overruns=0 sleep_us=1960328 queue_ms=113
vis: 60.0
cpu: exceptions=2527 cacheResets=1 batches=0 verts=0 texStalls=0 recompiles=331 underruns=1 overruns=0 sleep_us=2430159 queue_ms=120
vis: 60.0
cpu: exceptions=2863 cacheResets=1 batches=0 verts=0 texStalls=0 recompiles=344 underruns=1 overruns=0 sleep_us=2892038 queue_ms=116
fps: 0.8
vis: 60.0
cpu: exceptions=3436 cacheResets=1 batches=64 verts=4140 texStalls=0 recompiles=468 underruns=1 overruns=0 sleep_us=3316622 queue_ms=122
fps: 1.6
vis: 60.0
cpu: exceptions=3541 cacheResets=1 batches=576 verts=37260 texStalls=0 recompiles=528 underruns=1 overruns=0 sleep_us=3602788 queue_ms=17
fps: 31.0
vis: 60.0
cpu: exceptions=3682 cacheResets=1 batches=1536 verts=99360 texStalls=0 recompiles=528 underruns=1 overruns=0 sleep_us=3888913 queue_ms=25
fps: 30.0
vis: 60.0
cpu: exceptions=3818 cacheResets=1 batches=2304 verts=149040 texStalls=0 recompiles=566 underruns=1 overruns=0 sleep_us=4152321 queue_ms=20
vis: 60.0
cpu: exceptions=3914 cacheResets=1 batches=2304 verts=149040 texStalls=0 recompiles=566 underruns=1 overruns=0 sleep_us=4330193 queue_ms=28
fps: 3.9
vis: 60.0
cpu: exceptions=4013 cacheResets=1 batches=2424 verts=149760 texStalls=0 recompiles=598 underruns=1 overruns=0 sleep_us=4608035 queue_ms=23
fps: 1.7
vis: 59.6
cpu: exceptions=4115 cacheResets=1 batches=2904 verts=152640 texStalls=0 recompiles=610 underruns=3 overruns=0 sleep_us=4939617 queue_ms=7
fps: 30.8
vis: 59.7
cpu: exceptions=4329 cacheResets=1 batches=4704 verts=163440 texStalls=0 recompiles=611 underruns=4 overruns=0 sleep_us=5104188 queue_ms=11
fps: 29.8
vis: 59.7
cpu: exceptions=4530 cacheResets=1 batches=6504 verts=174240 texStalls=0 recompiles=614 underruns=4 overruns=0 sleep_us=5265423 queue_ms=19
fps: 29.8
vis: 59.7
cpu: exceptions=4723 cacheResets=1 batches=8304 verts=185040 texStalls=0 recompiles=614 underruns=4 overruns=0 sleep_us=5423249 queue_ms=15
fps: 29.9
vis: 59.7
cpu: exceptions=4917 cacheResets=1 batches=10104 verts=195840 texStalls=0 recompiles=614 underruns=4 overruns=0 sleep_us=5582165 queue_ms=10
fps: 29.9
vis: 59.7
cpu: exceptions=5096 cacheResets=1 batches=11904 verts=206640 texStalls=0 recompiles=614 underruns=4 overruns=0 sleep_us=5745100 queue_ms=5
fps: 28.9
vis: 59.7
cpu: exceptions=5274 cacheResets=1 batches=13704 verts=217440 texStalls=0 recompiles=618 underruns=6 overruns=0 sleep_us=5907087 queue_ms=13
vis: 60.0
cpu: exceptions=5454 cacheResets=1 batches=15024 verts=225360 texStalls=0 recompiles=625 underruns=6 overruns=0 sleep_us=6060601 queue_ms=19
vis: 60.0
cpu: exceptions=5605 cacheResets=1 batches=15024 verts=225360 texStalls=0 recompiles=625 underruns=6 overruns=0 sleep_us=6208999 queue_ms=14
vis: 60.0
cpu: exceptions=5713 cacheResets=1 batches=15024 verts=225360 texStalls=0 recompiles=631 underruns=6 overruns=0 sleep_us=6425975 queue_ms=10
fps: 7.0
vis: 60.0
cpu: exceptions=5835 cacheResets=1 batches=15024 verts=225360 texStalls=0 recompiles=674 underruns=6 overruns=0 sleep_us=6661924 queue_ms=17
fps: 31.8
vis: 59.9
cpu: exceptions=6048 cacheResets=1 batches=15024 verts=225360 texStalls=0 recompiles=674 underruns=6 overruns=0 sleep_us=6861344 queue_ms=13
fps: 30.0
vis: 60.0
cpu: exceptions=6237 cacheResets=1 batches=15024 verts=225360 texStalls=0 recompiles=674 underruns=6 overruns=0 sleep_us=7062026 queue_ms=19
fps: 30.0
vis: 60.0
cpu: exceptions=6408 cacheResets=1 batches=15024 verts=225360 texStalls=0 recompiles=674 underruns=6 overruns=0 sleep_us=7267466 queue_ms=16
fps: 30.0
vis: 60.0
cpu: exceptions=6575 cacheResets=1 batches=15024 verts=225360 texStalls=0 recompiles=674 underruns=6 overruns=0 sleep_us=7474837 queue_ms=23
fps: 30.0
vis: 60.0
cpu: exceptions=6745 cacheResets=1 batches=15024 verts=225360 texStalls=0 recompiles=674 underruns=6 overruns=0 sleep_us=7682817 queue_ms=19
fps: 30.0
vis: 59.5
cpu: exceptions=6918 cacheResets=1 batches=15024 verts=225360 texStalls=0 recompiles=681 underruns=6 overruns=0 sleep_us=7889945 queue_ms=16
fps: 29.7
vis: 59.9
cpu: exceptions=7084 cacheResets=1 batches=15024 verts=225360 texStalls=0 recompiles=686 underruns=6 overruns=0 sleep_us=8081994 queue_ms=11
fps: 30.0
vis: 60.0
cpu: exceptions=7253 cacheResets=1 batches=15024 verts=225360 texStalls=0 recompiles=686 underruns=6 overruns=0 sleep_us=8286819 queue_ms=17
vis: 60.0
cpu: exceptions=7425 cacheResets=1 batches=15024 verts=225360 texStalls=0 recompiles=686 underruns=6 overruns=0 sleep_us=8501717 queue_ms=14
fps: 30.0
vis: 60.0
cpu: exceptions=7585 cacheResets=1 batches=15024 verts=225360 texStalls=0 recompiles=686 underruns=6 overruns=0 sleep_us=8719320 queue_ms=21
fps: 30.0
vis: 60.0
cpu: exceptions=7759 cacheResets=1 batches=15024 verts=225360 texStalls=0 recompiles=686 underruns=6 overruns=0 sleep_us=8934133 queue_ms=17
fps: 30.0
vis: 60.0
cpu: exceptions=7935 cacheResets=1 batches=15024 verts=225360 texStalls=0 recompiles=686 underruns=6 overruns=0 sleep_us=9149697 queue_ms=25
fps: 30.0
vis: 60.0
cpu: exceptions=8103 cacheResets=1 batches=15024 verts=225360 texStalls=0 recompiles=686 underruns=6 overruns=0 sleep_us=9365975 queue_ms=21
fps: 30.0
vis: 60.0
cpu: exceptions=8278 cacheResets=1 batches=15024 verts=225360 texStalls=0 recompiles=686 underruns=6 overruns=0 sleep_us=9581541 queue_ms=28
fps: 30.0
vis: 60.0
cpu: exceptions=8447 cacheResets=1 batches=15024 verts=225360 texStalls=0 recompiles=686 underruns=6 overruns=0 sleep_us=9800546 queue_ms=23
fps: 29.1
vis: 59.9
cpu: exceptions=8613 cacheResets=1 batches=15024 verts=225360 texStalls=0 recompiles=688 underruns=6 overruns=0 sleep_us=10039092 queue_ms=8
fps: 30.0
vis: 60.0
cpu: exceptions=8772 cacheResets=1 batches=15024 verts=225360 texStalls=0 recompiles=688 underruns=6 overruns=0 sleep_us=10276541 queue_ms=16
fps: 30.0
vis: 60.0
cpu: exceptions=8938 cacheResets=1 batches=15024 verts=225360 texStalls=0 recompiles=688 underruns=6 overruns=0 sleep_us=10509306 queue_ms=11
fps: 30.0
vis: 60.0
cpu: exceptions=9129 cacheResets=1 batches=15024 verts=225360 texStalls=0 recompiles=688 underruns=6 overruns=0 sleep_us=10719504 queue_ms=7
fps: 30.0
vis: 60.0
cpu: exceptions=9302 cacheResets=1 batches=15024 verts=225360 texStalls=0 recompiles=688 underruns=6 overruns=0 sleep_us=10938335 queue_ms=14
fps: 30.0
vis: 60.0
cpu: exceptions=9458 cacheResets=1 batches=15024 verts=225360 texStalls=0 recompiles=688 underruns=6 overruns=0 sleep_us=11169816 queue_ms=10
fps: 30.0
vis: 60.0
cpu: exceptions=9615 cacheResets=1 batches=15024 verts=225360 texStalls=0 recompiles=688 underruns=6 overruns=0 sleep_us=11401148 queue_ms=17
fps: 30.0
vis: 60.0
cpu: exceptions=9768 cacheResets=1 batches=15024 verts=225360 texStalls=0 recompiles=688 underruns=6 overruns=0 sleep_us=11633819 queue_ms=13
fps: 30.0
vis: 60.0
cpu: exceptions=9926 cacheResets=1 batches=15024 verts=225360 texStalls=0 recompiles=688 underruns=6 overruns=0 sleep_us=11870223 queue_ms=19
fps: 30.0
vis: 60.0
cpu: exceptions=10081 cacheResets=1 batches=15024 verts=225360 texStalls=0 recompiles=688 underruns=6 overruns=0 sleep_us=12108199 queue_ms=14
fps: 30.0
vis: 60.0
cpu: exceptions=10243 cacheResets=1 batches=15024 verts=225360 texStalls=0 recompiles=688 underruns=6 overruns=0 sleep_us=12347089 queue_ms=20
fps: 30.0
vis: 60.0
cpu: exceptions=10395 cacheResets=1 batches=15024 verts=225360 texStalls=0 recompiles=688 underruns=6 overruns=0 sleep_us=12583264 queue_ms=17
fps: 30.0
vis: 60.0
cpu: exceptions=10551 cacheResets=1 batches=15024 verts=225360 texStalls=0 recompiles=688 underruns=6 overruns=0 sleep_us=12815509 queue_ms=23
fps: 30.0
vis: 60.0
cpu: exceptions=10700 cacheResets=1 batches=15024 verts=225360 texStalls=0 recompiles=688 underruns=6 overruns=0 sleep_us=13062183 queue_ms=20
fps: 29.9
vis: 60.0
cpu: exceptions=10902 cacheResets=1 batches=15024 verts=225360 texStalls=0 recompiles=688 underruns=6 overruns=0 sleep_us=13273739 queue_ms=27
fps: 30.0
vis: 60.0
cpu: exceptions=11095 cacheResets=1 batches=15024 verts=225360 texStalls=0 recompiles=688 underruns=6 overruns=0 sleep_us=13476420 queue_ms=22
fps: 30.1
vis: 60.0
cpu: exceptions=11277 cacheResets=1 batches=15024 verts=225360 texStalls=0 recompiles=688 underruns=6 overruns=0 sleep_us=13687568 queue_ms=17
fps: 30.0
vis: 60.0
cpu: exceptions=11452 cacheResets=1 batches=15024 verts=225360 texStalls=0 recompiles=688 underruns=6 overruns=0 sleep_us=13903278 queue_ms=24
fps: 30.0
vis: 60.0
cpu: exceptions=11623 cacheResets=1 batches=15024 verts=225360 texStalls=0 recompiles=688 underruns=6 overruns=0 sleep_us=14119396 queue_ms=20
fps: 30.0
vis: 60.0
cpu: exceptions=11795 cacheResets=1 batches=15024 verts=225360 texStalls=0 recompiles=688 underruns=6 overruns=0 sleep_us=14334518 queue_ms=27
fps: 28.6
vis: 60.0
cpu: exceptions=11969 cacheResets=1 batches=15024 verts=225360 texStalls=0 recompiles=692 underruns=7 overruns=0 sleep_us=14549186 queue_ms=12
vis: 60.0
cpu: exceptions=12128 cacheResets=1 batches=15024 verts=225360 texStalls=0 recompiles=692 underruns=7 overruns=0 sleep_us=14749208 queue_ms=8
vis: 60.0
cpu: exceptions=12255 cacheResets=1 batches=15024 verts=225360 texStalls=0 recompiles=692 underruns=7 overruns=0 sleep_us=14902630 queue_ms=15
vis: 60.0
cpu: exceptions=12374 cacheResets=1 batches=15024 verts=225360 texStalls=0 recompiles=692 underruns=7 overruns=0 sleep_us=15107667 queue_ms=11
fps: 7.5
vis: 59.9
cpu: exceptions=12553 cacheResets=1 batches=15024 verts=225360 texStalls=0 recompiles=720 underruns=8 overruns=0 sleep_us=15326829 queue_ms=29
fps: 31.9
vis: 59.3
cpu: exceptions=12746 cacheResets=1 batches=15024 verts=225360 texStalls=0 recompiles=721 underruns=8 overruns=0 sleep_us=15504314 queue_ms=15
fps: 29.4
vis: 60.0
cpu: exceptions=12967 cacheResets=1 batches=15024 verts=225360 texStalls=0 recompiles=721 underruns=8 overruns=0 sleep_us=15635820 queue_ms=22
fps: 30.2
vis: 59.8
cpu: exceptions=13178 cacheResets=1 batches=15024 verts=225360 texStalls=0 recompiles=721 underruns=8 overruns=0 sleep_us=15775010 queue_ms=17
fps: 29.7
vis: 59.7
cpu: exceptions=13382 cacheResets=1 batches=15024 verts=225360 texStalls=0 recompiles=721 underruns=8 overruns=0 sleep_us=15919960 queue_ms=13
fps: 29.9
vis: 59.7
cpu: exceptions=13570 cacheResets=1 batches=15024 verts=225360 texStalls=0 recompiles=721 underruns=8 overruns=0 sleep_us=16113986 queue_ms=20
fps: 29.9
vis: 59.4
cpu: exceptions=13757 cacheResets=1 batches=15024 verts=225360 texStalls=0 recompiles=724 underruns=8 overruns=0 sleep_us=16300398 queue_ms=17
fps: 29.6
vis: 60.0
cpu: exceptions=13943 cacheResets=1 batches=15024 verts=225360 texStalls=0 recompiles=731 underruns=8 overruns=0 sleep_us=16482935 queue_ms=13
fps: 30.2
vis: 59.8
cpu: exceptions=14123 cacheResets=1 batches=15024 verts=225360 texStalls=0 recompiles=731 underruns=8 overruns=0 sleep_us=16690744 queue_ms=10
fps: 29.2
vis: 59.5
cpu: exceptions=14316 cacheResets=1 batches=15024 verts=225360 texStalls=0 recompiles=731 underruns=8 overruns=0 sleep_us=16883769 queue_ms=5
fps: 30.6
vis: 60.0
cpu: exceptions=14503 cacheResets=1 batches=15024 verts=225360 texStalls=0 recompiles=731 underruns=8 overruns=0 sleep_us=17082351 queue_ms=11
vis: 60.0
cpu: exceptions=14679 cacheResets=1 batches=15024 verts=225360 texStalls=0 recompiles=731 underruns=8 overruns=0 sleep_us=17292447 queue_ms=8
fps: 30.0
vis: 60.0
cpu: exceptions=14847 cacheResets=1 batches=15024 verts=225360 texStalls=0 recompiles=731 underruns=8 overruns=0 sleep_us=17518279 queue_ms=15
fps: 30.0
vis: 60.0
cpu: exceptions=15022 cacheResets=1 batches=15024 verts=225360 texStalls=0 recompiles=731 underruns=8 overruns=0 sleep_us=17734170 queue_ms=11
fps: 30.0
vis: 60.0
cpu: exceptions=15180 cacheResets=1 batches=15024 verts=225360 texStalls=0 recompiles=731 underruns=8 overruns=0 sleep_us=17972971 queue_ms=18
fps: 30.1
vis: 60.0
cpu: exceptions=15341 cacheResets=1 batches=15024 verts=225360 texStalls=0 recompiles=731 underruns=8 overruns=0 sleep_us=18211743 queue_ms=13
fps: 29.1
vis: 59.9
cpu: exceptions=15525 cacheResets=1 batches=15024 verts=225360 texStalls=0 recompiles=732 underruns=9 overruns=0 sleep_us=18414456 queue_ms=9
fps: 29.8
vis: 60.0
cpu: exceptions=15696 cacheResets=1 batches=15024 verts=225360 texStalls=0 recompiles=732 underruns=9 overruns=0 sleep_us=18600561 queue_ms=16
vis: 60.0
cpu: exceptions=15803 cacheResets=1 batches=15024 verts=225360 texStalls=0 recompiles=732 underruns=9 overruns=0 sleep_us=18763854 queue_ms=13
vis: 60.0
cpu: exceptions=15953 cacheResets=1 batches=15024 verts=225360 texStalls=0 recompiles=733 underruns=9 overruns=0 sleep_us=18983670 queue_ms=19
vis: 60.0
cpu: exceptions=16114 cacheResets=1 batches=15024 verts=225360 texStalls=0 recompiles=734 underruns=9 overruns=0 sleep_us=19204036 queue_ms=14
fps: 4.1
vis: 60.0
cpu: exceptions=16295 cacheResets=1 batches=15024 verts=225360 texStalls=0 recompiles=761 underruns=11 overruns=0 sleep_us=19359242 queue_ms=42
fps: 32.2
vis: 59.9
cpu: exceptions=16474 cacheResets=1 batches=15024 verts=225360 texStalls=0 recompiles=761 underruns=11 overruns=0 sleep_us=19556581 queue_ms=38
fps: 29.9
vis: 60.0
cpu: exceptions=16650 cacheResets=1 batches=15024 verts=225360 texStalls=0 recompiles=761 underruns=11 overruns=0 sleep_us=19755946 queue_ms=34
fps: 30.0
vis: 59.9
cpu: exceptions=16823 cacheResets=1 batches=15024 verts=225360 texStalls=0 recompiles=761 underruns=11 overruns=0 sleep_us=19955813 queue_ms=41
fps: 30.0
vis: 60.0
cpu: exceptions=16998 cacheResets=1 batches=15024 verts=225360 texStalls=0 recompiles=761 underruns=11 overruns=0 sleep_us=20159457 queue_ms=37
fps: 29.9
vis: 59.1
cpu: exceptions=17169 cacheResets=1 batches=15024 verts=225360 texStalls=0 recompiles=765 underruns=11 overruns=0 sleep_us=20360449 queue_ms=32
fps: 29.5
vis: 59.8
cpu: exceptions=17347 cacheResets=1 batches=15024 verts=225360 texStalls=0 recompiles=767 underruns=11 overruns=0 sleep_us=20538488 queue_ms=28
fps: 29.9
vis: 59.9
cpu: exceptions=17514 cacheResets=1 batches=15024 verts=225360 texStalls=0 recompiles=767 underruns=11 overruns=0 sleep_us=20720833 queue_ms=35
fps: 30.0
vis: 59.9
cpu: exceptions=17684 cacheResets=1 batches=15024 verts=225360 texStalls=0 recompiles=767 underruns=11 overruns=0 sleep_us=20916814 queue_ms=31
fps: 29.9
vis: 59.5
cpu: exceptions=17864 cacheResets=1 batches=15024 verts=225360 texStalls=0 recompiles=767 underruns=11 overruns=0 sleep_us=21109758 queue_ms=26
fps: 29.7
vis: 59.9
cpu: exceptions=18042 cacheResets=1 batches=15024 verts=225360 texStalls=0 recompiles=767 underruns=11 overruns=0 sleep_us=21296809 queue_ms=23
fps: 30.0
vis: 60.0
cpu: exceptions=18217 cacheResets=1 batches=15024 verts=225360 texStalls=0 recompiles=767 underruns=11 overruns=0 sleep_us=21487636 queue_ms=29
fps: 30.0
vis: 60.0
cpu: exceptions=18383 cacheResets=1 batches=15024 verts=225360 texStalls=0 recompiles=767 underruns=11 overruns=0 sleep_us=21687141 queue_ms=25
fps: 30.1
vis: 59.6
cpu: exceptions=18551 cacheResets=1 batches=15024 verts=225360 texStalls=0 recompiles=767 underruns=11 overruns=0 sleep_us=21904629 queue_ms=22
fps: 29.8
vis: 60.0
cpu: exceptions=18708 cacheResets=1 batches=15024 verts=225360 texStalls=0 recompiles=767 underruns=11 overruns=0 sleep_us=22126285 queue_ms=29
fps: 28.8
vis: 60.0
cpu: exceptions=18867 cacheResets=1 batches=15024 verts=225360 texStalls=0 recompiles=767 underruns=11 overruns=0 sleep_us=22345677 queue_ms=4
fps: 29.9
vis: 60.0
cpu: exceptions=20023 cacheResets=1 batches=15024 verts=225360 texStalls=0 recompiles=776 underruns=12 overruns=0 sleep_us=22506939 queue_ms=21
vis: 60.0
cpu: exceptions=20190 cacheResets=1 batches=15024 verts=225360 texStalls=0 recompiles=829 underruns=12 overruns=0 sleep_us=22789511 queue_ms=17
vis: 60.0
cpu: exceptions=20288 cacheResets=1 batches=15024 verts=225360 texStalls=0 recompiles=829 underruns=12 overruns=0 sleep_us=23144839 queue_ms=23
vis: 60.0
cpu: exceptions=20477 cacheResets=1 batches=15024 verts=225360 texStalls=0 recompiles=1016 underruns=13 overruns=0 sleep_us=23456879 queue_ms=31
vis: 60.0
cpu: exceptions=20556 cacheResets=1 batches=15024 verts=225360 texStalls=0 recompiles=1016 underruns=14 overruns=0 sleep_us=23904248 queue_ms=5
fps: 2.1
vis: 60.0
cpu: exceptions=20762 cacheResets=1 batches=19639 verts=268494 texStalls=0 recompiles=1373 underruns=16 overruns=0 sleep_us=23973343 queue_ms=35
fps: 31.7
vis: 59.7
cpu: exceptions=20999 cacheResets=1 batches=25239 verts=319914 texStalls=0 recompiles=1405 underruns=16 overruns=0 sleep_us=24036666 queue_ms=31
fps: 29.7
vis: 59.3
cpu: exceptions=21294 cacheResets=1 batches=31151 verts=373206 texStalls=0 recompiles=1410 underruns=16 overruns=0 sleep_us=24059409 queue_ms=28
fps: 29.5
vis: 58.0
cpu: exceptions=21636 cacheResets=1 batches=37274 verts=427764 texStalls=0 recompiles=1410 underruns=16 overruns=0 sleep_us=24066677 queue_ms=13
fps: 28.6
vis: 57.2
cpu: exceptions=21997 cacheResets=1 batches=43472 verts=482772 texStalls=0 recompiles=1416 underruns=18 overruns=0 sleep_us=24071214 queue_ms=10
fps: 29.0
vis: 60.0
cpu: exceptions=22326 cacheResets=1 batches=48637 verts=531582 texStalls=0 recompiles=1417 underruns=19 overruns=0 sleep_us=24127194 queue_ms=27
fps: 31.0
vis: 60.0
cpu: exceptions=22627 cacheResets=1 batches=52720 verts=573900 texStalls=0 recompiles=1417 underruns=19 overruns=0 sleep_us=24246748 queue_ms=22
fps: 30.0
vis: 60.0
cpu: exceptions=22947 cacheResets=1 batches=56184 verts=612504 texStalls=0 recompiles=1421 underruns=19 overruns=0 sleep_us=24352667 queue_ms=29
fps: 30.1
vis: 60.0
cpu: exceptions=23257 cacheResets=1 batches=59247 verts=648702 texStalls=0 recompiles=1422 underruns=19 overruns=0 sleep_us=24488654 queue_ms=26
fps: 29.9
vis: 60.0
cpu: exceptions=23567 cacheResets=1 batches=62264 verts=684624 texStalls=0 recompiles=1435 underruns=19 overruns=0 sleep_us=24615811 queue_ms=32
fps: 29.9
vis: 60.0
cpu: exceptions=23864 cacheResets=1 batches=65183 verts=719958 texStalls=0 recompiles=1502 underruns=19 overruns=0 sleep_us=24727519 queue_ms=29
fps: 30.0
vis: 60.0
cpu: exceptions=24179 cacheResets=1 batches=68086 verts=755196 texStalls=0 recompiles=1504 underruns=19 overruns=0 sleep_us=24847295 queue_ms=35
fps: 30.1
vis: 60.0
cpu: exceptions=24490 cacheResets=1 batches=70983 verts=790398 texStalls=0 recompiles=1504 underruns=19 overruns=0 sleep_us=24989139 queue_ms=31
fps: 30.0
vis: 60.0
cpu: exceptions=24782 cacheResets=1 batches=73865 verts=825510 texStalls=0 recompiles=1504 underruns=19 overruns=0 sleep_us=25139489 queue_ms=27
fps: 29.2
mark: stop reason: chain guest VI limit
vis: 57.7
cpu: exceptions=25064 cacheResets=1 batches=76811 verts=861006 texStalls=0 recompiles=1504 underruns=20 overruns=0 sleep_us=25284140 queue_ms=6
mark: stop_it requested
audio: alist_resample_calls=124134 alist_resample_samples=18520696 alist_zoh_calls=0 alist_zoh_samples=0 musyx_subframes=0 musyx_voices=0 musyx_voice_peak=0
audio_stages: adpcm_calls=128102 adpcm_samples=19590016 envmix_calls=124134 envmix_samples=18520696 mix_calls=21240 mix_samples=8156160 musyx_fx_calls=0 musyx_fx_taps=0 output_calls=3566 output_samples=1595408
audio_envmix: exp_calls=0 ge_calls=0 lin_calls=0 nead_calls=124134 exp_steady=0 ge_steady=0 lin_steady=0
audio_gaps: nead_mats=0 nead_efz=0 resample_flag2=0 musyx_ptr10=0
audio_output: stream_requests=7372 stream_fed=5539 input_hz=26807 playback_hz=26807 queue_peak_ms=143
probe_schema: version=2 self=1 interval=127
vm_io: read_ahead=1 reads=0 hits=0 read_bytes=0 writes=0 write_bytes=0 errors=0
subsystem_time: stage=rsp_gfx calls=1428 timed_calls=1428 period=1 timed_us=17059289
subsystem_time: stage=rsp_audio calls=3540 timed_calls=3540 period=1 timed_us=3008567
subsystem_time: stage=rsp_other calls=0 timed_calls=0 period=1 timed_us=0
subsystem_time: stage=lookup calls=8677896 timed_calls=68329 period=127 timed_us=14601
subsystem_time: stage=compile calls=1504 timed_calls=1504 period=1 timed_us=203194
subsystem_time: stage=dispatch calls=8651631 timed_calls=68123 period=127 timed_us=60475
subsystem_self: stage=dispatch calls=8651631 timed_calls=68123 self_us=40646 dropped=0
subsystem_time: stage=execute_inclusive calls=8651631 timed_calls=68123 period=127 timed_us=346421
subsystem_self: stage=execute_inclusive calls=8651631 timed_calls=68123 self_us=116876 dropped=0
subsystem_time: stage=rom_copy calls=8289 timed_calls=8289 period=1 timed_us=71341
subsystem_time: stage=present calls=3599 timed_calls=3599 period=1 timed_us=66404
subsystem_time: stage=limiter calls=2758 timed_calls=2758 period=1 timed_us=25292501
subsystem_time: stage=vm_fault calls=0 timed_calls=0 period=1 timed_us=0
subsystem_time: stage=vm_victim calls=0 timed_calls=0 period=1 timed_us=0
subsystem_time: stage=vm_read calls=0 timed_calls=0 period=1 timed_us=0
subsystem_time: stage=vm_write calls=0 timed_calls=0 period=1 timed_us=0
subsystem_time: stage=tex_hash calls=231269 timed_calls=231269 period=1 timed_us=1473237
subsystem_time: stage=tex_lookup calls=231269 timed_calls=231269 period=1 timed_us=346858
subsystem_time: stage=tex_load calls=1733 timed_calls=1733 period=1 timed_us=127483
subsystem_time: stage=tex_activate calls=231269 timed_calls=231269 period=1 timed_us=61235
subsystem_time: stage=draw_triangles calls=76811 timed_calls=76811 period=1 timed_us=172768
subsystem_time: stage=draw_rect calls=199209 timed_calls=199209 period=1 timed_us=2420769
subsystem_time: stage=gfx_list calls=1428 timed_calls=1428 period=1 timed_us=17056248
subsystem_time: stage=gfx_command calls=3052105 timed_calls=24032 period=127 timed_us=137720
gfx_ucodes: mask=00040000
gfx_opcode: op=01 calls=39357 timed_calls=314 timed_us=141
gfx_opcode: op=03 calls=4732 timed_calls=44 timed_us=50
gfx_opcode: op=04 calls=74849 timed_calls=554 timed_us=1396
gfx_opcode: op=06 calls=126570 timed_calls=947 timed_us=158
gfx_opcode: op=b1 calls=89645 timed_calls=765 timed_us=6009
gfx_opcode: op=b4 calls=811 timed_calls=8 timed_us=1
gfx_opcode: op=b5 calls=21636 timed_calls=179 timed_us=287
gfx_opcode: op=b6 calls=21527 timed_calls=177 timed_us=29
gfx_opcode: op=b7 calls=13822 timed_calls=106 timed_us=15
gfx_opcode: op=b8 calls=127998 timed_calls=986 timed_us=125
gfx_opcode: op=b9 calls=89659 timed_calls=704 timed_us=111
gfx_opcode: op=ba calls=160056 timed_calls=1283 timed_us=221
gfx_opcode: op=bb calls=35718 timed_calls=296 timed_us=60
gfx_opcode: op=bc calls=34815 timed_calls=258 timed_us=52
gfx_opcode: op=bd calls=36 timed_calls=0 timed_us=0
gfx_opcode: op=bf calls=64440 timed_calls=456 timed_us=2022
gfx_opcode: op=c0 calls=16873 timed_calls=139 timed_us=18
gfx_opcode: op=e4 calls=190158 timed_calls=1505 timed_us=19656
gfx_opcode: op=e6 calls=236572 timed_calls=1861 timed_us=221
gfx_opcode: op=e7 calls=327789 timed_calls=2617 timed_us=335
gfx_opcode: op=e8 calls=41869 timed_calls=342 timed_us=39
gfx_opcode: op=e9 calls=1428 timed_calls=10 timed_us=15
gfx_opcode: op=ed calls=8043 timed_calls=63 timed_us=33
gfx_opcode: op=f0 calls=4851 timed_calls=38 timed_us=115
gfx_opcode: op=f2 calls=227707 timed_calls=1790 timed_us=466
gfx_opcode: op=f3 calls=40772 timed_calls=309 timed_us=1898
gfx_opcode: op=f4 calls=190949 timed_calls=1508 timed_us=6338
gfx_opcode: op=f5 calls=464279 timed_calls=3643 timed_us=632
gfx_opcode: op=f6 calls=10516 timed_calls=95 timed_us=2787
gfx_opcode: op=f7 calls=10090 timed_calls=83 timed_us=34
gfx_opcode: op=fa calls=40837 timed_calls=309 timed_us=55
gfx_opcode: op=fb calls=23942 timed_calls=183 timed_us=28
gfx_opcode: op=fc calls=67479 timed_calls=531 timed_us=72
gfx_opcode: op=fd calls=236572 timed_calls=1881 timed_us=261
gfx_opcode: op=fe calls=1427 timed_calls=12 timed_us=9
gfx_opcode: op=ff calls=4281 timed_calls=36 timed_us=91920
subsystem_time: stage=vertex calls=544112 timed_calls=4284 period=127 timed_us=1333
subsystem_time: stage=gfx_state calls=287905 timed_calls=2266 period=127 timed_us=20959
subsystem_self: stage=gfx_state calls=287905 timed_calls=2266 self_us=4981 dropped=0
subsystem_time: stage=gx_wait calls=4 timed_calls=4 period=1 timed_us=2555
subsystem_time: stage=dma_pi calls=8289 timed_calls=8289 period=1 timed_us=145080
subsystem_time: stage=dma_sp calls=9936 timed_calls=9936 period=1 timed_us=10286
subsystem_time: stage=dma_si calls=2986 timed_calls=2986 period=1 timed_us=34285
subsystem_time: stage=tlb_translate calls=0 timed_calls=0 period=127 timed_us=0
subsystem_time: stage=pif calls=2987 timed_calls=2987 period=1 timed_us=31614
subsystem_time: stage=input calls=5712 timed_calls=5712 period=1 timed_us=25805
subsystem_time: stage=guest_interrupt calls=33447 timed_calls=33447 period=1 timed_us=25534217
subsystem_self: stage=guest_interrupt calls=33447 timed_calls=33447 self_us=59877 dropped=0
subsystem_time: stage=interpreter_inclusive calls=0 timed_calls=0 period=1 timed_us=0
subsystem_self: stage=interpreter_inclusive calls=0 timed_calls=0 self_us=0 dropped=0
subsystem_time: stage=audio_submit calls=3566 timed_calls=3566 period=1 timed_us=36145
subsystem_time: stage=audio_callback calls=35964 timed_calls=35964 period=1 timed_us=24524
subsystem_time: stage=memory_slow calls=1356863 timed_calls=10683 period=127 timed_us=189128
subsystem_self: stage=memory_slow calls=1356863 timed_calls=10683 self_us=5603 dropped=0
subsystem_time: stage=jit_invalidate calls=26265 timed_calls=206 period=127 timed_us=42
subsystem_time: stage=cpu_helper calls=35812284 timed_calls=281986 period=127 timed_us=131234
subsystem_time: stage=storage_read calls=0 timed_calls=0 period=1 timed_us=0
subsystem_time: stage=storage_write calls=0 timed_calls=0 period=1 timed_us=0
subsystem_time: stage=save_load calls=0 timed_calls=0 period=1 timed_us=0
subsystem_time: stage=save_write calls=0 timed_calls=0 period=1 timed_us=0
subsystem_time: stage=state_load calls=0 timed_calls=0 period=1 timed_us=0
subsystem_time: stage=state_save calls=0 timed_calls=0 period=1 timed_us=0
subsystem_time: stage=probe_io calls=8 timed_calls=8 period=1 timed_us=122365
subsystem_time: stage=agent_poll calls=7219 timed_calls=7219 period=1 timed_us=1629
audio_time: stage=resample sampled_calls=977 sampled_samples=145512 sampled_us=6126
audio_time: stage=zoh sampled_calls=0 sampled_samples=0 sampled_us=0
audio_time: stage=adpcm sampled_calls=1008 sampled_samples=155232 sampled_us=6491
audio_time: stage=envmix_exp sampled_calls=0 sampled_samples=0 sampled_us=0
audio_time: stage=envmix_ge sampled_calls=0 sampled_samples=0 sampled_us=0
audio_time: stage=envmix_lin sampled_calls=0 sampled_samples=0 sampled_us=0
audio_time: stage=envmix_nead sampled_calls=977 sampled_samples=145512 sampled_us=8758
audio_time: stage=mix sampled_calls=167 sampled_samples=64128 sampled_us=1036
audio_time: stage=musyx_voice sampled_calls=0 sampled_samples=0 sampled_us=0
audio_time: stage=musyx_fx sampled_calls=0 sampled_samples=0 sampled_us=0
audio_time: stage=output sampled_calls=28 sampled_samples=12480 sampled_us=229
gpu_counters: clks=14673894763 tb_clks=14673894852 ras_busy=376789590 xf_wait_in=14240912190 xf_wait_out=206718049 ras_peak_permille=40 ztop_in=1452505396 ztop_out=1423871616 z_in=5198908 z_out=4386100 blend_in=1429392740 copy_clks=145887503 fifo_overflows=0
game: n=2/9 how=vis vis=3600 vi_rate=60 vi0_retrace=3136 wall_us=60386265 sleep_us=25284140 avg_vis=59.40 avg_fps=27.53 exceptions=25065 cacheResets=1 recompiles=1504 batches=76811 verts=861006 texStalls=0 treeDepthMax=14 underruns=20 overruns=0 queue_peak_ms=122 dsp_avg=1.55 dsp_peak=1.85 dsp_samples=121 pmc1=25460014175 pmc2=27259846483 pmc3=0 pmc4=0 mmcr0=00000042 mmcr1=00000000 heap_used=10895544 heap_free=35112 arena1_free=299008 arena2_free=288704 flushes=8 flush_us=122363 padtrace=21 rom=sd:/wii64/roms/Mario Kart 64.v64
=== chain 2/9 end vis=3600 how=vis rom=sd:/wii64/roms/Mario Kart 64.v64 ===
mark: pad replay records: 1
mark: loadROM: enter
mark: loadROM: before rom_read
mark: ROMCache_load: enter
mark: ROMCache_load: before first read
mark: ROMCache_load: first read returned
mark: ROMCache_load: byte_swap_type set
mark: ROMCache_load: first byte_swap done
menufps: 0.0
menufps: 8.3
menufps: 8.0
menufps: 8.1
menufps: 8.1
menufps: 8.1
menufps: 8.0
mark: ROMCache_load: loop exited normally
mark: ROMCache_load: elapsed_us=3836790 bytes=16777216 vm=0
mark: loadROM: after rom_read
mark: loadROM: before init_memory
mark: loadROM: after init_memory
mark: loadROM: before romOpen_gfx
mark: loadROM: after romOpen_gfx / before romOpen_audio
mark: loadROM: after romOpen_audio / before romOpen_input
mark: loadROM: after romOpen_input / before cpu_init
mark: loadROM: after cpu_init
menufps: 3.3
menufps: 1.0
menufps: 1.0
fps: 0.9
first_vi: vi0_retrace=7196
vis: 0.1
cpu: exceptions=0 cacheResets=0 batches=0 verts=0 texStalls=0 recompiles=0 underruns=0 overruns=0 sleep_us=0 queue_ms=0
mark: CPU core dispatch: dynarec
vis: 41.4
cpu: exceptions=28 cacheResets=1 batches=0 verts=0 texStalls=0 recompiles=138 underruns=0 overruns=0 sleep_us=0 queue_ms=0
vis: 60.0
cpu: exceptions=58 cacheResets=1 batches=0 verts=0 texStalls=0 recompiles=138 underruns=0 overruns=0 sleep_us=277404 queue_ms=0
vis: 56.7
cpu: exceptions=106 cacheResets=1 batches=0 verts=0 texStalls=0 recompiles=217 underruns=0 overruns=0 sleep_us=531501 queue_ms=0
vis: 60.0
cpu: exceptions=510 cacheResets=1 batches=0 verts=0 texStalls=0 recompiles=616 underruns=2 overruns=0 sleep_us=789315 queue_ms=27
fps: 0.4
vis: 59.8
cpu: exceptions=717 cacheResets=1 batches=44 verts=2262 texStalls=0 recompiles=1896 underruns=3 overruns=0 sleep_us=905361 queue_ms=58
vis: 60.0
cpu: exceptions=872 cacheResets=1 batches=44 verts=2262 texStalls=0 recompiles=1901 underruns=3 overruns=0 sleep_us=1156864 queue_ms=62
fps: 1.3
vis: 60.0
cpu: exceptions=1052 cacheResets=1 batches=344 verts=12750 texStalls=0 recompiles=1989 underruns=3 overruns=0 sleep_us=1396923 queue_ms=66
fps: 30.0
vis: 60.0
cpu: exceptions=1240 cacheResets=1 batches=1116 verts=33672 texStalls=0 recompiles=2005 underruns=3 overruns=0 sleep_us=1663558 queue_ms=71
fps: 30.0
vis: 60.0
cpu: exceptions=1423 cacheResets=1 batches=2132 verts=56058 texStalls=0 recompiles=2008 underruns=3 overruns=0 sleep_us=1920735 queue_ms=62
fps: 30.0
vis: 60.0
cpu: exceptions=1606 cacheResets=1 batches=3187 verts=78678 texStalls=0 recompiles=2008 underruns=3 overruns=0 sleep_us=2175439 queue_ms=66
fps: 30.0
vis: 60.0
cpu: exceptions=1783 cacheResets=1 batches=4252 verts=101190 texStalls=0 recompiles=2011 underruns=3 overruns=0 sleep_us=2428480 queue_ms=71
fps: 30.0
vis: 60.0
cpu: exceptions=1978 cacheResets=1 batches=5312 verts=123210 texStalls=0 recompiles=2011 underruns=3 overruns=0 sleep_us=2683459 queue_ms=67
fps: 30.0
vis: 60.0
cpu: exceptions=2160 cacheResets=1 batches=6349 verts=145092 texStalls=0 recompiles=2028 underruns=3 overruns=0 sleep_us=2938237 queue_ms=71
fps: 30.0
vis: 60.0
cpu: exceptions=2344 cacheResets=1 batches=7488 verts=172146 texStalls=0 recompiles=2028 underruns=3 overruns=0 sleep_us=3179272 queue_ms=62
fps: 29.9
vis: 60.0
cpu: exceptions=2543 cacheResets=1 batches=9054 verts=210882 texStalls=0 recompiles=2035 underruns=3 overruns=0 sleep_us=3367840 queue_ms=67
fps: 30.0
vis: 60.0
cpu: exceptions=2734 cacheResets=1 batches=10744 verts=245802 texStalls=0 recompiles=2035 underruns=3 overruns=0 sleep_us=3559871 queue_ms=71
fps: 30.0
vis: 60.0
cpu: exceptions=2909 cacheResets=1 batches=12278 verts=270666 texStalls=0 recompiles=2062 underruns=3 overruns=0 sleep_us=3783834 queue_ms=67
fps: 30.0
vis: 60.0
cpu: exceptions=3085 cacheResets=1 batches=13584 verts=294162 texStalls=0 recompiles=2062 underruns=3 overruns=0 sleep_us=4037797 queue_ms=72
fps: 29.4
vis: 60.0
cpu: exceptions=3256 cacheResets=1 batches=14675 verts=316368 texStalls=0 recompiles=2063 underruns=3 overruns=0 sleep_us=4302637 queue_ms=63
fps: 30.0
vis: 60.0
cpu: exceptions=3444 cacheResets=1 batches=15715 verts=338268 texStalls=0 recompiles=2063 underruns=3 overruns=0 sleep_us=4564261 queue_ms=67
fps: 30.0
vis: 60.0
cpu: exceptions=3627 cacheResets=1 batches=16738 verts=360066 texStalls=0 recompiles=2063 underruns=3 overruns=0 sleep_us=4827574 queue_ms=50
fps: 29.9
vis: 60.0
cpu: exceptions=3821 cacheResets=1 batches=18016 verts=395250 texStalls=0 recompiles=2063 underruns=3 overruns=0 sleep_us=5041381 queue_ms=54
fps: 30.0
vis: 60.0
cpu: exceptions=4020 cacheResets=1 batches=19353 verts=432612 texStalls=0 recompiles=2064 underruns=3 overruns=0 sleep_us=5254991 queue_ms=59
fps: 29.9
vis: 60.0
cpu: exceptions=4221 cacheResets=1 batches=21449 verts=468564 texStalls=0 recompiles=2080 underruns=3 overruns=0 sleep_us=5442534 queue_ms=63
fps: 29.8
vis: 60.0
cpu: exceptions=4411 cacheResets=1 batches=26214 verts=508404 texStalls=0 recompiles=2080 underruns=3 overruns=0 sleep_us=5582856 queue_ms=54
fps: 30.0
vis: 60.0
cpu: exceptions=4605 cacheResets=1 batches=31572 verts=551802 texStalls=0 recompiles=2080 underruns=3 overruns=0 sleep_us=5716294 queue_ms=50
fps: 30.0
vis: 60.0
cpu: exceptions=4796 cacheResets=1 batches=36692 verts=593772 texStalls=0 recompiles=2081 underruns=3 overruns=0 sleep_us=5863696 queue_ms=55
fps: 30.0
vis: 60.0
cpu: exceptions=4993 cacheResets=1 batches=41733 verts=635268 texStalls=0 recompiles=2082 underruns=3 overruns=0 sleep_us=6012498 queue_ms=59
fps: 30.0
vis: 60.0
cpu: exceptions=5188 cacheResets=1 batches=46908 verts=677568 texStalls=0 recompiles=2082 underruns=3 overruns=0 sleep_us=6158684 queue_ms=64
fps: 30.1
vis: 60.0
cpu: exceptions=5400 cacheResets=1 batches=51679 verts=730212 texStalls=0 recompiles=2082 underruns=3 overruns=0 sleep_us=6279793 queue_ms=46
mark: stop reason: chain guest VI limit
mark: stop_it requested
audio: alist_resample_calls=7273 alist_resample_samples=1338232 alist_zoh_calls=0 alist_zoh_samples=0 musyx_subframes=0 musyx_voices=0 musyx_voice_peak=0
audio_stages: adpcm_calls=5684 adpcm_samples=629344 envmix_calls=5654 envmix_samples=1040336 mix_calls=32380 mix_samples=5957920 musyx_fx_calls=0 musyx_fx_taps=0 output_calls=405 output_samples=297160
audio_envmix: exp_calls=0 ge_calls=0 lin_calls=5654 nead_calls=0 exp_steady=0 ge_steady=0 lin_steady=5208
audio_gaps: nead_mats=0 nead_efz=0 resample_flag2=0 musyx_ptr10=0
audio_output: stream_requests=3468 stream_fed=1029 input_hz=21998 playback_hz=21998 queue_peak_ms=90
probe_schema: version=2 self=1 interval=127
vm_io: read_ahead=1 reads=0 hits=0 read_bytes=0 writes=0 write_bytes=0 errors=0
subsystem_time: stage=rsp_gfx calls=358 timed_calls=358 period=1 timed_us=1505165
subsystem_time: stage=rsp_audio calls=406 timed_calls=406 period=1 timed_us=306696
subsystem_time: stage=rsp_other calls=0 timed_calls=0 period=1 timed_us=0
subsystem_time: stage=lookup calls=4415552 timed_calls=34768 period=127 timed_us=8829
subsystem_time: stage=compile calls=2083 timed_calls=2083 period=1 timed_us=177656
subsystem_time: stage=dispatch calls=4132111 timed_calls=32536 period=127 timed_us=31206
subsystem_self: stage=dispatch calls=4132111 timed_calls=32536 self_us=20673 dropped=0
subsystem_time: stage=execute_inclusive calls=4132111 timed_calls=32536 period=127 timed_us=126044
subsystem_self: stage=execute_inclusive calls=4132111 timed_calls=32536 self_us=41712 dropped=0
subsystem_time: stage=rom_copy calls=640 timed_calls=640 period=1 timed_us=14341
subsystem_time: stage=present calls=899 timed_calls=899 period=1 timed_us=62502
subsystem_time: stage=limiter calls=853 timed_calls=853 period=1 timed_us=6330236
subsystem_time: stage=vm_fault calls=0 timed_calls=0 period=1 timed_us=0
subsystem_time: stage=vm_victim calls=0 timed_calls=0 period=1 timed_us=0
subsystem_time: stage=vm_read calls=0 timed_calls=0 period=1 timed_us=0
subsystem_time: stage=vm_write calls=0 timed_calls=0 period=1 timed_us=0
subsystem_time: stage=tex_hash calls=48848 timed_calls=48848 period=1 timed_us=403304
subsystem_time: stage=tex_lookup calls=48848 timed_calls=48848 period=1 timed_us=12789
subsystem_time: stage=tex_load calls=28 timed_calls=28 period=1 timed_us=1979
subsystem_time: stage=tex_activate calls=48848 timed_calls=48848 period=1 timed_us=31262
subsystem_time: stage=draw_triangles calls=52520 timed_calls=52520 period=1 timed_us=237829
subsystem_time: stage=draw_rect calls=0 timed_calls=0 period=1 timed_us=0
subsystem_time: stage=gfx_list calls=358 timed_calls=358 period=1 timed_us=1504443
subsystem_time: stage=gfx_command calls=1088190 timed_calls=8568 period=127 timed_us=13084
gfx_ucodes: mask=00000002
gfx_opcode: op=01 calls=45295 timed_calls=363 timed_us=180
gfx_opcode: op=03 calls=1920 timed_calls=16 timed_us=12
gfx_opcode: op=04 calls=38254 timed_calls=315 timed_us=965
gfx_opcode: op=06 calls=56222 timed_calls=453 timed_us=73
gfx_opcode: op=b1 calls=122759 timed_calls=950 timed_us=8015
gfx_opcode: op=b6 calls=23590 timed_calls=186 timed_us=25
gfx_opcode: op=b7 calls=20998 timed_calls=159 timed_us=20
gfx_opcode: op=b8 calls=56580 timed_calls=447 timed_us=60
gfx_opcode: op=b9 calls=20685 timed_calls=148 timed_us=22
gfx_opcode: op=ba calls=59170 timed_calls=468 timed_us=72
gfx_opcode: op=bb calls=19239 timed_calls=161 timed_us=30
gfx_opcode: op=bc calls=44452 timed_calls=340 timed_us=49
gfx_opcode: op=bd calls=39275 timed_calls=306 timed_us=38
gfx_opcode: op=bf calls=1784 timed_calls=14 timed_us=101
gfx_opcode: op=e6 calls=44251 timed_calls=347 timed_us=40
gfx_opcode: op=e7 calls=155667 timed_calls=1211 timed_us=145
gfx_opcode: op=e9 calls=358 timed_calls=3 timed_us=3
gfx_opcode: op=ed calls=358 timed_calls=4 timed_us=3
gfx_opcode: op=f0 calls=4597 timed_calls=37 timed_us=25
gfx_opcode: op=f2 calls=46899 timed_calls=370 timed_us=96
gfx_opcode: op=f3 calls=48848 timed_calls=395 timed_us=1472
gfx_opcode: op=f5 calls=97281 timed_calls=769 timed_us=139
gfx_opcode: op=f6 calls=716 timed_calls=9 timed_us=654
gfx_opcode: op=f7 calls=716 timed_calls=3 timed_us=1
gfx_opcode: op=f9 calls=5752 timed_calls=38 timed_us=6
gfx_opcode: op=fa calls=41646 timed_calls=332 timed_us=55
gfx_opcode: op=fb calls=17478 timed_calls=137 timed_us=22
gfx_opcode: op=fc calls=18523 timed_calls=141 timed_us=19
gfx_opcode: op=fd calls=53445 timed_calls=437 timed_us=59
gfx_opcode: op=fe calls=358 timed_calls=4 timed_us=3
gfx_opcode: op=ff calls=1074 timed_calls=5 timed_us=2
subsystem_time: stage=vertex calls=360552 timed_calls=2838 period=127 timed_us=883
subsystem_time: stage=gfx_state calls=84009 timed_calls=661 period=127 timed_us=5123
subsystem_self: stage=gfx_state calls=84009 timed_calls=661 self_us=1543 dropped=0
subsystem_time: stage=gx_wait calls=4 timed_calls=4 period=1 timed_us=2554
subsystem_time: stage=dma_pi calls=640 timed_calls=640 period=1 timed_us=27320
subsystem_time: stage=dma_sp calls=1528 timed_calls=1528 period=1 timed_us=1696
subsystem_time: stage=dma_si calls=1147 timed_calls=1147 period=1 timed_us=11574
subsystem_time: stage=tlb_translate calls=0 timed_calls=0 period=127 timed_us=0
subsystem_time: stage=pif calls=1149 timed_calls=1149 period=1 timed_us=10591
subsystem_time: stage=input calls=807 timed_calls=807 period=1 timed_us=8497
subsystem_time: stage=guest_interrupt calls=6615 timed_calls=6615 period=1 timed_us=6440757
subsystem_self: stage=guest_interrupt calls=6615 timed_calls=6615 self_us=22582 dropped=0
subsystem_time: stage=interpreter_inclusive calls=0 timed_calls=0 period=1 timed_us=0
subsystem_self: stage=interpreter_inclusive calls=0 timed_calls=0 self_us=0 dropped=0
subsystem_time: stage=audio_submit calls=405 timed_calls=405 period=1 timed_us=6518
subsystem_time: stage=audio_callback calls=9553 timed_calls=9553 period=1 timed_us=5161
subsystem_time: stage=memory_slow calls=487873 timed_calls=3841 period=127 timed_us=24699
subsystem_self: stage=memory_slow calls=487873 timed_calls=3841 self_us=1654 dropped=0
subsystem_time: stage=jit_invalidate calls=283441 timed_calls=2231 period=127 timed_us=544
subsystem_time: stage=cpu_helper calls=12620357 timed_calls=99372 period=127 timed_us=43452
subsystem_time: stage=storage_read calls=0 timed_calls=0 period=1 timed_us=0
subsystem_time: stage=storage_write calls=0 timed_calls=0 period=1 timed_us=0
subsystem_time: stage=save_load calls=0 timed_calls=0 period=1 timed_us=0
subsystem_time: stage=save_write calls=0 timed_calls=0 period=1 timed_us=0
subsystem_time: stage=state_load calls=0 timed_calls=0 period=1 timed_us=0
subsystem_time: stage=state_save calls=0 timed_calls=0 period=1 timed_us=0
subsystem_time: stage=probe_io calls=3 timed_calls=3 period=1 timed_us=43795
subsystem_time: stage=agent_poll calls=1820 timed_calls=1820 period=1 timed_us=487
audio_time: stage=resample sampled_calls=57 sampled_samples=10488 sampled_us=410
audio_time: stage=zoh sampled_calls=0 sampled_samples=0 sampled_us=0
audio_time: stage=adpcm sampled_calls=44 sampled_samples=4752 sampled_us=205
audio_time: stage=envmix_exp sampled_calls=0 sampled_samples=0 sampled_us=0
audio_time: stage=envmix_ge sampled_calls=0 sampled_samples=0 sampled_us=0
audio_time: stage=envmix_lin sampled_calls=44 sampled_samples=8096 sampled_us=691
audio_time: stage=envmix_nead sampled_calls=0 sampled_samples=0 sampled_us=0
audio_time: stage=mix sampled_calls=254 sampled_samples=46736 sampled_us=789
audio_time: stage=musyx_voice sampled_calls=0 sampled_samples=0 sampled_us=0
audio_time: stage=musyx_fx sampled_calls=0 sampled_samples=0 sampled_us=0
audio_time: stage=output sampled_calls=3 sampled_samples=2208 sampled_us=40
gpu_counters: clks=3731031288 tb_clks=3731031380 ras_busy=138670100 xf_wait_in=3292926646 xf_wait_out=388609407 ras_peak_permille=49 ztop_in=544530712 ztop_out=521107032 z_in=0 z_out=0 blend_in=521169364 copy_clks=50676175 fifo_overflows=849
game: n=3/9 how=vis vis=900 vi_rate=60 vi0_retrace=7196 wall_us=15353864 sleep_us=6327607 avg_vis=57.36 avg_fps=26.60 exceptions=5450 cacheResets=1 recompiles=2083 batches=52520 verts=741906 texStalls=0 treeDepthMax=31 underruns=3 overruns=0 queue_peak_ms=72 dsp_avg=1.31 dsp_peak=1.75 dsp_samples=31 pmc1=6331497454 pmc2=6439793553 pmc3=0 pmc4=0 mmcr0=00000042 mmcr1=00000000 heap_used=10930424 heap_free=37096 arena1_free=262144 arena2_free=288704 flushes=3 flush_us=43794 padtrace=0 rom=sd:/wii64/roms/Banjo-Kazooie.V64
=== chain 3/9 end vis=900 how=vis rom=sd:/wii64/roms/Banjo-Kazooie.V64 ===
mark: pad replay records: 1
mark: loadROM: enter
mark: loadROM: before rom_read
mark: ROMCache_load: enter
mark: ROMCache_load: before first read
mark: ROMCache_load: first read returned
mark: ROMCache_load: byte_swap_type set
mark: ROMCache_load: first byte_swap done
menufps: 0.1
menufps: 8.4
menufps: 8.3
menufps: 8.3
menufps: 8.3
menufps: 7.8
menufps: 8.2
mark: ROMCache_load: loop exited normally
mark: ROMCache_load: elapsed_us=3765496 bytes=16777216 vm=0
mark: loadROM: after rom_read
mark: loadROM: before init_memory
mark: loadROM: after init_memory
mark: loadROM: before romOpen_gfx
mark: loadROM: after romOpen_gfx / before romOpen_audio
mark: loadROM: after romOpen_audio / before romOpen_input
mark: loadROM: after romOpen_input / before cpu_init
mark: loadROM: after cpu_init
menufps: 2.4
menufps: 1.0
menufps: 1.0
fps: 0.7
first_vi: vi0_retrace=8551
vis: 1.2
cpu: exceptions=0 cacheResets=0 batches=0 verts=0 texStalls=0 recompiles=0 underruns=0 overruns=0 sleep_us=0 queue_ms=0
mark: CPU core dispatch: dynarec
vis: 60.0
cpu: exceptions=1471 cacheResets=1 batches=0 verts=0 texStalls=0 recompiles=421 underruns=0 overruns=0 sleep_us=81920 queue_ms=157
fps: 3.1
vis: 60.0
cpu: exceptions=2355 cacheResets=1 batches=0 verts=0 texStalls=0 recompiles=425 underruns=0 overruns=0 sleep_us=420382 queue_ms=160
fps: 60.9
vis: 60.0
cpu: exceptions=2625 cacheResets=1 batches=0 verts=0 texStalls=0 recompiles=425 underruns=0 overruns=0 sleep_us=834940 queue_ms=156
fps: 60.0
vis: 60.0
cpu: exceptions=2918 cacheResets=1 batches=0 verts=0 texStalls=0 recompiles=468 underruns=0 overruns=0 sleep_us=1236145 queue_ms=162
vis: 60.0
cpu: exceptions=3298 cacheResets=1 batches=0 verts=0 texStalls=0 recompiles=468 underruns=0 overruns=0 sleep_us=1584468 queue_ms=157
fps: 14.7
vis: 52.1
cpu: exceptions=3627 cacheResets=1 batches=1934 verts=51708 texStalls=0 recompiles=742 underruns=0 overruns=0 sleep_us=1756758 queue_ms=87
fps: 57.5
vis: 60.0
cpu: exceptions=3918 cacheResets=1 batches=8714 verts=229188 texStalls=0 recompiles=763 underruns=0 overruns=0 sleep_us=1789691 queue_ms=91
fps: 58.9
vis: 60.0
cpu: exceptions=4213 cacheResets=1 batches=15486 verts=406620 texStalls=0 recompiles=771 underruns=0 overruns=0 sleep_us=1824970 queue_ms=78
fps: 60.0
vis: 60.0
cpu: exceptions=4512 cacheResets=1 batches=22236 verts=583920 texStalls=0 recompiles=775 underruns=0 overruns=0 sleep_us=1860773 queue_ms=84
fps: 60.0
vis: 60.0
cpu: exceptions=4803 cacheResets=1 batches=28986 verts=761220 texStalls=0 recompiles=775 underruns=0 overruns=0 sleep_us=1899479 queue_ms=79
fps: 60.0
vis: 60.0
cpu: exceptions=5092 cacheResets=1 batches=35736 verts=938520 texStalls=0 recompiles=775 underruns=0 overruns=0 sleep_us=1939750 queue_ms=77
fps: 60.0
vis: 60.0
cpu: exceptions=5386 cacheResets=1 batches=42486 verts=1115820 texStalls=0 recompiles=775 underruns=0 overruns=0 sleep_us=1978202 queue_ms=81
fps: 60.0
vis: 60.0
cpu: exceptions=5673 cacheResets=1 batches=49236 verts=1293120 texStalls=0 recompiles=777 underruns=0 overruns=0 sleep_us=2020709 queue_ms=78
fps: 60.0
vis: 60.0
cpu: exceptions=5967 cacheResets=1 batches=55986 verts=1470420 texStalls=0 recompiles=777 underruns=0 overruns=0 sleep_us=2054390 queue_ms=83
fps: 60.0
vis: 60.0
cpu: exceptions=6265 cacheResets=1 batches=62736 verts=1647720 texStalls=0 recompiles=777 underruns=0 overruns=0 sleep_us=2086140 queue_ms=80
fps: 60.0
vis: 60.0
cpu: exceptions=6559 cacheResets=1 batches=69486 verts=1825020 texStalls=0 recompiles=777 underruns=0 overruns=0 sleep_us=2118407 queue_ms=84
fps: 60.0
vis: 60.0
cpu: exceptions=6857 cacheResets=1 batches=76236 verts=2002320 texStalls=0 recompiles=777 underruns=0 overruns=0 sleep_us=2147783 queue_ms=81
fps: 60.0
vis: 60.0
cpu: exceptions=7150 cacheResets=1 batches=82986 verts=2179620 texStalls=0 recompiles=777 underruns=0 overruns=0 sleep_us=2178771 queue_ms=77
fps: 60.0
vis: 60.0
cpu: exceptions=7441 cacheResets=1 batches=89736 verts=2356920 texStalls=0 recompiles=777 underruns=0 overruns=0 sleep_us=2212036 queue_ms=82
fps: 60.0
vis: 60.0
cpu: exceptions=7731 cacheResets=1 batches=96486 verts=2534220 texStalls=0 recompiles=777 underruns=0 overruns=0 sleep_us=2246574 queue_ms=79
fps: 60.0
vis: 60.0
cpu: exceptions=8020 cacheResets=1 batches=103236 verts=2711520 texStalls=0 recompiles=777 underruns=0 overruns=0 sleep_us=2286145 queue_ms=83
fps: 59.9
vis: 60.0
cpu: exceptions=8317 cacheResets=1 batches=109986 verts=2888820 texStalls=0 recompiles=777 underruns=0 overruns=0 sleep_us=2319422 queue_ms=80
fps: 60.0
vis: 60.0
cpu: exceptions=8610 cacheResets=1 batches=116736 verts=3066120 texStalls=0 recompiles=777 underruns=0 overruns=0 sleep_us=2338803 queue_ms=85
fps: 60.0
vis: 60.0
cpu: exceptions=8923 cacheResets=1 batches=123486 verts=3243420 texStalls=0 recompiles=777 underruns=0 overruns=0 sleep_us=2345357 queue_ms=82
fps: 60.0
vis: 60.0
cpu: exceptions=9241 cacheResets=1 batches=130236 verts=3420720 texStalls=0 recompiles=777 underruns=0 overruns=0 sleep_us=2349224 queue_ms=86
fps: 60.0
vis: 60.0
cpu: exceptions=9559 cacheResets=1 batches=136986 verts=3598020 texStalls=0 recompiles=777 underruns=0 overruns=0 sleep_us=2354705 queue_ms=83
fps: 59.9
vis: 60.0
cpu: exceptions=9872 cacheResets=1 batches=143736 verts=3775320 texStalls=0 recompiles=777 underruns=0 overruns=0 sleep_us=2357889 queue_ms=79
fps: 58.3
vis: 60.0
cpu: exceptions=10181 cacheResets=1 batches=150486 verts=3952620 texStalls=0 recompiles=777 underruns=0 overruns=0 sleep_us=2367424 queue_ms=66
fps: 59.7
vis: 58.8
cpu: exceptions=10493 cacheResets=1 batches=157588 verts=4141185 texStalls=0 recompiles=777 underruns=0 overruns=0 sleep_us=2380475 queue_ms=54
fps: 54.7
vis: 55.1
cpu: exceptions=10781 cacheResets=1 batches=165848 verts=4369749 texStalls=0 recompiles=777 underruns=0 overruns=0 sleep_us=2380475 queue_ms=16
mark: stop reason: chain guest VI limit
mark: stop_it requested
audio: alist_resample_calls=10077 alist_resample_samples=1250096 alist_zoh_calls=0 alist_zoh_samples=0 musyx_subframes=0 musyx_voices=0 musyx_voice_peak=0
audio_stages: adpcm_calls=9759 adpcm_samples=1154016 envmix_calls=10077 envmix_samples=1250096 mix_calls=79024 mix_samples=10544864 musyx_fx_calls=0 musyx_fx_taps=0 output_calls=897 output_samples=478768
audio_envmix: exp_calls=10077 ge_calls=0 lin_calls=0 nead_calls=0 exp_steady=5510 ge_steady=0 lin_steady=0
audio_gaps: nead_mats=0 nead_efz=0 resample_flag2=0 musyx_ptr10=0
audio_output: stream_requests=3349 stream_fed=1662 input_hz=32006 playback_hz=32006 queue_peak_ms=181
probe_schema: version=2 self=1 interval=127
vm_io: read_ahead=1 reads=0 hits=0 read_bytes=0 writes=0 write_bytes=0 errors=0
subsystem_time: stage=rsp_gfx calls=810 timed_calls=810 period=1 timed_us=6218012
subsystem_time: stage=rsp_audio calls=898 timed_calls=898 period=1 timed_us=592202
subsystem_time: stage=rsp_other calls=0 timed_calls=0 period=1 timed_us=0
subsystem_time: stage=lookup calls=3610008 timed_calls=28425 period=127 timed_us=6074
subsystem_time: stage=compile calls=777 timed_calls=777 period=1 timed_us=106427
subsystem_time: stage=dispatch calls=3517109 timed_calls=27693 period=127 timed_us=23830
subsystem_self: stage=dispatch calls=3517109 timed_calls=27693 self_us=16046 dropped=0
subsystem_time: stage=execute_inclusive calls=3517109 timed_calls=27693 period=127 timed_us=137453
subsystem_self: stage=execute_inclusive calls=3517109 timed_calls=27693 self_us=42722 dropped=0
subsystem_time: stage=rom_copy calls=1024 timed_calls=1024 period=1 timed_us=14764
subsystem_time: stage=present calls=899 timed_calls=899 period=1 timed_us=42371
subsystem_time: stage=limiter calls=769 timed_calls=769 period=1 timed_us=2383111
subsystem_time: stage=vm_fault calls=0 timed_calls=0 period=1 timed_us=0
subsystem_time: stage=vm_victim calls=0 timed_calls=0 period=1 timed_us=0
subsystem_time: stage=vm_read calls=0 timed_calls=0 period=1 timed_us=0
subsystem_time: stage=vm_write calls=0 timed_calls=0 period=1 timed_us=0
subsystem_time: stage=tex_hash calls=147492 timed_calls=147492 period=1 timed_us=1423344
subsystem_time: stage=tex_lookup calls=147492 timed_calls=147492 period=1 timed_us=57220
subsystem_time: stage=tex_load calls=136 timed_calls=136 period=1 timed_us=18892
subsystem_time: stage=tex_activate calls=147492 timed_calls=147492 period=1 timed_us=109899
subsystem_time: stage=draw_triangles calls=167028 timed_calls=167028 period=1 timed_us=643950
subsystem_time: stage=draw_rect calls=5440 timed_calls=5440 period=1 timed_us=118903
subsystem_time: stage=gfx_list calls=810 timed_calls=810 period=1 timed_us=6216423
subsystem_time: stage=gfx_command calls=5319454 timed_calls=41885 period=127 timed_us=53150
gfx_ucodes: mask=00000004
gfx_opcode: op=01 calls=343835 timed_calls=2738 timed_us=6217
gfx_opcode: op=02 calls=4507 timed_calls=41 timed_us=11
gfx_opcode: op=03 calls=108045 timed_calls=828 timed_us=110
gfx_opcode: op=05 calls=40387 timed_calls=324 timed_us=2219
gfx_opcode: op=06 calls=713540 timed_calls=5582 timed_us=26993
gfx_opcode: op=d5 calls=3 timed_calls=0 timed_us=0
gfx_opcode: op=d7 calls=105143 timed_calls=838 timed_us=151
gfx_opcode: op=d8 calls=109877 timed_calls=852 timed_us=120
gfx_opcode: op=d9 calls=416576 timed_calls=3292 timed_us=417
gfx_opcode: op=da calls=172226 timed_calls=1359 timed_us=876
gfx_opcode: op=db calls=73735 timed_calls=589 timed_us=114
gfx_opcode: op=dc calls=7700 timed_calls=64 timed_us=47
gfx_opcode: op=de calls=136822 timed_calls=1083 timed_us=177
gfx_opcode: op=df calls=130819 timed_calls=1038 timed_us=144
gfx_opcode: op=e2 calls=331942 timed_calls=2627 timed_us=350
gfx_opcode: op=e3 calls=238410 timed_calls=1849 timed_us=270
gfx_opcode: op=e4 calls=5440 timed_calls=44 timed_us=1051
gfx_opcode: op=e6 calls=248817 timed_calls=1944 timed_us=232
gfx_opcode: op=e7 calls=719043 timed_calls=5672 timed_us=690
gfx_opcode: op=e8 calls=93600 timed_calls=744 timed_us=87
gfx_opcode: op=e9 calls=810 timed_calls=6 timed_us=7
gfx_opcode: op=ed calls=6080 timed_calls=44 timed_us=17
gfx_opcode: op=f0 calls=104244 timed_calls=839 timed_us=593
gfx_opcode: op=f2 calls=146037 timed_calls=1138 timed_us=320
gfx_opcode: op=f3 calls=127782 timed_calls=994 timed_us=4909
gfx_opcode: op=f4 calls=13870 timed_calls=107 timed_us=575
gfx_opcode: op=f5 calls=342984 timed_calls=2662 timed_us=483
gfx_opcode: op=f6 calls=3080 timed_calls=29 timed_us=2227
gfx_opcode: op=f7 calls=3080 timed_calls=27 timed_us=11
gfx_opcode: op=f8 calls=6650 timed_calls=51 timed_us=11
gfx_opcode: op=f9 calls=75228 timed_calls=583 timed_us=89
gfx_opcode: op=fa calls=118261 timed_calls=953 timed_us=160
gfx_opcode: op=fb calls=14604 timed_calls=117 timed_us=18
gfx_opcode: op=fc calls=112981 timed_calls=894 timed_us=114
gfx_opcode: op=fd calls=235676 timed_calls=1870 timed_us=255
gfx_opcode: op=fe calls=810 timed_calls=7 timed_us=6
gfx_opcode: op=ff calls=6810 timed_calls=56 timed_us=18
subsystem_time: stage=vertex calls=2761556 timed_calls=21744 period=127 timed_us=5622
subsystem_time: stage=gfx_state calls=147504 timed_calls=1161 period=127 timed_us=16446
subsystem_self: stage=gfx_state calls=147504 timed_calls=1161 self_us=3887 dropped=0
subsystem_time: stage=gx_wait calls=4 timed_calls=4 period=1 timed_us=2555
subsystem_time: stage=dma_pi calls=2023 timed_calls=2023 period=1 timed_us=30531
subsystem_time: stage=dma_sp calls=3416 timed_calls=3416 period=1 timed_us=3965
subsystem_time: stage=dma_si calls=4478 timed_calls=4478 period=1 timed_us=22153
subsystem_time: stage=tlb_translate calls=0 timed_calls=0 period=127 timed_us=0
subsystem_time: stage=pif calls=4479 timed_calls=4479 period=1 timed_us=20707
subsystem_time: stage=input calls=3508 timed_calls=3508 period=1 timed_us=14565
subsystem_time: stage=guest_interrupt calls=12490 timed_calls=12490 period=1 timed_us=2488503
subsystem_self: stage=guest_interrupt calls=12490 timed_calls=12490 self_us=28171 dropped=0
subsystem_time: stage=interpreter_inclusive calls=0 timed_calls=0 period=1 timed_us=0
subsystem_self: stage=interpreter_inclusive calls=0 timed_calls=0 self_us=0 dropped=0
subsystem_time: stage=audio_submit calls=898 timed_calls=898 period=1 timed_us=10662
subsystem_time: stage=audio_callback calls=9419 timed_calls=9419 period=1 timed_us=8019
subsystem_time: stage=memory_slow calls=833875 timed_calls=6565 period=127 timed_us=73869
subsystem_self: stage=memory_slow calls=833875 timed_calls=6565 self_us=3252 dropped=0
subsystem_time: stage=jit_invalidate calls=92899 timed_calls=731 period=127 timed_us=153
subsystem_time: stage=cpu_helper calls=10719380 timed_calls=84404 period=127 timed_us=32957
subsystem_time: stage=storage_read calls=0 timed_calls=0 period=1 timed_us=0
subsystem_time: stage=storage_write calls=0 timed_calls=0 period=1 timed_us=0
subsystem_time: stage=save_load calls=0 timed_calls=0 period=1 timed_us=0
subsystem_time: stage=save_write calls=0 timed_calls=0 period=1 timed_us=0
subsystem_time: stage=state_load calls=0 timed_calls=0 period=1 timed_us=0
subsystem_time: stage=state_save calls=0 timed_calls=0 period=1 timed_us=0
subsystem_time: stage=probe_io calls=4 timed_calls=4 period=1 timed_us=41376
subsystem_time: stage=agent_poll calls=1818 timed_calls=1818 period=1 timed_us=459
audio_time: stage=resample sampled_calls=79 sampled_samples=10240 sampled_us=441
audio_time: stage=zoh sampled_calls=0 sampled_samples=0 sampled_us=0
audio_time: stage=adpcm sampled_calls=76 sampled_samples=8016 sampled_us=356
audio_time: stage=envmix_exp sampled_calls=79 sampled_samples=10240 sampled_us=1200
audio_time: stage=envmix_ge sampled_calls=0 sampled_samples=0 sampled_us=0
audio_time: stage=envmix_lin sampled_calls=0 sampled_samples=0 sampled_us=0
audio_time: stage=envmix_nead sampled_calls=0 sampled_samples=0 sampled_us=0
audio_time: stage=mix sampled_calls=622 sampled_samples=83008 sampled_us=1355
audio_time: stage=musyx_voice sampled_calls=0 sampled_samples=0 sampled_us=0
audio_time: stage=musyx_fx sampled_calls=0 sampled_samples=0 sampled_us=0
audio_time: stage=output sampled_calls=7 sampled_samples=3712 sampled_us=70
gpu_counters: clks=3722174315 tb_clks=3722174408 ras_busy=223500387 xf_wait_in=3300385389 xf_wait_out=209460954 ras_peak_permille=103 ztop_in=699077744 ztop_out=566236732 z_in=119838280 z_out=102098716 blend_in=686442588 copy_clks=84731660 fifo_overflows=0
game: n=4/9 how=vis vis=900 vi_rate=60 vi0_retrace=8551 wall_us=15317511 sleep_us=2380475 avg_vis=57.65 avg_fps=54.08 exceptions=10823 cacheResets=1 recompiles=777 batches=167028 verts=4402401 texStalls=0 treeDepthMax=12 underruns=1 overruns=0 queue_peak_ms=162 dsp_avg=1.65 dsp_peak=1.90 dsp_samples=31 pmc1=9263158801 pmc2=9397253249 pmc3=0 pmc4=0 mmcr0=00000042 mmcr1=00000000 heap_used=10842648 heap_free=157640 arena1_free=229376 arena2_free=288704 flushes=4 flush_us=41375 padtrace=0 rom=sd:/wii64/roms/Pokemon Snap.rom
=== chain 4/9 end vis=900 how=vis rom=sd:/wii64/roms/Pokemon Snap.rom ===
mark: pad replay records: 1
mark: loadROM: enter
mark: loadROM: before rom_read
mark: ROMCache_load: enter
mark: ROMCache_load: before first read
mark: ROMCache_load: first read returned
mark: ROMCache_load: byte_swap_type set
mark: ROMCache_load: first byte_swap done
menufps: 0.1
menufps: 8.5
menufps: 7.9
menufps: 8.3
menufps: 8.3
menufps: 8.0
menufps: 8.3
mark: ROMCache_load: loop exited normally
mark: ROMCache_load: elapsed_us=3753338 bytes=16777216 vm=0
mark: loadROM: after rom_read
mark: loadROM: before init_memory
mark: loadROM: after init_memory
mark: loadROM: before romOpen_gfx
mark: loadROM: after romOpen_gfx / before romOpen_audio
mark: loadROM: after romOpen_audio / before romOpen_input
mark: loadROM: after romOpen_input / before cpu_init
mark: loadROM: after cpu_init
menufps: 2.9
menufps: 1.0
menufps: 1.0
fps: 1.2
first_vi: vi0_retrace=9901
vis: 0.7
cpu: exceptions=0 cacheResets=0 batches=0 verts=0 texStalls=0 recompiles=0 underruns=0 overruns=0 sleep_us=0 queue_ms=0
mark: CPU core dispatch: dynarec
vis: 60.0
cpu: exceptions=3971 cacheResets=1 batches=0 verts=0 texStalls=0 recompiles=223 underruns=0 overruns=0 sleep_us=34509 queue_ms=156
fps: 1.1
vis: 60.0
cpu: exceptions=8400 cacheResets=1 batches=0 verts=0 texStalls=0 recompiles=394 underruns=0 overruns=0 sleep_us=128489 queue_ms=152
fps: 61.1
vis: 60.0
cpu: exceptions=8583 cacheResets=1 batches=0 verts=0 texStalls=0 recompiles=410 underruns=0 overruns=0 sleep_us=551686 queue_ms=157
vis: 60.0
cpu: exceptions=8853 cacheResets=1 batches=0 verts=0 texStalls=0 recompiles=437 underruns=0 overruns=0 sleep_us=937398 queue_ms=154
vis: 60.0
cpu: exceptions=9652 cacheResets=1 batches=0 verts=0 texStalls=0 recompiles=464 underruns=0 overruns=0 sleep_us=1252226 queue_ms=150
fps: 19.6
vis: 60.0
cpu: exceptions=9863 cacheResets=1 batches=2968 verts=72744 texStalls=0 recompiles=766 underruns=0 overruns=0 sleep_us=1437527 queue_ms=155
fps: 63.9
vis: 60.0
cpu: exceptions=10076 cacheResets=1 batches=6148 verts=150684 texStalls=0 recompiles=766 underruns=0 overruns=0 sleep_us=1672456 queue_ms=151
fps: 60.0
vis: 60.0
cpu: exceptions=10287 cacheResets=1 batches=9328 verts=228624 texStalls=0 recompiles=767 underruns=0 overruns=0 sleep_us=1905823 queue_ms=157
fps: 60.0
vis: 60.0
cpu: exceptions=10522 cacheResets=1 batches=12454 verts=303324 texStalls=0 recompiles=785 underruns=0 overruns=0 sleep_us=2125026 queue_ms=153
fps: 60.0
vis: 60.0
cpu: exceptions=10748 cacheResets=1 batches=15544 verts=375864 texStalls=0 recompiles=785 underruns=0 overruns=0 sleep_us=2353512 queue_ms=158
fps: 60.1
vis: 60.0
cpu: exceptions=10968 cacheResets=1 batches=18634 verts=448404 texStalls=0 recompiles=785 underruns=0 overruns=0 sleep_us=2590118 queue_ms=154
fps: 59.9
vis: 60.0
cpu: exceptions=11188 cacheResets=1 batches=21724 verts=520944 texStalls=0 recompiles=785 underruns=0 overruns=0 sleep_us=2825804 queue_ms=160
fps: 60.0
vis: 60.0
cpu: exceptions=11414 cacheResets=1 batches=24814 verts=593484 texStalls=0 recompiles=785 underruns=0 overruns=0 sleep_us=3060865 queue_ms=156
fps: 60.0
vis: 60.0
cpu: exceptions=11636 cacheResets=1 batches=27904 verts=666024 texStalls=0 recompiles=785 underruns=0 overruns=0 sleep_us=3296382 queue_ms=152
fps: 60.0
vis: 60.0
cpu: exceptions=11884 cacheResets=1 batches=31374 verts=755550 texStalls=0 recompiles=826 underruns=0 overruns=0 sleep_us=3481215 queue_ms=157
fps: 59.9
vis: 60.0
cpu: exceptions=12141 cacheResets=1 batches=35064 verts=854910 texStalls=0 recompiles=826 underruns=0 overruns=0 sleep_us=3661860 queue_ms=154
fps: 58.8
vis: 60.0
cpu: exceptions=12375 cacheResets=1 batches=38754 verts=954270 texStalls=0 recompiles=826 underruns=0 overruns=0 sleep_us=3841804 queue_ms=150
fps: 59.9
vis: 60.0
cpu: exceptions=12640 cacheResets=1 batches=42444 verts=1053630 texStalls=0 recompiles=829 underruns=0 overruns=0 sleep_us=3997413 queue_ms=146
fps: 59.9
vis: 60.0
cpu: exceptions=12944 cacheResets=1 batches=46134 verts=1152990 texStalls=0 recompiles=829 underruns=0 overruns=0 sleep_us=4161239 queue_ms=142
fps: 60.2
vis: 60.0
cpu: exceptions=13222 cacheResets=1 batches=49824 verts=1252350 texStalls=0 recompiles=830 underruns=0 overruns=0 sleep_us=4343622 queue_ms=148
fps: 60.0
vis: 60.0
cpu: exceptions=13472 cacheResets=1 batches=53485 verts=1351536 texStalls=0 recompiles=832 underruns=0 overruns=0 sleep_us=4517812 queue_ms=144
fps: 60.0
vis: 60.0
cpu: exceptions=13756 cacheResets=1 batches=57163 verts=1450824 texStalls=0 recompiles=836 underruns=0 overruns=0 sleep_us=4682957 queue_ms=149
fps: 60.0
vis: 60.0
cpu: exceptions=14003 cacheResets=1 batches=60883 verts=1550364 texStalls=0 recompiles=836 underruns=0 overruns=0 sleep_us=4868048 queue_ms=145
fps: 60.0
vis: 60.0
cpu: exceptions=14261 cacheResets=1 batches=64603 verts=1649904 texStalls=0 recompiles=848 underruns=0 overruns=0 sleep_us=5038214 queue_ms=151
fps: 60.0
vis: 60.0
cpu: exceptions=14517 cacheResets=1 batches=68323 verts=1749444 texStalls=0 recompiles=848 underruns=0 overruns=0 sleep_us=5214546 queue_ms=147
fps: 60.1
vis: 60.0
cpu: exceptions=14793 cacheResets=1 batches=72043 verts=1848984 texStalls=0 recompiles=848 underruns=0 overruns=0 sleep_us=5384973 queue_ms=143
fps: 59.9
vis: 60.0
cpu: exceptions=15075 cacheResets=1 batches=75763 verts=1948524 texStalls=0 recompiles=848 underruns=0 overruns=0 sleep_us=5542024 queue_ms=148
fps: 60.0
vis: 60.0
cpu: exceptions=15355 cacheResets=1 batches=79483 verts=2048064 texStalls=0 recompiles=848 underruns=0 overruns=0 sleep_us=5693124 queue_ms=145
fps: 59.9
vis: 60.0
cpu: exceptions=15624 cacheResets=1 batches=83827 verts=2170788 texStalls=0 recompiles=850 underruns=0 overruns=0 sleep_us=5818474 queue_ms=150
fps: 59.9
mark: stop reason: chain guest VI limit
mark: stop_it requested
audio: alist_resample_calls=16667 alist_resample_samples=3066728 alist_zoh_calls=0 alist_zoh_samples=0 musyx_subframes=0 musyx_voices=0 musyx_voice_peak=0
audio_stages: adpcm_calls=16332 adpcm_samples=2624464 envmix_calls=16667 envmix_samples=3066728 mix_calls=106152 mix_samples=19531968 musyx_fx_calls=0 musyx_fx_taps=0 output_calls=897 output_samples=478768
audio_envmix: exp_calls=0 ge_calls=0 lin_calls=16667 nead_calls=0 exp_steady=0 ge_steady=0 lin_steady=10564
audio_gaps: nead_mats=0 nead_efz=0 resample_flag2=0 musyx_ptr10=0
audio_output: stream_requests=3351 stream_fed=1662 input_hz=32006 playback_hz=32006 queue_peak_ms=180
probe_schema: version=2 self=1 interval=127
vm_io: read_ahead=1 reads=0 hits=0 read_bytes=0 writes=0 write_bytes=0 errors=0
subsystem_time: stage=rsp_gfx calls=801 timed_calls=801 period=1 timed_us=3033074
subsystem_time: stage=rsp_audio calls=898 timed_calls=898 period=1 timed_us=972139
subsystem_time: stage=rsp_other calls=0 timed_calls=0 period=1 timed_us=0
subsystem_time: stage=lookup calls=3199887 timed_calls=25195 period=127 timed_us=5605
subsystem_time: stage=compile calls=850 timed_calls=850 period=1 timed_us=128486
subsystem_time: stage=dispatch calls=2968655 timed_calls=23375 period=127 timed_us=21455
subsystem_self: stage=dispatch calls=2968655 timed_calls=23375 self_us=14542 dropped=0
subsystem_time: stage=execute_inclusive calls=2968655 timed_calls=23375 period=127 timed_us=145927
subsystem_self: stage=execute_inclusive calls=2968655 timed_calls=23375 self_us=37485 dropped=0
subsystem_time: stage=rom_copy calls=10634 timed_calls=10634 period=1 timed_us=29759
subsystem_time: stage=present calls=899 timed_calls=899 period=1 timed_us=37149
subsystem_time: stage=limiter calls=851 timed_calls=851 period=1 timed_us=5941853
subsystem_time: stage=vm_fault calls=0 timed_calls=0 period=1 timed_us=0
subsystem_time: stage=vm_victim calls=0 timed_calls=0 period=1 timed_us=0
subsystem_time: stage=vm_read calls=0 timed_calls=0 period=1 timed_us=0
subsystem_time: stage=vm_write calls=0 timed_calls=0 period=1 timed_us=0
subsystem_time: stage=tex_hash calls=50568 timed_calls=50568 period=1 timed_us=285090
subsystem_time: stage=tex_lookup calls=50568 timed_calls=50568 period=1 timed_us=30055
subsystem_time: stage=tex_load calls=82 timed_calls=82 period=1 timed_us=9387
subsystem_time: stage=tex_activate calls=50568 timed_calls=50568 period=1 timed_us=39691
subsystem_time: stage=draw_triangles calls=88177 timed_calls=88177 period=1 timed_us=343088
subsystem_time: stage=draw_rect calls=1841 timed_calls=1841 period=1 timed_us=27699
subsystem_time: stage=gfx_list calls=801 timed_calls=801 period=1 timed_us=3031459
subsystem_time: stage=gfx_command calls=2459474 timed_calls=19365 period=127 timed_us=25503
gfx_ucodes: mask=00000004
gfx_opcode: op=01 calls=140818 timed_calls=1111 timed_us=2692
gfx_opcode: op=02 calls=97812 timed_calls=765 timed_us=144
gfx_opcode: op=05 calls=14686 timed_calls=120 timed_us=883
gfx_opcode: op=06 calls=375161 timed_calls=2955 timed_us=13209
gfx_opcode: op=d7 calls=64460 timed_calls=517 timed_us=93
gfx_opcode: op=d8 calls=49579 timed_calls=392 timed_us=52
gfx_opcode: op=d9 calls=74268 timed_calls=575 timed_us=73
gfx_opcode: op=da calls=149322 timed_calls=1181 timed_us=702
gfx_opcode: op=db calls=175748 timed_calls=1355 timed_us=224
gfx_opcode: op=dc calls=9576 timed_calls=73 timed_us=45
gfx_opcode: op=de calls=121171 timed_calls=970 timed_us=163
gfx_opcode: op=df calls=95670 timed_calls=760 timed_us=95
gfx_opcode: op=e2 calls=105809 timed_calls=838 timed_us=112
gfx_opcode: op=e3 calls=89054 timed_calls=685 timed_us=105
gfx_opcode: op=e4 calls=432 timed_calls=4 timed_us=83
gfx_opcode: op=e6 calls=88104 timed_calls=698 timed_us=92
gfx_opcode: op=e7 calls=293890 timed_calls=2296 timed_us=284
gfx_opcode: op=e8 calls=31470 timed_calls=254 timed_us=29
gfx_opcode: op=e9 calls=801 timed_calls=7 timed_us=8
gfx_opcode: op=ed calls=5217 timed_calls=42 timed_us=17
gfx_opcode: op=f0 calls=38472 timed_calls=321 timed_us=284
gfx_opcode: op=f2 calls=48237 timed_calls=391 timed_us=110
gfx_opcode: op=f3 calls=46284 timed_calls=366 timed_us=1111
gfx_opcode: op=f4 calls=3348 timed_calls=26 timed_us=230
gfx_opcode: op=f5 calls=119616 timed_calls=946 timed_us=165
gfx_opcode: op=f6 calls=2156 timed_calls=17 timed_us=2765
gfx_opcode: op=f7 calls=1548 timed_calls=13 timed_us=8
gfx_opcode: op=f8 calls=1268 timed_calls=13 timed_us=3
gfx_opcode: op=f9 calls=21519 timed_calls=161 timed_us=25
gfx_opcode: op=fa calls=18788 timed_calls=141 timed_us=24
gfx_opcode: op=fb calls=2762 timed_calls=20 timed_us=3
gfx_opcode: op=fc calls=81429 timed_calls=637 timed_us=79
gfx_opcode: op=fd calls=85035 timed_calls=667 timed_us=88
gfx_opcode: op=fe calls=801 timed_calls=8 timed_us=6
gfx_opcode: op=ff calls=5163 timed_calls=40 timed_us=18
subsystem_time: stage=vertex calls=784622 timed_calls=6178 period=127 timed_us=2490
subsystem_time: stage=gfx_state calls=606508 timed_calls=4775 period=127 timed_us=10263
subsystem_self: stage=gfx_state calls=606508 timed_calls=4775 self_us=7388 dropped=0
subsystem_time: stage=gx_wait calls=4 timed_calls=4 period=1 timed_us=2552
subsystem_time: stage=dma_pi calls=10635 timed_calls=10635 period=1 timed_us=73945
subsystem_time: stage=dma_sp calls=3398 timed_calls=3398 period=1 timed_us=3597
subsystem_time: stage=dma_si calls=963 timed_calls=963 period=1 timed_us=18396
subsystem_time: stage=tlb_translate calls=0 timed_calls=0 period=127 timed_us=0
subsystem_time: stage=pif calls=964 timed_calls=964 period=1 timed_us=17209
subsystem_time: stage=input calls=3536 timed_calls=3536 period=1 timed_us=14492
subsystem_time: stage=guest_interrupt calls=21622 timed_calls=21622 period=1 timed_us=6028584
subsystem_self: stage=guest_interrupt calls=21622 timed_calls=21622 self_us=27111 dropped=0
subsystem_time: stage=interpreter_inclusive calls=0 timed_calls=0 period=1 timed_us=0
subsystem_self: stage=interpreter_inclusive calls=0 timed_calls=0 self_us=0 dropped=0
subsystem_time: stage=audio_submit calls=898 timed_calls=898 period=1 timed_us=15567
subsystem_time: stage=audio_callback calls=9343 timed_calls=9343 period=1 timed_us=7596
subsystem_time: stage=memory_slow calls=950447 timed_calls=7483 period=127 timed_us=23502
subsystem_self: stage=memory_slow calls=950447 timed_calls=7483 self_us=3215 dropped=0
subsystem_time: stage=jit_invalidate calls=231232 timed_calls=1820 period=127 timed_us=431
subsystem_time: stage=cpu_helper calls=8454777 timed_calls=66573 period=127 timed_us=83558
subsystem_time: stage=storage_read calls=0 timed_calls=0 period=1 timed_us=0
subsystem_time: stage=storage_write calls=0 timed_calls=0 period=1 timed_us=0
subsystem_time: stage=save_load calls=0 timed_calls=0 period=1 timed_us=0
subsystem_time: stage=save_write calls=0 timed_calls=0 period=1 timed_us=0
subsystem_time: stage=state_load calls=0 timed_calls=0 period=1 timed_us=0
subsystem_time: stage=state_save calls=0 timed_calls=0 period=1 timed_us=0
subsystem_time: stage=probe_io calls=3 timed_calls=3 period=1 timed_us=28975
subsystem_time: stage=agent_poll calls=1809 timed_calls=1809 period=1 timed_us=412
audio_time: stage=resample sampled_calls=131 sampled_samples=24104 sampled_us=957
audio_time: stage=zoh sampled_calls=0 sampled_samples=0 sampled_us=0
audio_time: stage=adpcm sampled_calls=128 sampled_samples=21248 sampled_us=879
audio_time: stage=envmix_exp sampled_calls=0 sampled_samples=0 sampled_us=0
audio_time: stage=envmix_ge sampled_calls=0 sampled_samples=0 sampled_us=0
audio_time: stage=envmix_lin sampled_calls=131 sampled_samples=24104 sampled_us=2561
audio_time: stage=envmix_nead sampled_calls=0 sampled_samples=0 sampled_us=0
audio_time: stage=mix sampled_calls=835 sampled_samples=153640 sampled_us=2531
audio_time: stage=musyx_voice sampled_calls=0 sampled_samples=0 sampled_us=0
audio_time: stage=musyx_fx sampled_calls=0 sampled_samples=0 sampled_us=0
audio_time: stage=output sampled_calls=7 sampled_samples=3680 sampled_us=102
gpu_counters: clks=3685312861 tb_clks=3685312952 ras_busy=237994589 xf_wait_in=3145134377 xf_wait_out=393980654 ras_peak_permille=93 ztop_in=688451736 ztop_out=658027372 z_in=186940380 z_out=123788032 blend_in=845290484 copy_clks=86443160 fifo_overflows=1887
game: n=5/9 how=vis vis=900 vi_rate=60 vi0_retrace=9901 wall_us=15165816 sleep_us=5939342 avg_vis=58.02 avg_fps=54.48 exceptions=15880 cacheResets=1 recompiles=850 batches=88177 verts=2295024 texStalls=0 treeDepthMax=14 underruns=1 overruns=0 queue_peak_ms=160 dsp_avg=1.52 dsp_peak=1.75 dsp_samples=30 pmc1=6425754337 pmc2=6466486207 pmc3=0 pmc4=0 mmcr0=00000042 mmcr1=00000000 heap_used=10849080 heap_free=151208 arena1_free=229376 arena2_free=288704 flushes=3 flush_us=28974 padtrace=0 rom=sd:/wii64/roms/Super Smash Bros. (U) [!].z64
=== chain 5/9 end vis=900 how=vis rom=sd:/wii64/roms/Super Smash Bros. (U) [!].z64 ===
mark: pad replay records: 1
mark: loadROM: enter
mark: loadROM: before rom_read
mark: ROMCache_load: enter
mark: ROMCache_load: before first read
mark: ROMCache_load: first read returned
mark: ROMCache_load: byte_swap_type set
mark: ROMCache_load: first byte_swap done
menufps: 0.1
menufps: 8.2
menufps: 8.0
menufps: 8.1
menufps: 8.1
mark: ROMCache_load: loop exited normally
mark: ROMCache_load: elapsed_us=2892171 bytes=12582912 vm=0
mark: loadROM: after rom_read
mark: loadROM: before init_memory
mark: loadROM: after init_memory
mark: loadROM: before romOpen_gfx
mark: loadROM: after romOpen_gfx / before romOpen_audio
mark: loadROM: after romOpen_audio / before romOpen_input
mark: loadROM: after romOpen_input / before cpu_init
mark: loadROM: after cpu_init
menufps: 6.4
menufps: 1.9
menufps: 1.0
menufps: 1.0
fps: 2.5
first_vi: vi0_retrace=11194
vis: 4.3
cpu: exceptions=0 cacheResets=0 batches=0 verts=0 texStalls=0 recompiles=0 underruns=0 overruns=0 sleep_us=0 queue_ms=0
mark: CPU core dispatch: dynarec
vis: 60.0
cpu: exceptions=100 cacheResets=1 batches=0 verts=0 texStalls=0 recompiles=296 underruns=0 overruns=0 sleep_us=24001 queue_ms=0
vis: 60.0
cpu: exceptions=266 cacheResets=1 batches=0 verts=0 texStalls=0 recompiles=472 underruns=1 overruns=0 sleep_us=216073 queue_ms=5
fps: 0.8
vis: 60.0
cpu: exceptions=427 cacheResets=1 batches=0 verts=0 texStalls=0 recompiles=675 underruns=1 overruns=0 sleep_us=531053 queue_ms=9
vis: 60.0
cpu: exceptions=697 cacheResets=1 batches=0 verts=0 texStalls=0 recompiles=675 underruns=1 overruns=0 sleep_us=994514 queue_ms=13
vis: 60.0
cpu: exceptions=930 cacheResets=1 batches=0 verts=0 texStalls=0 recompiles=677 underruns=1 overruns=0 sleep_us=1458321 queue_ms=18
vis: 60.0
cpu: exceptions=1154 cacheResets=1 batches=0 verts=0 texStalls=0 recompiles=677 underruns=1 overruns=0 sleep_us=1922914 queue_ms=9
vis: 60.0
cpu: exceptions=1370 cacheResets=1 batches=0 verts=0 texStalls=0 recompiles=685 underruns=2 overruns=0 sleep_us=2386999 queue_ms=13
vis: 60.0
cpu: exceptions=1594 cacheResets=1 batches=0 verts=0 texStalls=0 recompiles=685 underruns=2 overruns=0 sleep_us=2851876 queue_ms=18
fps: 1.4
vis: 60.0
cpu: exceptions=1747 cacheResets=1 batches=348 verts=1044 texStalls=0 recompiles=713 underruns=2 overruns=0 sleep_us=3166558 queue_ms=22
fps: 60.2
vis: 60.0
cpu: exceptions=1897 cacheResets=1 batches=708 verts=2124 texStalls=0 recompiles=713 underruns=2 overruns=0 sleep_us=3485909 queue_ms=13
fps: 60.0
vis: 60.0
cpu: exceptions=2074 cacheResets=1 batches=4160 verts=45240 texStalls=0 recompiles=796 underruns=2 overruns=0 sleep_us=3817683 queue_ms=15
fps: 56.0
vis: 60.0
cpu: exceptions=2253 cacheResets=1 batches=11300 verts=136860 texStalls=0 recompiles=796 underruns=2 overruns=0 sleep_us=4158975 queue_ms=18
fps: 59.9
vis: 60.0
cpu: exceptions=2441 cacheResets=1 batches=18440 verts=228480 texStalls=0 recompiles=809 underruns=2 overruns=0 sleep_us=4484258 queue_ms=23
fps: 60.0
vis: 60.0
cpu: exceptions=2617 cacheResets=1 batches=25580 verts=320100 texStalls=0 recompiles=809 underruns=2 overruns=0 sleep_us=4813778 queue_ms=13
fps: 60.2
vis: 60.0
cpu: exceptions=2822 cacheResets=1 batches=32720 verts=411720 texStalls=0 recompiles=812 underruns=2 overruns=0 sleep_us=5140294 queue_ms=14
fps: 60.0
vis: 60.0
cpu: exceptions=3002 cacheResets=1 batches=39860 verts=503340 texStalls=0 recompiles=812 underruns=2 overruns=0 sleep_us=5466145 queue_ms=18
fps: 60.0
vis: 60.0
cpu: exceptions=3172 cacheResets=1 batches=47000 verts=594960 texStalls=0 recompiles=813 underruns=2 overruns=0 sleep_us=5796568 queue_ms=10
fps: 60.0
vis: 60.0
cpu: exceptions=3353 cacheResets=1 batches=54140 verts=686580 texStalls=0 recompiles=813 underruns=2 overruns=0 sleep_us=6122719 queue_ms=14
fps: 60.0
vis: 60.0
cpu: exceptions=3554 cacheResets=1 batches=61280 verts=778200 texStalls=0 recompiles=813 underruns=2 overruns=0 sleep_us=6447263 queue_ms=15
fps: 60.0
vis: 60.0
cpu: exceptions=3721 cacheResets=1 batches=68420 verts=869820 texStalls=0 recompiles=813 underruns=2 overruns=0 sleep_us=6779244 queue_ms=18
fps: 60.0
vis: 60.0
cpu: exceptions=3894 cacheResets=1 batches=75560 verts=961440 texStalls=0 recompiles=813 underruns=2 overruns=0 sleep_us=7106111 queue_ms=11
fps: 60.0
vis: 60.0
cpu: exceptions=4067 cacheResets=1 batches=82700 verts=1053060 texStalls=0 recompiles=813 underruns=2 overruns=0 sleep_us=7432343 queue_ms=14
fps: 60.0
vis: 60.0
cpu: exceptions=4263 cacheResets=1 batches=89840 verts=1144680 texStalls=0 recompiles=813 underruns=2 overruns=0 sleep_us=7762316 queue_ms=15
fps: 60.0
vis: 60.0
cpu: exceptions=4436 cacheResets=1 batches=96980 verts=1236300 texStalls=0 recompiles=813 underruns=2 overruns=0 sleep_us=8086948 queue_ms=19
fps: 60.0
vis: 60.0
cpu: exceptions=4607 cacheResets=1 batches=104120 verts=1327920 texStalls=0 recompiles=813 underruns=2 overruns=0 sleep_us=8414453 queue_ms=10
fps: 60.0
vis: 60.0
cpu: exceptions=4774 cacheResets=1 batches=111260 verts=1419540 texStalls=0 recompiles=813 underruns=2 overruns=0 sleep_us=8746050 queue_ms=15
fps: 56.8
vis: 60.0
cpu: exceptions=4973 cacheResets=1 batches=118400 verts=1511160 texStalls=0 recompiles=813 underruns=4 overruns=0 sleep_us=9070205 queue_ms=16
fps: 60.5
vis: 60.0
cpu: exceptions=5150 cacheResets=1 batches=119363 verts=1534314 texStalls=0 recompiles=835 underruns=4 overruns=0 sleep_us=9449298 queue_ms=6
fps: 59.9
vis: 60.0
cpu: exceptions=5339 cacheResets=1 batches=120233 verts=1558434 texStalls=0 recompiles=836 underruns=4 overruns=0 sleep_us=9829378 queue_ms=12
fps: 60.0
mark: stop reason: chain guest VI limit
mark: stop_it requested
audio: alist_resample_calls=18199 alist_resample_samples=2623744 alist_zoh_calls=0 alist_zoh_samples=0 musyx_subframes=0 musyx_voices=0 musyx_voice_peak=0
audio_stages: adpcm_calls=15527 adpcm_samples=620464 envmix_calls=16034 envmix_samples=2305456 mix_calls=41135 mix_samples=6047472 musyx_fx_calls=0 musyx_fx_taps=0 output_calls=433 output_samples=318288
audio_envmix: exp_calls=0 ge_calls=16034 lin_calls=0 nead_calls=0 exp_steady=0 ge_steady=14219 lin_steady=0
audio_gaps: nead_mats=0 nead_efz=0 resample_flag2=0 musyx_ptr10=0
audio_output: stream_requests=2990 stream_fed=1104 input_hz=22047 playback_hz=22047 queue_peak_ms=57
probe_schema: version=2 self=1 interval=127
vm_io: read_ahead=1 reads=0 hits=0 read_bytes=0 writes=0 write_bytes=0 errors=0
subsystem_time: stage=rsp_gfx calls=660 timed_calls=660 period=1 timed_us=1250998
subsystem_time: stage=rsp_audio calls=433 timed_calls=433 period=1 timed_us=573517
subsystem_time: stage=rsp_other calls=0 timed_calls=0 period=1 timed_us=0
subsystem_time: stage=lookup calls=1656792 timed_calls=13045 period=127 timed_us=2834
subsystem_time: stage=compile calls=837 timed_calls=837 period=1 timed_us=95512
subsystem_time: stage=dispatch calls=1558226 timed_calls=12269 period=127 timed_us=15951
subsystem_self: stage=dispatch calls=1558226 timed_calls=12269 self_us=10651 dropped=0
subsystem_time: stage=execute_inclusive calls=1558226 timed_calls=12269 period=127 timed_us=127441
subsystem_self: stage=execute_inclusive calls=1558226 timed_calls=12269 self_us=19070 dropped=0
subsystem_time: stage=rom_copy calls=620 timed_calls=620 period=1 timed_us=11798
subsystem_time: stage=present calls=899 timed_calls=899 period=1 timed_us=34624
subsystem_time: stage=limiter calls=868 timed_calls=868 period=1 timed_us=10178128
subsystem_time: stage=vm_fault calls=0 timed_calls=0 period=1 timed_us=0
subsystem_time: stage=vm_victim calls=0 timed_calls=0 period=1 timed_us=0
subsystem_time: stage=vm_read calls=0 timed_calls=0 period=1 timed_us=0
subsystem_time: stage=vm_write calls=0 timed_calls=0 period=1 timed_us=0
subsystem_time: stage=tex_hash calls=29691 timed_calls=29691 period=1 timed_us=79953
subsystem_time: stage=tex_lookup calls=29691 timed_calls=29691 period=1 timed_us=9457
subsystem_time: stage=tex_load calls=69 timed_calls=69 period=1 timed_us=1385
subsystem_time: stage=tex_activate calls=29691 timed_calls=29691 period=1 timed_us=12321
subsystem_time: stage=draw_triangles calls=121074 timed_calls=121074 period=1 timed_us=262491
subsystem_time: stage=draw_rect calls=17457 timed_calls=17457 period=1 timed_us=105453
subsystem_time: stage=gfx_list calls=660 timed_calls=660 period=1 timed_us=1249998
subsystem_time: stage=gfx_command calls=653190 timed_calls=5143 period=127 timed_us=10189
gfx_ucodes: mask=00001000
gfx_opcode: op=01 calls=12366 timed_calls=106 timed_us=48
gfx_opcode: op=03 calls=1818 timed_calls=16 timed_us=17
gfx_opcode: op=04 calls=48525 timed_calls=374 timed_us=2326
gfx_opcode: op=06 calls=13110 timed_calls=110 timed_us=23
gfx_opcode: op=b1 calls=138519 timed_calls=1076 timed_us=5009
gfx_opcode: op=b6 calls=12297 timed_calls=106 timed_us=15
gfx_opcode: op=b7 calls=12450 timed_calls=104 timed_us=14
gfx_opcode: op=b8 calls=13770 timed_calls=116 timed_us=18
gfx_opcode: op=b9 calls=13164 timed_calls=94 timed_us=17
gfx_opcode: op=ba calls=71856 timed_calls=584 timed_us=100
gfx_opcode: op=bb calls=12945 timed_calls=104 timed_us=20
gfx_opcode: op=bc calls=14745 timed_calls=117 timed_us=21
gfx_opcode: op=bf calls=26967 timed_calls=206 timed_us=371
gfx_opcode: op=e4 calls=17457 timed_calls=143 timed_us=1005
gfx_opcode: op=e6 calls=29691 timed_calls=225 timed_us=27
gfx_opcode: op=e7 calls=43050 timed_calls=323 timed_us=42
gfx_opcode: op=e9 calls=660 timed_calls=6 timed_us=6
gfx_opcode: op=ed calls=1320 timed_calls=12 timed_us=6
gfx_opcode: op=f2 calls=31455 timed_calls=248 timed_us=66
gfx_opcode: op=f3 calls=29691 timed_calls=224 timed_us=380
gfx_opcode: op=f5 calls=60855 timed_calls=477 timed_us=92
gfx_opcode: op=f6 calls=660 timed_calls=6 timed_us=6
gfx_opcode: op=f7 calls=660 timed_calls=6 timed_us=4
gfx_opcode: op=fa calls=996 timed_calls=6 timed_us=1
gfx_opcode: op=fc calls=13152 timed_calls=96 timed_us=14
gfx_opcode: op=fd calls=29691 timed_calls=249 timed_us=36
gfx_opcode: op=ff calls=1320 timed_calls=9 timed_us=6
subsystem_time: stage=vertex calls=712209 timed_calls=5607 period=127 timed_us=2316
subsystem_time: stage=gfx_state calls=32799 timed_calls=258 period=127 timed_us=1561
subsystem_self: stage=gfx_state calls=32799 timed_calls=258 self_us=739 dropped=0
subsystem_time: stage=gx_wait calls=4 timed_calls=4 period=1 timed_us=2553
subsystem_time: stage=dma_pi calls=620 timed_calls=620 period=1 timed_us=25819
subsystem_time: stage=dma_sp calls=2186 timed_calls=2186 period=1 timed_us=2009
subsystem_time: stage=dma_si calls=1681 timed_calls=1681 period=1 timed_us=15953
subsystem_time: stage=tlb_translate calls=2212174 timed_calls=17418 period=127 timed_us=2188
subsystem_time: stage=pif calls=1682 timed_calls=1682 period=1 timed_us=14629
subsystem_time: stage=input calls=2972 timed_calls=2972 period=1 timed_us=11895
subsystem_time: stage=guest_interrupt calls=7051 timed_calls=7051 period=1 timed_us=10283423
subsystem_self: stage=guest_interrupt calls=7051 timed_calls=7051 self_us=20296 dropped=0
subsystem_time: stage=interpreter_inclusive calls=0 timed_calls=0 period=1 timed_us=0
subsystem_self: stage=interpreter_inclusive calls=0 timed_calls=0 self_us=0 dropped=0
subsystem_time: stage=audio_submit calls=433 timed_calls=433 period=1 timed_us=6195
subsystem_time: stage=audio_callback calls=8984 timed_calls=8984 period=1 timed_us=4599
subsystem_time: stage=memory_slow calls=997542 timed_calls=7854 period=127 timed_us=18855
subsystem_self: stage=memory_slow calls=997542 timed_calls=7854 self_us=3978 dropped=0
subsystem_time: stage=jit_invalidate calls=98566 timed_calls=776 period=127 timed_us=151
subsystem_time: stage=cpu_helper calls=4642072 timed_calls=36551 period=127 timed_us=107164
subsystem_time: stage=storage_read calls=0 timed_calls=0 period=1 timed_us=0
subsystem_time: stage=storage_write calls=0 timed_calls=0 period=1 timed_us=0
subsystem_time: stage=save_load calls=0 timed_calls=0 period=1 timed_us=0
subsystem_time: stage=save_write calls=0 timed_calls=0 period=1 timed_us=0
subsystem_time: stage=state_load calls=0 timed_calls=0 period=1 timed_us=0
subsystem_time: stage=state_save calls=0 timed_calls=0 period=1 timed_us=0
subsystem_time: stage=probe_io calls=4 timed_calls=4 period=1 timed_us=56864
subsystem_time: stage=agent_poll calls=1810 timed_calls=1810 period=1 timed_us=396
audio_time: stage=resample sampled_calls=143 sampled_samples=20368 sampled_us=866
audio_time: stage=zoh sampled_calls=0 sampled_samples=0 sampled_us=0
audio_time: stage=adpcm sampled_calls=122 sampled_samples=4912 sampled_us=229
audio_time: stage=envmix_exp sampled_calls=0 sampled_samples=0 sampled_us=0
audio_time: stage=envmix_ge sampled_calls=126 sampled_samples=18352 sampled_us=1780
audio_time: stage=envmix_lin sampled_calls=0 sampled_samples=0 sampled_us=0
audio_time: stage=envmix_nead sampled_calls=0 sampled_samples=0 sampled_us=0
audio_time: stage=mix sampled_calls=323 sampled_samples=47968 sampled_us=772
audio_time: stage=musyx_voice sampled_calls=0 sampled_samples=0 sampled_us=0
audio_time: stage=musyx_fx sampled_calls=0 sampled_samples=0 sampled_us=0
audio_time: stage=output sampled_calls=3 sampled_samples=2192 sampled_us=39
gpu_counters: clks=3689761294 tb_clks=3689761388 ras_busy=47586973 xf_wait_in=3570439247 xf_wait_out=36370241 ras_peak_permille=20 ztop_in=183987044 ztop_out=181454744 z_in=0 z_out=0 blend_in=181634580 copy_clks=74456880 fifo_overflows=0
game: n=6/9 how=vis vis=900 vi_rate=60 vi0_retrace=11194 wall_us=15184121 sleep_us=10175434 avg_vis=58.14 avg_fps=52.43 exceptions=5542 cacheResets=1 recompiles=837 batches=121074 verts=1581750 texStalls=0 treeDepthMax=15 underruns=4 overruns=0 queue_peak_ms=23 dsp_avg=1.38 dsp_peak=1.60 dsp_samples=30 pmc1=3506485185 pmc2=3856748976 pmc3=0 pmc4=0 mmcr0=00000042 mmcr1=00000000 heap_used=10846552 heap_free=153736 arena1_free=229376 arena2_free=288704 flushes=4 flush_us=56863 padtrace=0 rom=sd:/wii64/roms/GoldenEye 007 (USA).z64
=== chain 6/9 end vis=900 how=vis rom=sd:/wii64/roms/GoldenEye 007 (USA).z64 ===
mark: pad replay records: 1
mark: loadROM: enter
mark: loadROM: before rom_read
mark: ROMCache_load: enter
mark: ROMCache_load: before first read
mark: ROMCache_load: first read returned
mark: ROMCache_load: byte_swap_type set
mark: ROMCache_load: first byte_swap done
menufps: 0.1
menufps: 8.5
menufps: 8.1
menufps: 8.3
mark: ROMCache_load: loop exited normally
mark: ROMCache_load: elapsed_us=1894241 bytes=8388608 vm=0
mark: loadROM: after rom_read
mark: loadROM: before init_memory
mark: loadROM: after init_memory
mark: loadROM: before romOpen_gfx
mark: loadROM: after romOpen_gfx / before romOpen_audio
mark: loadROM: after romOpen_audio / before romOpen_input
mark: loadROM: after romOpen_input / before cpu_init
mark: loadROM: after cpu_init
menufps: 2.4
menufps: 1.0
menufps: 1.0
fps: 4.2
first_vi: vi0_retrace=12425
vis: 5.0
cpu: exceptions=0 cacheResets=0 batches=0 verts=0 texStalls=0 recompiles=0 underruns=0 overruns=0 sleep_us=0 queue_ms=0
mark: CPU core dispatch: dynarec
vis: 60.0
cpu: exceptions=60 cacheResets=1 batches=0 verts=0 texStalls=0 recompiles=163 underruns=2 overruns=0 sleep_us=69857 queue_ms=57
fps: 1.2
vis: 60.0
cpu: exceptions=216 cacheResets=1 batches=0 verts=0 texStalls=0 recompiles=207 underruns=2 overruns=0 sleep_us=522141 queue_ms=52
vis: 60.0
cpu: exceptions=516 cacheResets=1 batches=0 verts=0 texStalls=0 recompiles=207 underruns=2 overruns=0 sleep_us=988893 queue_ms=57
vis: 60.0
cpu: exceptions=815 cacheResets=1 batches=0 verts=0 texStalls=0 recompiles=233 underruns=2 overruns=0 sleep_us=1453287 queue_ms=53
vis: 60.0
cpu: exceptions=1068 cacheResets=1 batches=0 verts=0 texStalls=0 recompiles=287 underruns=2 overruns=0 sleep_us=1910849 queue_ms=59
vis: 60.0
cpu: exceptions=1139 cacheResets=1 batches=0 verts=0 texStalls=0 recompiles=288 underruns=3 overruns=0 sleep_us=2317506 queue_ms=0
fps: 0.4
vis: 59.3
cpu: exceptions=1282 cacheResets=1 batches=0 verts=0 texStalls=0 recompiles=508 underruns=5 overruns=0 sleep_us=2531233 queue_ms=20
vis: 52.8
cpu: exceptions=1424 cacheResets=1 batches=0 verts=0 texStalls=0 recompiles=732 underruns=7 overruns=0 sleep_us=2741574 queue_ms=3
fps: 1.7
vis: 60.0
cpu: exceptions=1612 cacheResets=1 batches=3470 verts=86430 texStalls=0 recompiles=834 underruns=9 overruns=0 sleep_us=2888107 queue_ms=43
fps: 21.4
vis: 60.0
cpu: exceptions=1796 cacheResets=1 batches=6940 verts=172860 texStalls=0 recompiles=835 underruns=9 overruns=0 sleep_us=3088724 queue_ms=50
fps: 20.0
vis: 60.0
cpu: exceptions=1991 cacheResets=1 batches=10410 verts=259290 texStalls=0 recompiles=837 underruns=9 overruns=0 sleep_us=3282094 queue_ms=45
fps: 20.0
vis: 60.0
cpu: exceptions=2189 cacheResets=1 batches=13932 verts=345876 texStalls=0 recompiles=838 underruns=9 overruns=0 sleep_us=3475077 queue_ms=51
fps: 20.0
vis: 60.0
cpu: exceptions=2383 cacheResets=1 batches=17632 verts=432996 texStalls=0 recompiles=841 underruns=9 overruns=0 sleep_us=3671947 queue_ms=46
fps: 20.0
vis: 60.0
cpu: exceptions=2602 cacheResets=1 batches=21426 verts=520398 texStalls=0 recompiles=844 underruns=9 overruns=0 sleep_us=3848192 queue_ms=52
fps: 20.0
vis: 60.0
cpu: exceptions=2838 cacheResets=1 batches=25296 verts=608028 texStalls=0 recompiles=844 underruns=9 overruns=0 sleep_us=4022247 queue_ms=48
fps: 20.0
vis: 60.0
cpu: exceptions=3089 cacheResets=1 batches=29228 verts=695844 texStalls=0 recompiles=844 underruns=9 overruns=0 sleep_us=4187961 queue_ms=44
fps: 19.8
vis: 60.0
cpu: exceptions=3368 cacheResets=1 batches=33212 verts=786168 texStalls=0 recompiles=845 underruns=9 overruns=0 sleep_us=4335700 queue_ms=40
fps: 19.8
vis: 60.0
cpu: exceptions=3651 cacheResets=1 batches=37128 verts=877296 texStalls=0 recompiles=845 underruns=9 overruns=0 sleep_us=4487096 queue_ms=37
fps: 20.0
vis: 60.0
cpu: exceptions=3925 cacheResets=1 batches=40784 verts=968244 texStalls=0 recompiles=845 underruns=9 overruns=0 sleep_us=4644914 queue_ms=42
fps: 20.0
vis: 60.0
cpu: exceptions=4189 cacheResets=1 batches=44354 verts=1058934 texStalls=0 recompiles=845 underruns=9 overruns=0 sleep_us=4806187 queue_ms=38
fps: 20.0
vis: 60.0
cpu: exceptions=4460 cacheResets=1 batches=47924 verts=1149624 texStalls=0 recompiles=845 underruns=9 overruns=0 sleep_us=4966498 queue_ms=35
fps: 20.0
vis: 60.0
cpu: exceptions=4731 cacheResets=1 batches=51496 verts=1240320 texStalls=0 recompiles=845 underruns=9 overruns=0 sleep_us=5121718 queue_ms=39
fps: 20.0
vis: 60.0
cpu: exceptions=5011 cacheResets=1 batches=55121 verts=1331796 texStalls=0 recompiles=846 underruns=9 overruns=0 sleep_us=5271191 queue_ms=37
fps: 19.9
vis: 60.0
cpu: exceptions=5320 cacheResets=1 batches=58816 verts=1423761 texStalls=0 recompiles=848 underruns=9 overruns=0 sleep_us=5401244 queue_ms=41
fps: 20.0
vis: 60.0
cpu: exceptions=5612 cacheResets=1 batches=62630 verts=1516047 texStalls=0 recompiles=858 underruns=9 overruns=0 sleep_us=5533005 queue_ms=37
fps: 20.1
vis: 60.0
cpu: exceptions=5839 cacheResets=1 batches=66652 verts=1609125 texStalls=0 recompiles=863 underruns=9 overruns=0 sleep_us=5697708 queue_ms=43
fps: 20.1
vis: 60.0
cpu: exceptions=6044 cacheResets=1 batches=70831 verts=1703274 texStalls=0 recompiles=864 underruns=9 overruns=0 sleep_us=5871743 queue_ms=40
fps: 20.0
vis: 60.0
cpu: exceptions=6212 cacheResets=1 batches=74744 verts=1796823 texStalls=0 recompiles=866 underruns=9 overruns=0 sleep_us=6054530 queue_ms=44
fps: 20.0
vis: 60.0
cpu: exceptions=6455 cacheResets=1 batches=78443 verts=1889205 texStalls=0 recompiles=866 underruns=9 overruns=0 sleep_us=6213979 queue_ms=41
fps: 20.0
vis: 60.0
cpu: exceptions=6634 cacheResets=1 batches=82096 verts=1981077 texStalls=0 recompiles=866 underruns=9 overruns=0 sleep_us=6396520 queue_ms=37
mark: stop reason: chain guest VI limit
mark: stop_it requested
audio: alist_resample_calls=31161 alist_resample_samples=4158040 alist_zoh_calls=0 alist_zoh_samples=0 musyx_subframes=0 musyx_voices=0 musyx_voice_peak=0
audio_stages: adpcm_calls=24532 adpcm_samples=3305024 envmix_calls=24329 envmix_samples=3246392 mix_calls=22482 mix_samples=6834208 musyx_fx_calls=0 musyx_fx_taps=0 output_calls=862 output_samples=459344
audio_envmix: exp_calls=24329 ge_calls=0 lin_calls=0 nead_calls=0 exp_steady=20470 ge_steady=0 lin_steady=0
audio_gaps: nead_mats=0 nead_efz=0 resample_flag2=0 musyx_ptr10=0
audio_output: stream_requests=3424 stream_fed=1593 input_hz=32006 playback_hz=32006 queue_peak_ms=75
probe_schema: version=2 self=1 interval=127
vm_io: read_ahead=1 reads=0 hits=0 read_bytes=0 writes=0 write_bytes=0 errors=0
subsystem_time: stage=rsp_gfx calls=224 timed_calls=224 period=1 timed_us=2774794
subsystem_time: stage=rsp_audio calls=854 timed_calls=854 period=1 timed_us=853913
subsystem_time: stage=rsp_other calls=0 timed_calls=0 period=1 timed_us=0
subsystem_time: stage=lookup calls=2011939 timed_calls=15842 period=127 timed_us=3769
subsystem_time: stage=compile calls=866 timed_calls=866 period=1 timed_us=219013
subsystem_time: stage=dispatch calls=2011902 timed_calls=15841 period=127 timed_us=14506
subsystem_self: stage=dispatch calls=2011902 timed_calls=15841 self_us=9772 dropped=0
subsystem_time: stage=execute_inclusive calls=2011902 timed_calls=15841 period=127 timed_us=108887
subsystem_self: stage=execute_inclusive calls=2011902 timed_calls=15841 self_us=38244 dropped=0
subsystem_time: stage=rom_copy calls=2723 timed_calls=2723 period=1 timed_us=26390
subsystem_time: stage=present calls=899 timed_calls=899 period=1 timed_us=29521
subsystem_time: stage=limiter calls=640 timed_calls=640 period=1 timed_us=6404926
subsystem_time: stage=vm_fault calls=0 timed_calls=0 period=1 timed_us=0
subsystem_time: stage=vm_victim calls=0 timed_calls=0 period=1 timed_us=0
subsystem_time: stage=vm_read calls=0 timed_calls=0 period=1 timed_us=0
subsystem_time: stage=vm_write calls=0 timed_calls=0 period=1 timed_us=0
subsystem_time: stage=tex_hash calls=65329 timed_calls=65329 period=1 timed_us=879862
subsystem_time: stage=tex_lookup calls=65329 timed_calls=65329 period=1 timed_us=58420
subsystem_time: stage=tex_load calls=178 timed_calls=178 period=1 timed_us=12026
subsystem_time: stage=tex_activate calls=65329 timed_calls=65329 period=1 timed_us=38551
subsystem_time: stage=draw_triangles calls=82460 timed_calls=82460 period=1 timed_us=270172
subsystem_time: stage=draw_rect calls=2291 timed_calls=2291 period=1 timed_us=23982
subsystem_time: stage=gfx_list calls=224 timed_calls=224 period=1 timed_us=2774294
subsystem_time: stage=gfx_command calls=1458347 timed_calls=11483 period=127 timed_us=21898
gfx_ucodes: mask=00010000
gfx_opcode: op=01 calls=15716 timed_calls=134 timed_us=61
gfx_opcode: op=03 calls=1768 timed_calls=20 timed_us=17
gfx_opcode: op=04 calls=88214 timed_calls=660 timed_us=2384
gfx_opcode: op=06 calls=36436 timed_calls=318 timed_us=62
gfx_opcode: op=b4 calls=221 timed_calls=2 timed_us=0
gfx_opcode: op=b5 calls=118538 timed_calls=913 timed_us=5580
gfx_opcode: op=b6 calls=8617 timed_calls=71 timed_us=10
gfx_opcode: op=b7 calls=8616 timed_calls=70 timed_us=9
gfx_opcode: op=b8 calls=36660 timed_calls=307 timed_us=40
gfx_opcode: op=b9 calls=9517 timed_calls=78 timed_us=13
gfx_opcode: op=ba calls=24763 timed_calls=189 timed_us=32
gfx_opcode: op=bb calls=28944 timed_calls=242 timed_us=42
gfx_opcode: op=bc calls=5246 timed_calls=43 timed_us=11
gfx_opcode: op=bd calls=1105 timed_calls=11 timed_us=1
gfx_opcode: op=be calls=4199 timed_calls=31 timed_us=3
gfx_opcode: op=bf calls=426348 timed_calls=3338 timed_us=7794
gfx_opcode: op=c0 calls=223 timed_calls=1 timed_us=0
gfx_opcode: op=e4 calls=1849 timed_calls=6 timed_us=73
gfx_opcode: op=e6 calls=79901 timed_calls=648 timed_us=77
gfx_opcode: op=e7 calls=68668 timed_calls=513 timed_us=65
gfx_opcode: op=e8 calls=115380 timed_calls=916 timed_us=109
gfx_opcode: op=e9 calls=224 timed_calls=0 timed_us=0
gfx_opcode: op=ed calls=446 timed_calls=3 timed_us=1
gfx_opcode: op=f0 calls=9945 timed_calls=73 timed_us=202
gfx_opcode: op=f2 calls=53401 timed_calls=424 timed_us=112
gfx_opcode: op=f3 calls=69735 timed_calls=515 timed_us=3014
gfx_opcode: op=f4 calls=221 timed_calls=0 timed_us=0
gfx_opcode: op=f5 calls=133302 timed_calls=1054 timed_us=184
gfx_opcode: op=f6 calls=669 timed_calls=4 timed_us=1038
gfx_opcode: op=f7 calls=448 timed_calls=1 timed_us=0
gfx_opcode: op=f8 calls=884 timed_calls=4 timed_us=1
gfx_opcode: op=fa calls=937 timed_calls=8 timed_us=1
gfx_opcode: op=fb calls=5421 timed_calls=51 timed_us=8
gfx_opcode: op=fc calls=21211 timed_calls=173 timed_us=22
gfx_opcode: op=fd calls=79901 timed_calls=657 timed_us=91
gfx_opcode: op=fe calls=223 timed_calls=1 timed_us=0
gfx_opcode: op=ff calls=450 timed_calls=4 timed_us=1
subsystem_time: stage=vertex calls=943999 timed_calls=7433 period=127 timed_us=2421
subsystem_time: stage=gfx_state calls=68512 timed_calls=539 period=127 timed_us=8814
subsystem_self: stage=gfx_state calls=68512 timed_calls=539 self_us=1194 dropped=0
subsystem_time: stage=gx_wait calls=4 timed_calls=4 period=1 timed_us=2553
subsystem_time: stage=dma_pi calls=2723 timed_calls=2723 period=1 timed_us=51408
subsystem_time: stage=dma_sp calls=2156 timed_calls=2156 period=1 timed_us=2240
subsystem_time: stage=dma_si calls=741 timed_calls=741 period=1 timed_us=5404
subsystem_time: stage=tlb_translate calls=0 timed_calls=0 period=127 timed_us=0
subsystem_time: stage=pif calls=742 timed_calls=742 period=1 timed_us=4857
subsystem_time: stage=input calls=896 timed_calls=896 period=1 timed_us=3852
subsystem_time: stage=guest_interrupt calls=9574 timed_calls=9574 period=1 timed_us=6477369
subsystem_self: stage=guest_interrupt calls=9574 timed_calls=9574 self_us=20118 dropped=0
subsystem_time: stage=interpreter_inclusive calls=0 timed_calls=0 period=1 timed_us=0
subsystem_self: stage=interpreter_inclusive calls=0 timed_calls=0 self_us=0 dropped=0
subsystem_time: stage=audio_submit calls=862 timed_calls=862 period=1 timed_us=10246
subsystem_time: stage=audio_callback calls=9450 timed_calls=9450 period=1 timed_us=6891
subsystem_time: stage=memory_slow calls=580570 timed_calls=4571 period=127 timed_us=25540
subsystem_self: stage=memory_slow calls=580570 timed_calls=4571 self_us=1705 dropped=0
subsystem_time: stage=jit_invalidate calls=37 timed_calls=0 period=127 timed_us=0
subsystem_time: stage=cpu_helper calls=8992123 timed_calls=70804 period=127 timed_us=106000
subsystem_time: stage=storage_read calls=0 timed_calls=0 period=1 timed_us=0
subsystem_time: stage=storage_write calls=0 timed_calls=0 period=1 timed_us=0
subsystem_time: stage=save_load calls=0 timed_calls=0 period=1 timed_us=0
subsystem_time: stage=save_write calls=0 timed_calls=0 period=1 timed_us=0
subsystem_time: stage=state_load calls=0 timed_calls=0 period=1 timed_us=0
subsystem_time: stage=state_save calls=0 timed_calls=0 period=1 timed_us=0
subsystem_time: stage=probe_io calls=3 timed_calls=3 period=1 timed_us=29538
subsystem_time: stage=agent_poll calls=1812 timed_calls=1812 period=1 timed_us=451
audio_time: stage=resample sampled_calls=245 sampled_samples=32672 sampled_us=1385
audio_time: stage=zoh sampled_calls=0 sampled_samples=0 sampled_us=0
audio_time: stage=adpcm sampled_calls=193 sampled_samples=25984 sampled_us=1099
audio_time: stage=envmix_exp sampled_calls=191 sampled_samples=25496 sampled_us=2572
audio_time: stage=envmix_ge sampled_calls=0 sampled_samples=0 sampled_us=0
audio_time: stage=envmix_lin sampled_calls=0 sampled_samples=0 sampled_us=0
audio_time: stage=envmix_nead sampled_calls=0 sampled_samples=0 sampled_us=0
audio_time: stage=mix sampled_calls=177 sampled_samples=53184 sampled_us=858
audio_time: stage=musyx_voice sampled_calls=0 sampled_samples=0 sampled_us=0
audio_time: stage=musyx_fx sampled_calls=0 sampled_samples=0 sampled_us=0
audio_time: stage=output sampled_calls=6 sampled_samples=3216 sampled_us=55
gpu_counters: clks=3700372124 tb_clks=3700372216 ras_busy=46629610 xf_wait_in=3569820336 xf_wait_out=53240454 ras_peak_permille=22 ztop_in=174732544 ztop_out=166936748 z_in=1208072 z_out=653252 blend_in=168391548 copy_clks=28208139 fifo_overflows=0
game: n=7/9 how=vis vis=900 vi_rate=60 vi0_retrace=12425 wall_us=15227782 sleep_us=6402904 avg_vis=57.97 avg_fps=17.14 exceptions=6647 cacheResets=1 recompiles=866 batches=82460 verts=1990248 texStalls=0 treeDepthMax=12 underruns=9 overruns=0 queue_peak_ms=59 dsp_avg=1.52 dsp_peak=1.65 dsp_samples=31 pmc1=6301946013 pmc2=6445632656 pmc3=0 pmc4=0 mmcr0=00000042 mmcr1=00000000 heap_used=10851704 heap_free=148584 arena1_free=229376 arena2_free=288704 flushes=3 flush_us=29537 padtrace=0 rom=sd:/wii64/roms/Wave Race 64 - Kawasaki Jet Ski (USA) (Rev 1).z64
=== chain 7/9 end vis=900 how=vis rom=sd:/wii64/roms/Wave Race 64 - Kawasaki Jet Ski (USA) (Rev 1).z64 ===
mark: pad replay records: 1
mark: loadROM: enter
mark: loadROM: before rom_read
mark: ROMCache_load: enter
mark: ROMCache_load: before first read
mark: ROMCache_load: first read returned
mark: ROMCache_load: byte_swap_type set
mark: ROMCache_load: first byte_swap done
menufps: 0.1
menufps: 8.4
menufps: 8.0
menufps: 8.1
menufps: 8.3
mark: ROMCache_load: loop exited normally
mark: ROMCache_load: elapsed_us=2825350 bytes=12582912 vm=0
mark: loadROM: after rom_read
mark: loadROM: before init_memory
mark: loadROM: after init_memory
mark: loadROM: before romOpen_gfx
mark: loadROM: after romOpen_gfx / before romOpen_audio
mark: loadROM: after romOpen_audio / before romOpen_input
mark: loadROM: after romOpen_input / before cpu_init
mark: loadROM: after cpu_init
menufps: 6.4
menufps: 1.9
menufps: 1.0
menufps: 1.0
fps: 0.5
first_vi: vi0_retrace=13715
vis: 0.5
cpu: exceptions=0 cacheResets=0 batches=0 verts=0 texStalls=0 recompiles=0 underruns=0 overruns=0 sleep_us=0 queue_ms=0
mark: CPU core dispatch: dynarec
vis: 60.0
cpu: exceptions=922 cacheResets=1 batches=0 verts=0 texStalls=0 recompiles=326 underruns=0 overruns=0 sleep_us=186445 queue_ms=112
fps: 1.8
vis: 60.0
cpu: exceptions=1662 cacheResets=1 batches=0 verts=0 texStalls=0 recompiles=533 underruns=0 overruns=0 sleep_us=501476 queue_ms=116
fps: 12.1
vis: 60.0
cpu: exceptions=1966 cacheResets=1 batches=40 verts=960 texStalls=0 recompiles=682 underruns=0 overruns=0 sleep_us=829325 queue_ms=108
vis: 60.0
cpu: exceptions=2843 cacheResets=1 batches=70 verts=1680 texStalls=0 recompiles=691 underruns=0 overruns=0 sleep_us=1176331 queue_ms=112
fps: 18.7
vis: 60.0
cpu: exceptions=2948 cacheResets=1 batches=145 verts=3480 texStalls=0 recompiles=691 underruns=0 overruns=0 sleep_us=1605036 queue_ms=116
fps: 29.3
vis: 60.0
cpu: exceptions=3056 cacheResets=1 batches=225 verts=5400 texStalls=0 recompiles=691 underruns=0 overruns=0 sleep_us=2031122 queue_ms=108
fps: 31.1
vis: 60.0
cpu: exceptions=3161 cacheResets=1 batches=300 verts=7200 texStalls=0 recompiles=691 underruns=0 overruns=0 sleep_us=2459631 queue_ms=99
fps: 30.0
vis: 60.0
cpu: exceptions=3266 cacheResets=1 batches=375 verts=9000 texStalls=0 recompiles=696 underruns=0 overruns=0 sleep_us=2892342 queue_ms=103
vis: 60.0
cpu: exceptions=3610 cacheResets=1 batches=380 verts=9120 texStalls=0 recompiles=764 underruns=0 overruns=0 sleep_us=3156467 queue_ms=108
fps: 13.1
vis: 60.0
cpu: exceptions=3924 cacheResets=1 batches=759 verts=17781 texStalls=0 recompiles=889 underruns=0 overruns=0 sleep_us=3441058 queue_ms=99
fps: 29.8
vis: 60.0
cpu: exceptions=4041 cacheResets=1 batches=1743 verts=38949 texStalls=0 recompiles=904 underruns=0 overruns=0 sleep_us=3791779 queue_ms=103
fps: 31.1
vis: 60.0
cpu: exceptions=4177 cacheResets=1 batches=2680 verts=58968 texStalls=0 recompiles=906 underruns=0 overruns=0 sleep_us=4143603 queue_ms=108
fps: 30.0
vis: 60.0
cpu: exceptions=4298 cacheResets=1 batches=3610 verts=78903 texStalls=0 recompiles=918 underruns=0 overruns=0 sleep_us=4489850 queue_ms=112
fps: 30.0
vis: 60.0
cpu: exceptions=4416 cacheResets=1 batches=4540 verts=98838 texStalls=0 recompiles=918 underruns=0 overruns=0 sleep_us=4839485 queue_ms=103
fps: 30.0
vis: 60.0
cpu: exceptions=4533 cacheResets=1 batches=5470 verts=118773 texStalls=0 recompiles=924 underruns=0 overruns=0 sleep_us=5189111 queue_ms=108
fps: 30.0
vis: 60.0
cpu: exceptions=4651 cacheResets=1 batches=6400 verts=138708 texStalls=0 recompiles=924 underruns=0 overruns=0 sleep_us=5541749 queue_ms=112
fps: 30.0
vis: 60.0
cpu: exceptions=4764 cacheResets=1 batches=7330 verts=158643 texStalls=0 recompiles=925 underruns=0 overruns=0 sleep_us=5899236 queue_ms=103
fps: 30.0
vis: 60.0
cpu: exceptions=4875 cacheResets=1 batches=8260 verts=178578 texStalls=0 recompiles=925 underruns=0 overruns=0 sleep_us=6259789 queue_ms=108
fps: 30.0
vis: 60.0
cpu: exceptions=4986 cacheResets=1 batches=9190 verts=198513 texStalls=0 recompiles=925 underruns=0 overruns=0 sleep_us=6619337 queue_ms=112
fps: 30.0
vis: 60.0
cpu: exceptions=5099 cacheResets=1 batches=10120 verts=218448 texStalls=0 recompiles=925 underruns=0 overruns=0 sleep_us=6976276 queue_ms=116
fps: 30.0
vis: 60.0
cpu: exceptions=5212 cacheResets=1 batches=10924 verts=234561 texStalls=0 recompiles=925 underruns=0 overruns=0 sleep_us=7339698 queue_ms=108
fps: 30.0
vis: 60.0
cpu: exceptions=5337 cacheResets=1 batches=11448 verts=246147 texStalls=0 recompiles=934 underruns=0 overruns=0 sleep_us=7696523 queue_ms=112
fps: 30.0
vis: 60.0
cpu: exceptions=5464 cacheResets=1 batches=12239 verts=261468 texStalls=0 recompiles=934 underruns=0 overruns=0 sleep_us=8032274 queue_ms=116
fps: 30.0
vis: 60.0
cpu: exceptions=5589 cacheResets=1 batches=13268 verts=278217 texStalls=0 recompiles=934 underruns=0 overruns=0 sleep_us=8353207 queue_ms=121
fps: 30.0
vis: 60.0
cpu: exceptions=5707 cacheResets=1 batches=14399 verts=295578 texStalls=0 recompiles=945 underruns=0 overruns=0 sleep_us=8662866 queue_ms=112
fps: 29.2
vis: 60.0
cpu: exceptions=5827 cacheResets=1 batches=15194 verts=310923 texStalls=0 recompiles=946 underruns=0 overruns=0 sleep_us=8974464 queue_ms=103
fps: 30.0
vis: 60.0
cpu: exceptions=5948 cacheResets=1 batches=15934 verts=325938 texStalls=0 recompiles=946 underruns=0 overruns=0 sleep_us=9295546 queue_ms=108
fps: 30.1
vis: 60.0
cpu: exceptions=6069 cacheResets=1 batches=16588 verts=340437 texStalls=0 recompiles=946 underruns=0 overruns=0 sleep_us=9639932 queue_ms=99
fps: 30.0
vis: 60.0
cpu: exceptions=6190 cacheResets=1 batches=17048 verts=353772 texStalls=0 recompiles=946 underruns=0 overruns=0 sleep_us=10002751 queue_ms=103
mark: stop reason: chain guest VI limit
mark: stop_it requested
audio: alist_resample_calls=9757 alist_resample_samples=1397968 alist_zoh_calls=0 alist_zoh_samples=0 musyx_subframes=0 musyx_voices=0 musyx_voice_peak=0
audio_stages: adpcm_calls=7520 adpcm_samples=460832 envmix_calls=7516 envmix_samples=1068128 mix_calls=67230 mix_samples=9895200 musyx_fx_calls=0 musyx_fx_taps=0 output_calls=448 output_samples=329840
audio_envmix: exp_calls=0 ge_calls=7516 lin_calls=0 nead_calls=0 exp_steady=0 ge_steady=7194 lin_steady=0
audio_gaps: nead_mats=0 nead_efz=0 resample_flag2=0 musyx_ptr10=0
audio_output: stream_requests=2827 stream_fed=1136 input_hz=22047 playback_hz=22047 queue_peak_ms=151
probe_schema: version=2 self=1 interval=127
vm_io: read_ahead=1 reads=0 hits=0 read_bytes=0 writes=0 write_bytes=0 errors=0
subsystem_time: stage=rsp_gfx calls=393 timed_calls=393 period=1 timed_us=748103
subsystem_time: stage=rsp_audio calls=448 timed_calls=448 period=1 timed_us=480705
subsystem_time: stage=rsp_other calls=0 timed_calls=0 period=1 timed_us=0
subsystem_time: stage=lookup calls=1667803 timed_calls=13132 period=127 timed_us=3070
subsystem_time: stage=compile calls=946 timed_calls=946 period=1 timed_us=142482
subsystem_time: stage=dispatch calls=1666229 timed_calls=13119 period=127 timed_us=14533
subsystem_self: stage=dispatch calls=1666229 timed_calls=13119 self_us=7990 dropped=0
subsystem_time: stage=execute_inclusive calls=1666229 timed_calls=13119 period=127 timed_us=124057
subsystem_self: stage=execute_inclusive calls=1666229 timed_calls=13119 self_us=23645 dropped=0
subsystem_time: stage=rom_copy calls=1133 timed_calls=1133 period=1 timed_us=12024
subsystem_time: stage=present calls=899 timed_calls=899 period=1 timed_us=21335
subsystem_time: stage=limiter calls=881 timed_calls=881 period=1 timed_us=10349064
subsystem_time: stage=vm_fault calls=0 timed_calls=0 period=1 timed_us=0
subsystem_time: stage=vm_victim calls=0 timed_calls=0 period=1 timed_us=0
subsystem_time: stage=vm_read calls=0 timed_calls=0 period=1 timed_us=0
subsystem_time: stage=vm_write calls=0 timed_calls=0 period=1 timed_us=0
subsystem_time: stage=tex_hash calls=12379 timed_calls=12379 period=1 timed_us=118187
subsystem_time: stage=tex_lookup calls=12379 timed_calls=12379 period=1 timed_us=6683
subsystem_time: stage=tex_load calls=103 timed_calls=103 period=1 timed_us=4279
subsystem_time: stage=tex_activate calls=12379 timed_calls=12379 period=1 timed_us=8234
subsystem_time: stage=draw_triangles calls=17454 timed_calls=17454 period=1 timed_us=57724
subsystem_time: stage=draw_rect calls=5382 timed_calls=5382 period=1 timed_us=49576
subsystem_time: stage=gfx_list calls=393 timed_calls=393 period=1 timed_us=747449
subsystem_time: stage=gfx_command calls=269016 timed_calls=2118 period=127 timed_us=5185
gfx_ucodes: mask=00000200
gfx_opcode: op=01 calls=5357 timed_calls=45 timed_us=25
gfx_opcode: op=03 calls=1414 timed_calls=8 timed_us=6
gfx_opcode: op=04 calls=21288 timed_calls=175 timed_us=586
gfx_opcode: op=05 calls=18264 timed_calls=145 timed_us=2643
gfx_opcode: op=06 calls=6379 timed_calls=54 timed_us=10
gfx_opcode: op=07 calls=16101 timed_calls=115 timed_us=24
gfx_opcode: op=b4 calls=707 timed_calls=6 timed_us=1
gfx_opcode: op=b6 calls=1567 timed_calls=8 timed_us=1
gfx_opcode: op=b7 calls=4373 timed_calls=38 timed_us=6
gfx_opcode: op=b8 calls=6599 timed_calls=48 timed_us=6
gfx_opcode: op=b9 calls=4709 timed_calls=35 timed_us=6
gfx_opcode: op=ba calls=18621 timed_calls=151 timed_us=28
gfx_opcode: op=bb calls=390 timed_calls=4 timed_us=2
gfx_opcode: op=bc calls=15575 timed_calls=111 timed_us=22
gfx_opcode: op=e4 calls=4751 timed_calls=35 timed_us=276
gfx_opcode: op=e6 calls=13189 timed_calls=101 timed_us=12
gfx_opcode: op=e7 calls=25108 timed_calls=214 timed_us=30
gfx_opcode: op=e9 calls=393 timed_calls=2 timed_us=2
gfx_opcode: op=ed calls=2260 timed_calls=9 timed_us=3
gfx_opcode: op=ef calls=2973 timed_calls=24 timed_us=5
gfx_opcode: op=f2 calls=13189 timed_calls=107 timed_us=29
gfx_opcode: op=f3 calls=13189 timed_calls=100 timed_us=629
gfx_opcode: op=f5 calls=26378 timed_calls=209 timed_us=39
gfx_opcode: op=f6 calls=1411 timed_calls=10 timed_us=494
gfx_opcode: op=f7 calls=1163 timed_calls=11 timed_us=5
gfx_opcode: op=f8 calls=383 timed_calls=1 timed_us=0
gfx_opcode: op=f9 calls=383 timed_calls=1 timed_us=0
gfx_opcode: op=fa calls=13791 timed_calls=120 timed_us=21
gfx_opcode: op=fb calls=7666 timed_calls=53 timed_us=9
gfx_opcode: op=fc calls=5150 timed_calls=38 timed_us=5
gfx_opcode: op=fd calls=13189 timed_calls=112 timed_us=16
gfx_opcode: op=fe calls=1163 timed_calls=11 timed_us=4
gfx_opcode: op=ff calls=1943 timed_calls=17 timed_us=8
subsystem_time: stage=vertex calls=183788 timed_calls=1447 period=127 timed_us=392
subsystem_time: stage=gfx_state calls=127408 timed_calls=1003 period=127 timed_us=1897
subsystem_self: stage=gfx_state calls=127408 timed_calls=1003 self_us=830 dropped=0
subsystem_time: stage=gx_wait calls=4 timed_calls=4 period=1 timed_us=2551
subsystem_time: stage=dma_pi calls=1133 timed_calls=1133 period=1 timed_us=23533
subsystem_time: stage=dma_sp calls=1682 timed_calls=1682 period=1 timed_us=1498
subsystem_time: stage=dma_si calls=2587 timed_calls=2587 period=1 timed_us=10613
subsystem_time: stage=tlb_translate calls=0 timed_calls=0 period=127 timed_us=0
subsystem_time: stage=pif calls=2588 timed_calls=2588 period=1 timed_us=11418
subsystem_time: stage=input calls=1600 timed_calls=1600 period=1 timed_us=6818
subsystem_time: stage=guest_interrupt calls=7106 timed_calls=7106 period=1 timed_us=10427198
subsystem_self: stage=guest_interrupt calls=7106 timed_calls=7106 self_us=22230 dropped=0
subsystem_time: stage=interpreter_inclusive calls=0 timed_calls=0 period=1 timed_us=0
subsystem_self: stage=interpreter_inclusive calls=0 timed_calls=0 self_us=0 dropped=0
subsystem_time: stage=audio_submit calls=448 timed_calls=448 period=1 timed_us=5454
subsystem_time: stage=audio_callback calls=8810 timed_calls=8810 period=1 timed_us=4895
subsystem_time: stage=memory_slow calls=807712 timed_calls=6359 period=127 timed_us=8585
subsystem_self: stage=memory_slow calls=807712 timed_calls=6359 self_us=2242 dropped=0
subsystem_time: stage=jit_invalidate calls=1574 timed_calls=12 period=127 timed_us=2
subsystem_time: stage=cpu_helper calls=6796851 timed_calls=53518 period=127 timed_us=122890
subsystem_time: stage=storage_read calls=0 timed_calls=0 period=1 timed_us=0
subsystem_time: stage=storage_write calls=0 timed_calls=0 period=1 timed_us=0
subsystem_time: stage=save_load calls=0 timed_calls=0 period=1 timed_us=0
subsystem_time: stage=save_write calls=0 timed_calls=0 period=1 timed_us=0
subsystem_time: stage=state_load calls=0 timed_calls=0 period=1 timed_us=0
subsystem_time: stage=state_save calls=0 timed_calls=0 period=1 timed_us=0
subsystem_time: stage=probe_io calls=4 timed_calls=4 period=1 timed_us=41327
subsystem_time: stage=agent_poll calls=1808 timed_calls=1808 period=1 timed_us=374
audio_time: stage=resample sampled_calls=76 sampled_samples=10832 sampled_us=459
audio_time: stage=zoh sampled_calls=0 sampled_samples=0 sampled_us=0
audio_time: stage=adpcm sampled_calls=59 sampled_samples=3808 sampled_us=172
audio_time: stage=envmix_exp sampled_calls=0 sampled_samples=0 sampled_us=0
audio_time: stage=envmix_ge sampled_calls=59 sampled_samples=8240 sampled_us=763
audio_time: stage=envmix_lin sampled_calls=0 sampled_samples=0 sampled_us=0
audio_time: stage=envmix_nead sampled_calls=0 sampled_samples=0 sampled_us=0
audio_time: stage=mix sampled_calls=529 sampled_samples=77792 sampled_us=1235
audio_time: stage=musyx_voice sampled_calls=0 sampled_samples=0 sampled_us=0
audio_time: stage=musyx_fx sampled_calls=0 sampled_samples=0 sampled_us=0
audio_time: stage=output sampled_calls=3 sampled_samples=2176 sampled_us=30
gpu_counters: clks=3683749277 tb_clks=3683749368 ras_busy=70884657 xf_wait_in=3575366801 xf_wait_out=83315917 ras_peak_permille=28 ztop_in=276332212 ztop_out=267706780 z_in=78532 z_out=45532 blend_in=267855532 copy_clks=43421757 fifo_overflows=0
game: n=8/9 how=vis vis=900 vi_rate=60 vi0_retrace=13715 wall_us=15159372 sleep_us=10346517 avg_vis=58.02 avg_fps=26.18 exceptions=6302 cacheResets=1 recompiles=946 batches=17454 verts=366078 texStalls=0 treeDepthMax=13 underruns=0 overruns=0 queue_peak_ms=121 dsp_avg=1.39 dsp_peak=1.65 dsp_samples=30 pmc1=3379322638 pmc2=3512816622 pmc3=0 pmc4=0 mmcr0=00000042 mmcr1=00000000 heap_used=10855896 heap_free=144392 arena1_free=229376 arena2_free=288704 flushes=4 flush_us=41326 padtrace=0 rom=sd:/wii64/roms/Diddy Kong Racing (USA) (En,Fr) (Rev 1).z64
=== chain 8/9 end vis=900 how=vis rom=sd:/wii64/roms/Diddy Kong Racing (USA) (En,Fr) (Rev 1).z64 ===
mark: pad replay records: 1
mark: loadROM: enter
mark: loadROM: before rom_read
mark: ROMCache_load: enter
menufps: 0.1
menufps: 0.2
mark: ROMCache_load: before first read
mark: ROMCache_load: first read returned
mark: ROMCache_load: byte_swap_type set
mark: ROMCache_load: first byte_swap done
menufps: 0.2
menufps: 8.6
menufps: 8.3
menufps: 8.3
menufps: 8.0
menufps: 8.1
menufps: 7.7
menufps: 2.8
menufps: 1.3
menufps: 1.3
menufps: 1.3
menufps: 1.3
menufps: 1.3
menufps: 1.3
menufps: 3.7
menufps: 8.4
menufps: 8.3
menufps: 8.3
menufps: 8.3
mark: ROMCache_load: loop exited normally
menufps: 2.8
menufps: 1.2
menufps: 1.2
menufps: 1.1
menufps: 1.1
menufps: 1.2
menufps: 1.2
menufps: 1.1
menufps: 1.1
menufps: 1.2
menufps: 1.2
menufps: 1.1
menufps: 1.1
menufps: 1.1
menufps: 1.1
menufps: 1.1
menufps: 1.1
menufps: 1.1
menufps: 1.1
menufps: 1.1
mark: ROMCache_load: preflush_us=17546248 writes=2040 bytes=16711680
mark: ROMCache_load: elapsed_us=39469732 bytes=33554432 vm=1
mark: loadROM: after rom_read
mark: loadROM: before init_memory
mark: loadROM: after init_memory
mark: loadROM: before romOpen_gfx
mark: loadROM: after romOpen_gfx / before romOpen_audio
mark: loadROM: after romOpen_audio / before romOpen_input
mark: loadROM: after romOpen_input / before cpu_init
mark: loadROM: after cpu_init
menufps: 3.1
menufps: 1.0
menufps: 1.0
fps: 0.4
first_vi: vi0_retrace=17198
vis: 0.7
cpu: exceptions=0 cacheResets=0 batches=0 verts=0 texStalls=0 recompiles=0 underruns=0 overruns=0 sleep_us=0 queue_ms=0
mark: CPU core dispatch: dynarec
vis: 55.9
cpu: exceptions=31 cacheResets=1 batches=0 verts=0 texStalls=0 recompiles=82 underruns=0 overruns=0 sleep_us=0 queue_ms=0
vis: 60.0
cpu: exceptions=61 cacheResets=1 batches=0 verts=0 texStalls=0 recompiles=82 underruns=0 overruns=0 sleep_us=326620 queue_ms=0
vis: 60.0
cpu: exceptions=91 cacheResets=1 batches=0 verts=0 texStalls=0 recompiles=82 underruns=0 overruns=0 sleep_us=652387 queue_ms=0
vis: 60.0
cpu: exceptions=199 cacheResets=1 batches=0 verts=0 texStalls=0 recompiles=182 underruns=0 overruns=0 sleep_us=926328 queue_ms=0
vis: 60.0
cpu: exceptions=244 cacheResets=1 batches=0 verts=0 texStalls=0 recompiles=188 underruns=0 overruns=0 sleep_us=1250068 queue_ms=0
vis: 60.0
cpu: exceptions=286 cacheResets=1 batches=0 verts=0 texStalls=0 recompiles=188 underruns=0 overruns=0 sleep_us=1570810 queue_ms=0
vis: 60.0
cpu: exceptions=316 cacheResets=1 batches=0 verts=0 texStalls=0 recompiles=188 underruns=0 overruns=0 sleep_us=1889037 queue_ms=0
vis: 60.0
cpu: exceptions=390 cacheResets=1 batches=0 verts=0 texStalls=0 recompiles=314 underruns=1 overruns=0 sleep_us=2297631 queue_ms=30
vis: 60.0
cpu: exceptions=467 cacheResets=1 batches=0 verts=0 texStalls=0 recompiles=323 underruns=1 overruns=0 sleep_us=2745022 queue_ms=34
vis: 60.0
cpu: exceptions=542 cacheResets=1 batches=0 verts=0 texStalls=0 recompiles=323 underruns=1 overruns=0 sleep_us=3196860 queue_ms=38
vis: 60.0
cpu: exceptions=733 cacheResets=1 batches=0 verts=0 texStalls=0 recompiles=434 underruns=2 overruns=0 sleep_us=3408532 queue_ms=43
vis: 60.0
cpu: exceptions=949 cacheResets=1 batches=0 verts=0 texStalls=0 recompiles=434 underruns=2 overruns=0 sleep_us=3593768 queue_ms=47
vis: 60.0
cpu: exceptions=1140 cacheResets=1 batches=0 verts=0 texStalls=0 recompiles=448 underruns=2 overruns=0 sleep_us=3794654 queue_ms=51
vis: 60.0
cpu: exceptions=1381 cacheResets=1 batches=0 verts=0 texStalls=0 recompiles=484 underruns=2 overruns=0 sleep_us=3972491 queue_ms=43
fps: 0.1
vis: 60.0
cpu: exceptions=1669 cacheResets=1 batches=532 verts=7602 texStalls=0 recompiles=1251 underruns=3 overruns=0 sleep_us=4077153 queue_ms=112
fps: 30.5
vis: 60.0
cpu: exceptions=1943 cacheResets=1 batches=1417 verts=19932 texStalls=0 recompiles=1255 underruns=3 overruns=0 sleep_us=4405568 queue_ms=104
fps: 30.0
vis: 60.0
cpu: exceptions=2220 cacheResets=1 batches=2302 verts=32262 texStalls=0 recompiles=1276 underruns=3 overruns=0 sleep_us=4723865 queue_ms=108
fps: 30.0
vis: 60.0
cpu: exceptions=2497 cacheResets=1 batches=3187 verts=44592 texStalls=0 recompiles=1279 underruns=3 overruns=0 sleep_us=5062446 queue_ms=112
fps: 30.0
vis: 60.0
cpu: exceptions=2771 cacheResets=1 batches=4072 verts=56922 texStalls=0 recompiles=1280 underruns=3 overruns=0 sleep_us=5402124 queue_ms=104
fps: 30.0
vis: 60.0
cpu: exceptions=3058 cacheResets=1 batches=4957 verts=69252 texStalls=0 recompiles=1300 underruns=3 overruns=0 sleep_us=5727114 queue_ms=108
fps: 30.0
vis: 60.0
cpu: exceptions=3338 cacheResets=1 batches=5842 verts=81582 texStalls=0 recompiles=1300 underruns=3 overruns=0 sleep_us=6051392 queue_ms=112
fps: 30.0
vis: 60.0
cpu: exceptions=3619 cacheResets=1 batches=6727 verts=93912 texStalls=0 recompiles=1302 underruns=3 overruns=0 sleep_us=6380290 queue_ms=104
fps: 30.0
vis: 60.0
cpu: exceptions=3902 cacheResets=1 batches=7612 verts=106242 texStalls=0 recompiles=1351 underruns=3 overruns=0 sleep_us=6707588 queue_ms=108
fps: 30.1
vis: 60.0
cpu: exceptions=4187 cacheResets=1 batches=7951 verts=111852 texStalls=0 recompiles=1366 underruns=3 overruns=0 sleep_us=7059336 queue_ms=112
fps: 30.0
vis: 60.0
cpu: exceptions=4341 cacheResets=1 batches=8071 verts=113904 texStalls=0 recompiles=1383 underruns=3 overruns=0 sleep_us=7403367 queue_ms=117
fps: 30.0
vis: 60.0
cpu: exceptions=4489 cacheResets=1 batches=8449 verts=139314 texStalls=0 recompiles=1384 underruns=3 overruns=0 sleep_us=7740721 queue_ms=108
fps: 30.0
vis: 60.0
cpu: exceptions=4636 cacheResets=1 batches=8854 verts=166539 texStalls=0 recompiles=1386 underruns=3 overruns=0 sleep_us=8080615 queue_ms=112
fps: 30.0
vis: 60.0
cpu: exceptions=4781 cacheResets=1 batches=9259 verts=193764 texStalls=0 recompiles=1387 underruns=3 overruns=0 sleep_us=8430597 queue_ms=117
fps: 30.0
vis: 60.0
cpu: exceptions=4931 cacheResets=1 batches=9664 verts=220989 texStalls=0 recompiles=1387 underruns=3 overruns=0 sleep_us=8776955 queue_ms=121
fps: 30.0
vis: 60.0
cpu: exceptions=5081 cacheResets=1 batches=10069 verts=248214 texStalls=0 recompiles=1389 underruns=3 overruns=0 sleep_us=9120697 queue_ms=112
mark: stop reason: chain guest VI limit
mark: stop_it requested
audio: alist_resample_calls=11186 alist_resample_samples=2058224 alist_zoh_calls=0 alist_zoh_samples=0 musyx_subframes=0 musyx_voices=0 musyx_voice_peak=0
audio_stages: adpcm_calls=6590 adpcm_samples=722912 envmix_calls=8440 envmix_samples=1552960 mix_calls=54920 mix_samples=10105280 musyx_fx_calls=0 musyx_fx_taps=0 output_calls=342 output_samples=251896
audio_envmix: exp_calls=0 ge_calls=0 lin_calls=8440 nead_calls=0 exp_steady=0 ge_steady=0 lin_steady=7902
audio_gaps: nead_mats=0 nead_efz=0 resample_flag2=0 musyx_ptr10=0
audio_output: stream_requests=4275 stream_fed=868 input_hz=22047 playback_hz=22047 queue_peak_ms=133
probe_schema: version=2 self=1 interval=127
vm_io: read_ahead=1 reads=58 hits=277 read_bytes=1900544 writes=0 write_bytes=0 errors=0
subsystem_time: stage=rsp_gfx calls=238 timed_calls=238 period=1 timed_us=445683
subsystem_time: stage=rsp_audio calls=343 timed_calls=343 period=1 timed_us=471769
subsystem_time: stage=rsp_other calls=1 timed_calls=1 period=1 timed_us=4
subsystem_time: stage=lookup calls=1605717 timed_calls=12643 period=127 timed_us=3177
subsystem_time: stage=compile calls=1389 timed_calls=1389 period=1 timed_us=203740
subsystem_time: stage=dispatch calls=1604142 timed_calls=12631 period=127 timed_us=12960
subsystem_self: stage=dispatch calls=1604142 timed_calls=12631 self_us=8249 dropped=0
subsystem_time: stage=execute_inclusive calls=1604142 timed_calls=12631 period=127 timed_us=128834
subsystem_self: stage=execute_inclusive calls=1604142 timed_calls=12631 self_us=47231 dropped=0
subsystem_time: stage=rom_copy calls=1048 timed_calls=1048 period=1 timed_us=252316
subsystem_time: stage=present calls=899 timed_calls=899 period=1 timed_us=237469
subsystem_time: stage=limiter calls=843 timed_calls=843 period=1 timed_us=9123143
subsystem_time: stage=vm_fault calls=335 timed_calls=335 period=1 timed_us=234685
subsystem_time: stage=vm_victim calls=335 timed_calls=335 period=1 timed_us=394
subsystem_time: stage=vm_read calls=58 timed_calls=58 period=1 timed_us=218801
subsystem_time: stage=vm_write calls=0 timed_calls=0 period=1 timed_us=0
subsystem_time: stage=tex_hash calls=7634 timed_calls=7634 period=1 timed_us=68842
subsystem_time: stage=tex_lookup calls=7634 timed_calls=7634 period=1 timed_us=2718
subsystem_time: stage=tex_load calls=24 timed_calls=24 period=1 timed_us=3605
subsystem_time: stage=tex_activate calls=7634 timed_calls=7634 period=1 timed_us=4773
subsystem_time: stage=draw_triangles calls=10096 timed_calls=10096 period=1 timed_us=33548
subsystem_time: stage=draw_rect calls=1687 timed_calls=1687 period=1 timed_us=8883
subsystem_time: stage=gfx_list calls=238 timed_calls=238 period=1 timed_us=445246
subsystem_time: stage=gfx_command calls=176157 timed_calls=1387 period=127 timed_us=4088
gfx_ucodes: mask=00000004
gfx_opcode: op=00 calls=237 timed_calls=1 timed_us=0
gfx_opcode: op=01 calls=5860 timed_calls=51 timed_us=398
gfx_opcode: op=05 calls=17853 timed_calls=141 timed_us=775
gfx_opcode: op=06 calls=32745 timed_calls=254 timed_us=953
gfx_opcode: op=d7 calls=979 timed_calls=6 timed_us=1
gfx_opcode: op=d9 calls=7439 timed_calls=61 timed_us=9
gfx_opcode: op=da calls=6173 timed_calls=51 timed_us=20
gfx_opcode: op=db calls=5265 timed_calls=41 timed_us=9
gfx_opcode: op=dc calls=1858 timed_calls=16 timed_us=13
gfx_opcode: op=de calls=1346 timed_calls=12 timed_us=3
gfx_opcode: op=df calls=1584 timed_calls=11 timed_us=2
gfx_opcode: op=e2 calls=2119 timed_calls=18 timed_us=4
gfx_opcode: op=e3 calls=11276 timed_calls=82 timed_us=15
gfx_opcode: op=e6 calls=10066 timed_calls=87 timed_us=10
gfx_opcode: op=e7 calls=30043 timed_calls=248 timed_us=33
gfx_opcode: op=e8 calls=2432 timed_calls=16 timed_us=2
gfx_opcode: op=e9 calls=238 timed_calls=1 timed_us=0
gfx_opcode: op=ed calls=2162 timed_calls=11 timed_us=3
gfx_opcode: op=f0 calls=2432 timed_calls=21 timed_us=11
gfx_opcode: op=f2 calls=3086 timed_calls=23 timed_us=6
gfx_opcode: op=f3 calls=7634 timed_calls=59 timed_us=342
gfx_opcode: op=f5 calls=8229 timed_calls=62 timed_us=12
gfx_opcode: op=f6 calls=1925 timed_calls=14 timed_us=1286
gfx_opcode: op=f7 calls=948 timed_calls=8 timed_us=3
gfx_opcode: op=f8 calls=237 timed_calls=3 timed_us=1
gfx_opcode: op=fa calls=234 timed_calls=0 timed_us=0
gfx_opcode: op=fc calls=979 timed_calls=11 timed_us=2
gfx_opcode: op=fd calls=10066 timed_calls=73 timed_us=10
gfx_opcode: op=fe calls=237 timed_calls=2 timed_us=1
gfx_opcode: op=ff calls=475 timed_calls=3 timed_us=2
subsystem_time: stage=vertex calls=98130 timed_calls=772 period=127 timed_us=345
subsystem_time: stage=gfx_state calls=11689 timed_calls=92 period=127 timed_us=772
subsystem_self: stage=gfx_state calls=11689 timed_calls=92 self_us=200 dropped=0
subsystem_time: stage=gx_wait calls=4 timed_calls=4 period=1 timed_us=2559
subsystem_time: stage=dma_pi calls=1048 timed_calls=1048 period=1 timed_us=271676
subsystem_time: stage=dma_sp calls=1162 timed_calls=1162 period=1 timed_us=1136
subsystem_time: stage=dma_si calls=1351 timed_calls=1351 period=1 timed_us=3453
subsystem_time: stage=tlb_translate calls=0 timed_calls=0 period=127 timed_us=0
subsystem_time: stage=pif calls=1352 timed_calls=1352 period=1 timed_us=2820
subsystem_time: stage=input calls=388 timed_calls=388 period=1 timed_us=1635
subsystem_time: stage=guest_interrupt calls=5848 timed_calls=5848 period=1 timed_us=9407109
subsystem_self: stage=guest_interrupt calls=5848 timed_calls=5848 self_us=20707 dropped=0
subsystem_time: stage=interpreter_inclusive calls=0 timed_calls=0 period=1 timed_us=0
subsystem_self: stage=interpreter_inclusive calls=0 timed_calls=0 self_us=0 dropped=0
subsystem_time: stage=audio_submit calls=343 timed_calls=343 period=1 timed_us=5485
subsystem_time: stage=audio_callback calls=10296 timed_calls=10296 period=1 timed_us=4362
subsystem_time: stage=memory_slow calls=1083980 timed_calls=8535 period=127 timed_us=8146
subsystem_self: stage=memory_slow calls=1083980 timed_calls=8535 self_us=2693 dropped=0
subsystem_time: stage=jit_invalidate calls=1575 timed_calls=12 period=127 timed_us=2
subsystem_time: stage=cpu_helper calls=10245944 timed_calls=80676 period=127 timed_us=34811
subsystem_time: stage=storage_read calls=0 timed_calls=0 period=1 timed_us=0
subsystem_time: stage=storage_write calls=0 timed_calls=0 period=1 timed_us=0
subsystem_time: stage=save_load calls=0 timed_calls=0 period=1 timed_us=0
subsystem_time: stage=save_write calls=0 timed_calls=0 period=1 timed_us=0
subsystem_time: stage=state_load calls=0 timed_calls=0 period=1 timed_us=0
subsystem_time: stage=state_save calls=0 timed_calls=0 period=1 timed_us=0
subsystem_time: stage=probe_io calls=3 timed_calls=3 period=1 timed_us=32495
subsystem_time: stage=agent_poll calls=1812 timed_calls=1812 period=1 timed_us=412
audio_time: stage=resample sampled_calls=88 sampled_samples=16192 sampled_us=640
audio_time: stage=zoh sampled_calls=0 sampled_samples=0 sampled_us=0
audio_time: stage=adpcm sampled_calls=51 sampled_samples=5680 sampled_us=243
audio_time: stage=envmix_exp sampled_calls=0 sampled_samples=0 sampled_us=0
audio_time: stage=envmix_ge sampled_calls=0 sampled_samples=0 sampled_us=0
audio_time: stage=envmix_lin sampled_calls=66 sampled_samples=12144 sampled_us=1002
audio_time: stage=envmix_nead sampled_calls=0 sampled_samples=0 sampled_us=0
audio_time: stage=mix sampled_calls=432 sampled_samples=79488 sampled_us=1293
audio_time: stage=musyx_voice sampled_calls=0 sampled_samples=0 sampled_us=0
audio_time: stage=musyx_fx sampled_calls=0 sampled_samples=0 sampled_us=0
audio_time: stage=output sampled_calls=2 sampled_samples=1472 sampled_us=27
gpu_counters: clks=3699363612 tb_clks=3699363704 ras_busy=49119695 xf_wait_in=3622261380 xf_wait_out=65961731 ras_peak_permille=24 ztop_in=195041748 ztop_out=194057036 z_in=0 z_out=0 blend_in=194107268 copy_clks=67302648 fifo_overflows=0
game: n=9/9 how=vis vis=900 vi_rate=60 vi0_retrace=17198 wall_us=15223589 sleep_us=9120697 avg_vis=57.96 avg_fps=26.53 exceptions=5086 cacheResets=1 recompiles=1389 batches=10096 verts=250029 texStalls=0 treeDepthMax=15 underruns=3 overruns=0 queue_peak_ms=121 dsp_avg=1.33 dsp_peak=1.60 dsp_samples=31 pmc1=4137868172 pmc2=4570109890 pmc3=0 pmc4=0 mmcr0=00000042 mmcr1=00000000 heap_used=10885624 heap_free=114664 arena1_free=229376 arena2_free=288704 flushes=3 flush_us=32494 padtrace=0 rom=sd:/wii64/roms/Donkey Kong 64 (USA).z64
=== chain 9/9 end vis=900 how=vis rom=sd:/wii64/roms/Donkey Kong 64 (USA).z64 ===
