--- wii64 perf log ---
mark: diag config: wiiload arguments
mark: wiiload dynacore argument received
mark: diag received dynacore line
mark: diag requested core: dynarec
mark: pad replay records: 7
selftest:
  raw[0]=51281058622227409
  raw[1]=51281058622227411
  raw[2]=51281058622227427
  raw[3]=51281058622227437
  raw[4]=51281058622227448
  delta[0]=0us
  delta[1]=0us
  delta[2]=0us
  delta[3]=0us
mark: audio quality: accurate
mark: audio modes: n64=0 output=0 mixer=0 latency=2 sync=0
mark: diag applied core: dynarec
mark: HBC agent ready
mark: loadROM: enter
mark: loadROM: before rom_read
mark: ROMCache_load: enter
mark: ROMCache_load: before first read
mark: ROMCache_load: first read returned
mark: ROMCache_load: byte_swap_type set
mark: ROMCache_load: first byte_swap done
menufps: 10.2
menufps: 8.4
menufps: 7.9
mark: ROMCache_load: loop exited normally
mark: ROMCache_load: elapsed_us=1926610 bytes=8388608 vm=0
mark: loadROM: after rom_read
mark: loadROM: before init_memory
mark: loadROM: after init_memory
mark: loadROM: before romOpen_gfx
mark: loadROM: after romOpen_gfx / before romOpen_audio
mark: loadROM: after romOpen_audio / before romOpen_input
mark: loadROM: after romOpen_input / before cpu_init
mark: loadROM: after cpu_init
menufps: 1.2
fps: 0.0
first_vi: vi0_retrace=320
vis: 0.0
cpu: exceptions=0 cacheResets=0 batches=0 verts=0 texStalls=0 recompiles=0 underruns=0 overruns=0 sleep_us=0 queue_ms=0
mark: CPU core dispatch: dynarec
vis: 60.0
cpu: exceptions=240 cacheResets=1 batches=0 verts=0 texStalls=0 recompiles=189 underruns=1 overruns=0 sleep_us=229363 queue_ms=127
vis: 60.0
cpu: exceptions=540 cacheResets=1 batches=0 verts=0 texStalls=0 recompiles=198 underruns=1 overruns=0 sleep_us=709947 queue_ms=123
vis: 60.0
cpu: exceptions=840 cacheResets=1 batches=0 verts=0 texStalls=0 recompiles=204 underruns=1 overruns=0 sleep_us=1190410 queue_ms=129
vis: 60.0
cpu: exceptions=1135 cacheResets=1 batches=0 verts=0 texStalls=0 recompiles=204 underruns=1 overruns=0 sleep_us=1671524 queue_ms=124
fps: 0.5
vis: 60.0
cpu: exceptions=1430 cacheResets=1 batches=414 verts=7620 texStalls=0 recompiles=468 underruns=2 overruns=0 sleep_us=1994095 queue_ms=2
fps: 20.0
vis: 60.0
cpu: exceptions=1649 cacheResets=1 batches=3170 verts=57543 texStalls=0 recompiles=475 underruns=2 overruns=0 sleep_us=2546948 queue_ms=21
fps: 29.9
vis: 60.0
cpu: exceptions=1802 cacheResets=1 batches=5240 verts=94938 texStalls=0 recompiles=478 underruns=2 overruns=0 sleep_us=2965783 queue_ms=27
fps: 30.1
vis: 60.0
cpu: exceptions=1943 cacheResets=1 batches=7310 verts=132333 texStalls=0 recompiles=478 underruns=2 overruns=0 sleep_us=3389169 queue_ms=24
fps: 30.0
vis: 60.0
cpu: exceptions=2086 cacheResets=1 batches=9380 verts=169728 texStalls=0 recompiles=478 underruns=2 overruns=0 sleep_us=3812472 queue_ms=19
fps: 30.0
vis: 60.0
cpu: exceptions=2227 cacheResets=1 batches=11458 verts=207243 texStalls=0 recompiles=489 underruns=2 overruns=0 sleep_us=4234461 queue_ms=25
fps: 30.0
vis: 60.0
cpu: exceptions=2580 cacheResets=1 batches=12570 verts=228066 texStalls=0 recompiles=672 underruns=3 overruns=0 sleep_us=4546115 queue_ms=30
vis: 60.0
cpu: exceptions=2670 cacheResets=1 batches=12570 verts=228066 texStalls=0 recompiles=723 underruns=3 overruns=0 sleep_us=4766697 queue_ms=35
vis: 60.0
cpu: exceptions=2760 cacheResets=1 batches=12570 verts=228066 texStalls=0 recompiles=784 underruns=3 overruns=0 sleep_us=5008156 queue_ms=32
fps: 3.9
vis: 60.0
cpu: exceptions=2866 cacheResets=1 batches=12570 verts=228066 texStalls=0 recompiles=789 underruns=3 overruns=0 sleep_us=5321582 queue_ms=37
fps: 15.2
vis: 60.0
cpu: exceptions=3017 cacheResets=1 batches=14818 verts=244365 texStalls=0 recompiles=910 underruns=5 overruns=0 sleep_us=5514110 queue_ms=10
fps: 30.0
vis: 60.0
cpu: exceptions=3174 cacheResets=1 batches=18922 verts=281496 texStalls=0 recompiles=920 underruns=5 overruns=0 sleep_us=5692803 queue_ms=7
fps: 30.0
vis: 60.0
cpu: exceptions=3330 cacheResets=1 batches=22990 verts=319104 texStalls=0 recompiles=927 underruns=5 overruns=0 sleep_us=5866856 queue_ms=11
fps: 30.0
vis: 60.0
cpu: exceptions=3494 cacheResets=1 batches=27175 verts=358866 texStalls=0 recompiles=927 underruns=5 overruns=0 sleep_us=6042555 queue_ms=8
vis: 60.0
cpu: exceptions=3647 cacheResets=1 batches=31301 verts=398256 texStalls=0 recompiles=927 underruns=5 overruns=0 sleep_us=6224797 queue_ms=14
fps: 29.1
vis: 60.0
cpu: exceptions=3837 cacheResets=1 batches=35439 verts=437403 texStalls=0 recompiles=936 underruns=6 overruns=0 sleep_us=6383912 queue_ms=0
fps: 29.9
vis: 60.0
cpu: exceptions=4135 cacheResets=1 batches=38518 verts=465723 texStalls=0 recompiles=978 underruns=8 overruns=0 sleep_us=6553847 queue_ms=24
fps: 19.5
vis: 60.0
cpu: exceptions=4294 cacheResets=1 batches=39013 verts=470409 texStalls=0 recompiles=1065 underruns=10 overruns=0 sleep_us=6898053 queue_ms=6
fps: 31.6
vis: 60.0
cpu: exceptions=4466 cacheResets=1 batches=39678 verts=476739 texStalls=0 recompiles=1065 underruns=10 overruns=0 sleep_us=7287920 queue_ms=12
fps: 30.0
vis: 60.0
cpu: exceptions=4634 cacheResets=1 batches=40338 verts=483039 texStalls=0 recompiles=1065 underruns=10 overruns=0 sleep_us=7682862 queue_ms=7
fps: 30.0
vis: 60.0
cpu: exceptions=4797 cacheResets=1 batches=40998 verts=489339 texStalls=0 recompiles=1065 underruns=10 overruns=0 sleep_us=8082395 queue_ms=13
fps: 30.0
vis: 60.0
cpu: exceptions=4977 cacheResets=1 batches=41658 verts=495639 texStalls=0 recompiles=1065 underruns=10 overruns=0 sleep_us=8467293 queue_ms=10
fps: 30.0
vis: 60.0
cpu: exceptions=5152 cacheResets=1 batches=42318 verts=501939 texStalls=0 recompiles=1065 underruns=10 overruns=0 sleep_us=8850965 queue_ms=5
fps: 30.0
vis: 60.0
cpu: exceptions=5324 cacheResets=1 batches=42978 verts=508239 texStalls=0 recompiles=1065 underruns=10 overruns=0 sleep_us=9241637 queue_ms=11
fps: 30.0
vis: 60.0
cpu: exceptions=5492 cacheResets=1 batches=43638 verts=514539 texStalls=0 recompiles=1065 underruns=10 overruns=0 sleep_us=9637988 queue_ms=7
fps: 30.0
vis: 60.0
cpu: exceptions=5663 cacheResets=1 batches=44198 verts=520239 texStalls=0 recompiles=1068 underruns=10 overruns=0 sleep_us=10038767 queue_ms=12
fps: 30.0
vis: 60.0
cpu: exceptions=5843 cacheResets=1 batches=44554 verts=524487 texStalls=0 recompiles=1071 underruns=10 overruns=0 sleep_us=10440930 queue_ms=9
fps: 30.0
vis: 60.0
cpu: exceptions=6033 cacheResets=1 batches=44842 verts=527871 texStalls=0 recompiles=1072 underruns=10 overruns=0 sleep_us=10826143 queue_ms=13
vis: 60.0
cpu: exceptions=6271 cacheResets=1 batches=44842 verts=527871 texStalls=0 recompiles=1160 underruns=10 overruns=0 sleep_us=11089112 queue_ms=10
fps: 2.2
vis: 60.0
cpu: exceptions=6400 cacheResets=1 batches=45787 verts=542424 texStalls=0 recompiles=1533 underruns=11 overruns=0 sleep_us=11366355 queue_ms=28
fps: 32.3
vis: 60.0
cpu: exceptions=6535 cacheResets=1 batches=47617 verts=571626 texStalls=0 recompiles=1534 underruns=11 overruns=0 sleep_us=11722917 queue_ms=33
fps: 30.0
vis: 60.0
cpu: exceptions=6670 cacheResets=1 batches=49588 verts=602430 texStalls=0 recompiles=1534 underruns=11 overruns=0 sleep_us=12078853 queue_ms=29
fps: 30.0
vis: 60.0
cpu: exceptions=6805 cacheResets=1 batches=51677 verts=634926 texStalls=0 recompiles=1534 underruns=11 overruns=0 sleep_us=12433961 queue_ms=35
fps: 30.0
vis: 60.0
cpu: exceptions=6942 cacheResets=1 batches=53958 verts=669399 texStalls=0 recompiles=1544 underruns=11 overruns=0 sleep_us=12782093 queue_ms=30
fps: 29.9
vis: 60.0
cpu: exceptions=7102 cacheResets=1 batches=57348 verts=710868 texStalls=0 recompiles=1544 underruns=11 overruns=0 sleep_us=13091948 queue_ms=36
fps: 29.2
vis: 60.0
cpu: exceptions=7283 cacheResets=1 batches=60732 verts=752658 texStalls=0 recompiles=1545 underruns=11 overruns=0 sleep_us=13386957 queue_ms=24
fps: 30.0
vis: 60.0
cpu: exceptions=7460 cacheResets=1 batches=64122 verts=794604 texStalls=0 recompiles=1545 underruns=11 overruns=0 sleep_us=13681439 queue_ms=19
fps: 30.0
vis: 60.0
cpu: exceptions=7648 cacheResets=1 batches=67512 verts=836736 texStalls=0 recompiles=1545 underruns=11 overruns=0 sleep_us=13969076 queue_ms=25
fps: 29.9
vis: 60.0
cpu: exceptions=7851 cacheResets=1 batches=70902 verts=878946 texStalls=0 recompiles=1545 underruns=11 overruns=0 sleep_us=14245789 queue_ms=21
fps: 30.0
vis: 60.0
cpu: exceptions=8059 cacheResets=1 batches=74292 verts=921156 texStalls=0 recompiles=1545 underruns=11 overruns=0 sleep_us=14522963 queue_ms=18
fps: 30.0
vis: 60.0
cpu: exceptions=8270 cacheResets=1 batches=77682 verts=963366 texStalls=0 recompiles=1545 underruns=11 overruns=0 sleep_us=14797512 queue_ms=22
fps: 30.0
vis: 60.0
cpu: exceptions=8493 cacheResets=1 batches=81072 verts=1005576 texStalls=0 recompiles=1545 underruns=11 overruns=0 sleep_us=15062544 queue_ms=19
fps: 30.0
vis: 60.0
cpu: exceptions=8691 cacheResets=1 batches=84462 verts=1047894 texStalls=0 recompiles=1545 underruns=11 overruns=0 sleep_us=15345536 queue_ms=24
fps: 30.0
vis: 60.0
cpu: exceptions=8887 cacheResets=1 batches=87852 verts=1090239 texStalls=0 recompiles=1545 underruns=11 overruns=0 sleep_us=15631714 queue_ms=21
fps: 30.0
vis: 60.0
cpu: exceptions=9066 cacheResets=1 batches=91242 verts=1132584 texStalls=0 recompiles=1545 underruns=11 overruns=0 sleep_us=15927651 queue_ms=26
vis: 60.0
cpu: exceptions=9224 cacheResets=1 batches=94632 verts=1174929 texStalls=0 recompiles=1547 underruns=11 overruns=0 sleep_us=16237838 queue_ms=22
fps: 30.0
vis: 60.0
cpu: exceptions=9364 cacheResets=1 batches=98035 verts=1217313 texStalls=0 recompiles=1547 underruns=11 overruns=0 sleep_us=16558954 queue_ms=19
fps: 30.0
vis: 60.0
cpu: exceptions=9504 cacheResets=1 batches=101440 verts=1259703 texStalls=0 recompiles=1547 underruns=11 overruns=0 sleep_us=16880134 queue_ms=23
fps: 30.0
vis: 60.0
cpu: exceptions=9644 cacheResets=1 batches=104845 verts=1302093 texStalls=0 recompiles=1547 underruns=11 overruns=0 sleep_us=17201382 queue_ms=20
fps: 30.0
vis: 60.0
cpu: exceptions=9780 cacheResets=1 batches=108250 verts=1344483 texStalls=0 recompiles=1547 underruns=11 overruns=0 sleep_us=17528904 queue_ms=25
fps: 30.0
vis: 60.0
cpu: exceptions=9915 cacheResets=1 batches=111655 verts=1386873 texStalls=0 recompiles=1547 underruns=11 overruns=0 sleep_us=17858630 queue_ms=22
fps: 30.0
vis: 60.0
cpu: exceptions=10050 cacheResets=1 batches=115060 verts=1429263 texStalls=0 recompiles=1547 underruns=11 overruns=0 sleep_us=18188237 queue_ms=17
fps: 30.1
vis: 60.0
cpu: exceptions=10185 cacheResets=1 batches=117228 verts=1464783 texStalls=0 recompiles=1548 underruns=11 overruns=0 sleep_us=18546164 queue_ms=23
fps: 30.0
vis: 60.0
cpu: exceptions=10320 cacheResets=1 batches=119443 verts=1501491 texStalls=0 recompiles=1548 underruns=11 overruns=0 sleep_us=18903760 queue_ms=19
fps: 30.0
vis: 60.0
cpu: exceptions=10470 cacheResets=1 batches=121751 verts=1539816 texStalls=0 recompiles=1568 underruns=11 overruns=0 sleep_us=19236631 queue_ms=24
fps: 29.0
vis: 60.0
cpu: exceptions=10638 cacheResets=1 batches=124120 verts=1579701 texStalls=0 recompiles=1568 underruns=11 overruns=0 sleep_us=19544212 queue_ms=12
fps: 30.1
vis: 60.0
cpu: exceptions=10796 cacheResets=1 batches=125827 verts=1607973 texStalls=0 recompiles=1569 underruns=11 overruns=0 sleep_us=19887131 queue_ms=7
fps: 30.0
vis: 60.0
cpu: exceptions=10954 cacheResets=1 batches=127432 verts=1634343 texStalls=0 recompiles=1572 underruns=11 overruns=0 sleep_us=20235592 queue_ms=4
fps: 30.0
vis: 60.0
cpu: exceptions=11124 cacheResets=1 batches=129235 verts=1663284 texStalls=0 recompiles=1572 underruns=11 overruns=0 sleep_us=20570691 queue_ms=10
fps: 29.9
vis: 60.0
cpu: exceptions=11331 cacheResets=1 batches=131142 verts=1693923 texStalls=0 recompiles=1572 underruns=11 overruns=0 sleep_us=20879709 queue_ms=6
fps: 30.1
vis: 60.0
cpu: exceptions=11504 cacheResets=1 batches=133111 verts=1725015 texStalls=0 recompiles=1572 underruns=11 overruns=0 sleep_us=21211758 queue_ms=10
fps: 30.0
vis: 60.0
cpu: exceptions=11678 cacheResets=1 batches=135130 verts=1756596 texStalls=0 recompiles=1572 underruns=11 overruns=0 sleep_us=21540993 queue_ms=8
fps: 30.0
vis: 60.0
cpu: exceptions=11860 cacheResets=1 batches=137100 verts=1787835 texStalls=0 recompiles=1572 underruns=11 overruns=0 sleep_us=21860437 queue_ms=12
fps: 29.9
vis: 60.0
cpu: exceptions=12059 cacheResets=1 batches=139145 verts=1818873 texStalls=0 recompiles=1572 underruns=11 overruns=0 sleep_us=22160273 queue_ms=9
fps: 30.1
vis: 60.0
cpu: exceptions=12246 cacheResets=1 batches=141143 verts=1847667 texStalls=0 recompiles=1572 underruns=11 overruns=0 sleep_us=22478616 queue_ms=14
fps: 30.0
vis: 60.0
cpu: exceptions=12415 cacheResets=1 batches=143082 verts=1874421 texStalls=0 recompiles=1572 underruns=11 overruns=0 sleep_us=22811246 queue_ms=10
fps: 30.0
vis: 60.0
cpu: exceptions=12597 cacheResets=1 batches=144919 verts=1898886 texStalls=0 recompiles=1572 underruns=11 overruns=0 sleep_us=23128371 queue_ms=7
fps: 30.0
vis: 60.0
cpu: exceptions=12792 cacheResets=1 batches=146631 verts=1921401 texStalls=0 recompiles=1572 underruns=11 overruns=0 sleep_us=23433156 queue_ms=12
fps: 30.0
vis: 60.0
cpu: exceptions=12991 cacheResets=1 batches=148193 verts=1942053 texStalls=0 recompiles=1572 underruns=11 overruns=0 sleep_us=23740800 queue_ms=8
fps: 30.0
vis: 60.0
cpu: exceptions=13162 cacheResets=1 batches=149732 verts=1961679 texStalls=0 recompiles=1572 underruns=11 overruns=0 sleep_us=24067204 queue_ms=14
fps: 30.0
vis: 60.0
cpu: exceptions=13337 cacheResets=1 batches=151400 verts=1982229 texStalls=0 recompiles=1572 underruns=11 overruns=0 sleep_us=24385409 queue_ms=9
fps: 30.0
vis: 60.0
cpu: exceptions=13523 cacheResets=1 batches=153163 verts=2004156 texStalls=0 recompiles=1572 underruns=11 overruns=0 sleep_us=24691234 queue_ms=15
fps: 30.0
vis: 60.0
cpu: exceptions=13730 cacheResets=1 batches=155069 verts=2027358 texStalls=0 recompiles=1572 underruns=11 overruns=0 sleep_us=24980961 queue_ms=11
fps: 30.0
vis: 60.0
cpu: exceptions=13911 cacheResets=1 batches=157052 verts=2050860 texStalls=0 recompiles=1572 underruns=11 overruns=0 sleep_us=25292318 queue_ms=8
fps: 30.0
vis: 60.0
cpu: exceptions=14079 cacheResets=1 batches=158937 verts=2073636 texStalls=0 recompiles=1572 underruns=11 overruns=0 sleep_us=25616475 queue_ms=12
mark: stop reason: chain guest VI limit
mark: stop_it requested
audio: alist_resample_calls=42763 alist_resample_samples=5572696 alist_zoh_calls=0 alist_zoh_samples=0 musyx_subframes=0 musyx_voices=0 musyx_voice_peak=0
audio_stages: adpcm_calls=41651 adpcm_samples=5505360 envmix_calls=40317 envmix_samples=5378800 mix_calls=9436 mix_samples=3019520 musyx_fx_calls=0 musyx_fx_taps=0 output_calls=2360 output_samples=1259104
audio_envmix: exp_calls=40317 ge_calls=0 lin_calls=0 nead_calls=0 exp_steady=33833 ge_steady=0 lin_steady=0
audio_gaps: nead_mats=0 nead_efz=0 resample_flag2=0 musyx_ptr10=0
audio_output: stream_requests=6202 stream_fed=4371 input_hz=32006 playback_hz=32006 queue_peak_ms=146
vm_io: read_ahead=1 reads=0 hits=0 read_bytes=0 writes=0 write_bytes=0 errors=0
subsystem_time: stage=rsp_gfx calls=1046 timed_calls=1046 period=1 timed_us=3405082
subsystem_time: stage=rsp_audio calls=2359 timed_calls=2359 period=1 timed_us=1173361
subsystem_time: stage=rsp_other calls=0 timed_calls=0 period=1 timed_us=0
subsystem_time: stage=lookup calls=6906164 timed_calls=54379 period=127 timed_us=7108
subsystem_time: stage=compile calls=1572 timed_calls=1572 period=1 timed_us=166071
subsystem_time: stage=dispatch calls=6520492 timed_calls=51342 period=127 timed_us=15942
subsystem_time: stage=execute_inclusive calls=6520492 timed_calls=51342 period=127 timed_us=285087
subsystem_time: stage=rom_copy calls=3129 timed_calls=3129 period=1 timed_us=41464
subsystem_time: stage=present calls=2399 timed_calls=2399 period=1 timed_us=53795
subsystem_time: stage=limiter calls=2364 timed_calls=2364 period=1 timed_us=25797115
subsystem_time: stage=vm_fault calls=0 timed_calls=0 period=1 timed_us=0
subsystem_time: stage=vm_victim calls=0 timed_calls=0 period=1 timed_us=0
subsystem_time: stage=vm_read calls=0 timed_calls=0 period=1 timed_us=0
subsystem_time: stage=vm_write calls=0 timed_calls=0 period=1 timed_us=0
subsystem_time: stage=tex_hash calls=0 timed_calls=0 period=1 timed_us=0
subsystem_time: stage=tex_lookup calls=0 timed_calls=0 period=1 timed_us=0
subsystem_time: stage=tex_load calls=0 timed_calls=0 period=1 timed_us=0
subsystem_time: stage=tex_activate calls=0 timed_calls=0 period=1 timed_us=0
subsystem_time: stage=draw_triangles calls=0 timed_calls=0 period=1 timed_us=0
subsystem_time: stage=draw_rect calls=0 timed_calls=0 period=1 timed_us=0
subsystem_time: stage=gfx_list calls=1046 timed_calls=1046 period=1 timed_us=3403375
subsystem_time: stage=gfx_command calls=0 timed_calls=0 period=127 timed_us=0
subsystem_time: stage=vertex calls=202050 timed_calls=1590 period=127 timed_us=11447
subsystem_time: stage=gfx_state calls=0 timed_calls=0 period=127 timed_us=0
subsystem_time: stage=gx_wait calls=0 timed_calls=0 period=1 timed_us=0
subsystem_time: stage=dma_pi calls=3129 timed_calls=3129 period=1 timed_us=181575
subsystem_time: stage=dma_sp calls=6810 timed_calls=6810 period=1 timed_us=4731
subsystem_time: stage=dma_si calls=1690 timed_calls=1690 period=1 timed_us=23492
subsystem_time: stage=tlb_translate calls=200897 timed_calls=1581 period=127 timed_us=58
subsystem_time: stage=pif calls=1691 timed_calls=1691 period=1 timed_us=22066
subsystem_time: stage=input calls=4180 timed_calls=4180 period=1 timed_us=19289
subsystem_time: stage=guest_interrupt calls=17261 timed_calls=17261 period=1 timed_us=25947130
subsystem_time: stage=interpreter_inclusive calls=0 timed_calls=0 period=1 timed_us=0
subsystem_time: stage=audio_submit calls=2360 timed_calls=2360 period=1 timed_us=28716
subsystem_time: stage=audio_callback calls=24732 timed_calls=24732 period=1 timed_us=14746
subsystem_time: stage=memory_slow calls=1118376 timed_calls=8806 period=127 timed_us=47024
subsystem_time: stage=jit_invalidate calls=21432070 timed_calls=168756 period=127 timed_us=8911
audio_time: stage=resample sampled_calls=336 sampled_samples=43888 sampled_us=1871
audio_time: stage=zoh sampled_calls=0 sampled_samples=0 sampled_us=0
audio_time: stage=adpcm sampled_calls=327 sampled_samples=42240 sampled_us=1782
audio_time: stage=envmix_exp sampled_calls=317 sampled_samples=42336 sampled_us=4129
audio_time: stage=envmix_ge sampled_calls=0 sampled_samples=0 sampled_us=0
audio_time: stage=envmix_lin sampled_calls=0 sampled_samples=0 sampled_us=0
audio_time: stage=envmix_nead sampled_calls=0 sampled_samples=0 sampled_us=0
audio_time: stage=mix sampled_calls=74 sampled_samples=23680 sampled_us=406
audio_time: stage=musyx_voice sampled_calls=0 sampled_samples=0 sampled_us=0
audio_time: stage=musyx_fx sampled_calls=0 sampled_samples=0 sampled_us=0
audio_time: stage=output sampled_calls=18 sampled_samples=9584 sampled_us=179
game: n=1/8 how=vis vis=2400 vi_rate=60 vi0_retrace=320 wall_us=40200470 sleep_us=25790146 avg_vis=59.25 avg_fps=27.92 exceptions=14189 cacheResets=1 recompiles=1572 batches=159912 verts=2085042 texStalls=0 treeDepthMax=14 underruns=13 overruns=0 queue_peak_ms=129 dsp_avg=1.51 dsp_peak=1.65 pmc1=10391931293 pmc2=10336640502 pmc3=0 pmc4=0 mmcr0=00000042 mmcr1=00000000 heap_used=10468480 heap_free=38088 arena1_free=364544 arena2_free=577472 flushes=5 flush_us=65052 padtrace=11 rom=sd:/wii64/roms/Super Mario 64.v64
=== chain 1/8 end vis=2400 how=vis rom=sd:/wii64/roms/Super Mario 64.v64 ===
mark: pad replay records: 7
mark: loadROM: enter
mark: loadROM: before rom_read
mark: ROMCache_load: enter
mark: ROMCache_load: before first read
mark: ROMCache_load: first read returned
mark: ROMCache_load: byte_swap_type set
mark: ROMCache_load: first byte_swap done
menufps: 0.0
menufps: 7.9
menufps: 8.3
menufps: 8.1
menufps: 8.3
menufps: 8.3
mark: ROMCache_load: loop exited normally
mark: ROMCache_load: elapsed_us=3123896 bytes=13893632 vm=0
mark: loadROM: after rom_read
mark: loadROM: before init_memory
mark: loadROM: after init_memory
mark: loadROM: before romOpen_gfx
mark: loadROM: after romOpen_gfx / before romOpen_audio
mark: loadROM: after romOpen_audio / before romOpen_input
mark: loadROM: after romOpen_input / before cpu_init
mark: loadROM: after cpu_init
menufps: 0.9
fps: 1.9
first_vi: vi0_retrace=3126
vis: 2.7
cpu: exceptions=0 cacheResets=0 batches=0 verts=0 texStalls=0 recompiles=0 underruns=0 overruns=0 sleep_us=0 queue_ms=0
mark: CPU core dispatch: dynarec
vis: 60.0
cpu: exceptions=1029 cacheResets=1 batches=0 verts=0 texStalls=0 recompiles=316 underruns=1 overruns=0 sleep_us=97583 queue_ms=95
vis: 60.0
cpu: exceptions=1329 cacheResets=1 batches=0 verts=0 texStalls=0 recompiles=316 underruns=1 overruns=0 sleep_us=570701 queue_ms=91
vis: 60.0
cpu: exceptions=1629 cacheResets=1 batches=0 verts=0 texStalls=0 recompiles=331 underruns=1 overruns=0 sleep_us=1042008 queue_ms=99
vis: 60.0
cpu: exceptions=1929 cacheResets=1 batches=0 verts=0 texStalls=0 recompiles=331 underruns=1 overruns=0 sleep_us=1514791 queue_ms=95
vis: 60.0
cpu: exceptions=2229 cacheResets=1 batches=0 verts=0 texStalls=0 recompiles=331 underruns=1 overruns=0 sleep_us=1987549 queue_ms=91
vis: 60.0
cpu: exceptions=2529 cacheResets=1 batches=0 verts=0 texStalls=0 recompiles=331 underruns=1 overruns=0 sleep_us=2460240 queue_ms=99
vis: 60.0
cpu: exceptions=2865 cacheResets=1 batches=0 verts=0 texStalls=0 recompiles=344 underruns=1 overruns=0 sleep_us=2925693 queue_ms=94
fps: 0.8
vis: 60.0
cpu: exceptions=3437 cacheResets=1 batches=45 verts=1023 texStalls=0 recompiles=468 underruns=1 overruns=0 sleep_us=3358246 queue_ms=100
fps: 1.6
vis: 60.0
cpu: exceptions=3542 cacheResets=1 batches=1005 verts=17211 texStalls=0 recompiles=528 underruns=2 overruns=0 sleep_us=3723114 queue_ms=7
fps: 31.0
vis: 60.0
cpu: exceptions=3683 cacheResets=1 batches=2801 verts=47604 texStalls=0 recompiles=528 underruns=2 overruns=0 sleep_us=4133081 queue_ms=14
fps: 30.0
vis: 60.0
cpu: exceptions=3819 cacheResets=1 batches=4244 verts=71676 texStalls=0 recompiles=566 underruns=2 overruns=0 sleep_us=4502629 queue_ms=10
vis: 60.0
cpu: exceptions=3915 cacheResets=1 batches=4244 verts=71676 texStalls=0 recompiles=566 underruns=2 overruns=0 sleep_us=4723844 queue_ms=17
fps: 3.9
vis: 60.0
cpu: exceptions=4014 cacheResets=1 batches=4364 verts=72396 texStalls=0 recompiles=598 underruns=2 overruns=0 sleep_us=5037834 queue_ms=12
fps: 1.6
vis: 60.0
cpu: exceptions=4116 cacheResets=1 batches=4844 verts=75276 texStalls=0 recompiles=610 underruns=4 overruns=0 sleep_us=5417782 queue_ms=17
fps: 31.0
vis: 60.0
cpu: exceptions=4330 cacheResets=1 batches=6644 verts=86076 texStalls=0 recompiles=611 underruns=4 overruns=0 sleep_us=5728559 queue_ms=11
fps: 30.0
vis: 60.0
cpu: exceptions=4531 cacheResets=1 batches=8444 verts=96876 texStalls=0 recompiles=614 underruns=4 overruns=0 sleep_us=6036806 queue_ms=19
fps: 30.0
vis: 60.0
cpu: exceptions=4724 cacheResets=1 batches=10244 verts=107676 texStalls=0 recompiles=614 underruns=4 overruns=0 sleep_us=6341829 queue_ms=15
fps: 30.0
vis: 60.0
cpu: exceptions=4918 cacheResets=1 batches=12044 verts=118476 texStalls=0 recompiles=614 underruns=4 overruns=0 sleep_us=6647894 queue_ms=10
fps: 30.0
vis: 60.0
cpu: exceptions=5097 cacheResets=1 batches=13844 verts=129276 texStalls=0 recompiles=614 underruns=4 overruns=0 sleep_us=6958235 queue_ms=16
fps: 29.1
vis: 60.0
cpu: exceptions=5275 cacheResets=1 batches=15644 verts=140076 texStalls=0 recompiles=614 underruns=5 overruns=0 sleep_us=7267472 queue_ms=13
fps: 30.0
vis: 60.0
cpu: exceptions=5467 cacheResets=1 batches=17444 verts=150876 texStalls=0 recompiles=616 underruns=5 overruns=0 sleep_us=7574831 queue_ms=8
fps: 30.0
vis: 60.0
cpu: exceptions=5668 cacheResets=1 batches=19244 verts=161676 texStalls=0 recompiles=617 underruns=5 overruns=0 sleep_us=7889012 queue_ms=14
fps: 30.0
vis: 60.0
cpu: exceptions=5857 cacheResets=1 batches=21044 verts=172476 texStalls=0 recompiles=617 underruns=5 overruns=0 sleep_us=8203692 queue_ms=11
vis: 60.0
cpu: exceptions=6036 cacheResets=1 batches=22844 verts=183276 texStalls=0 recompiles=617 underruns=5 overruns=0 sleep_us=8517604 queue_ms=18
fps: 30.0
vis: 60.0
cpu: exceptions=6229 cacheResets=1 batches=24644 verts=194076 texStalls=0 recompiles=617 underruns=5 overruns=0 sleep_us=8828420 queue_ms=13
fps: 30.0
vis: 60.0
cpu: exceptions=6412 cacheResets=1 batches=26444 verts=204876 texStalls=0 recompiles=617 underruns=5 overruns=0 sleep_us=9141909 queue_ms=19
fps: 30.0
vis: 60.0
cpu: exceptions=6600 cacheResets=1 batches=28244 verts=215676 texStalls=0 recompiles=617 underruns=5 overruns=0 sleep_us=9452473 queue_ms=16
fps: 30.0
vis: 60.0
cpu: exceptions=6815 cacheResets=1 batches=30044 verts=226476 texStalls=0 recompiles=617 underruns=5 overruns=0 sleep_us=9758247 queue_ms=11
fps: 30.0
vis: 60.0
cpu: exceptions=7016 cacheResets=1 batches=31844 verts=237276 texStalls=0 recompiles=617 underruns=5 overruns=0 sleep_us=10065563 queue_ms=18
fps: 30.0
vis: 60.0
cpu: exceptions=7203 cacheResets=1 batches=33644 verts=248076 texStalls=0 recompiles=621 underruns=5 overruns=0 sleep_us=10376292 queue_ms=14
fps: 30.0
vis: 60.0
cpu: exceptions=7376 cacheResets=1 batches=34964 verts=255996 texStalls=0 recompiles=626 underruns=5 overruns=0 sleep_us=10651306 queue_ms=21
vis: 60.0
cpu: exceptions=7510 cacheResets=1 batches=34964 verts=255996 texStalls=0 recompiles=626 underruns=5 overruns=0 sleep_us=10841510 queue_ms=17
vis: 60.0
cpu: exceptions=7619 cacheResets=1 batches=34964 verts=255996 texStalls=0 recompiles=632 underruns=5 overruns=0 sleep_us=11089377 queue_ms=24
fps: 4.5
vis: 60.0
cpu: exceptions=7742 cacheResets=1 batches=34964 verts=255996 texStalls=0 recompiles=674 underruns=5 overruns=0 sleep_us=11385096 queue_ms=20
fps: 31.7
vis: 60.0
cpu: exceptions=7951 cacheResets=1 batches=34964 verts=255996 texStalls=0 recompiles=674 underruns=5 overruns=0 sleep_us=11733628 queue_ms=28
fps: 30.0
vis: 60.0
cpu: exceptions=8136 cacheResets=1 batches=34964 verts=255996 texStalls=0 recompiles=674 underruns=5 overruns=0 sleep_us=12084894 queue_ms=23
fps: 30.0
vis: 60.0
cpu: exceptions=8314 cacheResets=1 batches=34964 verts=255996 texStalls=0 recompiles=674 underruns=5 overruns=0 sleep_us=12439662 queue_ms=31
fps: 30.0
vis: 60.0
cpu: exceptions=8485 cacheResets=1 batches=34964 verts=255996 texStalls=0 recompiles=674 underruns=5 overruns=0 sleep_us=12796466 queue_ms=26
vis: 60.0
cpu: exceptions=8650 cacheResets=1 batches=34964 verts=255996 texStalls=0 recompiles=674 underruns=5 overruns=0 sleep_us=13154300 queue_ms=22
fps: 29.9
vis: 60.0
cpu: exceptions=8820 cacheResets=1 batches=34964 verts=255996 texStalls=0 recompiles=674 underruns=5 overruns=0 sleep_us=13510513 queue_ms=19
fps: 29.2
vis: 60.0
cpu: exceptions=8990 cacheResets=1 batches=34964 verts=255996 texStalls=0 recompiles=674 underruns=5 overruns=0 sleep_us=13867189 queue_ms=15
fps: 30.0
vis: 60.0
cpu: exceptions=9158 cacheResets=1 batches=34964 verts=255996 texStalls=0 recompiles=674 underruns=5 overruns=0 sleep_us=14225262 queue_ms=22
fps: 30.0
vis: 60.0
cpu: exceptions=9328 cacheResets=1 batches=34964 verts=255996 texStalls=0 recompiles=674 underruns=5 overruns=0 sleep_us=14581714 queue_ms=18
fps: 30.0
vis: 60.0
cpu: exceptions=9494 cacheResets=1 batches=34964 verts=255996 texStalls=0 recompiles=674 underruns=5 overruns=0 sleep_us=14939062 queue_ms=14
fps: 30.0
vis: 60.0
cpu: exceptions=9674 cacheResets=1 batches=34964 verts=255996 texStalls=0 recompiles=674 underruns=5 overruns=0 sleep_us=15293805 queue_ms=20
fps: 30.0
vis: 60.0
cpu: exceptions=9849 cacheResets=1 batches=34964 verts=255996 texStalls=0 recompiles=674 underruns=5 overruns=0 sleep_us=15650557 queue_ms=17
fps: 30.0
vis: 60.0
cpu: exceptions=10021 cacheResets=1 batches=34964 verts=255996 texStalls=0 recompiles=674 underruns=5 overruns=0 sleep_us=16007672 queue_ms=24
fps: 30.0
vis: 60.0
cpu: exceptions=10186 cacheResets=1 batches=34964 verts=255996 texStalls=0 recompiles=674 underruns=5 overruns=0 sleep_us=16365019 queue_ms=20
fps: 30.0
vis: 60.0
cpu: exceptions=10355 cacheResets=1 batches=34964 verts=255996 texStalls=0 recompiles=674 underruns=5 overruns=0 sleep_us=16724967 queue_ms=26
fps: 30.0
vis: 60.0
cpu: exceptions=10517 cacheResets=1 batches=34964 verts=255996 texStalls=0 recompiles=681 underruns=5 overruns=0 sleep_us=17101955 queue_ms=22
fps: 30.0
vis: 60.0
cpu: exceptions=10669 cacheResets=1 batches=34964 verts=255996 texStalls=0 recompiles=686 underruns=5 overruns=0 sleep_us=17472502 queue_ms=29
fps: 30.0
vis: 60.0
cpu: exceptions=10829 cacheResets=1 batches=34964 verts=255996 texStalls=0 recompiles=686 underruns=5 overruns=0 sleep_us=17847008 queue_ms=25
fps: 30.0
vis: 60.0
cpu: exceptions=11014 cacheResets=1 batches=34964 verts=255996 texStalls=0 recompiles=686 underruns=5 overruns=0 sleep_us=18211055 queue_ms=31
vis: 60.0
cpu: exceptions=11194 cacheResets=1 batches=34964 verts=255996 texStalls=0 recompiles=686 underruns=5 overruns=0 sleep_us=18593884 queue_ms=40
fps: 30.6
vis: 60.0
cpu: exceptions=11347 cacheResets=1 batches=34964 verts=255996 texStalls=0 recompiles=686 underruns=5 overruns=0 sleep_us=18971539 queue_ms=36
fps: 30.0
vis: 60.0
cpu: exceptions=11499 cacheResets=1 batches=34964 verts=255996 texStalls=0 recompiles=686 underruns=5 overruns=0 sleep_us=19349979 queue_ms=42
fps: 30.0
vis: 60.0
cpu: exceptions=11655 cacheResets=1 batches=34964 verts=255996 texStalls=0 recompiles=686 underruns=5 overruns=0 sleep_us=19730785 queue_ms=38
fps: 30.0
vis: 60.0
cpu: exceptions=11808 cacheResets=1 batches=34964 verts=255996 texStalls=0 recompiles=686 underruns=5 overruns=0 sleep_us=20120371 queue_ms=45
fps: 30.0
vis: 60.0
cpu: exceptions=11963 cacheResets=1 batches=34964 verts=255996 texStalls=0 recompiles=686 underruns=5 overruns=0 sleep_us=20510472 queue_ms=41
fps: 29.1
vis: 60.0
cpu: exceptions=12117 cacheResets=1 batches=34964 verts=255996 texStalls=0 recompiles=686 underruns=5 overruns=0 sleep_us=20902157 queue_ms=26
fps: 30.0
vis: 60.0
cpu: exceptions=12272 cacheResets=1 batches=34964 verts=255996 texStalls=0 recompiles=686 underruns=5 overruns=0 sleep_us=21293856 queue_ms=33
fps: 30.0
vis: 60.0
cpu: exceptions=12423 cacheResets=1 batches=34964 verts=255996 texStalls=0 recompiles=686 underruns=5 overruns=0 sleep_us=21684833 queue_ms=28
fps: 30.0
vis: 60.0
cpu: exceptions=12574 cacheResets=1 batches=34964 verts=255996 texStalls=0 recompiles=686 underruns=5 overruns=0 sleep_us=22076458 queue_ms=34
fps: 29.9
vis: 60.0
cpu: exceptions=12779 cacheResets=1 batches=34964 verts=255996 texStalls=0 recompiles=686 underruns=5 overruns=0 sleep_us=22432283 queue_ms=30
fps: 29.9
vis: 60.0
cpu: exceptions=12956 cacheResets=1 batches=34964 verts=255996 texStalls=0 recompiles=686 underruns=5 overruns=0 sleep_us=22790533 queue_ms=37
fps: 30.0
vis: 60.0
cpu: exceptions=13134 cacheResets=1 batches=34964 verts=255996 texStalls=0 recompiles=686 underruns=5 overruns=0 sleep_us=23150503 queue_ms=34
fps: 30.0
vis: 60.0
cpu: exceptions=13306 cacheResets=1 batches=34964 verts=255996 texStalls=0 recompiles=686 underruns=5 overruns=0 sleep_us=23513389 queue_ms=39
fps: 30.0
vis: 60.0
cpu: exceptions=13484 cacheResets=1 batches=34964 verts=255996 texStalls=0 recompiles=686 underruns=5 overruns=0 sleep_us=23875324 queue_ms=36
fps: 30.0
vis: 60.0
cpu: exceptions=13662 cacheResets=1 batches=34964 verts=255996 texStalls=0 recompiles=686 underruns=5 overruns=0 sleep_us=24235849 queue_ms=31
fps: 30.0
vis: 60.0
cpu: exceptions=13830 cacheResets=1 batches=34964 verts=255996 texStalls=0 recompiles=686 underruns=5 overruns=0 sleep_us=24598867 queue_ms=38
fps: 30.0
vis: 60.0
cpu: exceptions=14007 cacheResets=1 batches=34964 verts=255996 texStalls=0 recompiles=686 underruns=5 overruns=0 sleep_us=24960673 queue_ms=34
fps: 30.0
vis: 60.0
cpu: exceptions=14180 cacheResets=1 batches=34964 verts=255996 texStalls=0 recompiles=686 underruns=5 overruns=0 sleep_us=25322327 queue_ms=41
fps: 30.0
vis: 60.0
cpu: exceptions=14350 cacheResets=1 batches=34964 verts=255996 texStalls=0 recompiles=686 underruns=5 overruns=0 sleep_us=25684577 queue_ms=37
fps: 30.0
vis: 60.0
cpu: exceptions=14520 cacheResets=1 batches=34964 verts=255996 texStalls=0 recompiles=686 underruns=5 overruns=0 sleep_us=26045982 queue_ms=43
fps: 30.0
vis: 60.0
cpu: exceptions=14694 cacheResets=1 batches=34964 verts=255996 texStalls=0 recompiles=686 underruns=5 overruns=0 sleep_us=26408606 queue_ms=39
fps: 30.0
vis: 60.0
cpu: exceptions=14864 cacheResets=1 batches=34964 verts=255996 texStalls=0 recompiles=686 underruns=5 overruns=0 sleep_us=26770824 queue_ms=47
fps: 30.0
vis: 60.0
cpu: exceptions=15037 cacheResets=1 batches=34964 verts=255996 texStalls=0 recompiles=686 underruns=5 overruns=0 sleep_us=27133468 queue_ms=43
fps: 30.0
vis: 60.0
cpu: exceptions=15212 cacheResets=1 batches=34964 verts=255996 texStalls=0 recompiles=686 underruns=5 overruns=0 sleep_us=27498885 queue_ms=39
vis: 60.0
cpu: exceptions=15375 cacheResets=1 batches=34964 verts=255996 texStalls=0 recompiles=686 underruns=5 overruns=0 sleep_us=27885388 queue_ms=47
fps: 29.4
mark: stop reason: chain guest VI limit
mark: stop_it requested
audio: alist_resample_calls=85425 alist_resample_samples=12746240 alist_zoh_calls=0 alist_zoh_samples=0 musyx_subframes=0 musyx_voices=0 musyx_voice_peak=0
audio_stages: adpcm_calls=86909 adpcm_samples=13342752 envmix_calls=85425 envmix_samples=12746240 mix_calls=14118 mix_samples=5421312 musyx_fx_calls=0 musyx_fx_taps=0 output_calls=2371 output_samples=1060816
audio_envmix: exp_calls=0 ge_calls=0 lin_calls=0 nead_calls=85425 exp_steady=0 ge_steady=0 lin_steady=0
audio_gaps: nead_mats=0 nead_efz=0 resample_flag2=0 musyx_ptr10=0
audio_output: stream_requests=5452 stream_fed=3683 input_hz=26807 playback_hz=26807 queue_peak_ms=122
vm_io: read_ahead=1 reads=0 hits=0 read_bytes=0 writes=0 write_bytes=0 errors=0
subsystem_time: stage=rsp_gfx calls=987 timed_calls=987 period=1 timed_us=2662459
subsystem_time: stage=rsp_audio calls=2353 timed_calls=2353 period=1 timed_us=2050841
subsystem_time: stage=rsp_other calls=0 timed_calls=0 period=1 timed_us=0
subsystem_time: stage=lookup calls=4350802 timed_calls=34258 period=127 timed_us=4816
subsystem_time: stage=compile calls=686 timed_calls=686 period=1 timed_us=84603
subsystem_time: stage=dispatch calls=4349213 timed_calls=34245 period=127 timed_us=10179
subsystem_time: stage=execute_inclusive calls=4349213 timed_calls=34245 period=127 timed_us=220040
subsystem_time: stage=rom_copy calls=3623 timed_calls=3623 period=1 timed_us=35254
subsystem_time: stage=present calls=2399 timed_calls=2399 period=1 timed_us=54137
subsystem_time: stage=limiter calls=2368 timed_calls=2368 period=1 timed_us=28230283
subsystem_time: stage=vm_fault calls=0 timed_calls=0 period=1 timed_us=0
subsystem_time: stage=vm_victim calls=0 timed_calls=0 period=1 timed_us=0
subsystem_time: stage=vm_read calls=0 timed_calls=0 period=1 timed_us=0
subsystem_time: stage=vm_write calls=0 timed_calls=0 period=1 timed_us=0
subsystem_time: stage=tex_hash calls=0 timed_calls=0 period=1 timed_us=0
subsystem_time: stage=tex_lookup calls=0 timed_calls=0 period=1 timed_us=0
subsystem_time: stage=tex_load calls=0 timed_calls=0 period=1 timed_us=0
subsystem_time: stage=tex_activate calls=0 timed_calls=0 period=1 timed_us=0
subsystem_time: stage=draw_triangles calls=0 timed_calls=0 period=1 timed_us=0
subsystem_time: stage=draw_rect calls=0 timed_calls=0 period=1 timed_us=0
subsystem_time: stage=gfx_list calls=987 timed_calls=987 period=1 timed_us=2660694
subsystem_time: stage=gfx_command calls=0 timed_calls=0 period=127 timed_us=0
subsystem_time: stage=vertex calls=33024 timed_calls=260 period=127 timed_us=1388
subsystem_time: stage=gfx_state calls=0 timed_calls=0 period=127 timed_us=0
subsystem_time: stage=gx_wait calls=0 timed_calls=0 period=1 timed_us=0
subsystem_time: stage=dma_pi calls=3623 timed_calls=3623 period=1 timed_us=149849
subsystem_time: stage=dma_sp calls=6680 timed_calls=6680 period=1 timed_us=5069
subsystem_time: stage=dma_si calls=2545 timed_calls=2545 period=1 timed_us=22386
subsystem_time: stage=tlb_translate calls=0 timed_calls=0 period=127 timed_us=0
subsystem_time: stage=pif calls=2546 timed_calls=2546 period=1 timed_us=21251
subsystem_time: stage=input calls=3948 timed_calls=3948 period=1 timed_us=17470
subsystem_time: stage=guest_interrupt calls=20150 timed_calls=20150 period=1 timed_us=28407160
subsystem_time: stage=interpreter_inclusive calls=0 timed_calls=0 period=1 timed_us=0
subsystem_time: stage=audio_submit calls=2371 timed_calls=2371 period=1 timed_us=23121
subsystem_time: stage=audio_callback calls=23991 timed_calls=23991 period=1 timed_us=12812
subsystem_time: stage=memory_slow calls=820892 timed_calls=6463 period=127 timed_us=35355
subsystem_time: stage=jit_invalidate calls=22059321 timed_calls=173695 period=127 timed_us=8943
audio_time: stage=resample sampled_calls=672 sampled_samples=100160 sampled_us=4230
audio_time: stage=zoh sampled_calls=0 sampled_samples=0 sampled_us=0
audio_time: stage=adpcm sampled_calls=684 sampled_samples=105952 sampled_us=4380
audio_time: stage=envmix_exp sampled_calls=0 sampled_samples=0 sampled_us=0
audio_time: stage=envmix_ge sampled_calls=0 sampled_samples=0 sampled_us=0
audio_time: stage=envmix_lin sampled_calls=0 sampled_samples=0 sampled_us=0
audio_time: stage=envmix_nead sampled_calls=672 sampled_samples=100160 sampled_us=5997
audio_time: stage=mix sampled_calls=111 sampled_samples=42624 sampled_us=685
audio_time: stage=musyx_voice sampled_calls=0 sampled_samples=0 sampled_us=0
audio_time: stage=musyx_fx sampled_calls=0 sampled_samples=0 sampled_us=0
audio_time: stage=output sampled_calls=18 sampled_samples=8000 sampled_us=140
game: n=2/8 how=vis vis=2400 vi_rate=60 vi0_retrace=3126 wall_us=40206309 sleep_us=28223314 avg_vis=59.28 avg_fps=27.54 exceptions=15516 cacheResets=1 recompiles=686 batches=34964 verts=255996 texStalls=0 treeDepthMax=14 underruns=5 overruns=0 queue_peak_ms=100 dsp_avg=1.43 dsp_peak=1.65 pmc1=8625363730 pmc2=9574407335 pmc3=0 pmc4=0 mmcr0=00000042 mmcr1=00000000 heap_used=10474400 heap_free=36264 arena1_free=360448 arena2_free=577472 flushes=6 flush_us=96854 padtrace=7 rom=sd:/wii64/roms/Mario Kart 64.v64
=== chain 2/8 end vis=2400 how=vis rom=sd:/wii64/roms/Mario Kart 64.v64 ===
mark: pad replay records: 1
mark: loadROM: enter
mark: loadROM: before rom_read
mark: ROMCache_load: enter
mark: ROMCache_load: before first read
mark: ROMCache_load: first read returned
mark: ROMCache_load: byte_swap_type set
mark: ROMCache_load: first byte_swap done
menufps: 0.0
menufps: 8.5
menufps: 8.3
menufps: 8.0
menufps: 8.1
menufps: 8.4
menufps: 8.3
mark: ROMCache_load: loop exited normally
mark: ROMCache_load: elapsed_us=3749499 bytes=16777216 vm=0
mark: loadROM: after rom_read
mark: loadROM: before init_memory
mark: loadROM: after init_memory
mark: loadROM: before romOpen_gfx
mark: loadROM: after romOpen_gfx / before romOpen_audio
mark: loadROM: after romOpen_audio / before romOpen_input
mark: loadROM: after romOpen_input / before cpu_init
mark: loadROM: after cpu_init
menufps: 1.2
fps: 1.7
first_vi: vi0_retrace=5970
vis: 3.6
cpu: exceptions=0 cacheResets=0 batches=0 verts=0 texStalls=0 recompiles=0 underruns=0 overruns=0 sleep_us=0 queue_ms=0
mark: CPU core dispatch: dynarec
vis: 49.5
cpu: exceptions=32 cacheResets=1 batches=0 verts=0 texStalls=0 recompiles=138 underruns=0 overruns=0 sleep_us=0 queue_ms=0
vis: 60.0
cpu: exceptions=62 cacheResets=1 batches=0 verts=0 texStalls=0 recompiles=138 underruns=0 overruns=0 sleep_us=306090 queue_ms=0
vis: 59.7
cpu: exceptions=309 cacheResets=1 batches=0 verts=0 texStalls=0 recompiles=289 underruns=0 overruns=0 sleep_us=559474 queue_ms=0
vis: 60.0
cpu: exceptions=535 cacheResets=1 batches=0 verts=0 texStalls=0 recompiles=617 underruns=2 overruns=0 sleep_us=844381 queue_ms=42
fps: 0.4
vis: 60.0
cpu: exceptions=742 cacheResets=1 batches=40 verts=843 texStalls=0 recompiles=1899 underruns=3 overruns=0 sleep_us=991109 queue_ms=46
vis: 60.0
cpu: exceptions=892 cacheResets=1 batches=40 verts=843 texStalls=0 recompiles=1902 underruns=3 overruns=0 sleep_us=1260711 queue_ms=50
fps: 1.3
vis: 60.0
cpu: exceptions=1083 cacheResets=1 batches=260 verts=4077 texStalls=0 recompiles=1995 underruns=3 overruns=0 sleep_us=1528294 queue_ms=55
fps: 30.0
vis: 60.0
cpu: exceptions=1263 cacheResets=1 batches=590 verts=9498 texStalls=0 recompiles=2006 underruns=3 overruns=0 sleep_us=1827285 queue_ms=59
fps: 30.0
vis: 60.0
cpu: exceptions=1452 cacheResets=1 batches=920 verts=15063 texStalls=0 recompiles=2009 underruns=3 overruns=0 sleep_us=2118686 queue_ms=64
fps: 30.0
vis: 60.0
cpu: exceptions=1630 cacheResets=1 batches=1248 verts=20769 texStalls=0 recompiles=2009 underruns=3 overruns=0 sleep_us=2411368 queue_ms=55
fps: 30.0
vis: 60.0
cpu: exceptions=1811 cacheResets=1 batches=1557 verts=26292 texStalls=0 recompiles=2012 underruns=3 overruns=0 sleep_us=2703301 queue_ms=59
fps: 30.0
vis: 60.0
cpu: exceptions=2000 cacheResets=1 batches=1857 verts=31761 texStalls=0 recompiles=2012 underruns=3 overruns=0 sleep_us=2996595 queue_ms=55
fps: 30.0
vis: 60.0
cpu: exceptions=2191 cacheResets=1 batches=2157 verts=37191 texStalls=0 recompiles=2029 underruns=3 overruns=0 sleep_us=3288248 queue_ms=60
fps: 30.0
vis: 60.0
cpu: exceptions=2370 cacheResets=1 batches=2508 verts=43089 texStalls=0 recompiles=2029 underruns=3 overruns=0 sleep_us=3565723 queue_ms=64
fps: 30.0
vis: 60.0
cpu: exceptions=2576 cacheResets=1 batches=3325 verts=57585 texStalls=0 recompiles=2036 underruns=3 overruns=0 sleep_us=3800601 queue_ms=68
fps: 30.0
vis: 60.0
cpu: exceptions=2760 cacheResets=1 batches=4022 verts=65871 texStalls=0 recompiles=2047 underruns=3 overruns=0 sleep_us=4050322 queue_ms=51
fps: 30.0
vis: 60.0
cpu: exceptions=2937 cacheResets=1 batches=4627 verts=73107 texStalls=0 recompiles=2063 underruns=3 overruns=0 sleep_us=4325053 queue_ms=56
fps: 30.0
vis: 60.0
cpu: exceptions=3107 cacheResets=1 batches=5144 verts=79635 texStalls=0 recompiles=2063 underruns=3 overruns=0 sleep_us=4620775 queue_ms=60
fps: 30.0
vis: 60.0
cpu: exceptions=3284 cacheResets=1 batches=5470 verts=85128 texStalls=0 recompiles=2064 underruns=3 overruns=0 sleep_us=4923941 queue_ms=64
fps: 29.1
vis: 60.0
cpu: exceptions=3467 cacheResets=1 batches=5770 verts=90615 texStalls=0 recompiles=2064 underruns=3 overruns=0 sleep_us=5222008 queue_ms=42
fps: 30.0
vis: 60.0
cpu: exceptions=3657 cacheResets=1 batches=6070 verts=96021 texStalls=0 recompiles=2064 underruns=3 overruns=0 sleep_us=5512308 queue_ms=38
fps: 30.0
vis: 60.0
cpu: exceptions=3843 cacheResets=1 batches=6698 verts=107301 texStalls=0 recompiles=2064 underruns=3 overruns=0 sleep_us=5772495 queue_ms=43
fps: 30.0
vis: 60.0
cpu: exceptions=4050 cacheResets=1 batches=7647 verts=121554 texStalls=0 recompiles=2065 underruns=3 overruns=0 sleep_us=6026280 queue_ms=47
fps: 29.9
vis: 60.0
cpu: exceptions=4247 cacheResets=1 batches=9716 verts=137973 texStalls=0 recompiles=2081 underruns=3 overruns=0 sleep_us=6258641 queue_ms=52
fps: 29.9
vis: 60.0
cpu: exceptions=4441 cacheResets=1 batches=14491 verts=174528 texStalls=0 recompiles=2081 underruns=3 overruns=0 sleep_us=6458525 queue_ms=43
fps: 30.0
vis: 60.0
cpu: exceptions=4628 cacheResets=1 batches=19105 verts=211659 texStalls=0 recompiles=2081 underruns=3 overruns=0 sleep_us=6667016 queue_ms=39
fps: 30.1
vis: 60.0
cpu: exceptions=4827 cacheResets=1 batches=22132 verts=239304 texStalls=0 recompiles=2082 underruns=3 overruns=0 sleep_us=6896932 queue_ms=43
fps: 30.0
vis: 60.0
cpu: exceptions=5017 cacheResets=1 batches=23138 verts=254892 texStalls=0 recompiles=2083 underruns=3 overruns=0 sleep_us=7147623 queue_ms=48
fps: 30.0
vis: 60.0
cpu: exceptions=5223 cacheResets=1 batches=24021 verts=269745 texStalls=0 recompiles=2083 underruns=3 overruns=0 sleep_us=7388925 queue_ms=52
vis: 60.0
cpu: exceptions=5426 cacheResets=1 batches=24992 verts=290115 texStalls=0 recompiles=2084 underruns=3 overruns=0 sleep_us=7630584 queue_ms=35
fps: 30.0
mark: stop reason: chain guest VI limit
mark: stop_it requested
audio: alist_resample_calls=7273 alist_resample_samples=1338232 alist_zoh_calls=0 alist_zoh_samples=0 musyx_subframes=0 musyx_voices=0 musyx_voice_peak=0
audio_stages: adpcm_calls=5684 adpcm_samples=629344 envmix_calls=5654 envmix_samples=1040336 mix_calls=32380 mix_samples=5957920 musyx_fx_calls=0 musyx_fx_taps=0 output_calls=405 output_samples=297160
audio_envmix: exp_calls=0 ge_calls=0 lin_calls=5654 nead_calls=0 exp_steady=0 ge_steady=0 lin_steady=5208
audio_gaps: nead_mats=0 nead_efz=0 resample_flag2=0 musyx_ptr10=0
audio_output: stream_requests=3397 stream_fed=1030 input_hz=21998 playback_hz=21998 queue_peak_ms=82
vm_io: read_ahead=1 reads=0 hits=0 read_bytes=0 writes=0 write_bytes=0 errors=0
subsystem_time: stage=rsp_gfx calls=358 timed_calls=358 period=1 timed_us=640894
subsystem_time: stage=rsp_audio calls=406 timed_calls=406 period=1 timed_us=306575
subsystem_time: stage=rsp_other calls=0 timed_calls=0 period=1 timed_us=0
subsystem_time: stage=lookup calls=4415551 timed_calls=34768 period=127 timed_us=5445
subsystem_time: stage=compile calls=2084 timed_calls=2084 period=1 timed_us=178437
subsystem_time: stage=dispatch calls=4132110 timed_calls=32536 period=127 timed_us=11207
subsystem_time: stage=execute_inclusive calls=4132110 timed_calls=32536 period=127 timed_us=98083
subsystem_time: stage=rom_copy calls=640 timed_calls=640 period=1 timed_us=14285
subsystem_time: stage=present calls=899 timed_calls=899 period=1 timed_us=69740
subsystem_time: stage=limiter calls=857 timed_calls=857 period=1 timed_us=7660642
subsystem_time: stage=vm_fault calls=0 timed_calls=0 period=1 timed_us=0
subsystem_time: stage=vm_victim calls=0 timed_calls=0 period=1 timed_us=0
subsystem_time: stage=vm_read calls=0 timed_calls=0 period=1 timed_us=0
subsystem_time: stage=vm_write calls=0 timed_calls=0 period=1 timed_us=0
subsystem_time: stage=tex_hash calls=0 timed_calls=0 period=1 timed_us=0
subsystem_time: stage=tex_lookup calls=0 timed_calls=0 period=1 timed_us=0
subsystem_time: stage=tex_load calls=0 timed_calls=0 period=1 timed_us=0
subsystem_time: stage=tex_activate calls=0 timed_calls=0 period=1 timed_us=0
subsystem_time: stage=draw_triangles calls=0 timed_calls=0 period=1 timed_us=0
subsystem_time: stage=draw_rect calls=0 timed_calls=0 period=1 timed_us=0
subsystem_time: stage=gfx_list calls=358 timed_calls=358 period=1 timed_us=640330
subsystem_time: stage=gfx_command calls=0 timed_calls=0 period=127 timed_us=0
subsystem_time: stage=vertex calls=38254 timed_calls=301 period=127 timed_us=1225
subsystem_time: stage=gfx_state calls=0 timed_calls=0 period=127 timed_us=0
subsystem_time: stage=gx_wait calls=0 timed_calls=0 period=1 timed_us=0
subsystem_time: stage=dma_pi calls=640 timed_calls=640 period=1 timed_us=58650
subsystem_time: stage=dma_sp calls=1528 timed_calls=1528 period=1 timed_us=1384
subsystem_time: stage=dma_si calls=1147 timed_calls=1147 period=1 timed_us=11184
subsystem_time: stage=tlb_translate calls=0 timed_calls=0 period=127 timed_us=0
subsystem_time: stage=pif calls=1149 timed_calls=1149 period=1 timed_us=10375
subsystem_time: stage=input calls=807 timed_calls=807 period=1 timed_us=8370
subsystem_time: stage=guest_interrupt calls=6623 timed_calls=6623 period=1 timed_us=7782254
subsystem_time: stage=interpreter_inclusive calls=0 timed_calls=0 period=1 timed_us=0
subsystem_time: stage=audio_submit calls=405 timed_calls=405 period=1 timed_us=6504
subsystem_time: stage=audio_callback calls=9463 timed_calls=9463 period=1 timed_us=4421
subsystem_time: stage=memory_slow calls=487936 timed_calls=3842 period=127 timed_us=12011
subsystem_time: stage=jit_invalidate calls=13796099 timed_calls=108630 period=127 timed_us=5862
audio_time: stage=resample sampled_calls=57 sampled_samples=10488 sampled_us=417
audio_time: stage=zoh sampled_calls=0 sampled_samples=0 sampled_us=0
audio_time: stage=adpcm sampled_calls=44 sampled_samples=4752 sampled_us=206
audio_time: stage=envmix_exp sampled_calls=0 sampled_samples=0 sampled_us=0
audio_time: stage=envmix_ge sampled_calls=0 sampled_samples=0 sampled_us=0
audio_time: stage=envmix_lin sampled_calls=44 sampled_samples=8096 sampled_us=701
audio_time: stage=envmix_nead sampled_calls=0 sampled_samples=0 sampled_us=0
audio_time: stage=mix sampled_calls=254 sampled_samples=46736 sampled_us=773
audio_time: stage=musyx_voice sampled_calls=0 sampled_samples=0 sampled_us=0
audio_time: stage=musyx_fx sampled_calls=0 sampled_samples=0 sampled_us=0
audio_time: stage=output sampled_calls=3 sampled_samples=2208 sampled_us=39
game: n=3/8 how=vis vis=900 vi_rate=60 vi0_retrace=5970 wall_us=15267819 sleep_us=7657813 avg_vis=57.83 avg_fps=26.63 exceptions=5450 cacheResets=1 recompiles=2084 batches=25112 verts=292893 texStalls=0 treeDepthMax=31 underruns=3 overruns=0 queue_peak_ms=68 dsp_avg=1.38 dsp_peak=1.65 pmc1=5375847575 pmc2=5312395438 pmc3=0 pmc4=0 mmcr0=00000042 mmcr1=00000000 heap_used=10501632 heap_free=45896 arena1_free=323584 arena2_free=577472 flushes=3 flush_us=33525 padtrace=0 rom=sd:/wii64/roms/Banjo-Kazooie.V64
=== chain 3/8 end vis=900 how=vis rom=sd:/wii64/roms/Banjo-Kazooie.V64 ===
mark: pad replay records: 11
mark: loadROM: enter
mark: loadROM: before rom_read
mark: ROMCache_load: enter
menufps: 0.1
menufps: 0.2
mark: ROMCache_load: before first read
mark: ROMCache_load: first read returned
mark: ROMCache_load: byte_swap_type set
mark: ROMCache_load: first byte_swap done
menufps: 0.2
menufps: 8.4
menufps: 8.0
menufps: 8.0
menufps: 8.0
menufps: 7.5
menufps: 8.3
menufps: 7.4
menufps: 1.3
menufps: 1.3
menufps: 1.3
menufps: 1.2
menufps: 1.2
menufps: 1.2
menufps: 1.3
menufps: 3.6
menufps: 8.0
menufps: 8.0
menufps: 8.0
menufps: 8.1
menufps: 7.6
mark: ROMCache_load: loop exited normally
mark: ROMCache_load: preflush_us=17323842 writes=2040 bytes=16711680
mark: ROMCache_load: elapsed_us=39685268 bytes=33554432 vm=1
mark: loadROM: after rom_read
mark: loadROM: before init_memory
mark: loadROM: after init_memory
mark: loadROM: before romOpen_gfx
mark: loadROM: after romOpen_gfx / before romOpen_audio
mark: loadROM: after romOpen_audio / before romOpen_input
mark: loadROM: after romOpen_input / before cpu_init
mark: loadROM: after cpu_init
menufps: 0.1
menufps: 0.7
first_vi: vi0_retrace=9481
mark: CPU core dispatch: dynarec
vis: 60.0
cpu: exceptions=420 cacheResets=1 batches=0 verts=0 texStalls=0 recompiles=315 underruns=0 overruns=0 sleep_us=153620 queue_ms=0
vis: 60.0
cpu: exceptions=660 cacheResets=1 batches=0 verts=0 texStalls=0 recompiles=315 underruns=0 overruns=0 sleep_us=643931 queue_ms=0
vis: 60.0
cpu: exceptions=2154 cacheResets=1 batches=0 verts=0 texStalls=0 recompiles=336 underruns=0 overruns=0 sleep_us=1096110 queue_ms=0
fps: 0.5
vis: 60.0
cpu: exceptions=2416 cacheResets=1 batches=0 verts=0 texStalls=0 recompiles=660 underruns=0 overruns=0 sleep_us=1549202 queue_ms=5
fps: 55.9
vis: 60.0
cpu: exceptions=2622 cacheResets=1 batches=0 verts=0 texStalls=0 recompiles=786 underruns=0 overruns=0 sleep_us=1928607 queue_ms=10
fps: 60.0
vis: 60.0
cpu: exceptions=2787 cacheResets=1 batches=0 verts=0 texStalls=0 recompiles=786 underruns=0 overruns=0 sleep_us=2366221 queue_ms=6
fps: 62.0
vis: 60.0
cpu: exceptions=2952 cacheResets=1 batches=0 verts=0 texStalls=0 recompiles=791 underruns=0 overruns=0 sleep_us=2804078 queue_ms=3
fps: 60.0
vis: 60.0
cpu: exceptions=3117 cacheResets=1 batches=0 verts=0 texStalls=0 recompiles=791 underruns=0 overruns=0 sleep_us=3242353 queue_ms=8
vis: 60.0
cpu: exceptions=3282 cacheResets=1 batches=0 verts=0 texStalls=0 recompiles=791 underruns=0 overruns=0 sleep_us=3680678 queue_ms=4
fps: 56.8
vis: 60.0
cpu: exceptions=3447 cacheResets=1 batches=0 verts=0 texStalls=0 recompiles=805 underruns=2 overruns=0 sleep_us=4118139 queue_ms=9
fps: 60.1
vis: 60.0
cpu: exceptions=3614 cacheResets=1 batches=0 verts=0 texStalls=0 recompiles=805 underruns=2 overruns=0 sleep_us=4527824 queue_ms=14
fps: 54.1
vis: 60.0
cpu: exceptions=3794 cacheResets=1 batches=0 verts=0 texStalls=0 recompiles=807 underruns=2 overruns=0 sleep_us=4965687 queue_ms=11
fps: 60.0
vis: 60.0
cpu: exceptions=3974 cacheResets=1 batches=0 verts=0 texStalls=0 recompiles=807 underruns=2 overruns=0 sleep_us=5403952 queue_ms=16
fps: 60.0
vis: 60.0
cpu: exceptions=4154 cacheResets=1 batches=0 verts=0 texStalls=0 recompiles=807 underruns=2 overruns=0 sleep_us=5842206 queue_ms=13
fps: 60.0
vis: 60.0
cpu: exceptions=4334 cacheResets=1 batches=0 verts=0 texStalls=0 recompiles=807 underruns=2 overruns=0 sleep_us=6280189 queue_ms=17
fps: 60.1
vis: 60.0
cpu: exceptions=4515 cacheResets=1 batches=0 verts=0 texStalls=0 recompiles=808 underruns=2 overruns=0 sleep_us=6688325 queue_ms=14
fps: 54.1
vis: 60.0
cpu: exceptions=4695 cacheResets=1 batches=0 verts=0 texStalls=0 recompiles=809 underruns=2 overruns=0 sleep_us=7126220 queue_ms=10
fps: 62.0
vis: 60.0
cpu: exceptions=4875 cacheResets=1 batches=0 verts=0 texStalls=0 recompiles=809 underruns=2 overruns=0 sleep_us=7564512 queue_ms=16
fps: 60.0
vis: 60.0
cpu: exceptions=5055 cacheResets=1 batches=0 verts=0 texStalls=0 recompiles=809 underruns=2 overruns=0 sleep_us=8002847 queue_ms=11
fps: 60.0
vis: 60.0
cpu: exceptions=5235 cacheResets=1 batches=0 verts=0 texStalls=0 recompiles=811 underruns=2 overruns=0 sleep_us=8440796 queue_ms=17
fps: 60.0
vis: 58.5
cpu: exceptions=5509 cacheResets=1 batches=0 verts=0 texStalls=0 recompiles=1101 underruns=2 overruns=0 sleep_us=8804805 queue_ms=5
vis: 60.0
cpu: exceptions=5768 cacheResets=1 batches=0 verts=0 texStalls=0 recompiles=1125 underruns=4 overruns=0 sleep_us=9048966 queue_ms=18
vis: 60.0
cpu: exceptions=6020 cacheResets=1 batches=0 verts=0 texStalls=0 recompiles=1125 underruns=4 overruns=0 sleep_us=9309304 queue_ms=24
vis: 59.4
cpu: exceptions=6261 cacheResets=1 batches=0 verts=0 texStalls=0 recompiles=1125 underruns=4 overruns=0 sleep_us=9582304 queue_ms=11
vis: 60.0
cpu: exceptions=6491 cacheResets=1 batches=0 verts=0 texStalls=0 recompiles=1125 underruns=4 overruns=0 sleep_us=9848604 queue_ms=16
vis: 60.0
cpu: exceptions=6711 cacheResets=1 batches=0 verts=0 texStalls=0 recompiles=1125 underruns=4 overruns=0 sleep_us=10106689 queue_ms=12
vis: 60.0
cpu: exceptions=6931 cacheResets=1 batches=0 verts=0 texStalls=0 recompiles=1125 underruns=4 overruns=0 sleep_us=10373964 queue_ms=18
fps: 5.4
vis: 59.0
cpu: exceptions=7136 cacheResets=1 batches=658 verts=4521 texStalls=0 recompiles=1295 underruns=4 overruns=0 sleep_us=10616432 queue_ms=5
fps: 148.6
vis: 60.0
cpu: exceptions=7410 cacheResets=1 batches=10483 verts=72159 texStalls=0 recompiles=1419 underruns=4 overruns=0 sleep_us=10767789 queue_ms=10
mark: stop reason: chain guest VI limit
mark: stop_it requested
audio: alist_resample_calls=643 alist_resample_samples=78816 alist_zoh_calls=0 alist_zoh_samples=0 musyx_subframes=0 musyx_voices=0 musyx_voice_peak=0
audio_stages: adpcm_calls=643 adpcm_samples=57600 envmix_calls=643 envmix_samples=78816 mix_calls=31250 mix_samples=4170080 musyx_fx_calls=0 musyx_fx_taps=0 output_calls=781 output_samples=417008
audio_envmix: exp_calls=643 ge_calls=0 lin_calls=0 nead_calls=0 exp_steady=570 ge_steady=0 lin_steady=0
audio_gaps: nead_mats=0 nead_efz=0 resample_flag2=0 musyx_ptr10=0
audio_output: stream_requests=4092 stream_fed=1447 input_hz=32006 playback_hz=32006 queue_peak_ms=41
vm_io: read_ahead=1 reads=110 hits=423 read_bytes=3604480 writes=0 write_bytes=0 errors=0
subsystem_time: stage=rsp_gfx calls=652 timed_calls=652 period=1 timed_us=509558
subsystem_time: stage=rsp_audio calls=781 timed_calls=781 period=1 timed_us=160920
subsystem_time: stage=rsp_other calls=0 timed_calls=0 period=1 timed_us=0
subsystem_time: stage=lookup calls=1084267 timed_calls=8537 period=127 timed_us=1557
subsystem_time: stage=compile calls=1420 timed_calls=1420 period=1 timed_us=88500
subsystem_time: stage=dispatch calls=1062065 timed_calls=8362 period=127 timed_us=4309
subsystem_time: stage=execute_inclusive calls=1062065 timed_calls=8362 period=127 timed_us=48129
subsystem_time: stage=rom_copy calls=1098 timed_calls=1098 period=1 timed_us=448321
subsystem_time: stage=present calls=899 timed_calls=899 period=1 timed_us=16911
subsystem_time: stage=limiter calls=863 timed_calls=863 period=1 timed_us=10918506
subsystem_time: stage=vm_fault calls=533 timed_calls=533 period=1 timed_us=440540
subsystem_time: stage=vm_victim calls=533 timed_calls=533 period=1 timed_us=605
subsystem_time: stage=vm_read calls=110 timed_calls=110 period=1 timed_us=415437
subsystem_time: stage=vm_write calls=0 timed_calls=0 period=1 timed_us=0
subsystem_time: stage=tex_hash calls=0 timed_calls=0 period=1 timed_us=0
subsystem_time: stage=tex_lookup calls=0 timed_calls=0 period=1 timed_us=0
subsystem_time: stage=tex_load calls=0 timed_calls=0 period=1 timed_us=0
subsystem_time: stage=tex_activate calls=0 timed_calls=0 period=1 timed_us=0
subsystem_time: stage=draw_triangles calls=0 timed_calls=0 period=1 timed_us=0
subsystem_time: stage=draw_rect calls=0 timed_calls=0 period=1 timed_us=0
subsystem_time: stage=gfx_list calls=652 timed_calls=652 period=1 timed_us=508700
subsystem_time: stage=gfx_command calls=0 timed_calls=0 period=127 timed_us=0
subsystem_time: stage=vertex calls=11190 timed_calls=88 period=127 timed_us=1178
subsystem_time: stage=gfx_state calls=0 timed_calls=0 period=127 timed_us=0
subsystem_time: stage=gx_wait calls=0 timed_calls=0 period=1 timed_us=0
subsystem_time: stage=dma_pi calls=1098 timed_calls=1098 period=1 timed_us=491613
subsystem_time: stage=dma_sp calls=2866 timed_calls=2866 period=1 timed_us=1972
subsystem_time: stage=dma_si calls=2784 timed_calls=2784 period=1 timed_us=12766
subsystem_time: stage=tlb_translate calls=0 timed_calls=0 period=127 timed_us=0
subsystem_time: stage=pif calls=2785 timed_calls=2785 period=1 timed_us=11689
subsystem_time: stage=input calls=2360 timed_calls=2360 period=1 timed_us=9602
subsystem_time: stage=guest_interrupt calls=10464 timed_calls=10464 period=1 timed_us=10985613
subsystem_time: stage=interpreter_inclusive calls=0 timed_calls=0 period=1 timed_us=0
subsystem_time: stage=audio_submit calls=781 timed_calls=781 period=1 timed_us=6918
subsystem_time: stage=audio_callback calls=10120 timed_calls=10120 period=1 timed_us=4709
subsystem_time: stage=memory_slow calls=657702 timed_calls=5178 period=127 timed_us=9683
subsystem_time: stage=jit_invalidate calls=12334716 timed_calls=97123 period=127 timed_us=4987
audio_time: stage=resample sampled_calls=5 sampled_samples=656 sampled_us=28
audio_time: stage=zoh sampled_calls=0 sampled_samples=0 sampled_us=0
audio_time: stage=adpcm sampled_calls=5 sampled_samples=496 sampled_us=24
audio_time: stage=envmix_exp sampled_calls=5 sampled_samples=656 sampled_us=60
audio_time: stage=envmix_ge sampled_calls=0 sampled_samples=0 sampled_us=0
audio_time: stage=envmix_lin sampled_calls=0 sampled_samples=0 sampled_us=0
audio_time: stage=envmix_nead sampled_calls=0 sampled_samples=0 sampled_us=0
audio_time: stage=mix sampled_calls=246 sampled_samples=32752 sampled_us=531
audio_time: stage=musyx_voice sampled_calls=0 sampled_samples=0 sampled_us=0
audio_time: stage=musyx_fx sampled_calls=0 sampled_samples=0 sampled_us=0
audio_time: stage=output sampled_calls=6 sampled_samples=3168 sampled_us=43
game: n=4/8 how=vis vis=900 vi_rate=60 vi0_retrace=9481 wall_us=15202975 sleep_us=10916224 avg_vis=59.89 avg_fps=57.87 exceptions=7672 cacheResets=1 recompiles=1420 batches=19559 verts=134406 texStalls=0 treeDepthMax=25 underruns=7 overruns=0 queue_peak_ms=24 dsp_avg=1.48 dsp_peak=1.90 pmc1=2685992448 pmc2=3005955607 pmc3=0 pmc4=0 mmcr0=00000042 mmcr1=00000000 heap_used=10467904 heap_free=79624 arena1_free=323584 arena2_free=577472 flushes=3 flush_us=33983 padtrace=4 rom=sd:/wii64/roms/Mario Party.v64
=== chain 4/8 end vis=900 how=vis rom=sd:/wii64/roms/Mario Party.v64 ===
mark: pad replay records: 11
mark: loadROM: enter
mark: loadROM: before rom_read
mark: ROMCache_load: enter
mark: ROMCache_load: before first read
mark: ROMCache_load: first read returned
mark: ROMCache_load: byte_swap_type set
mark: ROMCache_load: first byte_swap done
menufps: 0.1
menufps: 8.4
menufps: 8.1
menufps: 8.0
menufps: 8.1
menufps: 8.1
menufps: 8.0
menufps: 2.8
menufps: 1.3
menufps: 1.2
menufps: 1.2
menufps: 1.2
menufps: 1.2
menufps: 1.2
menufps: 3.6
menufps: 8.0
menufps: 8.1
menufps: 8.1
menufps: 8.1
mark: ROMCache_load: loop exited normally
mark: ROMCache_load: preflush_us=17292088 writes=2040 bytes=16711680
mark: ROMCache_load: elapsed_us=29994944 bytes=33554432 vm=1
mark: loadROM: after rom_read
mark: loadROM: before init_memory
mark: loadROM: after init_memory
mark: loadROM: before romOpen_gfx
mark: loadROM: after romOpen_gfx / before romOpen_audio
mark: loadROM: after romOpen_audio / before romOpen_input
mark: loadROM: after romOpen_input / before cpu_init
mark: loadROM: after cpu_init
menufps: 0.2
menufps: 0.7
fps: 2.2
first_vi: vi0_retrace=12404
vis: 0.9
cpu: exceptions=0 cacheResets=0 batches=0 verts=0 texStalls=0 recompiles=0 underruns=0 overruns=0 sleep_us=0 queue_ms=0
mark: CPU core dispatch: dynarec
vis: 50.0
cpu: exceptions=417 cacheResets=1 batches=0 verts=0 texStalls=0 recompiles=309 underruns=0 overruns=0 sleep_us=159215 queue_ms=0
vis: 50.0
cpu: exceptions=657 cacheResets=1 batches=0 verts=0 texStalls=0 recompiles=309 underruns=0 overruns=0 sleep_us=650363 queue_ms=0
vis: 50.0
cpu: exceptions=3132 cacheResets=1 batches=0 verts=0 texStalls=0 recompiles=333 underruns=0 overruns=0 sleep_us=1078299 queue_ms=0
vis: 50.0
cpu: exceptions=3372 cacheResets=1 batches=0 verts=0 texStalls=0 recompiles=333 underruns=0 overruns=0 sleep_us=1568836 queue_ms=0
fps: 0.4
vis: 48.8
cpu: exceptions=3640 cacheResets=1 batches=0 verts=0 texStalls=0 recompiles=924 underruns=2 overruns=0 sleep_us=1872643 queue_ms=11
fps: 34.8
vis: 50.0
cpu: exceptions=3788 cacheResets=1 batches=0 verts=0 texStalls=8 recompiles=965 underruns=2 overruns=0 sleep_us=2276282 queue_ms=9
fps: 50.0
vis: 50.0
cpu: exceptions=3940 cacheResets=1 batches=0 verts=0 texStalls=8 recompiles=965 underruns=2 overruns=0 sleep_us=2685025 queue_ms=14
fps: 50.0
vis: 50.0
cpu: exceptions=4088 cacheResets=1 batches=0 verts=0 texStalls=8 recompiles=972 underruns=2 overruns=0 sleep_us=3098103 queue_ms=11
fps: 50.0
vis: 50.0
cpu: exceptions=4240 cacheResets=1 batches=0 verts=0 texStalls=8 recompiles=972 underruns=2 overruns=0 sleep_us=3506882 queue_ms=17
fps: 50.0
vis: 50.0
cpu: exceptions=4388 cacheResets=1 batches=0 verts=0 texStalls=8 recompiles=972 underruns=2 overruns=0 sleep_us=3920473 queue_ms=15
fps: 50.0
vis: 50.0
cpu: exceptions=4540 cacheResets=1 batches=0 verts=0 texStalls=8 recompiles=972 underruns=2 overruns=0 sleep_us=4329426 queue_ms=20
fps: 50.0
vis: 50.0
cpu: exceptions=4688 cacheResets=1 batches=0 verts=0 texStalls=8 recompiles=972 underruns=2 overruns=0 sleep_us=4742980 queue_ms=17
fps: 49.9
vis: 50.0
cpu: exceptions=4846 cacheResets=1 batches=0 verts=0 texStalls=8 recompiles=1001 underruns=2 overruns=0 sleep_us=5135266 queue_ms=24
fps: 50.0
vis: 50.0
cpu: exceptions=4994 cacheResets=1 batches=0 verts=0 texStalls=8 recompiles=1002 underruns=2 overruns=0 sleep_us=5541957 queue_ms=21
fps: 50.0
vis: 50.0
cpu: exceptions=5146 cacheResets=1 batches=0 verts=0 texStalls=8 recompiles=1002 underruns=2 overruns=0 sleep_us=5943655 queue_ms=27
fps: 50.0
vis: 50.0
cpu: exceptions=5294 cacheResets=1 batches=0 verts=0 texStalls=8 recompiles=1002 underruns=2 overruns=0 sleep_us=6350468 queue_ms=23
fps: 50.0
vis: 50.0
cpu: exceptions=5446 cacheResets=1 batches=0 verts=0 texStalls=8 recompiles=1002 underruns=2 overruns=0 sleep_us=6751972 queue_ms=21
vis: 50.0
cpu: exceptions=5594 cacheResets=1 batches=0 verts=0 texStalls=8 recompiles=1002 underruns=2 overruns=0 sleep_us=7158785 queue_ms=27
fps: 50.0
vis: 50.0
cpu: exceptions=5746 cacheResets=1 batches=0 verts=0 texStalls=8 recompiles=1002 underruns=2 overruns=0 sleep_us=7560267 queue_ms=23
fps: 48.5
vis: 50.0
cpu: exceptions=5894 cacheResets=1 batches=0 verts=0 texStalls=8 recompiles=1002 underruns=2 overruns=0 sleep_us=7967134 queue_ms=13
fps: 50.0
vis: 50.0
cpu: exceptions=6046 cacheResets=1 batches=0 verts=0 texStalls=8 recompiles=1002 underruns=2 overruns=0 sleep_us=8368836 queue_ms=10
fps: 50.0
vis: 50.0
cpu: exceptions=6194 cacheResets=1 batches=0 verts=0 texStalls=8 recompiles=1002 underruns=2 overruns=0 sleep_us=8775827 queue_ms=15
fps: 50.0
vis: 50.0
cpu: exceptions=6346 cacheResets=1 batches=0 verts=0 texStalls=8 recompiles=1002 underruns=2 overruns=0 sleep_us=9177553 queue_ms=12
fps: 50.0
vis: 50.0
cpu: exceptions=6494 cacheResets=1 batches=0 verts=0 texStalls=8 recompiles=1002 underruns=2 overruns=0 sleep_us=9584320 queue_ms=18
fps: 50.0
vis: 50.0
cpu: exceptions=6649 cacheResets=1 batches=0 verts=0 texStalls=8 recompiles=1143 underruns=2 overruns=0 sleep_us=9969677 queue_ms=15
fps: 50.0
vis: 50.0
cpu: exceptions=6801 cacheResets=1 batches=0 verts=0 texStalls=8 recompiles=1143 underruns=2 overruns=0 sleep_us=10369456 queue_ms=21
vis: 50.0
cpu: exceptions=7067 cacheResets=1 batches=0 verts=0 texStalls=8 recompiles=1208 underruns=2 overruns=0 sleep_us=10916229 queue_ms=35
fps: 34.9
vis: 50.0
cpu: exceptions=7254 cacheResets=1 batches=0 verts=0 texStalls=8 recompiles=1253 underruns=3 overruns=0 sleep_us=11304115 queue_ms=11
fps: 43.9
vis: 50.0
cpu: exceptions=7402 cacheResets=1 batches=0 verts=0 texStalls=8 recompiles=1254 underruns=3 overruns=0 sleep_us=11748788 queue_ms=8
fps: 50.0
vis: 50.0
cpu: exceptions=7554 cacheResets=1 batches=0 verts=0 texStalls=8 recompiles=1254 underruns=3 overruns=0 sleep_us=12191495 queue_ms=13
fps: 50.0
vis: 50.0
cpu: exceptions=7702 cacheResets=1 batches=0 verts=0 texStalls=8 recompiles=1256 underruns=3 overruns=0 sleep_us=12636420 queue_ms=11
fps: 50.0
vis: 50.0
cpu: exceptions=7854 cacheResets=1 batches=0 verts=0 texStalls=8 recompiles=1256 underruns=3 overruns=0 sleep_us=13079473 queue_ms=9
fps: 50.0
vis: 50.0
cpu: exceptions=8002 cacheResets=1 batches=0 verts=0 texStalls=8 recompiles=1256 underruns=3 overruns=0 sleep_us=13524787 queue_ms=14
fps: 50.0
vis: 50.0
cpu: exceptions=8153 cacheResets=1 batches=0 verts=0 texStalls=8 recompiles=1258 underruns=3 overruns=0 sleep_us=13967265 queue_ms=11
fps: 50.1
vis: 50.0
cpu: exceptions=8302 cacheResets=1 batches=0 verts=0 texStalls=8 recompiles=1258 underruns=3 overruns=0 sleep_us=14383597 queue_ms=17
fps: 46.1
mark: stop reason: chain guest VI limit
mark: stop_it requested
audio: alist_resample_calls=262 alist_resample_samples=38912 alist_zoh_calls=0 alist_zoh_samples=0 musyx_subframes=0 musyx_voices=0 musyx_voice_peak=0
audio_stages: adpcm_calls=262 adpcm_samples=26816 envmix_calls=262 envmix_samples=38912 mix_calls=34450 mix_samples=5036320 musyx_fx_calls=0 musyx_fx_taps=0 output_calls=784 output_samples=503008
audio_envmix: exp_calls=262 ge_calls=0 lin_calls=0 nead_calls=0 exp_steady=262 ge_steady=0 lin_steady=0
audio_gaps: nead_mats=0 nead_efz=0 resample_flag2=0 musyx_ptr10=0
audio_output: stream_requests=4521 stream_fed=1746 input_hz=31995 playback_hz=31995 queue_peak_ms=61
vm_io: read_ahead=1 reads=44 hits=235 read_bytes=1441792 writes=0 write_bytes=0 errors=0
subsystem_time: stage=rsp_gfx calls=766 timed_calls=766 period=1 timed_us=470913
subsystem_time: stage=rsp_audio calls=785 timed_calls=785 period=1 timed_us=181932
subsystem_time: stage=rsp_other calls=0 timed_calls=0 period=1 timed_us=0
subsystem_time: stage=lookup calls=1426677 timed_calls=11233 period=127 timed_us=1990
subsystem_time: stage=compile calls=1258 timed_calls=1258 period=1 timed_us=77209
subsystem_time: stage=dispatch calls=1415960 timed_calls=11149 period=127 timed_us=4391
subsystem_time: stage=execute_inclusive calls=1415960 timed_calls=11149 period=127 timed_us=115924
subsystem_time: stage=rom_copy calls=124 timed_calls=124 period=1 timed_us=183568
subsystem_time: stage=present calls=899 timed_calls=899 period=1 timed_us=21658
subsystem_time: stage=limiter calls=876 timed_calls=876 period=1 timed_us=14651241
subsystem_time: stage=vm_fault calls=279 timed_calls=279 period=1 timed_us=177380
subsystem_time: stage=vm_victim calls=279 timed_calls=279 period=1 timed_us=289
subsystem_time: stage=vm_read calls=44 timed_calls=44 period=1 timed_us=164307
subsystem_time: stage=vm_write calls=0 timed_calls=0 period=1 timed_us=0
subsystem_time: stage=tex_hash calls=0 timed_calls=0 period=1 timed_us=0
subsystem_time: stage=tex_lookup calls=0 timed_calls=0 period=1 timed_us=0
subsystem_time: stage=tex_load calls=0 timed_calls=0 period=1 timed_us=0
subsystem_time: stage=tex_activate calls=0 timed_calls=0 period=1 timed_us=0
subsystem_time: stage=draw_triangles calls=0 timed_calls=0 period=1 timed_us=0
subsystem_time: stage=draw_rect calls=0 timed_calls=0 period=1 timed_us=0
subsystem_time: stage=gfx_list calls=766 timed_calls=766 period=1 timed_us=469934
subsystem_time: stage=gfx_command calls=0 timed_calls=0 period=127 timed_us=0
subsystem_time: stage=vertex calls=0 timed_calls=0 period=127 timed_us=0
subsystem_time: stage=gfx_state calls=0 timed_calls=0 period=127 timed_us=0
subsystem_time: stage=gx_wait calls=0 timed_calls=0 period=1 timed_us=0
subsystem_time: stage=dma_pi calls=124 timed_calls=124 period=1 timed_us=214752
subsystem_time: stage=dma_sp calls=3102 timed_calls=3102 period=1 timed_us=2120
subsystem_time: stage=dma_si calls=4122 timed_calls=4122 period=1 timed_us=17232
subsystem_time: stage=tlb_translate calls=0 timed_calls=0 period=127 timed_us=0
subsystem_time: stage=pif calls=4123 timed_calls=4123 period=1 timed_us=15274
subsystem_time: stage=input calls=3180 timed_calls=3180 period=1 timed_us=12507
subsystem_time: stage=guest_interrupt calls=10675 timed_calls=10675 period=1 timed_us=14742783
subsystem_time: stage=interpreter_inclusive calls=0 timed_calls=0 period=1 timed_us=0
subsystem_time: stage=audio_submit calls=784 timed_calls=784 period=1 timed_us=8928
subsystem_time: stage=audio_callback calls=12037 timed_calls=12037 period=1 timed_us=5447
subsystem_time: stage=memory_slow calls=438919 timed_calls=3456 period=127 timed_us=3358
subsystem_time: stage=jit_invalidate calls=6125477 timed_calls=48232 period=127 timed_us=2561
audio_time: stage=resample sampled_calls=2 sampled_samples=304 sampled_us=12
audio_time: stage=zoh sampled_calls=0 sampled_samples=0 sampled_us=0
audio_time: stage=adpcm sampled_calls=2 sampled_samples=208 sampled_us=8
audio_time: stage=envmix_exp sampled_calls=2 sampled_samples=304 sampled_us=25
audio_time: stage=envmix_ge sampled_calls=0 sampled_samples=0 sampled_us=0
audio_time: stage=envmix_lin sampled_calls=0 sampled_samples=0 sampled_us=0
audio_time: stage=envmix_nead sampled_calls=0 sampled_samples=0 sampled_us=0
audio_time: stage=mix sampled_calls=271 sampled_samples=39248 sampled_us=629
audio_time: stage=musyx_voice sampled_calls=0 sampled_samples=0 sampled_us=0
audio_time: stage=musyx_fx sampled_calls=0 sampled_samples=0 sampled_us=0
audio_time: stage=output sampled_calls=6 sampled_samples=3856 sampled_us=58
game: n=5/8 how=vis vis=900 vi_rate=50 vi0_retrace=12404 wall_us=18168573 sleep_us=14648885 avg_vis=48.60 avg_fps=45.51 exceptions=8399 cacheResets=1 recompiles=1258 batches=0 verts=0 texStalls=8 treeDepthMax=17 underruns=4 overruns=0 queue_peak_ms=35 dsp_avg=1.46 dsp_peak=1.60 pmc1=2311692870 pmc2=2339070168 pmc3=0 pmc4=0 mmcr0=00000042 mmcr1=00000000 heap_used=10455520 heap_free=92008 arena1_free=323584 arena2_free=577472 flushes=3 flush_us=49258 padtrace=4 rom=sd:/wii64/roms/Mario Party 2 (E) (M5) [!].z64
=== chain 5/8 end vis=900 how=vis rom=sd:/wii64/roms/Mario Party 2 (E) (M5) [!].z64 ===
mark: pad replay records: 11
mark: loadROM: enter
mark: loadROM: before rom_read
mark: ROMCache_load: enter
mark: ROMCache_load: before first read
mark: ROMCache_load: first read returned
mark: ROMCache_load: byte_swap_type set
mark: ROMCache_load: first byte_swap done
menufps: 0.1
menufps: 8.5
menufps: 8.3
menufps: 8.3
menufps: 8.3
menufps: 8.3
menufps: 7.7
menufps: 2.1
menufps: 1.3
menufps: 1.3
menufps: 1.3
menufps: 1.3
menufps: 1.3
menufps: 1.2
menufps: 3.7
menufps: 8.3
menufps: 8.4
menufps: 8.3
menufps: 8.3
mark: ROMCache_load: loop exited normally
mark: ROMCache_load: preflush_us=17252704 writes=2040 bytes=16711680
mark: ROMCache_load: elapsed_us=29686002 bytes=33554432 vm=1
mark: loadROM: after rom_read
mark: loadROM: before init_memory
mark: loadROM: after init_memory
mark: loadROM: before romOpen_gfx
mark: loadROM: after romOpen_gfx / before romOpen_audio
mark: loadROM: after romOpen_audio / before romOpen_input
mark: loadROM: after romOpen_input / before cpu_init
mark: loadROM: after cpu_init
menufps: 0.2
menufps: 0.7
fps: 0.2
first_vi: vi0_retrace=15485
vis: 0.5
cpu: exceptions=0 cacheResets=0 batches=0 verts=0 texStalls=0 recompiles=0 underruns=0 overruns=0 sleep_us=0 queue_ms=0
mark: CPU core dispatch: dynarec
vis: 50.0
cpu: exceptions=1752 cacheResets=1 batches=0 verts=0 texStalls=0 recompiles=367 underruns=0 overruns=0 sleep_us=115509 queue_ms=0
fps: 1.3
vis: 50.0
cpu: exceptions=2780 cacheResets=1 batches=0 verts=0 texStalls=0 recompiles=807 underruns=1 overruns=0 sleep_us=459159 queue_ms=38
fps: 34.0
vis: 50.0
cpu: exceptions=2995 cacheResets=1 batches=0 verts=0 texStalls=7 recompiles=1244 underruns=1 overruns=0 sleep_us=747940 queue_ms=26
fps: 48.8
vis: 50.0
cpu: exceptions=3131 cacheResets=1 batches=0 verts=0 texStalls=7 recompiles=1253 underruns=1 overruns=0 sleep_us=1153815 queue_ms=19
fps: 50.2
vis: 50.0
cpu: exceptions=3287 cacheResets=1 batches=0 verts=0 texStalls=7 recompiles=1267 underruns=1 overruns=0 sleep_us=1538415 queue_ms=36
fps: 49.9
vis: 50.0
cpu: exceptions=3447 cacheResets=1 batches=0 verts=0 texStalls=7 recompiles=1269 underruns=1 overruns=0 sleep_us=1917241 queue_ms=38
fps: 50.1
vis: 50.0
cpu: exceptions=3597 cacheResets=1 batches=0 verts=0 texStalls=7 recompiles=1277 underruns=1 overruns=0 sleep_us=2290580 queue_ms=20
fps: 49.8
vis: 50.0
cpu: exceptions=3743 cacheResets=1 batches=0 verts=0 texStalls=7 recompiles=1277 underruns=1 overruns=0 sleep_us=2672239 queue_ms=28
fps: 50.2
vis: 50.0
cpu: exceptions=3896 cacheResets=1 batches=0 verts=0 texStalls=7 recompiles=1278 underruns=1 overruns=0 sleep_us=3051819 queue_ms=36
fps: 49.9
vis: 50.0
cpu: exceptions=4037 cacheResets=1 batches=0 verts=0 texStalls=7 recompiles=1279 underruns=1 overruns=0 sleep_us=3432310 queue_ms=41
fps: 50.1
vis: 50.0
cpu: exceptions=4189 cacheResets=1 batches=0 verts=0 texStalls=7 recompiles=1279 underruns=1 overruns=0 sleep_us=3810744 queue_ms=20
vis: 50.0
cpu: exceptions=4340 cacheResets=1 batches=0 verts=0 texStalls=7 recompiles=1280 underruns=1 overruns=0 sleep_us=4195619 queue_ms=37
fps: 49.8
vis: 50.0
cpu: exceptions=4498 cacheResets=1 batches=0 verts=0 texStalls=7 recompiles=1313 underruns=1 overruns=0 sleep_us=4560676 queue_ms=39
fps: 50.1
vis: 50.0
cpu: exceptions=4646 cacheResets=1 batches=0 verts=0 texStalls=7 recompiles=1315 underruns=1 overruns=0 sleep_us=4931535 queue_ms=50
fps: 50.0
vis: 50.0
cpu: exceptions=4789 cacheResets=1 batches=0 verts=0 texStalls=7 recompiles=1318 underruns=1 overruns=0 sleep_us=5300939 queue_ms=29
fps: 50.0
vis: 50.0
cpu: exceptions=4926 cacheResets=1 batches=0 verts=0 texStalls=7 recompiles=1318 underruns=1 overruns=0 sleep_us=5677437 queue_ms=40
fps: 50.0
vis: 50.0
cpu: exceptions=5070 cacheResets=1 batches=0 verts=0 texStalls=7 recompiles=1318 underruns=1 overruns=0 sleep_us=6056793 queue_ms=47
fps: 50.1
vis: 50.0
cpu: exceptions=5214 cacheResets=1 batches=0 verts=0 texStalls=7 recompiles=1318 underruns=1 overruns=0 sleep_us=6442980 queue_ms=53
fps: 49.9
vis: 50.0
cpu: exceptions=5362 cacheResets=1 batches=0 verts=0 texStalls=7 recompiles=1318 underruns=1 overruns=0 sleep_us=6821197 queue_ms=32
fps: 50.1
vis: 50.0
cpu: exceptions=5508 cacheResets=1 batches=0 verts=0 texStalls=7 recompiles=1318 underruns=1 overruns=0 sleep_us=7199684 queue_ms=39
fps: 49.9
vis: 50.0
cpu: exceptions=5652 cacheResets=1 batches=0 verts=0 texStalls=7 recompiles=1318 underruns=1 overruns=0 sleep_us=7576129 queue_ms=50
fps: 50.0
vis: 50.0
cpu: exceptions=5793 cacheResets=1 batches=0 verts=0 texStalls=7 recompiles=1318 underruns=1 overruns=0 sleep_us=7958451 queue_ms=52
fps: 49.9
vis: 50.0
cpu: exceptions=5948 cacheResets=1 batches=0 verts=0 texStalls=7 recompiles=1318 underruns=1 overruns=0 sleep_us=8333788 queue_ms=40
fps: 48.8
vis: 50.0
cpu: exceptions=6098 cacheResets=1 batches=0 verts=0 texStalls=7 recompiles=1318 underruns=1 overruns=0 sleep_us=8705076 queue_ms=33
fps: 49.9
vis: 50.0
cpu: exceptions=6254 cacheResets=1 batches=0 verts=0 texStalls=7 recompiles=1425 underruns=1 overruns=0 sleep_us=9062695 queue_ms=41
fps: 50.1
vis: 50.0
cpu: exceptions=6438 cacheResets=1 batches=0 verts=0 texStalls=7 recompiles=1436 underruns=1 overruns=0 sleep_us=9430593 queue_ms=52
fps: 50.1
vis: 50.0
cpu: exceptions=6584 cacheResets=1 batches=0 verts=0 texStalls=7 recompiles=1457 underruns=1 overruns=0 sleep_us=9852282 queue_ms=25
fps: 46.5
vis: 50.0
cpu: exceptions=6756 cacheResets=1 batches=0 verts=0 texStalls=7 recompiles=1475 underruns=1 overruns=0 sleep_us=10254836 queue_ms=33
fps: 50.0
vis: 50.0
cpu: exceptions=6896 cacheResets=1 batches=0 verts=0 texStalls=7 recompiles=1475 underruns=1 overruns=0 sleep_us=10704360 queue_ms=44
fps: 50.0
vis: 50.0
cpu: exceptions=7031 cacheResets=1 batches=0 verts=0 texStalls=7 recompiles=1477 underruns=1 overruns=0 sleep_us=11155757 queue_ms=46
fps: 50.0
vis: 50.0
cpu: exceptions=7171 cacheResets=1 batches=0 verts=0 texStalls=7 recompiles=1477 underruns=1 overruns=0 sleep_us=11605972 queue_ms=34
fps: 50.0
vis: 50.0
cpu: exceptions=7307 cacheResets=1 batches=0 verts=0 texStalls=7 recompiles=1477 underruns=1 overruns=0 sleep_us=12057981 queue_ms=36
fps: 50.0
vis: 50.0
cpu: exceptions=7446 cacheResets=1 batches=0 verts=0 texStalls=7 recompiles=1482 underruns=1 overruns=0 sleep_us=12507772 queue_ms=53
fps: 50.1
vis: 50.0
cpu: exceptions=7581 cacheResets=1 batches=0 verts=0 texStalls=7 recompiles=1484 underruns=1 overruns=0 sleep_us=12963873 queue_ms=55
fps: 46.0
vis: 50.0
cpu: exceptions=7722 cacheResets=1 batches=0 verts=0 texStalls=7 recompiles=1484 underruns=1 overruns=0 sleep_us=13379954 queue_ms=37
fps: 50.0
mark: stop reason: chain guest VI limit
mark: stop_it requested
audio: alist_resample_calls=19920 alist_resample_samples=3665280 alist_zoh_calls=0 alist_zoh_samples=0 musyx_subframes=0 musyx_voices=0 musyx_voice_peak=0
audio_stages: adpcm_calls=20583 adpcm_samples=3302304 envmix_calls=19920 envmix_samples=3665280 mix_calls=30350 mix_samples=5584400 musyx_fx_calls=0 musyx_fx_taps=0 output_calls=652 output_samples=557520
audio_envmix: exp_calls=0 ge_calls=0 lin_calls=19920 nead_calls=0 exp_steady=0 ge_steady=0 lin_steady=10752
audio_gaps: nead_mats=0 nead_efz=0 resample_flag2=0 musyx_ptr10=0
audio_output: stream_requests=3806 stream_fed=1933 input_hz=31995 playback_hz=31995 queue_peak_ms=85
vm_io: read_ahead=1 reads=44 hits=253 read_bytes=1441792 writes=0 write_bytes=0 errors=0
subsystem_time: stage=rsp_gfx calls=848 timed_calls=848 period=1 timed_us=498574
subsystem_time: stage=rsp_audio calls=653 timed_calls=653 period=1 timed_us=821859
subsystem_time: stage=rsp_other calls=0 timed_calls=0 period=1 timed_us=0
subsystem_time: stage=lookup calls=1453124 timed_calls=11441 period=127 timed_us=2117
subsystem_time: stage=compile calls=1485 timed_calls=1485 period=1 timed_us=94007
subsystem_time: stage=dispatch calls=1449853 timed_calls=11416 period=127 timed_us=4663
subsystem_time: stage=execute_inclusive calls=1449853 timed_calls=11416 period=127 timed_us=158523
subsystem_time: stage=rom_copy calls=724 timed_calls=724 period=1 timed_us=193751
subsystem_time: stage=present calls=899 timed_calls=899 period=1 timed_us=23351
subsystem_time: stage=limiter calls=876 timed_calls=876 period=1 timed_us=13798297
subsystem_time: stage=vm_fault calls=297 timed_calls=297 period=1 timed_us=178615
subsystem_time: stage=vm_victim calls=297 timed_calls=297 period=1 timed_us=308
subsystem_time: stage=vm_read calls=44 timed_calls=44 period=1 timed_us=164699
subsystem_time: stage=vm_write calls=0 timed_calls=0 period=1 timed_us=0
subsystem_time: stage=tex_hash calls=0 timed_calls=0 period=1 timed_us=0
subsystem_time: stage=tex_lookup calls=0 timed_calls=0 period=1 timed_us=0
subsystem_time: stage=tex_load calls=0 timed_calls=0 period=1 timed_us=0
subsystem_time: stage=tex_activate calls=0 timed_calls=0 period=1 timed_us=0
subsystem_time: stage=draw_triangles calls=0 timed_calls=0 period=1 timed_us=0
subsystem_time: stage=draw_rect calls=0 timed_calls=0 period=1 timed_us=0
subsystem_time: stage=gfx_list calls=848 timed_calls=848 period=1 timed_us=497497
subsystem_time: stage=gfx_command calls=0 timed_calls=0 period=127 timed_us=0
subsystem_time: stage=vertex calls=0 timed_calls=0 period=127 timed_us=0
subsystem_time: stage=gfx_state calls=0 timed_calls=0 period=127 timed_us=0
subsystem_time: stage=gx_wait calls=0 timed_calls=0 period=1 timed_us=0
subsystem_time: stage=dma_pi calls=724 timed_calls=724 period=1 timed_us=250410
subsystem_time: stage=dma_sp calls=3002 timed_calls=3002 period=1 timed_us=2386
subsystem_time: stage=dma_si calls=3519 timed_calls=3519 period=1 timed_us=18257
subsystem_time: stage=tlb_translate calls=0 timed_calls=0 period=127 timed_us=0
subsystem_time: stage=pif calls=3520 timed_calls=3520 period=1 timed_us=16468
subsystem_time: stage=input calls=3508 timed_calls=3508 period=1 timed_us=13612
subsystem_time: stage=guest_interrupt calls=10565 timed_calls=10565 period=1 timed_us=13880207
subsystem_time: stage=interpreter_inclusive calls=0 timed_calls=0 period=1 timed_us=0
subsystem_time: stage=audio_submit calls=652 timed_calls=652 period=1 timed_us=9694
subsystem_time: stage=audio_callback calls=11320 timed_calls=11320 period=1 timed_us=6532
subsystem_time: stage=memory_slow calls=492683 timed_calls=3879 period=127 timed_us=8399
subsystem_time: stage=jit_invalidate calls=7098160 timed_calls=55891 period=127 timed_us=3067
audio_time: stage=resample sampled_calls=156 sampled_samples=28704 sampled_us=1125
audio_time: stage=zoh sampled_calls=0 sampled_samples=0 sampled_us=0
audio_time: stage=adpcm sampled_calls=162 sampled_samples=27264 sampled_us=1115
audio_time: stage=envmix_exp sampled_calls=0 sampled_samples=0 sampled_us=0
audio_time: stage=envmix_ge sampled_calls=0 sampled_samples=0 sampled_us=0
audio_time: stage=envmix_lin sampled_calls=156 sampled_samples=28704 sampled_us=2923
audio_time: stage=envmix_nead sampled_calls=0 sampled_samples=0 sampled_us=0
audio_time: stage=mix sampled_calls=238 sampled_samples=43792 sampled_us=724
audio_time: stage=musyx_voice sampled_calls=0 sampled_samples=0 sampled_us=0
audio_time: stage=musyx_fx sampled_calls=0 sampled_samples=0 sampled_us=0
audio_time: stage=output sampled_calls=5 sampled_samples=4232 sampled_us=66
game: n=6/8 how=vis vis=900 vi_rate=50 vi0_retrace=15485 wall_us=18168892 sleep_us=13795537 avg_vis=48.63 avg_fps=46.46 exceptions=7855 cacheResets=1 recompiles=1485 batches=0 verts=0 texStalls=7 treeDepthMax=18 underruns=1 overruns=0 queue_peak_ms=55 dsp_avg=1.50 dsp_peak=1.65 pmc1=2942137443 pmc2=2993780113 pmc3=0 pmc4=0 mmcr0=00000042 mmcr1=00000000 heap_used=10467776 heap_free=79752 arena1_free=323584 arena2_free=577472 flushes=4 flush_us=41884 padtrace=4 rom=sd:/wii64/roms/Mario Party 3 (E) (M4) [!].z64
=== chain 6/8 end vis=900 how=vis rom=sd:/wii64/roms/Mario Party 3 (E) (M4) [!].z64 ===
mark: pad replay records: 1
mark: loadROM: enter
mark: loadROM: before rom_read
mark: ROMCache_load: enter
mark: ROMCache_load: before first read
mark: ROMCache_load: first read returned
mark: ROMCache_load: byte_swap_type set
mark: ROMCache_load: first byte_swap done
menufps: 0.1
menufps: 8.5
menufps: 8.3
menufps: 8.0
menufps: 8.1
menufps: 8.0
menufps: 7.5
mark: ROMCache_load: loop exited normally
mark: ROMCache_load: elapsed_us=3808939 bytes=16777216 vm=0
mark: loadROM: after rom_read
mark: loadROM: before init_memory
mark: loadROM: after init_memory
mark: loadROM: before romOpen_gfx
mark: loadROM: after romOpen_gfx / before romOpen_audio
mark: loadROM: after romOpen_audio / before romOpen_input
mark: loadROM: after romOpen_input / before cpu_init
mark: loadROM: after cpu_init
menufps: 6.3
menufps: 0.7
fps: 0.3
first_vi: vi0_retrace=17015
vis: 3.1
cpu: exceptions=0 cacheResets=0 batches=0 verts=0 texStalls=0 recompiles=0 underruns=0 overruns=0 sleep_us=0 queue_ms=0
mark: CPU core dispatch: dynarec
vis: 60.0
cpu: exceptions=1473 cacheResets=1 batches=0 verts=0 texStalls=0 recompiles=421 underruns=0 overruns=0 sleep_us=97858 queue_ms=166
fps: 3.1
vis: 60.0
cpu: exceptions=2357 cacheResets=1 batches=0 verts=0 texStalls=0 recompiles=425 underruns=0 overruns=0 sleep_us=460331 queue_ms=169
fps: 60.7
vis: 60.0
cpu: exceptions=2627 cacheResets=1 batches=0 verts=0 texStalls=0 recompiles=425 underruns=0 overruns=0 sleep_us=886527 queue_ms=165
fps: 60.0
vis: 60.0
cpu: exceptions=2920 cacheResets=1 batches=0 verts=0 texStalls=0 recompiles=468 underruns=0 overruns=0 sleep_us=1298599 queue_ms=171
vis: 60.0
cpu: exceptions=3300 cacheResets=1 batches=0 verts=0 texStalls=0 recompiles=468 underruns=0 overruns=0 sleep_us=1650648 queue_ms=166
fps: 14.8
vis: 56.9
cpu: exceptions=3648 cacheResets=1 batches=1081 verts=20559 texStalls=0 recompiles=742 underruns=0 overruns=0 sleep_us=1824802 queue_ms=147
fps: 62.4
vis: 60.0
cpu: exceptions=3939 cacheResets=1 batches=4004 verts=76224 texStalls=0 recompiles=763 underruns=0 overruns=0 sleep_us=1991123 queue_ms=142
fps: 58.9
vis: 60.0
cpu: exceptions=4236 cacheResets=1 batches=7106 verts=132540 texStalls=0 recompiles=775 underruns=0 overruns=0 sleep_us=2159746 queue_ms=129
fps: 60.0
vis: 60.0
cpu: exceptions=4533 cacheResets=1 batches=10252 verts=188913 texStalls=0 recompiles=775 underruns=0 overruns=0 sleep_us=2328201 queue_ms=135
fps: 60.0
vis: 60.0
cpu: exceptions=4824 cacheResets=1 batches=13324 verts=244038 texStalls=0 recompiles=775 underruns=0 overruns=0 sleep_us=2500401 queue_ms=131
fps: 60.0
vis: 60.0
cpu: exceptions=5114 cacheResets=1 batches=16403 verts=298659 texStalls=0 recompiles=775 underruns=0 overruns=0 sleep_us=2674565 queue_ms=137
fps: 60.0
vis: 60.0
cpu: exceptions=5408 cacheResets=1 batches=19577 verts=354252 texStalls=0 recompiles=775 underruns=0 overruns=0 sleep_us=2845098 queue_ms=132
fps: 60.0
vis: 60.0
cpu: exceptions=5696 cacheResets=1 batches=22870 verts=410217 texStalls=0 recompiles=777 underruns=0 overruns=0 sleep_us=3018162 queue_ms=129
fps: 60.0
vis: 60.0
cpu: exceptions=6236 cacheResets=1 batches=29166 verts=512193 texStalls=0 recompiles=777 underruns=0 overruns=0 sleep_us=3314213 queue_ms=137
fps: 60.0
vis: 60.0
cpu: exceptions=6532 cacheResets=1 batches=32849 verts=568368 texStalls=0 recompiles=777 underruns=0 overruns=0 sleep_us=3474977 queue_ms=142
fps: 60.0
vis: 60.0
cpu: exceptions=6829 cacheResets=1 batches=36753 verts=622737 texStalls=0 recompiles=777 underruns=0 overruns=0 sleep_us=3633243 queue_ms=139
fps: 60.0
vis: 60.0
cpu: exceptions=7123 cacheResets=1 batches=40767 verts=676380 texStalls=0 recompiles=777 underruns=0 overruns=0 sleep_us=3791525 queue_ms=134
fps: 60.0
vis: 60.0
cpu: exceptions=7414 cacheResets=1 batches=44732 verts=729027 texStalls=0 recompiles=777 underruns=0 overruns=0 sleep_us=3953119 queue_ms=140
fps: 60.0
vis: 60.0
cpu: exceptions=7705 cacheResets=1 batches=48774 verts=781971 texStalls=0 recompiles=777 underruns=0 overruns=0 sleep_us=4115108 queue_ms=137
fps: 60.0
vis: 60.0
cpu: exceptions=7991 cacheResets=1 batches=52799 verts=835239 texStalls=0 recompiles=777 underruns=0 overruns=0 sleep_us=4282310 queue_ms=141
fps: 60.0
vis: 60.0
cpu: exceptions=8289 cacheResets=1 batches=56928 verts=890028 texStalls=0 recompiles=777 underruns=0 overruns=0 sleep_us=4444486 queue_ms=138
fps: 60.0
vis: 60.0
cpu: exceptions=8581 cacheResets=1 batches=61158 verts=945312 texStalls=0 recompiles=777 underruns=0 overruns=0 sleep_us=4597271 queue_ms=143
fps: 60.0
vis: 60.0
cpu: exceptions=8894 cacheResets=1 batches=65509 verts=1002036 texStalls=0 recompiles=777 underruns=0 overruns=0 sleep_us=4734916 queue_ms=139
fps: 60.0
vis: 60.0
cpu: exceptions=9211 cacheResets=1 batches=70077 verts=1062339 texStalls=0 recompiles=777 underruns=0 overruns=0 sleep_us=4867635 queue_ms=136
fps: 60.0
vis: 60.0
cpu: exceptions=9527 cacheResets=1 batches=74643 verts=1123776 texStalls=0 recompiles=777 underruns=0 overruns=0 sleep_us=5001634 queue_ms=141
fps: 60.0
vis: 60.0
cpu: exceptions=9843 cacheResets=1 batches=79308 verts=1186392 texStalls=0 recompiles=777 underruns=0 overruns=0 sleep_us=5134172 queue_ms=137
fps: 60.0
vis: 60.0
cpu: exceptions=10152 cacheResets=1 batches=84012 verts=1250085 texStalls=0 recompiles=777 underruns=0 overruns=0 sleep_us=5269574 queue_ms=143
fps: 58.3
vis: 60.0
cpu: exceptions=10463 cacheResets=1 batches=88860 verts=1316808 texStalls=0 recompiles=777 underruns=0 overruns=0 sleep_us=5405647 queue_ms=130
fps: 59.8
vis: 60.0
cpu: exceptions=10772 cacheResets=1 batches=95302 verts=1432500 texStalls=0 recompiles=777 underruns=0 overruns=0 sleep_us=5497430 queue_ms=126
fps: 60.0
mark: stop reason: chain guest VI limit
mark: stop_it requested
audio: alist_resample_calls=10077 alist_resample_samples=1250096 alist_zoh_calls=0 alist_zoh_samples=0 musyx_subframes=0 musyx_voices=0 musyx_voice_peak=0
audio_stages: adpcm_calls=9759 adpcm_samples=1154016 envmix_calls=10077 envmix_samples=1250096 mix_calls=79024 mix_samples=10544864 musyx_fx_calls=0 musyx_fx_taps=0 output_calls=897 output_samples=478768
audio_envmix: exp_calls=10077 ge_calls=0 lin_calls=0 nead_calls=0 exp_steady=5510 ge_steady=0 lin_steady=0
audio_gaps: nead_mats=0 nead_efz=0 resample_flag2=0 musyx_ptr10=0
audio_output: stream_requests=3320 stream_fed=1651 input_hz=32006 playback_hz=32006 queue_peak_ms=190
vm_io: read_ahead=1 reads=0 hits=0 read_bytes=0 writes=0 write_bytes=0 errors=0
subsystem_time: stage=rsp_gfx calls=810 timed_calls=810 period=1 timed_us=3478813
subsystem_time: stage=rsp_audio calls=898 timed_calls=898 period=1 timed_us=593295
subsystem_time: stage=rsp_other calls=0 timed_calls=0 period=1 timed_us=0
subsystem_time: stage=lookup calls=3610048 timed_calls=28425 period=127 timed_us=3832
subsystem_time: stage=compile calls=777 timed_calls=777 period=1 timed_us=106771
subsystem_time: stage=dispatch calls=3517149 timed_calls=27694 period=127 timed_us=8509
subsystem_time: stage=execute_inclusive calls=3517149 timed_calls=27694 period=127 timed_us=101591
subsystem_time: stage=rom_copy calls=1024 timed_calls=1024 period=1 timed_us=14747
subsystem_time: stage=present calls=899 timed_calls=899 period=1 timed_us=47236
subsystem_time: stage=limiter calls=864 timed_calls=864 period=1 timed_us=5513886
subsystem_time: stage=vm_fault calls=0 timed_calls=0 period=1 timed_us=0
subsystem_time: stage=vm_victim calls=0 timed_calls=0 period=1 timed_us=0
subsystem_time: stage=vm_read calls=0 timed_calls=0 period=1 timed_us=0
subsystem_time: stage=vm_write calls=0 timed_calls=0 period=1 timed_us=0
subsystem_time: stage=tex_hash calls=0 timed_calls=0 period=1 timed_us=0
subsystem_time: stage=tex_lookup calls=0 timed_calls=0 period=1 timed_us=0
subsystem_time: stage=tex_load calls=0 timed_calls=0 period=1 timed_us=0
subsystem_time: stage=tex_activate calls=0 timed_calls=0 period=1 timed_us=0
subsystem_time: stage=draw_triangles calls=0 timed_calls=0 period=1 timed_us=0
subsystem_time: stage=draw_rect calls=0 timed_calls=0 period=1 timed_us=0
subsystem_time: stage=gfx_list calls=810 timed_calls=810 period=1 timed_us=3477452
subsystem_time: stage=gfx_command calls=0 timed_calls=0 period=127 timed_us=0
subsystem_time: stage=vertex calls=343835 timed_calls=2707 period=127 timed_us=10609
subsystem_time: stage=gfx_state calls=0 timed_calls=0 period=127 timed_us=0
subsystem_time: stage=gx_wait calls=0 timed_calls=0 period=1 timed_us=0
subsystem_time: stage=dma_pi calls=2023 timed_calls=2023 period=1 timed_us=62610
subsystem_time: stage=dma_sp calls=3416 timed_calls=3416 period=1 timed_us=2758
subsystem_time: stage=dma_si calls=4478 timed_calls=4478 period=1 timed_us=21113
subsystem_time: stage=tlb_translate calls=0 timed_calls=0 period=127 timed_us=0
subsystem_time: stage=pif calls=4479 timed_calls=4479 period=1 timed_us=20205
subsystem_time: stage=input calls=3508 timed_calls=3508 period=1 timed_us=14699
subsystem_time: stage=guest_interrupt calls=12520 timed_calls=12520 period=1 timed_us=5623652
subsystem_time: stage=interpreter_inclusive calls=0 timed_calls=0 period=1 timed_us=0
subsystem_time: stage=audio_submit calls=898 timed_calls=898 period=1 timed_us=10743
subsystem_time: stage=audio_callback calls=9357 timed_calls=9357 period=1 timed_us=6693
subsystem_time: stage=memory_slow calls=833918 timed_calls=6566 period=127 timed_us=41830
subsystem_time: stage=jit_invalidate calls=12201140 timed_calls=96071 period=127 timed_us=5934
audio_time: stage=resample sampled_calls=79 sampled_samples=10240 sampled_us=451
audio_time: stage=zoh sampled_calls=0 sampled_samples=0 sampled_us=0
audio_time: stage=adpcm sampled_calls=76 sampled_samples=8016 sampled_us=362
audio_time: stage=envmix_exp sampled_calls=79 sampled_samples=10240 sampled_us=1200
audio_time: stage=envmix_ge sampled_calls=0 sampled_samples=0 sampled_us=0
audio_time: stage=envmix_lin sampled_calls=0 sampled_samples=0 sampled_us=0
audio_time: stage=envmix_nead sampled_calls=0 sampled_samples=0 sampled_us=0
audio_time: stage=mix sampled_calls=622 sampled_samples=83008 sampled_us=1341
audio_time: stage=musyx_voice sampled_calls=0 sampled_samples=0 sampled_us=0
audio_time: stage=musyx_fx sampled_calls=0 sampled_samples=0 sampled_us=0
audio_time: stage=output sampled_calls=7 sampled_samples=3712 sampled_us=71
game: n=7/8 how=vis vis=900 vi_rate=60 vi0_retrace=17015 wall_us=15209279 sleep_us=5511092 avg_vis=58.00 avg_fps=54.42 exceptions=10825 cacheResets=1 recompiles=777 batches=96372 verts=1451760 texStalls=0 treeDepthMax=12 underruns=0 overruns=0 queue_peak_ms=171 dsp_avg=1.56 dsp_peak=1.90 pmc1=6914890832 pmc2=6946416764 pmc3=0 pmc4=0 mmcr0=00000042 mmcr1=00000000 heap_used=10426528 heap_free=121000 arena1_free=323584 arena2_free=577472 flushes=4 flush_us=40182 padtrace=0 rom=sd:/wii64/roms/Pokemon Snap.rom
=== chain 7/8 end vis=900 how=vis rom=sd:/wii64/roms/Pokemon Snap.rom ===
mark: pad replay records: 1
mark: loadROM: enter
mark: loadROM: before rom_read
mark: ROMCache_load: enter
mark: ROMCache_load: before first read
mark: ROMCache_load: first read returned
mark: ROMCache_load: byte_swap_type set
mark: ROMCache_load: first byte_swap done
menufps: 0.1
menufps: 8.5
menufps: 8.0
menufps: 8.2
menufps: 8.4
menufps: 8.3
menufps: 8.3
mark: ROMCache_load: loop exited normally
mark: ROMCache_load: elapsed_us=3738536 bytes=16777216 vm=0
mark: loadROM: after rom_read
mark: loadROM: before init_memory
mark: loadROM: after init_memory
mark: loadROM: before romOpen_gfx
mark: loadROM: after romOpen_gfx / before romOpen_audio
mark: loadROM: after romOpen_audio / before romOpen_input
mark: loadROM: after romOpen_input / before cpu_init
mark: loadROM: after cpu_init
menufps: 0.9
fps: 0.3
first_vi: vi0_retrace=18359
vis: 0.8
cpu: exceptions=0 cacheResets=0 batches=0 verts=0 texStalls=0 recompiles=0 underruns=0 overruns=0 sleep_us=0 queue_ms=0
mark: CPU core dispatch: dynarec
vis: 60.0
cpu: exceptions=3977 cacheResets=1 batches=0 verts=0 texStalls=0 recompiles=223 underruns=0 overruns=0 sleep_us=51845 queue_ms=165
fps: 1.1
vis: 60.0
cpu: exceptions=8402 cacheResets=1 batches=0 verts=0 texStalls=0 recompiles=394 underruns=0 overruns=0 sleep_us=200749 queue_ms=161
fps: 61.0
vis: 60.0
cpu: exceptions=8585 cacheResets=1 batches=0 verts=0 texStalls=0 recompiles=410 underruns=0 overruns=0 sleep_us=629575 queue_ms=166
vis: 60.0
cpu: exceptions=8855 cacheResets=1 batches=0 verts=0 texStalls=0 recompiles=437 underruns=0 overruns=0 sleep_us=1019191 queue_ms=163
vis: 58.3
cpu: exceptions=9641 cacheResets=1 batches=0 verts=0 texStalls=0 recompiles=597 underruns=0 overruns=0 sleep_us=1324751 queue_ms=150
fps: 19.8
vis: 60.0
cpu: exceptions=9838 cacheResets=1 batches=777 verts=5343 texStalls=0 recompiles=765 underruns=0 overruns=0 sleep_us=1601293 queue_ms=146
fps: 62.9
vis: 60.0
cpu: exceptions=10050 cacheResets=1 batches=1476 verts=10101 texStalls=0 recompiles=765 underruns=0 overruns=0 sleep_us=1906462 queue_ms=151
fps: 60.0
vis: 60.0
cpu: exceptions=10261 cacheResets=1 batches=2151 verts=14829 texStalls=0 recompiles=767 underruns=0 overruns=0 sleep_us=2210040 queue_ms=148
fps: 60.0
vis: 60.0
cpu: exceptions=10498 cacheResets=1 batches=3338 verts=29430 texStalls=0 recompiles=784 underruns=0 overruns=0 sleep_us=2491454 queue_ms=153
fps: 59.9
vis: 60.0
cpu: exceptions=10722 cacheResets=1 batches=5146 verts=57225 texStalls=0 recompiles=784 underruns=0 overruns=0 sleep_us=2779224 queue_ms=149
fps: 60.1
vis: 60.0
cpu: exceptions=10944 cacheResets=1 batches=6980 verts=89985 texStalls=0 recompiles=784 underruns=0 overruns=0 sleep_us=3073134 queue_ms=145
fps: 60.0
vis: 60.0
cpu: exceptions=11164 cacheResets=1 batches=8875 verts=120156 texStalls=0 recompiles=784 underruns=0 overruns=0 sleep_us=3367196 queue_ms=151
fps: 60.0
vis: 60.0
cpu: exceptions=11388 cacheResets=1 batches=10777 verts=150534 texStalls=0 recompiles=784 underruns=0 overruns=0 sleep_us=3660636 queue_ms=147
fps: 60.0
vis: 60.0
cpu: exceptions=11611 cacheResets=1 batches=12708 verts=178092 texStalls=0 recompiles=784 underruns=0 overruns=0 sleep_us=3954901 queue_ms=152
fps: 60.0
vis: 60.0
cpu: exceptions=11861 cacheResets=1 batches=15317 verts=217791 texStalls=0 recompiles=815 underruns=0 overruns=0 sleep_us=4194530 queue_ms=148
fps: 59.8
vis: 60.0
cpu: exceptions=12115 cacheResets=1 batches=18157 verts=260547 texStalls=0 recompiles=815 underruns=0 overruns=0 sleep_us=4428391 queue_ms=154
fps: 60.0
vis: 60.0
cpu: exceptions=12347 cacheResets=1 batches=21054 verts=304218 texStalls=0 recompiles=815 underruns=0 overruns=0 sleep_us=4676592 queue_ms=150
fps: 58.8
vis: 60.0
cpu: exceptions=12616 cacheResets=1 batches=23883 verts=349002 texStalls=0 recompiles=818 underruns=0 overruns=0 sleep_us=4901467 queue_ms=137
fps: 59.9
vis: 60.0
cpu: exceptions=12918 cacheResets=1 batches=25829 verts=373293 texStalls=0 recompiles=818 underruns=0 overruns=0 sleep_us=5131150 queue_ms=142
fps: 60.2
vis: 60.0
cpu: exceptions=13196 cacheResets=1 batches=27588 verts=394278 texStalls=0 recompiles=819 underruns=0 overruns=0 sleep_us=5375198 queue_ms=139
fps: 60.0
vis: 60.0
cpu: exceptions=13450 cacheResets=1 batches=29302 verts=415626 texStalls=0 recompiles=821 underruns=0 overruns=0 sleep_us=5623689 queue_ms=144
fps: 60.0
vis: 60.0
cpu: exceptions=13733 cacheResets=1 batches=31106 verts=437340 texStalls=0 recompiles=825 underruns=0 overruns=0 sleep_us=5861597 queue_ms=140
fps: 60.0
vis: 60.0
cpu: exceptions=13981 cacheResets=1 batches=32958 verts=459363 texStalls=0 recompiles=825 underruns=0 overruns=0 sleep_us=6117687 queue_ms=145
fps: 60.0
vis: 60.0
cpu: exceptions=14242 cacheResets=1 batches=34820 verts=481533 texStalls=0 recompiles=839 underruns=0 overruns=0 sleep_us=6357122 queue_ms=142
fps: 60.0
vis: 60.0
cpu: exceptions=14497 cacheResets=1 batches=36779 verts=505461 texStalls=0 recompiles=839 underruns=0 overruns=0 sleep_us=6604563 queue_ms=138
fps: 60.0
vis: 60.0
cpu: exceptions=14772 cacheResets=1 batches=38688 verts=529410 texStalls=0 recompiles=839 underruns=0 overruns=0 sleep_us=6844466 queue_ms=143
fps: 59.9
vis: 60.0
cpu: exceptions=15056 cacheResets=1 batches=40849 verts=558021 texStalls=0 recompiles=839 underruns=0 overruns=0 sleep_us=7074049 queue_ms=139
fps: 60.1
vis: 60.0
cpu: exceptions=15333 cacheResets=1 batches=43777 verts=602220 texStalls=0 recompiles=839 underruns=0 overruns=0 sleep_us=7295937 queue_ms=145
fps: 59.9
vis: 60.0
cpu: exceptions=15604 cacheResets=1 batches=46901 verts=645855 texStalls=0 recompiles=842 underruns=0 overruns=0 sleep_us=7495343 queue_ms=141
fps: 59.9
mark: stop reason: chain guest VI limit
mark: stop_it requested
vis: 55.6
cpu: exceptions=15861 cacheResets=1 batches=50564 verts=696273 texStalls=0 recompiles=842 underruns=0 overruns=0 sleep_us=7684280 queue_ms=102
audio: alist_resample_calls=16686 alist_resample_samples=3070224 alist_zoh_calls=0 alist_zoh_samples=0 musyx_subframes=0 musyx_voices=0 musyx_voice_peak=0
audio_stages: adpcm_calls=16351 adpcm_samples=2627312 envmix_calls=16686 envmix_samples=3070224 mix_calls=106152 mix_samples=19531968 musyx_fx_calls=0 musyx_fx_taps=0 output_calls=897 output_samples=478768
audio_envmix: exp_calls=0 ge_calls=0 lin_calls=16686 nead_calls=0 exp_steady=0 ge_steady=0 lin_steady=10581
audio_gaps: nead_mats=0 nead_efz=0 resample_flag2=0 musyx_ptr10=0
audio_output: stream_requests=3322 stream_fed=1651 input_hz=32006 playback_hz=32006 queue_peak_ms=186
vm_io: read_ahead=1 reads=0 hits=0 read_bytes=0 writes=0 write_bytes=0 errors=0
subsystem_time: stage=rsp_gfx calls=802 timed_calls=802 period=1 timed_us=1715416
subsystem_time: stage=rsp_audio calls=898 timed_calls=898 period=1 timed_us=972557
subsystem_time: stage=rsp_other calls=0 timed_calls=0 period=1 timed_us=0
subsystem_time: stage=lookup calls=3181200 timed_calls=25048 period=127 timed_us=3493
subsystem_time: stage=compile calls=842 timed_calls=842 period=1 timed_us=123695
subsystem_time: stage=dispatch calls=2950570 timed_calls=23232 period=127 timed_us=7821
subsystem_time: stage=execute_inclusive calls=2950570 timed_calls=23232 period=127 timed_us=124705
subsystem_time: stage=rom_copy calls=10613 timed_calls=10613 period=1 timed_us=29140
subsystem_time: stage=present calls=899 timed_calls=899 period=1 timed_us=39452
subsystem_time: stage=limiter calls=874 timed_calls=874 period=1 timed_us=7687065
subsystem_time: stage=vm_fault calls=0 timed_calls=0 period=1 timed_us=0
subsystem_time: stage=vm_victim calls=0 timed_calls=0 period=1 timed_us=0
subsystem_time: stage=vm_read calls=0 timed_calls=0 period=1 timed_us=0
subsystem_time: stage=vm_write calls=0 timed_calls=0 period=1 timed_us=0
subsystem_time: stage=tex_hash calls=0 timed_calls=0 period=1 timed_us=0
subsystem_time: stage=tex_lookup calls=0 timed_calls=0 period=1 timed_us=0
subsystem_time: stage=tex_load calls=0 timed_calls=0 period=1 timed_us=0
subsystem_time: stage=tex_activate calls=0 timed_calls=0 period=1 timed_us=0
subsystem_time: stage=draw_triangles calls=0 timed_calls=0 period=1 timed_us=0
subsystem_time: stage=draw_rect calls=0 timed_calls=0 period=1 timed_us=0
subsystem_time: stage=gfx_list calls=802 timed_calls=802 period=1 timed_us=1714029
subsystem_time: stage=gfx_command calls=0 timed_calls=0 period=127 timed_us=0
subsystem_time: stage=vertex calls=130585 timed_calls=1028 period=127 timed_us=4884
subsystem_time: stage=gfx_state calls=0 timed_calls=0 period=127 timed_us=0
subsystem_time: stage=gx_wait calls=0 timed_calls=0 period=1 timed_us=0
subsystem_time: stage=dma_pi calls=10614 timed_calls=10614 period=1 timed_us=127183
subsystem_time: stage=dma_sp calls=3400 timed_calls=3400 period=1 timed_us=3250
subsystem_time: stage=dma_si calls=963 timed_calls=963 period=1 timed_us=18604
subsystem_time: stage=tlb_translate calls=0 timed_calls=0 period=127 timed_us=0
subsystem_time: stage=pif calls=964 timed_calls=964 period=1 timed_us=17434
subsystem_time: stage=input calls=3536 timed_calls=3536 period=1 timed_us=15275
subsystem_time: stage=guest_interrupt calls=21611 timed_calls=21611 period=1 timed_us=7795906
subsystem_time: stage=interpreter_inclusive calls=0 timed_calls=0 period=1 timed_us=0
subsystem_time: stage=audio_submit calls=898 timed_calls=898 period=1 timed_us=11043
subsystem_time: stage=audio_callback calls=9352 timed_calls=9352 period=1 timed_us=6641
subsystem_time: stage=memory_slow calls=949692 timed_calls=7477 period=127 timed_us=23974
subsystem_time: stage=jit_invalidate calls=10680898 timed_calls=84101 period=127 timed_us=5124
audio_time: stage=resample sampled_calls=131 sampled_samples=24104 sampled_us=967
audio_time: stage=zoh sampled_calls=0 sampled_samples=0 sampled_us=0
audio_time: stage=adpcm sampled_calls=128 sampled_samples=21280 sampled_us=887
audio_time: stage=envmix_exp sampled_calls=0 sampled_samples=0 sampled_us=0
audio_time: stage=envmix_ge sampled_calls=0 sampled_samples=0 sampled_us=0
audio_time: stage=envmix_lin sampled_calls=131 sampled_samples=24104 sampled_us=2391
audio_time: stage=envmix_nead sampled_calls=0 sampled_samples=0 sampled_us=0
audio_time: stage=mix sampled_calls=835 sampled_samples=153640 sampled_us=2547
audio_time: stage=musyx_voice sampled_calls=0 sampled_samples=0 sampled_us=0
audio_time: stage=musyx_fx sampled_calls=0 sampled_samples=0 sampled_us=0
audio_time: stage=output sampled_calls=7 sampled_samples=3680 sampled_us=69
game: n=8/8 how=vis vis=900 vi_rate=60 vi0_retrace=18359 wall_us=15199641 sleep_us=7684280 avg_vis=57.89 avg_fps=54.41 exceptions=15862 cacheResets=1 recompiles=842 batches=50564 verts=696273 texStalls=0 treeDepthMax=14 underruns=0 overruns=0 queue_peak_ms=166 dsp_avg=1.52 dsp_peak=1.70 pmc1=5328479727 pmc2=5231655378 pmc3=0 pmc4=0 mmcr0=00000042 mmcr1=00000000 heap_used=10440288 heap_free=107240 arena1_free=323584 arena2_free=577472 flushes=3 flush_us=42705 padtrace=0 rom=sd:/wii64/roms/Super Smash Bros. (U) [!].z64
=== chain 8/8 end vis=900 how=vis rom=sd:/wii64/roms/Super Smash Bros. (U) [!].z64 ===
