--- wii64 perf log ---
mark: diag config: wiiload arguments
mark: pad replay records: 22
selftest:
  raw[0]=51288469392991335
  raw[1]=51288469392991337
  raw[2]=51288469392991351
  raw[3]=51288469392991362
  raw[4]=51288469392991373
  delta[0]=0us
  delta[1]=0us
  delta[2]=0us
  delta[3]=0us
mark: audio quality: accurate
mark: audio modes: n64=0 output=0 mixer=0 latency=2 sync=0
mark: HBC agent ready
mark: loadROM: enter
mark: loadROM: before rom_read
mark: ROMCache_load: enter
mark: ROMCache_load: before first read
mark: ROMCache_load: first read returned
mark: ROMCache_load: byte_swap_type set
mark: ROMCache_load: first byte_swap done
menufps: 10.3
menufps: 8.0
menufps: 7.9
menufps: 7.7
menufps: 3.2
mark: ROMCache_load: loop exited normally
mark: ROMCache_load: elapsed_us=3930781 bytes=13893632 vm=0
mark: loadROM: after rom_read
mark: loadROM: before init_memory
mark: loadROM: after init_memory
mark: loadROM: before romOpen_gfx
mark: loadROM: after romOpen_gfx / before romOpen_audio
mark: loadROM: after romOpen_audio / before romOpen_input
mark: loadROM: after romOpen_input / before cpu_init
mark: loadROM: after cpu_init
menufps: 5.8
menufps: 1.9
menufps: 1.0
menufps: 1.0
fps: 0.0
first_vi: vi0_retrace=440
vis: 0.0
cpu: exceptions=0 cacheResets=0 batches=0 verts=0 texStalls=0 recompiles=0 underruns=0 overruns=0 sleep_us=0 queue_ms=0
mark: CPU core dispatch: dynarec
vis: 60.0
cpu: exceptions=1028 cacheResets=1 batches=0 verts=0 texStalls=0 recompiles=316 underruns=1 overruns=0 sleep_us=162812 queue_ms=31
vis: 60.0
cpu: exceptions=1328 cacheResets=1 batches=0 verts=0 texStalls=0 recompiles=316 underruns=1 overruns=0 sleep_us=641079 queue_ms=27
vis: 60.0
cpu: exceptions=1628 cacheResets=1 batches=0 verts=0 texStalls=0 recompiles=331 underruns=1 overruns=0 sleep_us=1117584 queue_ms=34
vis: 60.0
cpu: exceptions=1928 cacheResets=1 batches=0 verts=0 texStalls=0 recompiles=331 underruns=1 overruns=0 sleep_us=1595924 queue_ms=31
vis: 60.0
cpu: exceptions=2228 cacheResets=1 batches=0 verts=0 texStalls=0 recompiles=331 underruns=1 overruns=0 sleep_us=2074223 queue_ms=38
vis: 60.0
cpu: exceptions=2528 cacheResets=1 batches=0 verts=0 texStalls=0 recompiles=331 underruns=1 overruns=0 sleep_us=2552529 queue_ms=34
vis: 60.0
cpu: exceptions=2864 cacheResets=1 batches=0 verts=0 texStalls=0 recompiles=344 underruns=1 overruns=0 sleep_us=3024898 queue_ms=41
fps: 0.8
vis: 60.0
cpu: exceptions=3437 cacheResets=1 batches=64 verts=4140 texStalls=0 recompiles=468 underruns=1 overruns=0 sleep_us=3463191 queue_ms=36
fps: 1.6
vis: 60.0
cpu: exceptions=3542 cacheResets=1 batches=576 verts=37260 texStalls=0 recompiles=528 underruns=3 overruns=0 sleep_us=3822476 queue_ms=17
fps: 31.0
vis: 60.0
cpu: exceptions=3683 cacheResets=1 batches=1536 verts=99360 texStalls=0 recompiles=528 underruns=3 overruns=0 sleep_us=4186834 queue_ms=14
fps: 30.0
vis: 60.0
cpu: exceptions=3819 cacheResets=1 batches=2304 verts=149040 texStalls=0 recompiles=566 underruns=3 overruns=0 sleep_us=4533319 queue_ms=10
vis: 60.0
cpu: exceptions=3915 cacheResets=1 batches=2304 verts=149040 texStalls=0 recompiles=566 underruns=3 overruns=0 sleep_us=4831698 queue_ms=17
fps: 3.9
vis: 60.0
cpu: exceptions=4014 cacheResets=1 batches=2424 verts=149760 texStalls=0 recompiles=598 underruns=3 overruns=0 sleep_us=5185563 queue_ms=12
fps: 1.7
vis: 60.0
cpu: exceptions=4116 cacheResets=1 batches=2904 verts=152640 texStalls=0 recompiles=610 underruns=5 overruns=0 sleep_us=5572027 queue_ms=17
fps: 31.0
vis: 60.0
cpu: exceptions=4330 cacheResets=1 batches=4704 verts=163440 texStalls=0 recompiles=611 underruns=5 overruns=0 sleep_us=5836614 queue_ms=11
fps: 30.0
vis: 60.0
cpu: exceptions=4531 cacheResets=1 batches=6504 verts=174240 texStalls=0 recompiles=614 underruns=5 overruns=0 sleep_us=6098222 queue_ms=19
fps: 30.0
vis: 60.0
cpu: exceptions=4724 cacheResets=1 batches=8304 verts=185040 texStalls=0 recompiles=614 underruns=5 overruns=0 sleep_us=6356999 queue_ms=15
fps: 30.0
vis: 60.0
cpu: exceptions=4918 cacheResets=1 batches=10104 verts=195840 texStalls=0 recompiles=614 underruns=5 overruns=0 sleep_us=6616896 queue_ms=21
fps: 30.0
vis: 60.0
cpu: exceptions=5097 cacheResets=1 batches=11904 verts=206640 texStalls=0 recompiles=614 underruns=5 overruns=0 sleep_us=6879938 queue_ms=16
fps: 29.2
vis: 60.0
cpu: exceptions=5275 cacheResets=1 batches=13704 verts=217440 texStalls=0 recompiles=618 underruns=6 overruns=0 sleep_us=7141688 queue_ms=13
vis: 60.0
cpu: exceptions=5456 cacheResets=1 batches=15024 verts=225360 texStalls=0 recompiles=625 underruns=6 overruns=0 sleep_us=7397976 queue_ms=19
vis: 60.0
cpu: exceptions=5607 cacheResets=1 batches=15024 verts=225360 texStalls=0 recompiles=625 underruns=6 overruns=0 sleep_us=7658812 queue_ms=14
vis: 60.0
cpu: exceptions=5715 cacheResets=1 batches=15024 verts=225360 texStalls=0 recompiles=631 underruns=6 overruns=0 sleep_us=7966186 queue_ms=21
fps: 6.2
vis: 60.0
cpu: exceptions=5837 cacheResets=1 batches=15024 verts=225360 texStalls=0 recompiles=674 underruns=6 overruns=0 sleep_us=8288630 queue_ms=17
fps: 31.7
vis: 60.0
cpu: exceptions=6050 cacheResets=1 batches=15024 verts=225360 texStalls=0 recompiles=674 underruns=6 overruns=0 sleep_us=8581408 queue_ms=13
fps: 30.0
vis: 60.0
cpu: exceptions=6239 cacheResets=1 batches=15024 verts=225360 texStalls=0 recompiles=674 underruns=6 overruns=0 sleep_us=8876285 queue_ms=19
fps: 30.0
vis: 60.0
cpu: exceptions=6410 cacheResets=1 batches=15024 verts=225360 texStalls=0 recompiles=674 underruns=6 overruns=0 sleep_us=9174700 queue_ms=16
vis: 60.0
cpu: exceptions=6577 cacheResets=1 batches=15024 verts=225360 texStalls=0 recompiles=674 underruns=6 overruns=0 sleep_us=9474714 queue_ms=23
fps: 30.0
vis: 60.0
cpu: exceptions=6747 cacheResets=1 batches=15024 verts=225360 texStalls=0 recompiles=674 underruns=6 overruns=0 sleep_us=9775232 queue_ms=19
fps: 30.0
vis: 60.0
cpu: exceptions=6920 cacheResets=1 batches=15024 verts=225360 texStalls=0 recompiles=681 underruns=6 overruns=0 sleep_us=10070681 queue_ms=26
fps: 30.0
vis: 60.0
cpu: exceptions=7086 cacheResets=1 batches=15024 verts=225360 texStalls=0 recompiles=686 underruns=6 overruns=0 sleep_us=10356201 queue_ms=22
fps: 30.0
vis: 60.0
cpu: exceptions=7255 cacheResets=1 batches=15024 verts=225360 texStalls=0 recompiles=686 underruns=6 overruns=0 sleep_us=10653132 queue_ms=28
fps: 30.0
vis: 60.0
cpu: exceptions=7427 cacheResets=1 batches=15024 verts=225360 texStalls=0 recompiles=686 underruns=6 overruns=0 sleep_us=10958908 queue_ms=25
fps: 30.0
vis: 60.0
cpu: exceptions=7587 cacheResets=1 batches=15024 verts=225360 texStalls=0 recompiles=686 underruns=6 overruns=0 sleep_us=11267008 queue_ms=32
fps: 30.0
vis: 60.0
cpu: exceptions=7761 cacheResets=1 batches=15024 verts=225360 texStalls=0 recompiles=686 underruns=6 overruns=0 sleep_us=11572702 queue_ms=28
fps: 30.0
vis: 60.0
cpu: exceptions=7937 cacheResets=1 batches=15024 verts=225360 texStalls=0 recompiles=686 underruns=6 overruns=0 sleep_us=11879305 queue_ms=35
fps: 30.0
vis: 60.0
cpu: exceptions=8105 cacheResets=1 batches=15024 verts=225360 texStalls=0 recompiles=686 underruns=6 overruns=0 sleep_us=12186617 queue_ms=32
fps: 30.0
vis: 60.0
cpu: exceptions=8280 cacheResets=1 batches=15024 verts=225360 texStalls=0 recompiles=686 underruns=6 overruns=0 sleep_us=12493217 queue_ms=28
fps: 30.0
vis: 60.0
cpu: exceptions=8449 cacheResets=1 batches=15024 verts=225360 texStalls=0 recompiles=686 underruns=6 overruns=0 sleep_us=12802845 queue_ms=34
fps: 29.4
vis: 60.0
cpu: exceptions=8615 cacheResets=1 batches=15024 verts=225360 texStalls=0 recompiles=688 underruns=6 overruns=0 sleep_us=13128332 queue_ms=19
fps: 30.0
vis: 60.0
cpu: exceptions=8774 cacheResets=1 batches=15024 verts=225360 texStalls=0 recompiles=688 underruns=6 overruns=0 sleep_us=13454050 queue_ms=26
fps: 30.0
vis: 60.0
cpu: exceptions=8940 cacheResets=1 batches=15024 verts=225360 texStalls=0 recompiles=688 underruns=6 overruns=0 sleep_us=13776014 queue_ms=22
fps: 30.0
vis: 60.0
cpu: exceptions=9131 cacheResets=1 batches=15024 verts=225360 texStalls=0 recompiles=688 underruns=6 overruns=0 sleep_us=14078302 queue_ms=28
fps: 30.0
vis: 60.0
cpu: exceptions=9304 cacheResets=1 batches=15024 verts=225360 texStalls=0 recompiles=688 underruns=6 overruns=0 sleep_us=14387891 queue_ms=25
fps: 30.0
vis: 60.0
cpu: exceptions=9460 cacheResets=1 batches=15024 verts=225360 texStalls=0 recompiles=688 underruns=6 overruns=0 sleep_us=14708405 queue_ms=31
fps: 30.0
vis: 60.0
cpu: exceptions=9617 cacheResets=1 batches=15024 verts=225360 texStalls=0 recompiles=688 underruns=6 overruns=0 sleep_us=15028732 queue_ms=28
fps: 30.0
vis: 60.0
cpu: exceptions=9770 cacheResets=1 batches=15024 verts=225360 texStalls=0 recompiles=688 underruns=6 overruns=0 sleep_us=15350287 queue_ms=35
fps: 30.0
vis: 60.0
cpu: exceptions=9928 cacheResets=1 batches=15024 verts=225360 texStalls=0 recompiles=688 underruns=6 overruns=0 sleep_us=15675132 queue_ms=30
fps: 30.0
vis: 60.0
cpu: exceptions=10083 cacheResets=1 batches=15024 verts=225360 texStalls=0 recompiles=688 underruns=6 overruns=0 sleep_us=16001430 queue_ms=36
fps: 30.0
vis: 60.0
cpu: exceptions=10245 cacheResets=1 batches=15024 verts=225360 texStalls=0 recompiles=688 underruns=6 overruns=0 sleep_us=16328476 queue_ms=31
fps: 30.0
vis: 60.0
cpu: exceptions=10397 cacheResets=1 batches=15024 verts=225360 texStalls=0 recompiles=688 underruns=6 overruns=0 sleep_us=16652974 queue_ms=28
fps: 30.0
vis: 60.0
cpu: exceptions=10553 cacheResets=1 batches=15024 verts=225360 texStalls=0 recompiles=688 underruns=6 overruns=0 sleep_us=16973946 queue_ms=34
fps: 30.0
vis: 60.0
cpu: exceptions=10702 cacheResets=1 batches=15024 verts=225360 texStalls=0 recompiles=688 underruns=6 overruns=0 sleep_us=17307396 queue_ms=31
fps: 29.9
vis: 60.0
cpu: exceptions=10904 cacheResets=1 batches=15024 verts=225360 texStalls=0 recompiles=688 underruns=6 overruns=0 sleep_us=17611028 queue_ms=38
vis: 60.0
cpu: exceptions=11097 cacheResets=1 batches=15024 verts=225360 texStalls=0 recompiles=688 underruns=6 overruns=0 sleep_us=17907233 queue_ms=33
fps: 30.0
vis: 60.0
cpu: exceptions=11279 cacheResets=1 batches=15024 verts=225360 texStalls=0 recompiles=688 underruns=6 overruns=0 sleep_us=18210364 queue_ms=39
fps: 30.0
vis: 60.0
cpu: exceptions=11453 cacheResets=1 batches=15024 verts=225360 texStalls=0 recompiles=688 underruns=6 overruns=0 sleep_us=18517186 queue_ms=35
fps: 30.0
vis: 60.0
cpu: exceptions=11624 cacheResets=1 batches=15024 verts=225360 texStalls=0 recompiles=688 underruns=6 overruns=0 sleep_us=18824555 queue_ms=42
fps: 30.0
vis: 60.0
cpu: exceptions=11796 cacheResets=1 batches=15024 verts=225360 texStalls=0 recompiles=688 underruns=6 overruns=0 sleep_us=19131106 queue_ms=38
fps: 29.2
vis: 60.0
cpu: exceptions=11970 cacheResets=1 batches=15024 verts=225360 texStalls=0 recompiles=692 underruns=6 overruns=0 sleep_us=19436597 queue_ms=23
fps: 30.0
vis: 60.0
cpu: exceptions=12129 cacheResets=1 batches=15024 verts=225360 texStalls=0 recompiles=692 underruns=6 overruns=0 sleep_us=19731522 queue_ms=30
vis: 60.0
cpu: exceptions=12256 cacheResets=1 batches=15024 verts=225360 texStalls=0 recompiles=692 underruns=6 overruns=0 sleep_us=19997771 queue_ms=26
vis: 60.0
cpu: exceptions=12375 cacheResets=1 batches=15024 verts=225360 texStalls=0 recompiles=692 underruns=6 overruns=0 sleep_us=20292605 queue_ms=33
fps: 5.5
vis: 60.0
cpu: exceptions=12554 cacheResets=1 batches=15024 verts=225360 texStalls=0 recompiles=720 underruns=6 overruns=0 sleep_us=20583805 queue_ms=29
fps: 31.9
vis: 60.0
cpu: exceptions=12747 cacheResets=1 batches=15024 verts=225360 texStalls=0 recompiles=721 underruns=6 overruns=0 sleep_us=20854765 queue_ms=37
fps: 29.8
vis: 60.0
cpu: exceptions=12968 cacheResets=1 batches=15024 verts=225360 texStalls=0 recompiles=721 underruns=6 overruns=0 sleep_us=21097458 queue_ms=32
fps: 30.1
vis: 60.0
cpu: exceptions=13179 cacheResets=1 batches=15024 verts=225360 texStalls=0 recompiles=721 underruns=6 overruns=0 sleep_us=21346958 queue_ms=38
fps: 30.0
vis: 60.0
cpu: exceptions=13383 cacheResets=1 batches=15024 verts=225360 texStalls=0 recompiles=721 underruns=6 overruns=0 sleep_us=21600365 queue_ms=35
fps: 30.1
vis: 60.0
cpu: exceptions=13571 cacheResets=1 batches=15024 verts=225360 texStalls=0 recompiles=721 underruns=6 overruns=0 sleep_us=21891708 queue_ms=31
fps: 29.9
vis: 60.0
cpu: exceptions=13758 cacheResets=1 batches=15024 verts=225360 texStalls=0 recompiles=724 underruns=6 overruns=0 sleep_us=22176942 queue_ms=38
vis: 60.0
cpu: exceptions=13945 cacheResets=1 batches=15024 verts=225360 texStalls=0 recompiles=731 underruns=6 overruns=0 sleep_us=22461302 queue_ms=35
fps: 30.2
vis: 60.0
cpu: exceptions=14125 cacheResets=1 batches=15024 verts=225360 texStalls=0 recompiles=731 underruns=6 overruns=0 sleep_us=22767181 queue_ms=42
fps: 29.9
vis: 60.0
cpu: exceptions=14318 cacheResets=1 batches=15024 verts=225360 texStalls=0 recompiles=731 underruns=6 overruns=0 sleep_us=23061686 queue_ms=38
fps: 29.9
vis: 60.0
cpu: exceptions=14505 cacheResets=1 batches=15024 verts=225360 texStalls=0 recompiles=731 underruns=6 overruns=0 sleep_us=23362656 queue_ms=44
fps: 30.2
vis: 60.0
cpu: exceptions=14681 cacheResets=1 batches=15024 verts=225360 texStalls=0 recompiles=731 underruns=6 overruns=0 sleep_us=23669525 queue_ms=40
fps: 30.0
vis: 60.0
cpu: exceptions=14848 cacheResets=1 batches=15024 verts=225360 texStalls=0 recompiles=731 underruns=6 overruns=0 sleep_us=23988329 queue_ms=47
fps: 29.9
vis: 60.0
cpu: exceptions=15023 cacheResets=1 batches=15024 verts=225360 texStalls=0 recompiles=731 underruns=6 overruns=0 sleep_us=24300285 queue_ms=43
fps: 30.1
vis: 60.0
cpu: exceptions=15181 cacheResets=1 batches=15024 verts=225360 texStalls=0 recompiles=731 underruns=6 overruns=0 sleep_us=24628174 queue_ms=50
fps: 30.1
vis: 60.0
cpu: exceptions=15342 cacheResets=1 batches=15024 verts=225360 texStalls=0 recompiles=731 underruns=6 overruns=0 sleep_us=24956092 queue_ms=45
fps: 29.2
vis: 60.0
cpu: exceptions=15526 cacheResets=1 batches=15024 verts=225360 texStalls=0 recompiles=732 underruns=6 overruns=0 sleep_us=25258112 queue_ms=31
fps: 29.9
vis: 60.0
cpu: exceptions=15697 cacheResets=1 batches=15024 verts=225360 texStalls=0 recompiles=732 underruns=6 overruns=0 sleep_us=25548523 queue_ms=38
vis: 60.0
cpu: exceptions=15804 cacheResets=1 batches=15024 verts=225360 texStalls=0 recompiles=732 underruns=6 overruns=0 sleep_us=25829042 queue_ms=34
vis: 60.0
cpu: exceptions=15954 cacheResets=1 batches=15024 verts=225360 texStalls=0 recompiles=733 underruns=6 overruns=0 sleep_us=26130421 queue_ms=40
vis: 60.0
cpu: exceptions=16115 cacheResets=1 batches=15024 verts=225360 texStalls=0 recompiles=734 underruns=6 overruns=0 sleep_us=26433779 queue_ms=35
fps: 3.6
vis: 60.0
cpu: exceptions=16296 cacheResets=1 batches=15024 verts=225360 texStalls=0 recompiles=761 underruns=6 overruns=0 sleep_us=26686976 queue_ms=42
fps: 32.1
vis: 60.0
cpu: exceptions=16476 cacheResets=1 batches=15024 verts=225360 texStalls=0 recompiles=761 underruns=6 overruns=0 sleep_us=26977768 queue_ms=38
fps: 30.0
vis: 60.0
cpu: exceptions=16652 cacheResets=1 batches=15024 verts=225360 texStalls=0 recompiles=761 underruns=6 overruns=0 sleep_us=27270931 queue_ms=34
fps: 30.0
vis: 60.0
cpu: exceptions=16825 cacheResets=1 batches=15024 verts=225360 texStalls=0 recompiles=761 underruns=6 overruns=0 sleep_us=27564256 queue_ms=41
fps: 30.0
vis: 60.0
cpu: exceptions=17000 cacheResets=1 batches=15024 verts=225360 texStalls=0 recompiles=761 underruns=6 overruns=0 sleep_us=27860693 queue_ms=37
fps: 30.0
vis: 59.9
cpu: exceptions=17171 cacheResets=1 batches=15024 verts=225360 texStalls=0 recompiles=765 underruns=6 overruns=0 sleep_us=28149627 queue_ms=43
fps: 29.9
vis: 60.0
cpu: exceptions=17349 cacheResets=1 batches=15024 verts=225360 texStalls=0 recompiles=767 underruns=6 overruns=0 sleep_us=28422363 queue_ms=38
fps: 30.0
vis: 60.0
cpu: exceptions=17516 cacheResets=1 batches=15024 verts=225360 texStalls=0 recompiles=767 underruns=6 overruns=0 sleep_us=28699163 queue_ms=45
fps: 30.0
vis: 60.0
cpu: exceptions=17686 cacheResets=1 batches=15024 verts=225360 texStalls=0 recompiles=767 underruns=6 overruns=0 sleep_us=28987498 queue_ms=41
fps: 30.0
vis: 60.0
cpu: exceptions=17866 cacheResets=1 batches=15024 verts=225360 texStalls=0 recompiles=767 underruns=6 overruns=0 sleep_us=29271586 queue_ms=48
fps: 30.0
vis: 60.0
cpu: exceptions=18044 cacheResets=1 batches=15024 verts=225360 texStalls=0 recompiles=767 underruns=6 overruns=0 sleep_us=29553344 queue_ms=44
fps: 30.0
vis: 60.0
cpu: exceptions=18219 cacheResets=1 batches=15024 verts=225360 texStalls=0 recompiles=767 underruns=6 overruns=0 sleep_us=29838594 queue_ms=40
fps: 30.0
vis: 60.0
cpu: exceptions=18385 cacheResets=1 batches=15024 verts=225360 texStalls=0 recompiles=767 underruns=6 overruns=0 sleep_us=30131045 queue_ms=47
fps: 30.1
vis: 60.0
cpu: exceptions=18553 cacheResets=1 batches=15024 verts=225360 texStalls=0 recompiles=767 underruns=6 overruns=0 sleep_us=30437245 queue_ms=43
fps: 29.8
vis: 60.0
cpu: exceptions=18710 cacheResets=1 batches=15024 verts=225360 texStalls=0 recompiles=767 underruns=6 overruns=0 sleep_us=30749585 queue_ms=50
fps: 29.4
vis: 60.0
cpu: exceptions=18869 cacheResets=1 batches=15024 verts=225360 texStalls=0 recompiles=767 underruns=6 overruns=0 sleep_us=31059821 queue_ms=36
fps: 29.9
vis: 60.0
cpu: exceptions=20026 cacheResets=1 batches=15024 verts=225360 texStalls=0 recompiles=776 underruns=6 overruns=0 sleep_us=31325090 queue_ms=32
vis: 60.0
cpu: exceptions=20193 cacheResets=1 batches=15024 verts=225360 texStalls=0 recompiles=829 underruns=6 overruns=0 sleep_us=31643212 queue_ms=39
vis: 60.0
cpu: exceptions=20291 cacheResets=1 batches=15024 verts=225360 texStalls=0 recompiles=829 underruns=6 overruns=0 sleep_us=32010006 queue_ms=34
vis: 60.0
cpu: exceptions=20480 cacheResets=1 batches=15024 verts=225360 texStalls=0 recompiles=1016 underruns=6 overruns=0 sleep_us=32341204 queue_ms=41
vis: 60.0
cpu: exceptions=20559 cacheResets=1 batches=15024 verts=225360 texStalls=0 recompiles=1016 underruns=7 overruns=0 sleep_us=32806388 queue_ms=5
fps: 0.9
vis: 60.0
cpu: exceptions=20765 cacheResets=1 batches=19639 verts=268494 texStalls=0 recompiles=1373 underruns=8 overruns=0 sleep_us=32998856 queue_ms=24
fps: 31.4
vis: 60.0
cpu: exceptions=21002 cacheResets=1 batches=25239 verts=319914 texStalls=0 recompiles=1405 underruns=8 overruns=0 sleep_us=33198271 queue_ms=20
fps: 29.9
vis: 60.0
cpu: exceptions=21296 cacheResets=1 batches=31151 verts=373206 texStalls=0 recompiles=1410 underruns=8 overruns=0 sleep_us=33365388 queue_ms=28
fps: 29.9
vis: 60.0
cpu: exceptions=21639 cacheResets=1 batches=37274 verts=427764 texStalls=0 recompiles=1410 underruns=8 overruns=0 sleep_us=33511771 queue_ms=24
fps: 29.9
vis: 60.0
cpu: exceptions=21999 cacheResets=1 batches=43472 verts=482772 texStalls=0 recompiles=1416 underruns=8 overruns=0 sleep_us=33649637 queue_ms=31
fps: 30.2
vis: 60.0
cpu: exceptions=22330 cacheResets=1 batches=48637 verts=531582 texStalls=0 recompiles=1421 underruns=8 overruns=0 sleep_us=33848981 queue_ms=27
fps: 30.8
vis: 60.0
cpu: exceptions=22631 cacheResets=1 batches=52720 verts=573900 texStalls=0 recompiles=1421 underruns=8 overruns=0 sleep_us=34095682 queue_ms=33
fps: 30.0
vis: 60.0
cpu: exceptions=22951 cacheResets=1 batches=56184 verts=612504 texStalls=0 recompiles=1425 underruns=8 overruns=0 sleep_us=34329880 queue_ms=29
fps: 30.0
vis: 60.0
cpu: exceptions=23261 cacheResets=1 batches=59247 verts=648702 texStalls=0 recompiles=1426 underruns=8 overruns=0 sleep_us=34587142 queue_ms=26
fps: 29.9
vis: 60.0
cpu: exceptions=23571 cacheResets=1 batches=62264 verts=684624 texStalls=0 recompiles=1439 underruns=8 overruns=0 sleep_us=34836445 queue_ms=32
fps: 30.0
vis: 60.0
cpu: exceptions=23868 cacheResets=1 batches=65183 verts=719958 texStalls=0 recompiles=1506 underruns=8 overruns=0 sleep_us=35069246 queue_ms=29
fps: 30.0
vis: 60.0
cpu: exceptions=24183 cacheResets=1 batches=68086 verts=755196 texStalls=0 recompiles=1508 underruns=8 overruns=0 sleep_us=35312271 queue_ms=35
fps: 30.1
vis: 60.0
cpu: exceptions=24493 cacheResets=1 batches=70983 verts=790398 texStalls=0 recompiles=1508 underruns=8 overruns=0 sleep_us=35574753 queue_ms=31
fps: 30.0
vis: 60.0
cpu: exceptions=24785 cacheResets=1 batches=73865 verts=825510 texStalls=0 recompiles=1508 underruns=8 overruns=0 sleep_us=35844225 queue_ms=38
fps: 29.3
vis: 60.0
cpu: exceptions=25070 cacheResets=1 batches=76811 verts=861006 texStalls=0 recompiles=1508 underruns=8 overruns=0 sleep_us=36118276 queue_ms=23
fps: 30.0
vis: 60.0
cpu: exceptions=25354 cacheResets=1 batches=79820 verts=896880 texStalls=0 recompiles=1510 underruns=8 overruns=0 sleep_us=36386997 queue_ms=29
fps: 30.0
vis: 60.0
cpu: exceptions=25638 cacheResets=1 batches=82813 verts=932658 texStalls=0 recompiles=1510 underruns=8 overruns=0 sleep_us=36658375 queue_ms=25
fps: 29.0
vis: 60.0
cpu: exceptions=25955 cacheResets=1 batches=85919 verts=969114 texStalls=0 recompiles=1605 underruns=8 overruns=0 sleep_us=36836745 queue_ms=21
fps: 30.0
vis: 60.0
cpu: exceptions=26319 cacheResets=1 batches=89180 verts=1006500 texStalls=0 recompiles=1608 underruns=8 overruns=0 sleep_us=36984322 queue_ms=27
fps: 30.1
vis: 60.0
cpu: exceptions=26665 cacheResets=1 batches=92147 verts=1042122 texStalls=0 recompiles=1615 underruns=8 overruns=0 sleep_us=37138226 queue_ms=23
fps: 29.9
vis: 60.0
cpu: exceptions=27015 cacheResets=1 batches=94954 verts=1076784 texStalls=0 recompiles=1623 underruns=8 overruns=0 sleep_us=37285713 queue_ms=30
fps: 30.1
vis: 60.0
cpu: exceptions=27347 cacheResets=1 batches=97754 verts=1111404 texStalls=0 recompiles=1625 underruns=8 overruns=0 sleep_us=37455736 queue_ms=26
vis: 60.0
cpu: exceptions=27659 cacheResets=1 batches=100419 verts=1145214 texStalls=0 recompiles=1630 underruns=8 overruns=0 sleep_us=37635204 queue_ms=32
fps: 30.0
vis: 60.0
cpu: exceptions=27978 cacheResets=1 batches=103096 verts=1180326 texStalls=0 recompiles=1635 underruns=8 overruns=0 sleep_us=37800476 queue_ms=28
fps: 30.0
vis: 60.0
cpu: exceptions=28298 cacheResets=1 batches=106270 verts=1226127 texStalls=0 recompiles=1639 underruns=8 overruns=0 sleep_us=37954836 queue_ms=35
fps: 30.1
vis: 60.0
cpu: exceptions=28541 cacheResets=1 batches=109259 verts=1268958 texStalls=0 recompiles=1644 underruns=8 overruns=0 sleep_us=38137441 queue_ms=31
fps: 30.0
vis: 60.0
cpu: exceptions=28817 cacheResets=1 batches=112113 verts=1308627 texStalls=0 recompiles=1644 underruns=8 overruns=0 sleep_us=38323058 queue_ms=37
fps: 29.9
vis: 60.0
cpu: exceptions=29106 cacheResets=1 batches=114735 verts=1343007 texStalls=0 recompiles=1645 underruns=8 overruns=0 sleep_us=38519078 queue_ms=34
fps: 30.1
vis: 60.0
cpu: exceptions=29383 cacheResets=1 batches=117359 verts=1378428 texStalls=0 recompiles=1646 underruns=8 overruns=0 sleep_us=38716288 queue_ms=40
fps: 30.0
vis: 60.0
cpu: exceptions=29626 cacheResets=1 batches=119845 verts=1411578 texStalls=0 recompiles=1646 underruns=8 overruns=0 sleep_us=38925760 queue_ms=36
fps: 30.5
vis: 60.0
cpu: exceptions=29830 cacheResets=1 batches=122264 verts=1444740 texStalls=0 recompiles=1648 underruns=8 overruns=0 sleep_us=39148831 queue_ms=32
fps: 29.4
vis: 60.0
cpu: exceptions=30039 cacheResets=1 batches=124582 verts=1476594 texStalls=0 recompiles=1648 underruns=8 overruns=0 sleep_us=39365940 queue_ms=39
fps: 30.0
vis: 60.0
cpu: exceptions=30258 cacheResets=1 batches=126909 verts=1508502 texStalls=0 recompiles=1648 underruns=8 overruns=0 sleep_us=39580186 queue_ms=36
fps: 30.1
vis: 60.0
cpu: exceptions=30475 cacheResets=1 batches=129203 verts=1540092 texStalls=0 recompiles=1648 underruns=8 overruns=0 sleep_us=39795347 queue_ms=42
fps: 29.7
vis: 60.0
cpu: exceptions=30676 cacheResets=1 batches=131496 verts=1572552 texStalls=0 recompiles=1648 underruns=8 overruns=0 sleep_us=40019563 queue_ms=28
fps: 29.5
vis: 60.0
cpu: exceptions=30880 cacheResets=1 batches=133808 verts=1603128 texStalls=0 recompiles=1648 underruns=8 overruns=0 sleep_us=40249259 queue_ms=23
fps: 29.9
vis: 60.0
cpu: exceptions=31097 cacheResets=1 batches=136131 verts=1634976 texStalls=0 recompiles=1648 underruns=8 overruns=0 sleep_us=40466776 queue_ms=31
fps: 30.1
vis: 60.0
cpu: exceptions=31290 cacheResets=1 batches=138470 verts=1665300 texStalls=0 recompiles=1654 underruns=8 overruns=0 sleep_us=40698294 queue_ms=27
fps: 30.5
vis: 60.0
cpu: exceptions=31496 cacheResets=1 batches=140803 verts=1696362 texStalls=0 recompiles=1654 underruns=8 overruns=0 sleep_us=40930732 queue_ms=34
fps: 29.4
vis: 60.0
cpu: exceptions=31715 cacheResets=1 batches=143255 verts=1728894 texStalls=0 recompiles=1654 underruns=8 overruns=0 sleep_us=41144563 queue_ms=29
fps: 30.1
vis: 60.0
cpu: exceptions=31908 cacheResets=1 batches=145775 verts=1760304 texStalls=0 recompiles=1654 underruns=8 overruns=0 sleep_us=41374595 queue_ms=35
fps: 30.0
vis: 60.0
cpu: exceptions=32093 cacheResets=1 batches=148271 verts=1792308 texStalls=0 recompiles=1654 underruns=8 overruns=0 sleep_us=41616665 queue_ms=32
fps: 30.5
vis: 60.0
cpu: exceptions=32295 cacheResets=1 batches=150728 verts=1823340 texStalls=0 recompiles=1654 underruns=8 overruns=0 sleep_us=41847564 queue_ms=39
fps: 29.4
vis: 60.0
cpu: exceptions=32513 cacheResets=1 batches=153301 verts=1855776 texStalls=0 recompiles=1654 underruns=8 overruns=0 sleep_us=42061719 queue_ms=35
fps: 30.6
vis: 60.0
cpu: exceptions=32711 cacheResets=1 batches=155794 verts=1887024 texStalls=0 recompiles=1654 underruns=8 overruns=0 sleep_us=42297987 queue_ms=42
fps: 29.5
vis: 60.0
cpu: exceptions=32906 cacheResets=1 batches=158243 verts=1919376 texStalls=0 recompiles=1654 underruns=8 overruns=0 sleep_us=42531425 queue_ms=39
fps: 30.0
vis: 60.0
cpu: exceptions=33125 cacheResets=1 batches=160750 verts=1951128 texStalls=0 recompiles=1657 underruns=8 overruns=0 sleep_us=42746731 queue_ms=45
vis: 60.0
cpu: exceptions=33319 cacheResets=1 batches=163083 verts=1981218 texStalls=0 recompiles=1657 underruns=8 overruns=0 sleep_us=42986991 queue_ms=41
fps: 30.6
vis: 60.0
cpu: exceptions=33503 cacheResets=1 batches=166018 verts=2022888 texStalls=0 recompiles=1657 underruns=8 overruns=0 sleep_us=43215684 queue_ms=37
fps: 29.5
vis: 60.0
cpu: exceptions=33705 cacheResets=1 batches=168227 verts=2051640 texStalls=0 recompiles=1657 underruns=8 overruns=0 sleep_us=43454686 queue_ms=44
fps: 30.5
vis: 60.0
cpu: exceptions=33894 cacheResets=1 batches=170360 verts=2078616 texStalls=0 recompiles=1657 underruns=8 overruns=0 sleep_us=43706859 queue_ms=40
fps: 29.5
vis: 60.0
cpu: exceptions=34079 cacheResets=1 batches=172405 verts=2103711 texStalls=0 recompiles=1657 underruns=8 overruns=0 sleep_us=43959582 queue_ms=47
fps: 30.0
vis: 60.0
cpu: exceptions=34281 cacheResets=1 batches=174431 verts=2128692 texStalls=0 recompiles=1657 underruns=8 overruns=0 sleep_us=44206425 queue_ms=42
fps: 30.4
vis: 60.0
cpu: exceptions=34492 cacheResets=1 batches=176638 verts=2157864 texStalls=0 recompiles=1657 underruns=8 overruns=0 sleep_us=44439774 queue_ms=49
fps: 28.3
vis: 60.0
cpu: exceptions=34704 cacheResets=1 batches=178847 verts=2187048 texStalls=0 recompiles=1657 underruns=8 overruns=0 sleep_us=44674128 queue_ms=24
fps: 29.9
vis: 60.0
cpu: exceptions=34919 cacheResets=1 batches=181067 verts=2217195 texStalls=0 recompiles=1657 underruns=8 overruns=0 sleep_us=44901095 queue_ms=31
fps: 30.1
vis: 60.0
cpu: exceptions=35129 cacheResets=1 batches=183217 verts=2242920 texStalls=0 recompiles=1657 underruns=8 overruns=0 sleep_us=45136363 queue_ms=26
fps: 30.0
vis: 60.0
cpu: exceptions=35343 cacheResets=1 batches=185310 verts=2268303 texStalls=0 recompiles=1678 underruns=8 overruns=0 sleep_us=45367791 queue_ms=32
fps: 30.0
vis: 60.0
cpu: exceptions=35540 cacheResets=1 batches=187329 verts=2293242 texStalls=0 recompiles=1679 underruns=8 overruns=0 sleep_us=45610544 queue_ms=29
fps: 30.0
vis: 60.0
cpu: exceptions=35730 cacheResets=1 batches=189417 verts=2321079 texStalls=0 recompiles=1679 underruns=8 overruns=0 sleep_us=45855301 queue_ms=35
fps: 30.0
vis: 60.0
cpu: exceptions=35934 cacheResets=1 batches=191599 verts=2351343 texStalls=0 recompiles=1679 underruns=8 overruns=0 sleep_us=46090372 queue_ms=30
fps: 30.5
vis: 60.0
cpu: exceptions=36123 cacheResets=1 batches=194010 verts=2386086 texStalls=0 recompiles=1685 underruns=8 overruns=0 sleep_us=46327804 queue_ms=26
fps: 29.5
vis: 60.0
cpu: exceptions=36305 cacheResets=1 batches=196548 verts=2423562 texStalls=0 recompiles=1685 underruns=8 overruns=0 sleep_us=46566276 queue_ms=34
fps: 30.4
vis: 60.0
cpu: exceptions=36506 cacheResets=1 batches=199030 verts=2460594 texStalls=0 recompiles=1694 underruns=8 overruns=0 sleep_us=46793447 queue_ms=29
fps: 30.1
vis: 60.0
cpu: exceptions=36692 cacheResets=1 batches=201528 verts=2497722 texStalls=0 recompiles=1703 underruns=8 overruns=0 sleep_us=47024123 queue_ms=35
fps: 30.0
vis: 60.0
cpu: exceptions=36878 cacheResets=1 batches=204016 verts=2534790 texStalls=0 recompiles=1705 underruns=8 overruns=0 sleep_us=47259152 queue_ms=32
fps: 29.4
vis: 60.0
cpu: exceptions=37083 cacheResets=1 batches=206463 verts=2570991 texStalls=0 recompiles=1710 underruns=8 overruns=0 sleep_us=47483608 queue_ms=38
fps: 30.0
vis: 60.0
cpu: exceptions=37284 cacheResets=1 batches=208788 verts=2604201 texStalls=0 recompiles=1710 underruns=8 overruns=0 sleep_us=47709381 queue_ms=35
fps: 30.0
vis: 60.0
cpu: exceptions=37476 cacheResets=1 batches=211540 verts=2644029 texStalls=0 recompiles=1710 underruns=8 overruns=0 sleep_us=47938032 queue_ms=42
vis: 60.0
cpu: exceptions=37685 cacheResets=1 batches=214093 verts=2680494 texStalls=0 recompiles=1711 underruns=8 overruns=0 sleep_us=48160635 queue_ms=37
fps: 30.1
vis: 60.0
cpu: exceptions=37899 cacheResets=1 batches=216419 verts=2711151 texStalls=0 recompiles=1711 underruns=8 overruns=0 sleep_us=48392378 queue_ms=44
fps: 30.0
vis: 60.0
cpu: exceptions=38108 cacheResets=1 batches=219116 verts=2749458 texStalls=0 recompiles=1711 underruns=8 overruns=0 sleep_us=48619282 queue_ms=40
fps: 29.9
vis: 60.0
cpu: exceptions=38316 cacheResets=1 batches=222039 verts=2792511 texStalls=0 recompiles=1711 underruns=8 overruns=0 sleep_us=48839574 queue_ms=37
fps: 30.0
vis: 60.0
cpu: exceptions=38518 cacheResets=1 batches=224985 verts=2835702 texStalls=0 recompiles=1711 underruns=8 overruns=0 sleep_us=49057307 queue_ms=44
fps: 29.2
mark: stop reason: chain guest VI limit
mark: stop_it requested
audio: alist_resample_calls=192357 alist_resample_samples=28699880 alist_zoh_calls=0 alist_zoh_samples=0 musyx_subframes=0 musyx_voices=0 musyx_voice_peak=0
audio_stages: adpcm_calls=201202 adpcm_samples=30050192 envmix_calls=192357 envmix_samples=28699880 mix_calls=32040 mix_samples=12303360 musyx_fx_calls=0 musyx_fx_taps=0 output_calls=5366 output_samples=2401136
audio_envmix: exp_calls=0 ge_calls=0 lin_calls=0 nead_calls=192357 exp_steady=0 ge_steady=0 lin_steady=0
audio_gaps: nead_mats=0 nead_efz=0 resample_flag2=0 musyx_ptr10=0
audio_output: stream_requests=10115 stream_fed=8335 input_hz=26807 playback_hz=26807 queue_peak_ms=71
audio_time: stage=resample sampled_calls=1514 sampled_samples=225760 sampled_us=9570
audio_time: stage=zoh sampled_calls=0 sampled_samples=0 sampled_us=0
audio_time: stage=adpcm sampled_calls=1584 sampled_samples=235888 sampled_us=9891
audio_time: stage=envmix_exp sampled_calls=0 sampled_samples=0 sampled_us=0
audio_time: stage=envmix_ge sampled_calls=0 sampled_samples=0 sampled_us=0
audio_time: stage=envmix_lin sampled_calls=0 sampled_samples=0 sampled_us=0
audio_time: stage=envmix_nead sampled_calls=1514 sampled_samples=225760 sampled_us=13488
audio_time: stage=mix sampled_calls=252 sampled_samples=96768 sampled_us=1569
audio_time: stage=musyx_voice sampled_calls=0 sampled_samples=0 sampled_us=0
audio_time: stage=musyx_fx sampled_calls=0 sampled_samples=0 sampled_us=0
audio_time: stage=output sampled_calls=42 sampled_samples=18784 sampled_us=345
gpu_counters: clks=21940801652 tb_clks=21940801668 ras_busy=659602188 xf_wait_in=20657383139 xf_wait_out=922143425 ras_peak_permille=43 ztop_in=2467378008 ztop_out=2419129680 z_in=27794340 z_out=24682456 blend_in=2447647732 copy_clks=236599822 fifo_overflows=138
game: n=1/6 how=vis vis=5400 vi_rate=60 vi0_retrace=440 wall_us=90291198 sleep_us=49259947 avg_vis=59.67 avg_fps=28.42 exceptions=38713 cacheResets=1 recompiles=1711 batches=227732 verts=2876070 texStalls=0 treeDepthMax=14 underruns=8 overruns=0 queue_peak_ms=50 dsp_avg=1.44 dsp_peak=1.85 dsp_samples=180 pmc1=29838912018 pmc2=28126678525 pmc3=0 pmc4=0 mmcr0=00000042 mmcr1=00000000 heap_used=10909088 heap_free=36232 arena1_free=286720 arena2_free=288704 flushes=11 flush_us=142555 padtrace=25 rom=sd:/wii64/roms/Mario Kart 64.v64
=== chain 1/6 end vis=5400 how=vis rom=sd:/wii64/roms/Mario Kart 64.v64 ===
mark: pad replay records: 11
mark: loadROM: enter
mark: loadROM: before rom_read
mark: ROMCache_load: enter
menufps: 0.0
menufps: 0.2
mark: ROMCache_load: before first read
mark: ROMCache_load: first read returned
mark: ROMCache_load: byte_swap_type set
mark: ROMCache_load: first byte_swap done
menufps: 0.2
menufps: 8.2
menufps: 7.8
menufps: 8.3
menufps: 8.4
menufps: 8.3
menufps: 8.3
menufps: 2.2
menufps: 1.3
menufps: 1.2
menufps: 1.3
menufps: 1.3
menufps: 1.3
menufps: 1.3
menufps: 3.7
menufps: 8.3
menufps: 8.0
menufps: 8.3
menufps: 8.3
mark: ROMCache_load: loop exited normally
menufps: 2.8
menufps: 1.2
menufps: 1.2
menufps: 1.1
menufps: 1.1
menufps: 1.2
menufps: 1.2
menufps: 1.1
menufps: 1.1
menufps: 1.2
menufps: 1.1
menufps: 1.1
menufps: 1.1
menufps: 1.1
menufps: 1.2
menufps: 1.1
menufps: 1.1
menufps: 1.1
menufps: 1.1
menufps: 1.1
mark: ROMCache_load: preflush_us=17581433
mark: ROMCache_load: elapsed_us=39477593 bytes=33554432 vm=1
mark: loadROM: after rom_read
mark: loadROM: before init_memory
mark: loadROM: after init_memory
mark: loadROM: before romOpen_gfx
mark: loadROM: after romOpen_gfx / before romOpen_audio
mark: loadROM: after romOpen_audio / before romOpen_input
mark: loadROM: after romOpen_input / before cpu_init
mark: loadROM: after cpu_init
menufps: 3.1
menufps: 1.0
menufps: 1.0
fps: 0.3
first_vi: vi0_retrace=8430
vis: 0.7
cpu: exceptions=0 cacheResets=0 batches=0 verts=0 texStalls=0 recompiles=0 underruns=0 overruns=0 sleep_us=0 queue_ms=0
mark: CPU core dispatch: dynarec
vis: 60.0
cpu: exceptions=421 cacheResets=1 batches=0 verts=0 texStalls=0 recompiles=315 underruns=0 overruns=0 sleep_us=172823 queue_ms=0
vis: 60.0
cpu: exceptions=661 cacheResets=1 batches=0 verts=0 texStalls=0 recompiles=315 underruns=0 overruns=0 sleep_us=664678 queue_ms=0
vis: 60.0
cpu: exceptions=2154 cacheResets=1 batches=0 verts=0 texStalls=0 recompiles=336 underruns=0 overruns=0 sleep_us=1128338 queue_ms=0
fps: 0.5
vis: 60.0
cpu: exceptions=2416 cacheResets=1 batches=0 verts=0 texStalls=0 recompiles=660 underruns=1 overruns=0 sleep_us=1581960 queue_ms=14
fps: 56.0
vis: 60.0
cpu: exceptions=2622 cacheResets=1 batches=0 verts=0 texStalls=0 recompiles=786 underruns=1 overruns=0 sleep_us=1971657 queue_ms=19
fps: 60.0
vis: 60.0
cpu: exceptions=2787 cacheResets=1 batches=0 verts=0 texStalls=0 recompiles=786 underruns=1 overruns=0 sleep_us=2407989 queue_ms=15
fps: 62.0
vis: 60.0
cpu: exceptions=2952 cacheResets=1 batches=0 verts=0 texStalls=0 recompiles=791 underruns=1 overruns=0 sleep_us=2843860 queue_ms=12
fps: 60.0
vis: 60.0
cpu: exceptions=3117 cacheResets=1 batches=0 verts=0 texStalls=0 recompiles=791 underruns=1 overruns=0 sleep_us=3280619 queue_ms=17
fps: 60.0
vis: 60.0
cpu: exceptions=3282 cacheResets=1 batches=0 verts=0 texStalls=0 recompiles=791 underruns=1 overruns=0 sleep_us=3717406 queue_ms=13
vis: 60.0
cpu: exceptions=3447 cacheResets=1 batches=0 verts=0 texStalls=0 recompiles=805 underruns=1 overruns=0 sleep_us=4153208 queue_ms=18
fps: 58.3
vis: 60.0
cpu: exceptions=3614 cacheResets=1 batches=0 verts=0 texStalls=0 recompiles=805 underruns=1 overruns=0 sleep_us=4579613 queue_ms=14
fps: 54.1
vis: 60.0
cpu: exceptions=3794 cacheResets=1 batches=0 verts=0 texStalls=0 recompiles=807 underruns=1 overruns=0 sleep_us=5015780 queue_ms=20
fps: 60.0
vis: 60.0
cpu: exceptions=3974 cacheResets=1 batches=0 verts=0 texStalls=0 recompiles=807 underruns=1 overruns=0 sleep_us=5452664 queue_ms=16
fps: 60.0
vis: 60.0
cpu: exceptions=4154 cacheResets=1 batches=0 verts=0 texStalls=0 recompiles=807 underruns=1 overruns=0 sleep_us=5889545 queue_ms=13
fps: 60.0
vis: 60.0
cpu: exceptions=4334 cacheResets=1 batches=0 verts=0 texStalls=0 recompiles=807 underruns=1 overruns=0 sleep_us=6326248 queue_ms=17
fps: 60.0
vis: 60.0
cpu: exceptions=4515 cacheResets=1 batches=0 verts=0 texStalls=0 recompiles=808 underruns=1 overruns=0 sleep_us=6751238 queue_ms=14
fps: 54.2
vis: 60.0
cpu: exceptions=4695 cacheResets=1 batches=0 verts=0 texStalls=0 recompiles=809 underruns=1 overruns=0 sleep_us=7187595 queue_ms=19
fps: 62.0
vis: 60.0
cpu: exceptions=4875 cacheResets=1 batches=0 verts=0 texStalls=0 recompiles=809 underruns=1 overruns=0 sleep_us=7624530 queue_ms=16
fps: 60.0
vis: 60.0
cpu: exceptions=5055 cacheResets=1 batches=0 verts=0 texStalls=0 recompiles=809 underruns=1 overruns=0 sleep_us=8061497 queue_ms=21
fps: 56.5
vis: 60.0
cpu: exceptions=5235 cacheResets=1 batches=0 verts=0 texStalls=0 recompiles=811 underruns=2 overruns=0 sleep_us=8497988 queue_ms=8
fps: 60.0
vis: 58.7
cpu: exceptions=5509 cacheResets=1 batches=0 verts=0 texStalls=0 recompiles=1101 underruns=3 overruns=0 sleep_us=8865435 queue_ms=14
vis: 60.0
cpu: exceptions=5767 cacheResets=1 batches=0 verts=0 texStalls=0 recompiles=1125 underruns=3 overruns=0 sleep_us=9158002 queue_ms=9
vis: 60.0
cpu: exceptions=6019 cacheResets=1 batches=0 verts=0 texStalls=0 recompiles=1125 underruns=3 overruns=0 sleep_us=9465238 queue_ms=6
vis: 59.7
cpu: exceptions=6261 cacheResets=1 batches=0 verts=0 texStalls=0 recompiles=1125 underruns=3 overruns=0 sleep_us=9783184 queue_ms=11
vis: 60.0
cpu: exceptions=6486 cacheResets=1 batches=0 verts=0 texStalls=0 recompiles=1125 underruns=3 overruns=0 sleep_us=10093659 queue_ms=7
vis: 60.0
cpu: exceptions=6706 cacheResets=1 batches=0 verts=0 texStalls=0 recompiles=1125 underruns=3 overruns=0 sleep_us=10392283 queue_ms=12
vis: 60.0
cpu: exceptions=6926 cacheResets=1 batches=0 verts=0 texStalls=0 recompiles=1125 underruns=3 overruns=0 sleep_us=10699442 queue_ms=9
fps: 6.6
vis: 59.0
cpu: exceptions=7131 cacheResets=1 batches=373 verts=8757 texStalls=0 recompiles=1295 underruns=4 overruns=0 sleep_us=10975956 queue_ms=5
fps: 148.7
vis: 60.0
cpu: exceptions=7405 cacheResets=1 batches=5968 verts=140112 texStalls=0 recompiles=1419 underruns=4 overruns=0 sleep_us=11146835 queue_ms=10
fps: 151.9
vis: 60.0
cpu: exceptions=7680 cacheResets=1 batches=11563 verts=271467 texStalls=0 recompiles=1420 underruns=4 overruns=0 sleep_us=11327823 queue_ms=6
fps: 150.0
vis: 60.0
cpu: exceptions=7955 cacheResets=1 batches=17158 verts=402822 texStalls=0 recompiles=1445 underruns=4 overruns=0 sleep_us=11506071 queue_ms=12
fps: 149.3
vis: 60.0
cpu: exceptions=8230 cacheResets=1 batches=22753 verts=534177 texStalls=0 recompiles=1461 underruns=4 overruns=0 sleep_us=11685421 queue_ms=8
fps: 149.6
vis: 60.0
cpu: exceptions=8514 cacheResets=1 batches=28348 verts=665532 texStalls=0 recompiles=1471 underruns=4 overruns=0 sleep_us=11849493 queue_ms=14
fps: 150.0
vis: 60.0
cpu: exceptions=8794 cacheResets=1 batches=33943 verts=796887 texStalls=0 recompiles=1585 underruns=4 overruns=0 sleep_us=11967710 queue_ms=9
fps: 151.9
vis: 60.0
cpu: exceptions=9060 cacheResets=1 batches=39538 verts=928242 texStalls=0 recompiles=1586 underruns=4 overruns=0 sleep_us=12113960 queue_ms=15
vis: 60.0
cpu: exceptions=9332 cacheResets=1 batches=45133 verts=1059597 texStalls=0 recompiles=1586 underruns=4 overruns=0 sleep_us=12259866 queue_ms=11
fps: 147.0
vis: 60.0
cpu: exceptions=9600 cacheResets=1 batches=50728 verts=1190952 texStalls=0 recompiles=1587 underruns=4 overruns=0 sleep_us=12404781 queue_ms=7
fps: 150.0
vis: 60.0
cpu: exceptions=9879 cacheResets=1 batches=56323 verts=1322307 texStalls=0 recompiles=1587 underruns=4 overruns=0 sleep_us=12542611 queue_ms=12
fps: 149.8
vis: 59.9
cpu: exceptions=10161 cacheResets=1 batches=61918 verts=1453662 texStalls=0 recompiles=1587 underruns=4 overruns=0 sleep_us=12681168 queue_ms=9
fps: 149.9
vis: 60.0
cpu: exceptions=10438 cacheResets=1 batches=67513 verts=1585017 texStalls=0 recompiles=1587 underruns=5 overruns=0 sleep_us=12820455 queue_ms=6
fps: 147.2
vis: 60.0
cpu: exceptions=10719 cacheResets=1 batches=73108 verts=1716372 texStalls=0 recompiles=1587 underruns=5 overruns=0 sleep_us=12954411 queue_ms=10
fps: 151.9
vis: 60.0
cpu: exceptions=10994 cacheResets=1 batches=78703 verts=1847727 texStalls=0 recompiles=1593 underruns=5 overruns=0 sleep_us=13097272 queue_ms=7
fps: 149.3
vis: 60.0
cpu: exceptions=11272 cacheResets=1 batches=84298 verts=1979082 texStalls=0 recompiles=1593 underruns=5 overruns=0 sleep_us=13242070 queue_ms=12
fps: 149.7
vis: 60.0
cpu: exceptions=11551 cacheResets=1 batches=89893 verts=2110437 texStalls=0 recompiles=1593 underruns=5 overruns=0 sleep_us=13387101 queue_ms=8
fps: 149.3
vis: 60.0
cpu: exceptions=11834 cacheResets=1 batches=95488 verts=2241792 texStalls=0 recompiles=1593 underruns=5 overruns=0 sleep_us=13533426 queue_ms=13
fps: 150.0
vis: 60.0
cpu: exceptions=12109 cacheResets=1 batches=101083 verts=2373147 texStalls=0 recompiles=1593 underruns=5 overruns=0 sleep_us=13680116 queue_ms=10
fps: 151.2
vis: 60.0
cpu: exceptions=12392 cacheResets=1 batches=106678 verts=2504502 texStalls=0 recompiles=1593 underruns=6 overruns=0 sleep_us=13814704 queue_ms=15
fps: 149.6
vis: 60.0
cpu: exceptions=12671 cacheResets=1 batches=112273 verts=2635857 texStalls=0 recompiles=1593 underruns=6 overruns=0 sleep_us=13953678 queue_ms=20
fps: 154.0
vis: 60.0
cpu: exceptions=12950 cacheResets=1 batches=117868 verts=2767212 texStalls=0 recompiles=1593 underruns=6 overruns=0 sleep_us=14092567 queue_ms=16
fps: 148.0
vis: 60.0
cpu: exceptions=13231 cacheResets=1 batches=123463 verts=2898567 texStalls=0 recompiles=1593 underruns=6 overruns=0 sleep_us=14229542 queue_ms=22
fps: 150.0
vis: 60.0
cpu: exceptions=13512 cacheResets=1 batches=129058 verts=3029922 texStalls=0 recompiles=1593 underruns=6 overruns=0 sleep_us=14363670 queue_ms=18
fps: 149.9
vis: 59.9
cpu: exceptions=13803 cacheResets=1 batches=134653 verts=3161277 texStalls=0 recompiles=1593 underruns=6 overruns=0 sleep_us=14496704 queue_ms=23
fps: 149.9
vis: 60.0
cpu: exceptions=14089 cacheResets=1 batches=140248 verts=3292632 texStalls=0 recompiles=1593 underruns=6 overruns=0 sleep_us=14631669 queue_ms=20
fps: 148.0
vis: 60.0
cpu: exceptions=14372 cacheResets=1 batches=145843 verts=3423987 texStalls=0 recompiles=1593 underruns=6 overruns=0 sleep_us=14764369 queue_ms=16
fps: 150.0
vis: 60.0
cpu: exceptions=14658 cacheResets=1 batches=151438 verts=3555342 texStalls=0 recompiles=1594 underruns=6 overruns=0 sleep_us=14897086 queue_ms=21
fps: 151.9
vis: 60.0
cpu: exceptions=14942 cacheResets=1 batches=157033 verts=3686697 texStalls=0 recompiles=1594 underruns=6 overruns=0 sleep_us=15038351 queue_ms=17
fps: 152.0
vis: 60.0
cpu: exceptions=15233 cacheResets=1 batches=162628 verts=3818052 texStalls=0 recompiles=1594 underruns=6 overruns=0 sleep_us=15177574 queue_ms=22
fps: 145.5
vis: 60.0
cpu: exceptions=15520 cacheResets=1 batches=168223 verts=3949407 texStalls=0 recompiles=1594 underruns=6 overruns=0 sleep_us=15319908 queue_ms=19
fps: 149.9
vis: 60.0
cpu: exceptions=15806 cacheResets=1 batches=173818 verts=4080762 texStalls=0 recompiles=1594 underruns=6 overruns=0 sleep_us=15463817 queue_ms=15
fps: 145.9
mark: stop reason: chain guest VI limit
mark: stop_it requested
audio: alist_resample_calls=34468 alist_resample_samples=4388592 alist_zoh_calls=0 alist_zoh_samples=0 musyx_subframes=0 musyx_voices=0 musyx_voice_peak=0
audio_stages: adpcm_calls=36451 adpcm_samples=3954912 envmix_calls=34468 envmix_samples=4388592 mix_calls=67250 mix_samples=8972640 musyx_fx_calls=0 musyx_fx_taps=0 output_calls=1681 output_samples=897264
audio_envmix: exp_calls=34468 ge_calls=0 lin_calls=0 nead_calls=0 exp_steady=17560 ge_steady=0 lin_steady=0
audio_gaps: nead_mats=0 nead_efz=0 resample_flag2=0 musyx_ptr10=0
audio_output: stream_requests=5701 stream_fed=3115 input_hz=32006 playback_hz=32006 queue_peak_ms=40
audio_time: stage=resample sampled_calls=271 sampled_samples=33936 sampled_us=1468
audio_time: stage=zoh sampled_calls=0 sampled_samples=0 sampled_us=0
audio_time: stage=adpcm sampled_calls=287 sampled_samples=29936 sampled_us=1260
audio_time: stage=envmix_exp sampled_calls=271 sampled_samples=33936 sampled_us=4186
audio_time: stage=envmix_ge sampled_calls=0 sampled_samples=0 sampled_us=0
audio_time: stage=envmix_lin sampled_calls=0 sampled_samples=0 sampled_us=0
audio_time: stage=envmix_nead sampled_calls=0 sampled_samples=0 sampled_us=0
audio_time: stage=mix sampled_calls=529 sampled_samples=70464 sampled_us=1126
audio_time: stage=musyx_voice sampled_calls=0 sampled_samples=0 sampled_us=0
audio_time: stage=musyx_fx sampled_calls=0 sampled_samples=0 sampled_us=0
audio_time: stage=output sampled_calls=13 sampled_samples=6896 sampled_us=116
gpu_counters: clks=7341594881 tb_clks=7341594920 ras_busy=93564306 xf_wait_in=7074502115 xf_wait_out=96850014 ras_peak_permille=22 ztop_in=185033412 ztop_out=184842680 z_in=141949404 z_out=137390520 blend_in=326800996 copy_clks=86295455 fifo_overflows=0
game: n=2/6 how=vis vis=1800 vi_rate=60 vi0_retrace=8430 wall_us=30212178 sleep_us=15592180 avg_vis=58.96 avg_fps=111.82 exceptions=16082 cacheResets=1 recompiles=1594 batches=179040 verts=4203360 texStalls=0 treeDepthMax=25 underruns=7 overruns=0 queue_peak_ms=23 dsp_avg=1.54 dsp_peak=1.90 dsp_samples=60 pmc1=10231343467 pmc2=10004648114 pmc3=0 pmc4=0 mmcr0=00000042 mmcr1=00000000 heap_used=10889792 heap_free=55528 arena1_free=286720 arena2_free=288704 flushes=5 flush_us=52031 padtrace=11 rom=sd:/wii64/roms/Mario Party (USA).z64
=== chain 2/6 end vis=1800 how=vis rom=sd:/wii64/roms/Mario Party (USA).z64 ===
mark: pad replay records: 11
mark: loadROM: enter
mark: loadROM: before rom_read
mark: ROMCache_load: enter
mark: ROMCache_load: before first read
mark: ROMCache_load: first read returned
mark: ROMCache_load: byte_swap_type set
mark: ROMCache_load: first byte_swap done
menufps: 0.1
menufps: 8.5
menufps: 8.0
menufps: 8.1
menufps: 8.1
menufps: 8.1
menufps: 8.1
menufps: 2.1
menufps: 1.3
menufps: 1.3
menufps: 1.3
menufps: 1.3
menufps: 1.3
menufps: 1.3
menufps: 3.7
menufps: 8.1
menufps: 8.0
menufps: 8.3
menufps: 8.1
mark: ROMCache_load: loop exited normally
menufps: 3.4
menufps: 1.1
menufps: 1.1
menufps: 1.1
menufps: 1.1
menufps: 1.1
menufps: 1.2
menufps: 1.1
menufps: 1.1
menufps: 1.1
menufps: 1.1
menufps: 1.1
menufps: 1.1
menufps: 1.1
menufps: 1.1
menufps: 1.1
menufps: 1.1
menufps: 1.1
menufps: 1.1
menufps: 1.1
mark: ROMCache_load: preflush_us=17696977
mark: ROMCache_load: elapsed_us=30244550 bytes=33554432 vm=1
mark: loadROM: after rom_read
mark: loadROM: before init_memory
mark: loadROM: after init_memory
mark: loadROM: before romOpen_gfx
mark: loadROM: after romOpen_gfx / before romOpen_audio
mark: loadROM: after romOpen_audio / before romOpen_input
mark: loadROM: after romOpen_input / before cpu_init
mark: loadROM: after cpu_init
menufps: 3.0
menufps: 1.0
menufps: 1.0
fps: 1.7
first_vi: vi0_retrace=12267
vis: 0.9
cpu: exceptions=0 cacheResets=0 batches=0 verts=0 texStalls=0 recompiles=0 underruns=0 overruns=0 sleep_us=0 queue_ms=0
mark: CPU core dispatch: dynarec
vis: 50.0
cpu: exceptions=417 cacheResets=1 batches=0 verts=0 texStalls=0 recompiles=309 underruns=0 overruns=0 sleep_us=175553 queue_ms=0
vis: 50.0
cpu: exceptions=657 cacheResets=1 batches=0 verts=0 texStalls=0 recompiles=309 underruns=0 overruns=0 sleep_us=667873 queue_ms=0
vis: 50.0
cpu: exceptions=3132 cacheResets=1 batches=0 verts=0 texStalls=0 recompiles=333 underruns=0 overruns=0 sleep_us=1112801 queue_ms=0
vis: 50.0
cpu: exceptions=3372 cacheResets=1 batches=0 verts=0 texStalls=0 recompiles=333 underruns=0 overruns=0 sleep_us=1604800 queue_ms=0
fps: 0.4
vis: 49.0
cpu: exceptions=3640 cacheResets=1 batches=0 verts=0 texStalls=0 recompiles=924 underruns=2 overruns=0 sleep_us=1930669 queue_ms=20
fps: 35.0
vis: 50.0
cpu: exceptions=3788 cacheResets=1 batches=0 verts=0 texStalls=0 recompiles=965 underruns=2 overruns=0 sleep_us=2334052 queue_ms=18
fps: 50.0
vis: 50.0
cpu: exceptions=3940 cacheResets=1 batches=0 verts=0 texStalls=0 recompiles=965 underruns=2 overruns=0 sleep_us=2742685 queue_ms=23
fps: 50.0
vis: 50.0
cpu: exceptions=4088 cacheResets=1 batches=0 verts=0 texStalls=0 recompiles=972 underruns=2 overruns=0 sleep_us=3155782 queue_ms=20
fps: 50.0
vis: 50.0
cpu: exceptions=4240 cacheResets=1 batches=0 verts=0 texStalls=0 recompiles=972 underruns=2 overruns=0 sleep_us=3564332 queue_ms=17
fps: 50.0
vis: 50.0
cpu: exceptions=4388 cacheResets=1 batches=0 verts=0 texStalls=0 recompiles=972 underruns=2 overruns=0 sleep_us=3978078 queue_ms=24
fps: 50.0
vis: 50.0
cpu: exceptions=4540 cacheResets=1 batches=0 verts=0 texStalls=0 recompiles=972 underruns=2 overruns=0 sleep_us=4386642 queue_ms=20
fps: 50.0
vis: 50.0
cpu: exceptions=4688 cacheResets=1 batches=0 verts=0 texStalls=0 recompiles=972 underruns=2 overruns=0 sleep_us=4800426 queue_ms=26
fps: 49.9
vis: 50.0
cpu: exceptions=4846 cacheResets=1 batches=0 verts=0 texStalls=0 recompiles=1001 underruns=2 overruns=0 sleep_us=5192086 queue_ms=24
fps: 50.0
vis: 50.0
cpu: exceptions=4994 cacheResets=1 batches=0 verts=0 texStalls=0 recompiles=1002 underruns=2 overruns=0 sleep_us=5599579 queue_ms=30
fps: 50.0
vis: 50.0
cpu: exceptions=5146 cacheResets=1 batches=0 verts=0 texStalls=0 recompiles=1002 underruns=2 overruns=0 sleep_us=6001667 queue_ms=27
fps: 50.0
vis: 50.0
cpu: exceptions=5294 cacheResets=1 batches=0 verts=0 texStalls=0 recompiles=1002 underruns=2 overruns=0 sleep_us=6409430 queue_ms=32
fps: 50.0
vis: 50.0
cpu: exceptions=5446 cacheResets=1 batches=0 verts=0 texStalls=0 recompiles=1002 underruns=2 overruns=0 sleep_us=6811405 queue_ms=30
vis: 50.0
cpu: exceptions=5594 cacheResets=1 batches=0 verts=0 texStalls=0 recompiles=1002 underruns=2 overruns=0 sleep_us=7219076 queue_ms=36
fps: 50.0
vis: 50.0
cpu: exceptions=5746 cacheResets=1 batches=0 verts=0 texStalls=0 recompiles=1002 underruns=2 overruns=0 sleep_us=7621052 queue_ms=32
fps: 48.4
vis: 50.0
cpu: exceptions=5894 cacheResets=1 batches=0 verts=0 texStalls=0 recompiles=1002 underruns=2 overruns=0 sleep_us=8028942 queue_ms=13
fps: 50.0
vis: 50.0
cpu: exceptions=6046 cacheResets=1 batches=0 verts=0 texStalls=0 recompiles=1002 underruns=2 overruns=0 sleep_us=8431165 queue_ms=19
fps: 50.0
vis: 50.0
cpu: exceptions=6194 cacheResets=1 batches=0 verts=0 texStalls=0 recompiles=1002 underruns=2 overruns=0 sleep_us=8839101 queue_ms=15
fps: 50.0
vis: 50.0
cpu: exceptions=6346 cacheResets=1 batches=0 verts=0 texStalls=0 recompiles=1002 underruns=2 overruns=0 sleep_us=9241308 queue_ms=21
fps: 50.0
vis: 50.0
cpu: exceptions=6494 cacheResets=1 batches=0 verts=0 texStalls=0 recompiles=1002 underruns=2 overruns=0 sleep_us=9649174 queue_ms=18
fps: 50.0
vis: 50.0
cpu: exceptions=6649 cacheResets=1 batches=0 verts=0 texStalls=0 recompiles=1143 underruns=2 overruns=0 sleep_us=10032494 queue_ms=24
fps: 50.0
vis: 50.0
cpu: exceptions=6801 cacheResets=1 batches=0 verts=0 texStalls=0 recompiles=1143 underruns=2 overruns=0 sleep_us=10433875 queue_ms=21
fps: 50.0
vis: 50.0
cpu: exceptions=7021 cacheResets=1 batches=0 verts=0 texStalls=0 recompiles=1205 underruns=2 overruns=0 sleep_us=10854948 queue_ms=27
fps: 34.9
vis: 50.0
cpu: exceptions=7205 cacheResets=1 batches=0 verts=0 texStalls=0 recompiles=1245 underruns=3 overruns=0 sleep_us=11280787 queue_ms=12
fps: 43.9
vis: 50.0
cpu: exceptions=7354 cacheResets=1 batches=0 verts=0 texStalls=0 recompiles=1254 underruns=3 overruns=0 sleep_us=11711450 queue_ms=10
fps: 50.0
vis: 50.0
cpu: exceptions=7506 cacheResets=1 batches=0 verts=0 texStalls=0 recompiles=1254 underruns=3 overruns=0 sleep_us=12153178 queue_ms=16
fps: 50.0
vis: 50.0
cpu: exceptions=7654 cacheResets=1 batches=0 verts=0 texStalls=0 recompiles=1256 underruns=3 overruns=0 sleep_us=12597311 queue_ms=13
fps: 50.0
vis: 50.0
cpu: exceptions=7806 cacheResets=1 batches=0 verts=0 texStalls=0 recompiles=1256 underruns=3 overruns=0 sleep_us=13039406 queue_ms=18
fps: 50.0
vis: 50.0
cpu: exceptions=7954 cacheResets=1 batches=0 verts=0 texStalls=0 recompiles=1256 underruns=3 overruns=0 sleep_us=13484080 queue_ms=16
fps: 50.0
vis: 50.0
cpu: exceptions=8105 cacheResets=1 batches=0 verts=0 texStalls=0 recompiles=1256 underruns=3 overruns=0 sleep_us=13925864 queue_ms=22
fps: 50.1
vis: 50.0
cpu: exceptions=8253 cacheResets=1 batches=0 verts=0 texStalls=0 recompiles=1258 underruns=3 overruns=0 sleep_us=14380392 queue_ms=18
fps: 46.0
vis: 50.0
cpu: exceptions=8406 cacheResets=1 batches=0 verts=0 texStalls=0 recompiles=1259 underruns=3 overruns=0 sleep_us=14800238 queue_ms=25
fps: 50.0
vis: 50.0
cpu: exceptions=8554 cacheResets=1 batches=0 verts=0 texStalls=0 recompiles=1259 underruns=3 overruns=0 sleep_us=15244767 queue_ms=23
fps: 50.0
vis: 50.0
cpu: exceptions=8705 cacheResets=1 batches=0 verts=0 texStalls=0 recompiles=1259 underruns=3 overruns=0 sleep_us=15686835 queue_ms=28
fps: 50.0
vis: 50.0
cpu: exceptions=8852 cacheResets=1 batches=0 verts=0 texStalls=0 recompiles=1259 underruns=3 overruns=0 sleep_us=16131590 queue_ms=25
fps: 48.5
vis: 50.0
cpu: exceptions=9004 cacheResets=1 batches=0 verts=0 texStalls=0 recompiles=1260 underruns=3 overruns=0 sleep_us=16575667 queue_ms=13
fps: 46.1
vis: 50.0
cpu: exceptions=9154 cacheResets=1 batches=0 verts=0 texStalls=0 recompiles=1260 underruns=3 overruns=0 sleep_us=17006370 queue_ms=11
fps: 50.0
vis: 50.0
cpu: exceptions=9305 cacheResets=1 batches=0 verts=0 texStalls=0 recompiles=1261 underruns=3 overruns=0 sleep_us=17448144 queue_ms=16
fps: 50.0
vis: 50.0
cpu: exceptions=9453 cacheResets=1 batches=0 verts=0 texStalls=0 recompiles=1261 underruns=3 overruns=0 sleep_us=17892979 queue_ms=13
fps: 50.0
vis: 50.0
cpu: exceptions=9604 cacheResets=1 batches=0 verts=0 texStalls=0 recompiles=1261 underruns=3 overruns=0 sleep_us=18335251 queue_ms=20
vis: 50.0
cpu: exceptions=9751 cacheResets=1 batches=0 verts=0 texStalls=0 recompiles=1263 underruns=3 overruns=0 sleep_us=18779920 queue_ms=17
fps: 50.0
vis: 50.0
cpu: exceptions=9891 cacheResets=1 batches=0 verts=0 texStalls=0 recompiles=1272 underruns=3 overruns=0 sleep_us=19235284 queue_ms=13
fps: 35.8
vis: 50.0
cpu: exceptions=10140 cacheResets=1 batches=0 verts=0 texStalls=0 recompiles=1448 underruns=4 overruns=0 sleep_us=19592963 queue_ms=8
vis: 50.0
cpu: exceptions=10432 cacheResets=1 batches=0 verts=0 texStalls=0 recompiles=1644 underruns=5 overruns=0 sleep_us=19795501 queue_ms=13
fps: 12.3
vis: 50.0
cpu: exceptions=10670 cacheResets=1 batches=200 verts=3990 texStalls=0 recompiles=1791 underruns=5 overruns=0 sleep_us=20065518 queue_ms=19
fps: 106.9
vis: 50.0
cpu: exceptions=10853 cacheResets=1 batches=680 verts=13566 texStalls=0 recompiles=1808 underruns=5 overruns=0 sleep_us=20469216 queue_ms=17
fps: 100.0
vis: 50.0
cpu: exceptions=11045 cacheResets=1 batches=1200 verts=23940 texStalls=0 recompiles=1833 underruns=5 overruns=0 sleep_us=20871154 queue_ms=13
fps: 100.0
vis: 50.0
cpu: exceptions=11228 cacheResets=1 batches=1680 verts=33516 texStalls=0 recompiles=1837 underruns=5 overruns=0 sleep_us=21280904 queue_ms=19
fps: 100.0
vis: 50.0
cpu: exceptions=11420 cacheResets=1 batches=2200 verts=43890 texStalls=0 recompiles=1837 underruns=5 overruns=0 sleep_us=21685725 queue_ms=17
fps: 100.0
vis: 50.0
cpu: exceptions=11603 cacheResets=1 batches=2680 verts=53466 texStalls=0 recompiles=1839 underruns=5 overruns=0 sleep_us=22095700 queue_ms=23
fps: 99.6
vis: 50.0
cpu: exceptions=11810 cacheResets=1 batches=3200 verts=63840 texStalls=0 recompiles=1941 underruns=5 overruns=0 sleep_us=22458275 queue_ms=19
vis: 50.0
cpu: exceptions=12029 cacheResets=1 batches=3680 verts=73416 texStalls=0 recompiles=1973 underruns=5 overruns=0 sleep_us=22785962 queue_ms=26
fps: 99.6
vis: 50.0
cpu: exceptions=12261 cacheResets=1 batches=4200 verts=83790 texStalls=0 recompiles=1980 underruns=5 overruns=0 sleep_us=23087318 queue_ms=23
fps: 99.9
vis: 50.0
cpu: exceptions=12489 cacheResets=1 batches=4680 verts=93366 texStalls=0 recompiles=1981 underruns=5 overruns=0 sleep_us=23396074 queue_ms=28
fps: 100.0
vis: 50.0
cpu: exceptions=12721 cacheResets=1 batches=5200 verts=103740 texStalls=0 recompiles=1981 underruns=5 overruns=0 sleep_us=23696905 queue_ms=26
fps: 98.0
vis: 50.0
cpu: exceptions=12952 cacheResets=1 batches=5680 verts=113316 texStalls=0 recompiles=1981 underruns=5 overruns=0 sleep_us=24003288 queue_ms=14
fps: 100.0
vis: 50.0
cpu: exceptions=13185 cacheResets=1 batches=6200 verts=123690 texStalls=0 recompiles=1986 underruns=5 overruns=0 sleep_us=24302156 queue_ms=20
fps: 100.1
vis: 50.0
cpu: exceptions=13409 cacheResets=1 batches=6680 verts=133266 texStalls=0 recompiles=1987 underruns=5 overruns=0 sleep_us=24609620 queue_ms=17
fps: 99.9
vis: 50.0
cpu: exceptions=13645 cacheResets=1 batches=7200 verts=143640 texStalls=0 recompiles=1994 underruns=5 overruns=0 sleep_us=24911489 queue_ms=23
fps: 100.0
vis: 50.0
cpu: exceptions=13877 cacheResets=1 batches=7680 verts=153216 texStalls=0 recompiles=1994 underruns=5 overruns=0 sleep_us=25218019 queue_ms=21
fps: 99.9
vis: 50.0
cpu: exceptions=14117 cacheResets=1 batches=8200 verts=163590 texStalls=0 recompiles=1994 underruns=5 overruns=0 sleep_us=25527035 queue_ms=26
fps: 100.1
vis: 50.0
cpu: exceptions=14339 cacheResets=1 batches=8680 verts=173166 texStalls=0 recompiles=1994 underruns=5 overruns=0 sleep_us=25853478 queue_ms=24
fps: 99.9
vis: 50.0
cpu: exceptions=14572 cacheResets=1 batches=9200 verts=183540 texStalls=0 recompiles=1994 underruns=5 overruns=0 sleep_us=26183889 queue_ms=31
fps: 100.2
vis: 50.0
cpu: exceptions=14790 cacheResets=1 batches=9680 verts=193116 texStalls=0 recompiles=1995 underruns=5 overruns=0 sleep_us=26524357 queue_ms=27
fps: 100.3
vis: 50.0
cpu: exceptions=15006 cacheResets=1 batches=10200 verts=203490 texStalls=0 recompiles=2001 underruns=5 overruns=0 sleep_us=26897337 queue_ms=24
fps: 100.3
vis: 50.0
cpu: exceptions=15189 cacheResets=1 batches=10680 verts=213066 texStalls=0 recompiles=2001 underruns=5 overruns=0 sleep_us=27315924 queue_ms=29
fps: 100.0
vis: 50.0
cpu: exceptions=15381 cacheResets=1 batches=11200 verts=223440 texStalls=0 recompiles=2001 underruns=5 overruns=0 sleep_us=27729805 queue_ms=27
fps: 100.0
mark: stop reason: chain guest VI limit
mark: stop_it requested
audio: alist_resample_calls=27445 alist_resample_samples=3874384 alist_zoh_calls=0 alist_zoh_samples=0 musyx_subframes=0 musyx_voices=0 musyx_voice_peak=0
audio_stages: adpcm_calls=28351 adpcm_samples=3849808 envmix_calls=27445 envmix_samples=3874384 mix_calls=73860 mix_samples=10796640 musyx_fx_calls=0 musyx_fx_taps=0 output_calls=1681 output_samples=1078416
audio_envmix: exp_calls=27445 ge_calls=0 lin_calls=0 nead_calls=0 exp_steady=8654 ge_steady=0 lin_steady=0
audio_gaps: nead_mats=0 nead_efz=0 resample_flag2=0 musyx_ptr10=0
audio_output: stream_requests=6475 stream_fed=3742 input_hz=31995 playback_hz=31995 queue_peak_ms=57
audio_time: stage=resample sampled_calls=216 sampled_samples=29472 sampled_us=1255
audio_time: stage=zoh sampled_calls=0 sampled_samples=0 sampled_us=0
audio_time: stage=adpcm sampled_calls=223 sampled_samples=29536 sampled_us=1224
audio_time: stage=envmix_exp sampled_calls=216 sampled_samples=29472 sampled_us=4095
audio_time: stage=envmix_ge sampled_calls=0 sampled_samples=0 sampled_us=0
audio_time: stage=envmix_lin sampled_calls=0 sampled_samples=0 sampled_us=0
audio_time: stage=envmix_nead sampled_calls=0 sampled_samples=0 sampled_us=0
audio_time: stage=mix sampled_calls=581 sampled_samples=84096 sampled_us=1338
audio_time: stage=musyx_voice sampled_calls=0 sampled_samples=0 sampled_us=0
audio_time: stage=musyx_fx sampled_calls=0 sampled_samples=0 sampled_us=0
audio_time: stage=output sampled_calls=13 sampled_samples=8368 sampled_us=114
gpu_counters: clks=8799218584 tb_clks=8799218620 ras_busy=151980236 xf_wait_in=8566891070 xf_wait_out=189724310 ras_peak_permille=29 ztop_in=216113932 ztop_out=209640020 z_in=344685360 z_out=342627480 blend_in=554338892 copy_clks=92947145 fifo_overflows=0
game: n=3/6 how=vis vis=1800 vi_rate=50 vi0_retrace=12267 wall_us=36210605 sleep_us=28115109 avg_vis=49.30 avg_fps=63.97 exceptions=15562 cacheResets=1 recompiles=2001 batches=11680 verts=233016 texStalls=0 treeDepthMax=20 underruns=5 overruns=0 queue_peak_ms=36 dsp_avg=1.47 dsp_peak=1.70 dsp_samples=72 pmc1=5534842205 pmc2=5205733481 pmc3=0 pmc4=0 mmcr0=00000042 mmcr1=00000000 heap_used=10913472 heap_free=35944 arena1_free=282624 arena2_free=288704 flushes=5 flush_us=70033 padtrace=8 rom=sd:/wii64/roms/Mario Party 2 (E) (M5) [!].z64
=== chain 3/6 end vis=1800 how=vis rom=sd:/wii64/roms/Mario Party 2 (E) (M5) [!].z64 ===
mark: pad replay records: 11
mark: loadROM: enter
mark: loadROM: before rom_read
mark: ROMCache_load: enter
mark: ROMCache_load: before first read
mark: ROMCache_load: first read returned
mark: ROMCache_load: byte_swap_type set
mark: ROMCache_load: first byte_swap done
menufps: 0.1
menufps: 8.5
menufps: 8.1
menufps: 7.9
menufps: 7.7
menufps: 8.0
menufps: 8.1
menufps: 3.4
menufps: 1.3
menufps: 1.3
menufps: 1.2
menufps: 1.2
menufps: 1.2
menufps: 1.3
menufps: 3.7
menufps: 8.1
menufps: 8.3
menufps: 7.8
menufps: 8.2
mark: ROMCache_load: loop exited normally
menufps: 3.4
menufps: 1.1
menufps: 1.1
menufps: 1.1
menufps: 1.1
menufps: 1.1
menufps: 1.1
menufps: 1.1
menufps: 1.1
menufps: 1.1
menufps: 1.1
menufps: 1.1
menufps: 1.1
menufps: 1.1
menufps: 1.1
menufps: 1.1
menufps: 1.1
menufps: 1.1
menufps: 1.1
menufps: 1.1
mark: ROMCache_load: preflush_us=17779879
mark: ROMCache_load: elapsed_us=30452020 bytes=33554432 vm=1
mark: loadROM: after rom_read
mark: loadROM: before init_memory
mark: loadROM: after init_memory
mark: loadROM: before romOpen_gfx
mark: loadROM: after romOpen_gfx / before romOpen_audio
mark: loadROM: after romOpen_audio / before romOpen_input
mark: loadROM: after romOpen_input / before cpu_init
mark: loadROM: after cpu_init
menufps: 3.1
menufps: 1.0
menufps: 1.0
fps: 0.6
first_vi: vi0_retrace=16476
vis: 0.7
cpu: exceptions=0 cacheResets=0 batches=0 verts=0 texStalls=0 recompiles=0 underruns=0 overruns=0 sleep_us=0 queue_ms=0
mark: CPU core dispatch: dynarec
vis: 60.0
cpu: exceptions=417 cacheResets=1 batches=0 verts=0 texStalls=0 recompiles=315 underruns=0 overruns=0 sleep_us=177673 queue_ms=0
vis: 60.0
cpu: exceptions=657 cacheResets=1 batches=0 verts=0 texStalls=0 recompiles=315 underruns=0 overruns=0 sleep_us=669673 queue_ms=0
vis: 60.0
cpu: exceptions=3140 cacheResets=1 batches=0 verts=0 texStalls=0 recompiles=340 underruns=0 overruns=0 sleep_us=1114538 queue_ms=0
vis: 60.0
cpu: exceptions=3380 cacheResets=1 batches=0 verts=0 texStalls=0 recompiles=340 underruns=0 overruns=0 sleep_us=1606139 queue_ms=0
fps: 0.4
vis: 60.0
cpu: exceptions=3626 cacheResets=1 batches=0 verts=0 texStalls=0 recompiles=821 underruns=1 overruns=0 sleep_us=1983570 queue_ms=20
fps: 56.5
vis: 60.0
cpu: exceptions=3804 cacheResets=1 batches=0 verts=0 texStalls=0 recompiles=821 underruns=1 overruns=0 sleep_us=2416798 queue_ms=16
fps: 60.0
vis: 60.0
cpu: exceptions=3983 cacheResets=1 batches=0 verts=0 texStalls=0 recompiles=827 underruns=1 overruns=0 sleep_us=2849466 queue_ms=21
fps: 58.7
vis: 60.0
cpu: exceptions=4161 cacheResets=1 batches=0 verts=0 texStalls=0 recompiles=827 underruns=1 overruns=0 sleep_us=3283375 queue_ms=9
fps: 60.0
vis: 60.0
cpu: exceptions=4341 cacheResets=1 batches=0 verts=0 texStalls=0 recompiles=827 underruns=1 overruns=0 sleep_us=3717300 queue_ms=5
fps: 60.0
vis: 60.0
cpu: exceptions=4521 cacheResets=1 batches=0 verts=0 texStalls=0 recompiles=834 underruns=1 overruns=0 sleep_us=4150096 queue_ms=1
fps: 60.1
vis: 60.0
cpu: exceptions=4699 cacheResets=1 batches=0 verts=0 texStalls=0 recompiles=845 underruns=1 overruns=0 sleep_us=4592482 queue_ms=6
fps: 54.1
vis: 60.0
cpu: exceptions=4874 cacheResets=1 batches=0 verts=0 texStalls=0 recompiles=847 underruns=1 overruns=0 sleep_us=5006550 queue_ms=3
fps: 60.0
vis: 60.0
cpu: exceptions=5052 cacheResets=1 batches=0 verts=0 texStalls=0 recompiles=847 underruns=1 overruns=0 sleep_us=5440542 queue_ms=8
fps: 60.0
vis: 60.0
cpu: exceptions=5231 cacheResets=1 batches=0 verts=0 texStalls=0 recompiles=847 underruns=1 overruns=0 sleep_us=5874525 queue_ms=4
fps: 60.0
vis: 60.0
cpu: exceptions=5410 cacheResets=1 batches=0 verts=0 texStalls=0 recompiles=847 underruns=1 overruns=0 sleep_us=6308459 queue_ms=10
fps: 60.1
vis: 60.0
cpu: exceptions=5590 cacheResets=1 batches=0 verts=0 texStalls=0 recompiles=848 underruns=1 overruns=0 sleep_us=6748201 queue_ms=6
fps: 54.1
vis: 60.0
cpu: exceptions=5772 cacheResets=1 batches=0 verts=0 texStalls=0 recompiles=848 underruns=1 overruns=0 sleep_us=7164178 queue_ms=11
fps: 62.0
vis: 60.0
cpu: exceptions=5952 cacheResets=1 batches=0 verts=0 texStalls=0 recompiles=849 underruns=1 overruns=0 sleep_us=7598023 queue_ms=7
fps: 60.0
vis: 60.0
cpu: exceptions=6130 cacheResets=1 batches=0 verts=0 texStalls=0 recompiles=849 underruns=1 overruns=0 sleep_us=8032203 queue_ms=4
fps: 60.0
vis: 60.0
cpu: exceptions=6308 cacheResets=1 batches=0 verts=0 texStalls=0 recompiles=849 underruns=1 overruns=0 sleep_us=8466353 queue_ms=9
fps: 57.9
vis: 60.0
cpu: exceptions=6488 cacheResets=1 batches=0 verts=0 texStalls=0 recompiles=879 underruns=1 overruns=0 sleep_us=8901344 queue_ms=5
fps: 41.7
vis: 58.8
cpu: exceptions=6715 cacheResets=1 batches=0 verts=0 texStalls=0 recompiles=992 underruns=2 overruns=0 sleep_us=9313866 queue_ms=9
vis: 60.0
cpu: exceptions=7015 cacheResets=1 batches=0 verts=0 texStalls=0 recompiles=1306 underruns=3 overruns=0 sleep_us=9499782 queue_ms=14
fps: 2.0
vis: 58.5
cpu: exceptions=7299 cacheResets=1 batches=80 verts=1596 texStalls=0 recompiles=1467 underruns=3 overruns=0 sleep_us=9742983 queue_ms=1
fps: 129.7
vis: 60.0
cpu: exceptions=7529 cacheResets=1 batches=680 verts=13566 texStalls=0 recompiles=1467 underruns=4 overruns=0 sleep_us=10126157 queue_ms=6
fps: 117.8
vis: 60.0
cpu: exceptions=7754 cacheResets=1 batches=1280 verts=25536 texStalls=0 recompiles=1510 underruns=4 overruns=0 sleep_us=10511878 queue_ms=11
fps: 123.8
vis: 60.0
cpu: exceptions=7979 cacheResets=1 batches=1880 verts=37506 texStalls=0 recompiles=1514 underruns=4 overruns=0 sleep_us=10901862 queue_ms=8
fps: 110.9
vis: 60.0
cpu: exceptions=8204 cacheResets=1 batches=2480 verts=49476 texStalls=0 recompiles=1514 underruns=5 overruns=0 sleep_us=11292910 queue_ms=13
fps: 121.7
vis: 60.0
cpu: exceptions=8429 cacheResets=1 batches=3080 verts=61446 texStalls=0 recompiles=1516 underruns=5 overruns=0 sleep_us=11683317 queue_ms=9
fps: 119.8
vis: 60.0
cpu: exceptions=8661 cacheResets=1 batches=3680 verts=73416 texStalls=0 recompiles=1707 underruns=5 overruns=0 sleep_us=12035833 queue_ms=14
fps: 117.6
vis: 60.0
cpu: exceptions=8917 cacheResets=1 batches=4280 verts=85386 texStalls=0 recompiles=1794 underruns=5 overruns=0 sleep_us=12352329 queue_ms=11
fps: 119.9
vis: 60.0
cpu: exceptions=9183 cacheResets=1 batches=4880 verts=97356 texStalls=0 recompiles=1895 underruns=5 overruns=0 sleep_us=12626460 queue_ms=8
fps: 120.0
vis: 60.0
cpu: exceptions=9456 cacheResets=1 batches=5480 verts=109326 texStalls=0 recompiles=1896 underruns=5 overruns=0 sleep_us=12909774 queue_ms=13
fps: 119.9
vis: 60.0
cpu: exceptions=9724 cacheResets=1 batches=6080 verts=121296 texStalls=0 recompiles=1896 underruns=5 overruns=0 sleep_us=13192359 queue_ms=9
fps: 121.9
vis: 60.0
cpu: exceptions=9991 cacheResets=1 batches=6680 verts=133266 texStalls=0 recompiles=1897 underruns=5 overruns=0 sleep_us=13474740 queue_ms=14
fps: 119.9
vis: 60.0
cpu: exceptions=10262 cacheResets=1 batches=7280 verts=145236 texStalls=0 recompiles=1897 underruns=5 overruns=0 sleep_us=13755602 queue_ms=10
fps: 121.8
vis: 60.0
cpu: exceptions=10537 cacheResets=1 batches=7880 verts=157206 texStalls=0 recompiles=1902 underruns=5 overruns=0 sleep_us=14038081 queue_ms=16
fps: 119.8
vis: 60.0
cpu: exceptions=10812 cacheResets=1 batches=8480 verts=169176 texStalls=0 recompiles=1907 underruns=5 overruns=0 sleep_us=14320829 queue_ms=12
vis: 60.0
cpu: exceptions=11085 cacheResets=1 batches=9080 verts=181146 texStalls=0 recompiles=1908 underruns=5 overruns=0 sleep_us=14602856 queue_ms=17
fps: 116.9
vis: 60.0
cpu: exceptions=11346 cacheResets=1 batches=9680 verts=193116 texStalls=0 recompiles=1908 underruns=5 overruns=0 sleep_us=14888447 queue_ms=13
fps: 121.8
vis: 60.0
cpu: exceptions=11611 cacheResets=1 batches=10280 verts=205086 texStalls=0 recompiles=1908 underruns=5 overruns=0 sleep_us=15193816 queue_ms=10
fps: 122.0
vis: 60.0
cpu: exceptions=11877 cacheResets=1 batches=10880 verts=217056 texStalls=0 recompiles=1908 underruns=5 overruns=0 sleep_us=15506936 queue_ms=15
fps: 119.9
vis: 60.0
cpu: exceptions=12136 cacheResets=1 batches=11480 verts=229026 texStalls=0 recompiles=1919 underruns=5 overruns=0 sleep_us=15835653 queue_ms=11
fps: 116.7
vis: 60.0
cpu: exceptions=12382 cacheResets=1 batches=12080 verts=240996 texStalls=0 recompiles=1925 underruns=5 overruns=0 sleep_us=16184317 queue_ms=16
fps: 120.5
vis: 60.0
cpu: exceptions=12607 cacheResets=1 batches=12680 verts=252966 texStalls=0 recompiles=1925 underruns=5 overruns=0 sleep_us=16585503 queue_ms=13
fps: 120.0
vis: 60.0
cpu: exceptions=12832 cacheResets=1 batches=13280 verts=264936 texStalls=0 recompiles=1925 underruns=5 overruns=0 sleep_us=16987266 queue_ms=18
fps: 120.0
vis: 60.0
cpu: exceptions=13057 cacheResets=1 batches=13880 verts=276906 texStalls=0 recompiles=1925 underruns=5 overruns=0 sleep_us=17388881 queue_ms=14
fps: 116.1
vis: 60.0
cpu: exceptions=13283 cacheResets=1 batches=16048 verts=325284 texStalls=0 recompiles=1935 underruns=6 overruns=0 sleep_us=17713785 queue_ms=10
fps: 119.0
vis: 60.0
cpu: exceptions=13518 cacheResets=1 batches=19588 verts=405519 texStalls=0 recompiles=1939 underruns=6 overruns=0 sleep_us=17975448 queue_ms=7
fps: 120.9
vis: 60.0
cpu: exceptions=13753 cacheResets=1 batches=23128 verts=485754 texStalls=0 recompiles=1939 underruns=6 overruns=0 sleep_us=18247221 queue_ms=12
fps: 121.9
vis: 60.0
cpu: exceptions=13984 cacheResets=1 batches=26668 verts=565989 texStalls=0 recompiles=1939 underruns=6 overruns=0 sleep_us=18519916 queue_ms=8
fps: 120.0
vis: 60.0
cpu: exceptions=14215 cacheResets=1 batches=30208 verts=646224 texStalls=0 recompiles=1939 underruns=6 overruns=0 sleep_us=18795403 queue_ms=5
fps: 118.0
vis: 60.0
cpu: exceptions=14439 cacheResets=1 batches=33512 verts=721110 texStalls=0 recompiles=1940 underruns=6 overruns=0 sleep_us=19073341 queue_ms=10
fps: 120.7
vis: 60.0
cpu: exceptions=14696 cacheResets=1 batches=36918 verts=798822 texStalls=0 recompiles=1952 underruns=6 overruns=0 sleep_us=19315938 queue_ms=6
fps: 106.4
vis: 60.0
cpu: exceptions=14942 cacheResets=1 batches=40968 verts=893187 texStalls=0 recompiles=1952 underruns=6 overruns=0 sleep_us=19524845 queue_ms=11
fps: 119.9
vis: 60.0
cpu: exceptions=15187 cacheResets=1 batches=45018 verts=987552 texStalls=0 recompiles=1952 underruns=7 overruns=0 sleep_us=19735084 queue_ms=16
fps: 119.9
vis: 60.0
cpu: exceptions=15428 cacheResets=1 batches=49068 verts=1081917 texStalls=0 recompiles=1952 underruns=7 overruns=0 sleep_us=19936354 queue_ms=22
fps: 119.9
vis: 60.0
cpu: exceptions=15672 cacheResets=1 batches=53118 verts=1176282 texStalls=0 recompiles=1952 underruns=7 overruns=0 sleep_us=20142458 queue_ms=18
fps: 120.3
vis: 60.0
cpu: exceptions=15912 cacheResets=1 batches=57168 verts=1270647 texStalls=0 recompiles=1953 underruns=7 overruns=0 sleep_us=20363688 queue_ms=14
fps: 123.9
mark: stop reason: chain guest VI limit
mark: stop_it requested
audio: alist_resample_calls=34101 alist_resample_samples=4379456 alist_zoh_calls=0 alist_zoh_samples=0 musyx_subframes=0 musyx_voices=0 musyx_voice_peak=0
audio_stages: adpcm_calls=35378 adpcm_samples=4444112 envmix_calls=34101 envmix_samples=4379456 mix_calls=66440 mix_samples=8865280 musyx_fx_calls=0 musyx_fx_taps=0 output_calls=1660 output_samples=886000
audio_envmix: exp_calls=34101 ge_calls=0 lin_calls=0 nead_calls=0 exp_steady=8746 ge_steady=0 lin_steady=0
audio_gaps: nead_mats=0 nead_efz=0 resample_flag2=0 musyx_ptr10=0
audio_output: stream_requests=5834 stream_fed=3076 input_hz=32006 playback_hz=32006 queue_peak_ms=41
audio_time: stage=resample sampled_calls=268 sampled_samples=35024 sampled_us=1490
audio_time: stage=zoh sampled_calls=0 sampled_samples=0 sampled_us=0
audio_time: stage=adpcm sampled_calls=278 sampled_samples=32128 sampled_us=1364
audio_time: stage=envmix_exp sampled_calls=268 sampled_samples=35024 sampled_us=4880
audio_time: stage=envmix_ge sampled_calls=0 sampled_samples=0 sampled_us=0
audio_time: stage=envmix_lin sampled_calls=0 sampled_samples=0 sampled_us=0
audio_time: stage=envmix_nead sampled_calls=0 sampled_samples=0 sampled_us=0
audio_time: stage=mix sampled_calls=523 sampled_samples=69872 sampled_us=1113
audio_time: stage=musyx_voice sampled_calls=0 sampled_samples=0 sampled_us=0
audio_time: stage=musyx_fx sampled_calls=0 sampled_samples=0 sampled_us=0
audio_time: stage=output sampled_calls=13 sampled_samples=6896 sampled_us=104
gpu_counters: clks=7348558762 tb_clks=7348558796 ras_busy=146134860 xf_wait_in=7057791907 xf_wait_out=214853614 ras_peak_permille=38 ztop_in=223728792 ztop_out=211381256 z_in=330150708 z_out=325539024 blend_in=541627884 copy_clks=104139554 fifo_overflows=0
game: n=4/6 how=vis vis=1800 vi_rate=60 vi0_retrace=16476 wall_us=30240801 sleep_us=20591252 avg_vis=58.97 avg_fps=94.14 exceptions=16148 cacheResets=1 recompiles=1954 batches=61218 verts=1365012 texStalls=0 treeDepthMax=26 underruns=8 overruns=0 queue_peak_ms=22 dsp_avg=1.51 dsp_peak=1.85 dsp_samples=60 pmc1=6652863458 pmc2=6215554481 pmc3=0 pmc4=0 mmcr0=00000042 mmcr1=00000000 heap_used=10911200 heap_free=75080 arena1_free=245760 arena2_free=288704 flushes=5 flush_us=71248 padtrace=10 rom=sd:/wii64/roms/Mario Party 2 (USA).z64
=== chain 4/6 end vis=1800 how=vis rom=sd:/wii64/roms/Mario Party 2 (USA).z64 ===
mark: pad replay records: 11
mark: loadROM: enter
mark: loadROM: before rom_read
mark: ROMCache_load: enter
mark: ROMCache_load: before first read
mark: ROMCache_load: first read returned
mark: ROMCache_load: byte_swap_type set
mark: ROMCache_load: first byte_swap done
menufps: 0.1
menufps: 8.5
menufps: 8.1
menufps: 8.1
menufps: 8.3
menufps: 8.3
menufps: 7.8
menufps: 1.3
menufps: 1.3
menufps: 1.3
menufps: 1.3
menufps: 1.2
menufps: 1.2
menufps: 1.2
menufps: 3.7
menufps: 7.9
menufps: 8.2
menufps: 8.4
menufps: 8.3
mark: ROMCache_load: loop exited normally
menufps: 3.4
menufps: 1.1
menufps: 1.1
menufps: 1.1
menufps: 1.1
menufps: 1.1
menufps: 1.1
menufps: 1.1
menufps: 1.1
menufps: 1.1
menufps: 1.1
menufps: 1.1
menufps: 1.1
menufps: 1.1
menufps: 1.1
menufps: 1.1
menufps: 1.1
menufps: 1.1
menufps: 1.1
menufps: 1.1
mark: ROMCache_load: preflush_us=17782196
mark: ROMCache_load: elapsed_us=30322571 bytes=33554432 vm=1
mark: loadROM: after rom_read
mark: loadROM: before init_memory
mark: loadROM: after init_memory
mark: loadROM: before romOpen_gfx
mark: loadROM: after romOpen_gfx / before romOpen_audio
mark: loadROM: after romOpen_audio / before romOpen_input
mark: loadROM: after romOpen_input / before cpu_init
mark: loadROM: after cpu_init
menufps: 3.1
menufps: 1.0
menufps: 1.0
fps: 1.2
first_vi: vi0_retrace=20319
vis: 0.9
cpu: exceptions=0 cacheResets=0 batches=0 verts=0 texStalls=0 recompiles=0 underruns=0 overruns=0 sleep_us=0 queue_ms=0
mark: CPU core dispatch: dynarec
vis: 50.0
cpu: exceptions=1751 cacheResets=1 batches=0 verts=0 texStalls=0 recompiles=367 underruns=0 overruns=0 sleep_us=144910 queue_ms=0
fps: 1.3
vis: 50.0
cpu: exceptions=2780 cacheResets=1 batches=0 verts=0 texStalls=0 recompiles=807 underruns=1 overruns=0 sleep_us=506555 queue_ms=38
fps: 33.9
vis: 50.0
cpu: exceptions=2997 cacheResets=1 batches=0 verts=0 texStalls=0 recompiles=1244 underruns=1 overruns=0 sleep_us=812212 queue_ms=17
fps: 49.7
vis: 50.0
cpu: exceptions=3132 cacheResets=1 batches=0 verts=0 texStalls=0 recompiles=1253 underruns=1 overruns=0 sleep_us=1217997 queue_ms=28
fps: 50.2
vis: 50.0
cpu: exceptions=3287 cacheResets=1 batches=0 verts=0 texStalls=0 recompiles=1267 underruns=1 overruns=0 sleep_us=1604328 queue_ms=36
fps: 49.9
vis: 50.0
cpu: exceptions=3443 cacheResets=1 batches=0 verts=0 texStalls=0 recompiles=1269 underruns=1 overruns=0 sleep_us=1986864 queue_ms=47
fps: 50.1
vis: 50.0
cpu: exceptions=3596 cacheResets=1 batches=0 verts=0 texStalls=0 recompiles=1277 underruns=1 overruns=0 sleep_us=2362788 queue_ms=20
fps: 48.8
vis: 50.0
cpu: exceptions=3743 cacheResets=1 batches=0 verts=0 texStalls=0 recompiles=1277 underruns=1 overruns=0 sleep_us=2747795 queue_ms=28
fps: 50.1
vis: 50.0
cpu: exceptions=3891 cacheResets=1 batches=0 verts=0 texStalls=0 recompiles=1278 underruns=1 overruns=0 sleep_us=3129826 queue_ms=36
fps: 49.9
vis: 50.0
cpu: exceptions=4032 cacheResets=1 batches=0 verts=0 texStalls=0 recompiles=1279 underruns=1 overruns=0 sleep_us=3513548 queue_ms=32
fps: 50.1
vis: 50.0
cpu: exceptions=4178 cacheResets=1 batches=0 verts=0 texStalls=0 recompiles=1279 underruns=1 overruns=0 sleep_us=3894589 queue_ms=20
vis: 50.0
cpu: exceptions=4331 cacheResets=1 batches=0 verts=0 texStalls=0 recompiles=1280 underruns=1 overruns=0 sleep_us=4282678 queue_ms=28
fps: 49.8
vis: 50.0
cpu: exceptions=4488 cacheResets=1 batches=0 verts=0 texStalls=0 recompiles=1313 underruns=1 overruns=0 sleep_us=4649940 queue_ms=39
fps: 50.1
vis: 50.0
cpu: exceptions=4637 cacheResets=1 batches=0 verts=0 texStalls=0 recompiles=1315 underruns=1 overruns=0 sleep_us=5024556 queue_ms=41
fps: 50.0
vis: 50.0
cpu: exceptions=4778 cacheResets=1 batches=0 verts=0 texStalls=0 recompiles=1318 underruns=1 overruns=0 sleep_us=5396724 queue_ms=29
fps: 50.0
vis: 50.0
cpu: exceptions=4915 cacheResets=1 batches=0 verts=0 texStalls=0 recompiles=1318 underruns=1 overruns=0 sleep_us=5777056 queue_ms=31
fps: 50.0
vis: 50.0
cpu: exceptions=5059 cacheResets=1 batches=0 verts=0 texStalls=0 recompiles=1318 underruns=1 overruns=0 sleep_us=6158867 queue_ms=47
fps: 50.1
vis: 50.0
cpu: exceptions=5205 cacheResets=1 batches=0 verts=0 texStalls=0 recompiles=1318 underruns=1 overruns=0 sleep_us=6547943 queue_ms=44
fps: 49.9
vis: 50.0
cpu: exceptions=5356 cacheResets=1 batches=0 verts=0 texStalls=0 recompiles=1318 underruns=1 overruns=0 sleep_us=6928693 queue_ms=23
fps: 50.1
vis: 50.0
cpu: exceptions=5506 cacheResets=1 batches=0 verts=0 texStalls=0 recompiles=1318 underruns=1 overruns=0 sleep_us=7311111 queue_ms=39
fps: 49.9
vis: 50.0
cpu: exceptions=5651 cacheResets=1 batches=0 verts=0 texStalls=0 recompiles=1318 underruns=1 overruns=0 sleep_us=7690367 queue_ms=41
fps: 50.0
vis: 50.0
cpu: exceptions=5793 cacheResets=1 batches=0 verts=0 texStalls=0 recompiles=1318 underruns=1 overruns=0 sleep_us=8076066 queue_ms=52
fps: 49.9
vis: 50.0
cpu: exceptions=5948 cacheResets=1 batches=0 verts=0 texStalls=0 recompiles=1318 underruns=1 overruns=0 sleep_us=8454436 queue_ms=31
fps: 50.0
vis: 50.0
cpu: exceptions=6096 cacheResets=1 batches=0 verts=0 texStalls=0 recompiles=1318 underruns=1 overruns=0 sleep_us=8830157 queue_ms=42
fps: 49.9
vis: 50.0
cpu: exceptions=6254 cacheResets=1 batches=0 verts=0 texStalls=0 recompiles=1425 underruns=1 overruns=0 sleep_us=9189708 queue_ms=50
fps: 50.1
vis: 50.0
cpu: exceptions=6438 cacheResets=1 batches=0 verts=0 texStalls=0 recompiles=1436 underruns=1 overruns=0 sleep_us=9563203 queue_ms=52
fps: 50.2
vis: 50.0
cpu: exceptions=6581 cacheResets=1 batches=0 verts=0 texStalls=0 recompiles=1457 underruns=1 overruns=0 sleep_us=9989925 queue_ms=34
fps: 45.2
vis: 50.0
cpu: exceptions=6752 cacheResets=1 batches=0 verts=0 texStalls=0 recompiles=1475 underruns=1 overruns=0 sleep_us=10404315 queue_ms=33
fps: 50.0
vis: 50.0
cpu: exceptions=6892 cacheResets=1 batches=0 verts=0 texStalls=0 recompiles=1475 underruns=1 overruns=0 sleep_us=10851981 queue_ms=35
fps: 50.0
vis: 50.0
cpu: exceptions=7027 cacheResets=1 batches=0 verts=0 texStalls=0 recompiles=1477 underruns=1 overruns=0 sleep_us=11301758 queue_ms=46
fps: 50.0
vis: 50.0
cpu: exceptions=7167 cacheResets=1 batches=0 verts=0 texStalls=0 recompiles=1477 underruns=1 overruns=0 sleep_us=11749880 queue_ms=25
fps: 50.0
vis: 50.0
cpu: exceptions=7303 cacheResets=1 batches=0 verts=0 texStalls=0 recompiles=1477 underruns=1 overruns=0 sleep_us=12200513 queue_ms=36
fps: 50.0
vis: 50.0
cpu: exceptions=7442 cacheResets=1 batches=0 verts=0 texStalls=0 recompiles=1482 underruns=1 overruns=0 sleep_us=12648225 queue_ms=44
fps: 50.2
vis: 50.0
cpu: exceptions=7577 cacheResets=1 batches=0 verts=0 texStalls=0 recompiles=1484 underruns=1 overruns=0 sleep_us=13104422 queue_ms=55
fps: 46.0
vis: 50.0
cpu: exceptions=7718 cacheResets=1 batches=0 verts=0 texStalls=0 recompiles=1484 underruns=1 overruns=0 sleep_us=13534414 queue_ms=28
fps: 50.0
vis: 50.0
cpu: exceptions=7853 cacheResets=1 batches=0 verts=0 texStalls=0 recompiles=1485 underruns=1 overruns=0 sleep_us=13984872 queue_ms=36
fps: 50.0
vis: 50.0
cpu: exceptions=7993 cacheResets=1 batches=0 verts=0 texStalls=0 recompiles=1485 underruns=1 overruns=0 sleep_us=14432899 queue_ms=53
vis: 50.0
cpu: exceptions=8128 cacheResets=1 batches=0 verts=0 texStalls=0 recompiles=1485 underruns=1 overruns=0 sleep_us=14883589 queue_ms=49
fps: 50.0
vis: 50.0
cpu: exceptions=8268 cacheResets=1 batches=0 verts=0 texStalls=0 recompiles=1485 underruns=1 overruns=0 sleep_us=15331522 queue_ms=37
fps: 50.0
vis: 50.0
cpu: exceptions=8405 cacheResets=1 batches=0 verts=0 texStalls=0 recompiles=1486 underruns=1 overruns=0 sleep_us=15775041 queue_ms=45
fps: 46.2
vis: 50.0
cpu: exceptions=8545 cacheResets=1 batches=0 verts=0 texStalls=0 recompiles=1487 underruns=1 overruns=0 sleep_us=16217800 queue_ms=56
fps: 50.0
vis: 50.0
cpu: exceptions=8679 cacheResets=1 batches=0 verts=0 texStalls=0 recompiles=1487 underruns=1 overruns=0 sleep_us=16668320 queue_ms=58
fps: 50.0
vis: 50.0
cpu: exceptions=8819 cacheResets=1 batches=0 verts=0 texStalls=0 recompiles=1487 underruns=1 overruns=0 sleep_us=17116459 queue_ms=46
fps: 50.0
vis: 50.0
cpu: exceptions=8954 cacheResets=1 batches=0 verts=0 texStalls=0 recompiles=1489 underruns=1 overruns=0 sleep_us=17567022 queue_ms=48
fps: 50.0
vis: 50.0
cpu: exceptions=9093 cacheResets=1 batches=0 verts=0 texStalls=0 recompiles=1491 underruns=1 overruns=0 sleep_us=18021028 queue_ms=64
fps: 34.1
vis: 50.0
cpu: exceptions=9295 cacheResets=1 batches=0 verts=0 texStalls=0 recompiles=1883 underruns=1 overruns=0 sleep_us=18367529 queue_ms=61
fps: 27.1
vis: 50.0
cpu: exceptions=9417 cacheResets=1 batches=0 verts=0 texStalls=0 recompiles=1891 underruns=1 overruns=0 sleep_us=18772041 queue_ms=40
fps: 48.8
vis: 50.0
cpu: exceptions=9548 cacheResets=1 batches=0 verts=0 texStalls=0 recompiles=1926 underruns=1 overruns=0 sleep_us=19177500 queue_ms=47
fps: 49.9
vis: 50.0
cpu: exceptions=9682 cacheResets=1 batches=0 verts=0 texStalls=0 recompiles=1930 underruns=1 overruns=0 sleep_us=19590844 queue_ms=49
fps: 50.1
vis: 50.0
cpu: exceptions=9806 cacheResets=1 batches=0 verts=0 texStalls=0 recompiles=1930 underruns=1 overruns=0 sleep_us=20009097 queue_ms=51
fps: 49.9
vis: 50.0
cpu: exceptions=9931 cacheResets=1 batches=0 verts=0 texStalls=0 recompiles=1931 underruns=1 overruns=0 sleep_us=20431260 queue_ms=39
fps: 50.1
vis: 50.0
cpu: exceptions=10059 cacheResets=1 batches=0 verts=0 texStalls=0 recompiles=1931 underruns=1 overruns=0 sleep_us=20850124 queue_ms=41
fps: 63.3
vis: 50.0
cpu: exceptions=10210 cacheResets=1 batches=682 verts=3168 texStalls=0 recompiles=2004 underruns=1 overruns=0 sleep_us=21238107 queue_ms=58
fps: 75.1
vis: 50.0
cpu: exceptions=10359 cacheResets=1 batches=1488 verts=6912 texStalls=0 recompiles=2004 underruns=1 overruns=0 sleep_us=21641577 queue_ms=60
fps: 74.9
vis: 50.0
cpu: exceptions=10510 cacheResets=1 batches=2232 verts=10368 texStalls=0 recompiles=2004 underruns=1 overruns=0 sleep_us=22050338 queue_ms=65
fps: 75.1
vis: 50.0
cpu: exceptions=10666 cacheResets=1 batches=3038 verts=14112 texStalls=0 recompiles=2004 underruns=1 overruns=0 sleep_us=22454334 queue_ms=39
fps: 75.0
vis: 50.0
cpu: exceptions=10819 cacheResets=1 batches=3782 verts=17568 texStalls=0 recompiles=2004 underruns=1 overruns=0 sleep_us=22863398 queue_ms=46
fps: 75.0
vis: 50.0
cpu: exceptions=10975 cacheResets=1 batches=4588 verts=21312 texStalls=0 recompiles=2004 underruns=1 overruns=0 sleep_us=23267046 queue_ms=63
fps: 75.1
vis: 50.0
cpu: exceptions=11120 cacheResets=1 batches=5332 verts=24768 texStalls=0 recompiles=2005 underruns=1 overruns=0 sleep_us=23679246 queue_ms=59
fps: 74.9
vis: 50.0
cpu: exceptions=11272 cacheResets=1 batches=6138 verts=28512 texStalls=0 recompiles=2005 underruns=1 overruns=0 sleep_us=24087179 queue_ms=65
vis: 50.0
cpu: exceptions=11418 cacheResets=1 batches=6882 verts=31968 texStalls=0 recompiles=2005 underruns=1 overruns=0 sleep_us=24500822 queue_ms=44
fps: 75.1
vis: 50.0
cpu: exceptions=11567 cacheResets=1 batches=7688 verts=35712 texStalls=0 recompiles=2005 underruns=1 overruns=0 sleep_us=24910083 queue_ms=60
fps: 74.9
vis: 50.0
cpu: exceptions=11694 cacheResets=1 batches=7892 verts=36858 texStalls=0 recompiles=2055 underruns=1 overruns=0 sleep_us=25320512 queue_ms=62
fps: 53.9
vis: 50.0
cpu: exceptions=11820 cacheResets=1 batches=7996 verts=37599 texStalls=0 recompiles=2055 underruns=1 overruns=0 sleep_us=25733682 queue_ms=73
fps: 49.9
vis: 50.0
cpu: exceptions=11942 cacheResets=1 batches=8092 verts=38283 texStalls=0 recompiles=2055 underruns=1 overruns=0 sleep_us=26151558 queue_ms=52
fps: 50.1
vis: 50.0
cpu: exceptions=12068 cacheResets=1 batches=8196 verts=39024 texStalls=0 recompiles=2069 underruns=1 overruns=0 sleep_us=26563954 queue_ms=63
fps: 49.9
vis: 50.0
cpu: exceptions=12189 cacheResets=1 batches=8292 verts=39708 texStalls=0 recompiles=2069 underruns=1 overruns=0 sleep_us=26981097 queue_ms=71
fps: 48.5
vis: 50.0
cpu: exceptions=12317 cacheResets=1 batches=8396 verts=40449 texStalls=0 recompiles=2070 underruns=1 overruns=0 sleep_us=27393443 queue_ms=64
fps: 50.0
vis: 50.0
cpu: exceptions=12438 cacheResets=1 batches=8492 verts=41133 texStalls=0 recompiles=2070 underruns=1 overruns=0 sleep_us=27811335 queue_ms=37
fps: 45.9
vis: 50.0
cpu: exceptions=12582 cacheResets=1 batches=8596 verts=45411 texStalls=0 recompiles=2159 underruns=1 overruns=0 sleep_us=28188863 queue_ms=54
fps: 54.5
vis: 50.0
cpu: exceptions=12703 cacheResets=1 batches=8692 verts=50811 texStalls=0 recompiles=2160 underruns=1 overruns=0 sleep_us=28601722 queue_ms=56
fps: 49.9
mark: stop reason: chain guest VI limit
mark: stop_it requested
audio: alist_resample_calls=26826 alist_resample_samples=4935984 alist_zoh_calls=0 alist_zoh_samples=0 musyx_subframes=0 musyx_voices=0 musyx_voice_peak=0
audio_stages: adpcm_calls=27521 adpcm_samples=3544928 envmix_calls=26826 envmix_samples=4935984 mix_calls=61700 mix_samples=11352800 musyx_fx_calls=0 musyx_fx_taps=0 output_calls=1328 output_samples=1135280
audio_envmix: exp_calls=0 ge_calls=0 lin_calls=26826 nead_calls=0 exp_steady=0 ge_steady=0 lin_steady=17389
audio_gaps: nead_mats=0 nead_efz=0 resample_flag2=0 musyx_ptr10=0
audio_output: stream_requests=5832 stream_fed=3936 input_hz=31995 playback_hz=31995 queue_peak_ms=101
audio_time: stage=resample sampled_calls=211 sampled_samples=38824 sampled_us=1530
audio_time: stage=zoh sampled_calls=0 sampled_samples=0 sampled_us=0
audio_time: stage=adpcm sampled_calls=216 sampled_samples=29184 sampled_us=1230
audio_time: stage=envmix_exp sampled_calls=0 sampled_samples=0 sampled_us=0
audio_time: stage=envmix_ge sampled_calls=0 sampled_samples=0 sampled_us=0
audio_time: stage=envmix_lin sampled_calls=211 sampled_samples=38824 sampled_us=3762
audio_time: stage=envmix_nead sampled_calls=0 sampled_samples=0 sampled_us=0
audio_time: stage=mix sampled_calls=485 sampled_samples=89240 sampled_us=1493
audio_time: stage=musyx_voice sampled_calls=0 sampled_samples=0 sampled_us=0
audio_time: stage=musyx_fx sampled_calls=0 sampled_samples=0 sampled_us=0
audio_time: stage=output sampled_calls=10 sampled_samples=8280 sampled_us=121
gpu_counters: clks=8793034389 tb_clks=8793034428 ras_busy=136269683 xf_wait_in=8644459971 xf_wait_out=98026647 ras_peak_permille=25 ztop_in=292541424 ztop_out=292180128 z_in=212484556 z_out=212402020 blend_in=504681984 copy_clks=90931422 fifo_overflows=0
game: n=5/6 how=vis vis=1800 vi_rate=50 vi0_retrace=20319 wall_us=36185143 sleep_us=28974361 avg_vis=49.32 avg_fps=51.07 exceptions=12823 cacheResets=1 recompiles=2162 batches=8788 verts=56211 texStalls=0 treeDepthMax=20 underruns=1 overruns=0 queue_peak_ms=73 dsp_avg=1.48 dsp_peak=1.65 dsp_samples=72 pmc1=5029773233 pmc2=4482269592 pmc3=0 pmc4=0 mmcr0=00000042 mmcr1=00000000 heap_used=10923584 heap_free=62696 arena1_free=245760 arena2_free=288704 flushes=6 flush_us=70723 padtrace=10 rom=sd:/wii64/roms/Mario Party 3 (E) (M4) [!].z64
=== chain 5/6 end vis=1800 how=vis rom=sd:/wii64/roms/Mario Party 3 (E) (M4) [!].z64 ===
mark: pad replay records: 11
mark: loadROM: enter
mark: loadROM: before rom_read
mark: ROMCache_load: enter
mark: ROMCache_load: before first read
mark: ROMCache_load: first read returned
mark: ROMCache_load: byte_swap_type set
mark: ROMCache_load: first byte_swap done
menufps: 0.1
menufps: 8.4
menufps: 8.3
menufps: 7.7
menufps: 8.3
menufps: 8.3
menufps: 7.8
menufps: 1.3
menufps: 1.3
menufps: 1.3
menufps: 1.3
menufps: 1.2
menufps: 1.3
menufps: 1.3
menufps: 3.7
menufps: 8.3
menufps: 8.3
menufps: 8.3
menufps: 8.0
mark: ROMCache_load: loop exited normally
menufps: 2.8
menufps: 1.1
menufps: 1.2
menufps: 1.1
menufps: 1.1
menufps: 1.1
menufps: 1.1
menufps: 1.1
menufps: 1.1
menufps: 1.1
menufps: 1.2
menufps: 1.1
menufps: 1.1
menufps: 1.1
menufps: 1.1
menufps: 1.1
menufps: 1.1
menufps: 1.1
menufps: 1.1
menufps: 1.1
mark: ROMCache_load: preflush_us=17663022
mark: ROMCache_load: elapsed_us=30177140 bytes=33554432 vm=1
mark: loadROM: after rom_read
mark: loadROM: before init_memory
mark: loadROM: after init_memory
mark: loadROM: before romOpen_gfx
mark: loadROM: after romOpen_gfx / before romOpen_audio
mark: loadROM: after romOpen_audio / before romOpen_input
mark: loadROM: after romOpen_input / before cpu_init
mark: loadROM: after cpu_init
menufps: 3.1
menufps: 1.0
menufps: 1.0
fps: 0.4
first_vi: vi0_retrace=24509
vis: 0.7
cpu: exceptions=0 cacheResets=0 batches=0 verts=0 texStalls=0 recompiles=0 underruns=0 overruns=0 sleep_us=0 queue_ms=0
mark: CPU core dispatch: dynarec
vis: 60.0
cpu: exceptions=1598 cacheResets=1 batches=0 verts=0 texStalls=0 recompiles=367 underruns=0 overruns=0 sleep_us=147622 queue_ms=0
fps: 1.3
vis: 60.0
cpu: exceptions=2799 cacheResets=1 batches=0 verts=0 texStalls=0 recompiles=801 underruns=2 overruns=0 sleep_us=500714 queue_ms=30
fps: 57.9
vis: 60.0
cpu: exceptions=2979 cacheResets=1 batches=0 verts=0 texStalls=0 recompiles=899 underruns=2 overruns=0 sleep_us=922760 queue_ms=27
fps: 60.0
vis: 60.0
cpu: exceptions=3159 cacheResets=1 batches=0 verts=0 texStalls=0 recompiles=899 underruns=2 overruns=0 sleep_us=1361780 queue_ms=23
fps: 60.0
vis: 60.0
cpu: exceptions=3339 cacheResets=1 batches=0 verts=0 texStalls=0 recompiles=904 underruns=2 overruns=0 sleep_us=1800534 queue_ms=28
fps: 60.0
vis: 60.0
cpu: exceptions=3519 cacheResets=1 batches=0 verts=0 texStalls=0 recompiles=904 underruns=2 overruns=0 sleep_us=2239997 queue_ms=24
fps: 59.9
vis: 60.0
cpu: exceptions=3699 cacheResets=1 batches=0 verts=0 texStalls=0 recompiles=912 underruns=2 overruns=0 sleep_us=2678576 queue_ms=30
fps: 60.2
vis: 60.0
cpu: exceptions=3880 cacheResets=1 batches=0 verts=0 texStalls=0 recompiles=920 underruns=2 overruns=0 sleep_us=3110567 queue_ms=26
fps: 54.1
vis: 60.0
cpu: exceptions=4060 cacheResets=1 batches=0 verts=0 texStalls=0 recompiles=921 underruns=2 overruns=0 sleep_us=3540450 queue_ms=31
fps: 62.0
vis: 60.0
cpu: exceptions=4240 cacheResets=1 batches=0 verts=0 texStalls=0 recompiles=923 underruns=2 overruns=0 sleep_us=3979539 queue_ms=27
fps: 58.2
vis: 60.0
cpu: exceptions=4420 cacheResets=1 batches=0 verts=0 texStalls=0 recompiles=923 underruns=2 overruns=0 sleep_us=4419194 queue_ms=33
fps: 60.0
vis: 60.0
cpu: exceptions=4600 cacheResets=1 batches=0 verts=0 texStalls=0 recompiles=924 underruns=2 overruns=0 sleep_us=4860737 queue_ms=29
fps: 54.2
vis: 60.0
cpu: exceptions=4778 cacheResets=1 batches=0 verts=0 texStalls=0 recompiles=924 underruns=2 overruns=0 sleep_us=5288896 queue_ms=25
fps: 62.0
vis: 60.0
cpu: exceptions=4958 cacheResets=1 batches=0 verts=0 texStalls=0 recompiles=925 underruns=2 overruns=0 sleep_us=5728236 queue_ms=30
fps: 60.0
vis: 60.0
cpu: exceptions=5138 cacheResets=1 batches=0 verts=0 texStalls=0 recompiles=925 underruns=2 overruns=0 sleep_us=6167912 queue_ms=27
fps: 56.8
vis: 60.0
cpu: exceptions=5318 cacheResets=1 batches=0 verts=0 texStalls=0 recompiles=927 underruns=2 overruns=0 sleep_us=6607218 queue_ms=23
vis: 60.0
cpu: exceptions=5490 cacheResets=1 batches=0 verts=0 texStalls=0 recompiles=930 underruns=2 overruns=0 sleep_us=7057772 queue_ms=19
fps: 45.6
vis: 60.0
cpu: exceptions=5716 cacheResets=1 batches=0 verts=0 texStalls=0 recompiles=1493 underruns=4 overruns=0 sleep_us=7345647 queue_ms=42
fps: 31.0
vis: 60.0
cpu: exceptions=5878 cacheResets=1 batches=0 verts=0 texStalls=0 recompiles=1585 underruns=4 overruns=0 sleep_us=7732841 queue_ms=48
fps: 60.0
vis: 60.0
cpu: exceptions=6051 cacheResets=1 batches=0 verts=0 texStalls=0 recompiles=1650 underruns=4 overruns=0 sleep_us=8122447 queue_ms=44
fps: 62.0
vis: 60.0
cpu: exceptions=6216 cacheResets=1 batches=0 verts=0 texStalls=0 recompiles=1650 underruns=4 overruns=0 sleep_us=8528416 queue_ms=49
fps: 60.0
vis: 60.0
cpu: exceptions=6377 cacheResets=1 batches=0 verts=0 texStalls=0 recompiles=1651 underruns=4 overruns=0 sleep_us=8933910 queue_ms=45
fps: 60.0
vis: 60.0
cpu: exceptions=6540 cacheResets=1 batches=0 verts=0 texStalls=0 recompiles=1651 underruns=4 overruns=0 sleep_us=9339749 queue_ms=51
fps: 57.9
vis: 60.0
cpu: exceptions=6719 cacheResets=1 batches=310 verts=1440 texStalls=0 recompiles=1728 underruns=4 overruns=0 sleep_us=9716994 queue_ms=47
fps: 77.9
vis: 60.0
cpu: exceptions=6913 cacheResets=1 batches=1240 verts=5760 texStalls=0 recompiles=1728 underruns=4 overruns=0 sleep_us=10105979 queue_ms=43
fps: 90.0
vis: 60.0
cpu: exceptions=7103 cacheResets=1 batches=2170 verts=10080 texStalls=0 recompiles=1728 underruns=4 overruns=0 sleep_us=10495062 queue_ms=48
fps: 90.0
vis: 60.0
cpu: exceptions=7287 cacheResets=1 batches=3100 verts=14400 texStalls=0 recompiles=1728 underruns=4 overruns=0 sleep_us=10884127 queue_ms=45
fps: 90.0
vis: 60.0
cpu: exceptions=7477 cacheResets=1 batches=4030 verts=18720 texStalls=0 recompiles=1729 underruns=4 overruns=0 sleep_us=11272975 queue_ms=50
fps: 90.0
vis: 60.0
cpu: exceptions=7665 cacheResets=1 batches=4960 verts=23040 texStalls=0 recompiles=1729 underruns=4 overruns=0 sleep_us=11662139 queue_ms=46
fps: 90.0
vis: 60.0
cpu: exceptions=7855 cacheResets=1 batches=5890 verts=27360 texStalls=0 recompiles=1731 underruns=4 overruns=0 sleep_us=12052363 queue_ms=51
fps: 88.2
vis: 60.0
cpu: exceptions=8047 cacheResets=1 batches=6820 verts=31680 texStalls=0 recompiles=1731 underruns=4 overruns=0 sleep_us=12446046 queue_ms=48
fps: 90.0
vis: 60.0
cpu: exceptions=8239 cacheResets=1 batches=7750 verts=36000 texStalls=0 recompiles=1731 underruns=4 overruns=0 sleep_us=12840252 queue_ms=44
fps: 91.9
vis: 60.0
cpu: exceptions=8426 cacheResets=1 batches=8680 verts=40320 texStalls=0 recompiles=1731 underruns=4 overruns=0 sleep_us=13235033 queue_ms=49
fps: 90.0
vis: 60.0
cpu: exceptions=8608 cacheResets=1 batches=9394 verts=43716 texStalls=0 recompiles=1780 underruns=4 overruns=0 sleep_us=13625018 queue_ms=45
fps: 71.3
vis: 60.0
cpu: exceptions=8767 cacheResets=1 batches=9514 verts=44571 texStalls=0 recompiles=1780 underruns=4 overruns=0 sleep_us=14024839 queue_ms=51
fps: 58.3
vis: 60.0
cpu: exceptions=8926 cacheResets=1 batches=9634 verts=45426 texStalls=0 recompiles=1780 underruns=4 overruns=0 sleep_us=14424666 queue_ms=29
fps: 60.0
vis: 60.0
cpu: exceptions=9086 cacheResets=1 batches=9754 verts=46281 texStalls=0 recompiles=1780 underruns=4 overruns=0 sleep_us=14824394 queue_ms=34
fps: 60.0
vis: 60.0
cpu: exceptions=9246 cacheResets=1 batches=9874 verts=47136 texStalls=0 recompiles=1794 underruns=4 overruns=0 sleep_us=15222539 queue_ms=30
fps: 60.0
vis: 60.0
cpu: exceptions=9410 cacheResets=1 batches=9994 verts=47991 texStalls=0 recompiles=1795 underruns=4 overruns=0 sleep_us=15621774 queue_ms=36
fps: 62.0
vis: 60.0
cpu: exceptions=9573 cacheResets=1 batches=10114 verts=48846 texStalls=0 recompiles=1795 underruns=4 overruns=0 sleep_us=16021057 queue_ms=32
fps: 60.0
vis: 60.0
cpu: exceptions=9745 cacheResets=1 batches=10218 verts=49587 texStalls=0 recompiles=1859 underruns=4 overruns=0 sleep_us=16395755 queue_ms=37
fps: 56.1
vis: 60.0
cpu: exceptions=9910 cacheResets=1 batches=10346 verts=56787 texStalls=0 recompiles=1885 underruns=4 overruns=0 sleep_us=16782457 queue_ms=33
fps: 62.0
vis: 60.0
cpu: exceptions=10070 cacheResets=1 batches=10466 verts=63537 texStalls=0 recompiles=1886 underruns=4 overruns=0 sleep_us=17176826 queue_ms=39
fps: 60.0
vis: 60.0
cpu: exceptions=10231 cacheResets=1 batches=10586 verts=70287 texStalls=0 recompiles=1892 underruns=4 overruns=0 sleep_us=17564175 queue_ms=35
fps: 58.0
vis: 60.0
cpu: exceptions=10392 cacheResets=1 batches=10706 verts=77037 texStalls=0 recompiles=1892 underruns=4 overruns=0 sleep_us=17954566 queue_ms=31
fps: 60.0
vis: 60.0
cpu: exceptions=10552 cacheResets=1 batches=10826 verts=83787 texStalls=0 recompiles=1892 underruns=4 overruns=0 sleep_us=18345170 queue_ms=36
fps: 60.0
vis: 60.0
cpu: exceptions=10709 cacheResets=1 batches=10946 verts=90537 texStalls=0 recompiles=1892 underruns=4 overruns=0 sleep_us=18735822 queue_ms=33
fps: 60.0
vis: 60.0
cpu: exceptions=10870 cacheResets=1 batches=11066 verts=97287 texStalls=0 recompiles=1892 underruns=4 overruns=0 sleep_us=19126399 queue_ms=38
fps: 60.0
vis: 60.0
cpu: exceptions=11030 cacheResets=1 batches=11186 verts=104037 texStalls=0 recompiles=1892 underruns=4 overruns=0 sleep_us=19516971 queue_ms=34
fps: 60.0
vis: 60.0
cpu: exceptions=11190 cacheResets=1 batches=11306 verts=110787 texStalls=0 recompiles=1892 underruns=4 overruns=0 sleep_us=19907382 queue_ms=39
fps: 60.0
vis: 60.0
cpu: exceptions=11351 cacheResets=1 batches=11426 verts=117537 texStalls=0 recompiles=1892 underruns=4 overruns=0 sleep_us=20297592 queue_ms=36
fps: 62.0
vis: 60.0
cpu: exceptions=11516 cacheResets=1 batches=11546 verts=124287 texStalls=0 recompiles=1893 underruns=4 overruns=0 sleep_us=20682162 queue_ms=32
fps: 60.0
vis: 60.0
cpu: exceptions=11677 cacheResets=1 batches=11666 verts=131037 texStalls=0 recompiles=1893 underruns=4 overruns=0 sleep_us=21072550 queue_ms=37
fps: 60.0
vis: 60.0
cpu: exceptions=11837 cacheResets=1 batches=11786 verts=137787 texStalls=0 recompiles=1893 underruns=4 overruns=0 sleep_us=21463080 queue_ms=33
fps: 60.0
vis: 60.0
cpu: exceptions=12000 cacheResets=1 batches=11906 verts=144537 texStalls=0 recompiles=1893 underruns=4 overruns=0 sleep_us=21853369 queue_ms=39
fps: 55.4
vis: 60.0
cpu: exceptions=12164 cacheResets=1 batches=12026 verts=151287 texStalls=0 recompiles=1893 underruns=4 overruns=0 sleep_us=22243664 queue_ms=8
fps: 60.0
vis: 60.0
cpu: exceptions=12321 cacheResets=1 batches=12146 verts=158037 texStalls=0 recompiles=1893 underruns=4 overruns=0 sleep_us=22634106 queue_ms=13
fps: 60.0
vis: 60.0
cpu: exceptions=12481 cacheResets=1 batches=12266 verts=164787 texStalls=0 recompiles=1893 underruns=4 overruns=0 sleep_us=23024769 queue_ms=9
fps: 60.0
vis: 60.0
cpu: exceptions=12641 cacheResets=1 batches=12386 verts=171537 texStalls=0 recompiles=1893 underruns=4 overruns=0 sleep_us=23415487 queue_ms=15
fps: 62.0
mark: stop reason: chain guest VI limit
mark: stop_it requested
audio: alist_resample_calls=11142 alist_resample_samples=2050128 alist_zoh_calls=0 alist_zoh_samples=0 musyx_subframes=0 musyx_voices=0 musyx_voice_peak=0
audio_stages: adpcm_calls=11204 adpcm_samples=391408 envmix_calls=11142 envmix_samples=2050128 mix_calls=51110 mix_samples=9404240 musyx_fx_calls=0 musyx_fx_taps=0 output_calls=1762 output_samples=940424
audio_envmix: exp_calls=0 ge_calls=0 lin_calls=11142 nead_calls=0 exp_steady=0 ge_steady=0 lin_steady=10687
audio_gaps: nead_mats=0 nead_efz=0 resample_flag2=0 musyx_ptr10=0
audio_output: stream_requests=5258 stream_fed=3265 input_hz=32006 playback_hz=32006 queue_peak_ms=70
audio_time: stage=resample sampled_calls=87 sampled_samples=16008 sampled_us=645
audio_time: stage=zoh sampled_calls=0 sampled_samples=0 sampled_us=0
audio_time: stage=adpcm sampled_calls=88 sampled_samples=2992 sampled_us=165
audio_time: stage=envmix_exp sampled_calls=0 sampled_samples=0 sampled_us=0
audio_time: stage=envmix_ge sampled_calls=0 sampled_samples=0 sampled_us=0
audio_time: stage=envmix_lin sampled_calls=87 sampled_samples=16008 sampled_us=1349
audio_time: stage=envmix_nead sampled_calls=0 sampled_samples=0 sampled_us=0
audio_time: stage=mix sampled_calls=402 sampled_samples=73968 sampled_us=1239
audio_time: stage=musyx_voice sampled_calls=0 sampled_samples=0 sampled_us=0
audio_time: stage=musyx_fx sampled_calls=0 sampled_samples=0 sampled_us=0
audio_time: stage=output sampled_calls=13 sampled_samples=6992 sampled_us=98
gpu_counters: clks=7344488714 tb_clks=7344488756 ras_busy=125471259 xf_wait_in=7214248600 xf_wait_out=76002004 ras_peak_permille=30 ztop_in=353950204 ztop_out=353431676 z_in=121112052 z_out=120766296 blend_in=474574748 copy_clks=91537393 fifo_overflows=0
game: n=6/6 how=vis vis=1800 vi_rate=60 vi0_retrace=24509 wall_us=30224066 sleep_us=23772589 avg_vis=59.01 avg_fps=62.00 exceptions=12802 cacheResets=1 recompiles=1915 batches=12506 verts=178287 texStalls=0 treeDepthMax=20 underruns=5 overruns=0 queue_peak_ms=51 dsp_avg=1.48 dsp_peak=1.70 dsp_samples=60 pmc1=4435148396 pmc2=3676998219 pmc3=0 pmc4=0 mmcr0=00000042 mmcr1=00000000 heap_used=10909344 heap_free=85128 arena1_free=237568 arena2_free=288704 flushes=5 flush_us=70089 padtrace=10 rom=sd:/wii64/roms/Mario Party 3 (USA).z64
=== chain 6/6 end vis=1800 how=vis rom=sd:/wii64/roms/Mario Party 3 (USA).z64 ===
