--- wii64 perf log ---
mark: diag received dynacore line
mark: diag requested core: dynarec
mark: pad replay records: 1
selftest:
  raw[0]=51288439676744891
  raw[1]=51288439676744892
  raw[2]=51288439676744905
  raw[3]=51288439676744917
  raw[4]=51288439676744930
  delta[0]=0us
  delta[1]=0us
  delta[2]=0us
  delta[3]=0us
mark: audio quality: accurate
mark: audio modes: n64=0 output=0 mixer=0 latency=2 sync=0
mark: diag applied core: dynarec
mark: HBC agent ready
mark: loadROM: enter
mark: loadROM: before rom_read
mark: ROMCache_load: enter
mark: ROMCache_load: before first read
mark: ROMCache_load: first read returned
mark: ROMCache_load: byte_swap_type set
mark: ROMCache_load: first byte_swap done
menufps: 59.7
mark: ROMCache_load: loop exited normally
mark: ROMCache_load: elapsed_us=543287 bytes=16777216 vm=0
mark: loadROM: after rom_read
mark: loadROM: before init_memory
mark: loadROM: after init_memory
mark: loadROM: before romOpen_gfx
mark: loadROM: after romOpen_gfx / before romOpen_audio
mark: loadROM: after romOpen_audio / before romOpen_input
mark: loadROM: after romOpen_input / before cpu_init
mark: loadROM: after cpu_init
menufps: 3.6
menufps: 1.0
menufps: 1.0
fps: 0.0
first_vi: vi0_retrace=223
vis: 0.0
cpu: exceptions=0 cacheResets=0 batches=0 verts=0 texStalls=0 recompiles=0 underruns=0 overruns=0 sleep_us=0 queue_ms=0
mark: CPU core dispatch: dynarec
vis: 53.9
cpu: exceptions=34 cacheResets=1 batches=0 verts=0 texStalls=0 recompiles=138 underruns=0 overruns=0 sleep_us=0 queue_ms=0
vis: 60.0
cpu: exceptions=64 cacheResets=1 batches=0 verts=0 texStalls=0 recompiles=138 underruns=0 overruns=0 sleep_us=281365 queue_ms=0
vis: 59.5
cpu: exceptions=334 cacheResets=1 batches=0 verts=0 texStalls=0 recompiles=375 underruns=0 overruns=0 sleep_us=506698 queue_ms=0
vis: 60.0
cpu: exceptions=550 cacheResets=1 batches=0 verts=0 texStalls=0 recompiles=629 underruns=2 overruns=0 sleep_us=790327 queue_ms=36
fps: 0.4
vis: 60.0
cpu: exceptions=752 cacheResets=1 batches=44 verts=2262 texStalls=0 recompiles=1899 underruns=3 overruns=0 sleep_us=911161 queue_ms=66
vis: 60.0
cpu: exceptions=903 cacheResets=1 batches=44 verts=2262 texStalls=0 recompiles=1902 underruns=3 overruns=0 sleep_us=1208666 queue_ms=71
fps: 1.3
vis: 60.0
cpu: exceptions=1094 cacheResets=1 batches=476 verts=16800 texStalls=0 recompiles=1994 underruns=3 overruns=0 sleep_us=1509438 queue_ms=62
fps: 30.0
vis: 60.0
cpu: exceptions=1275 cacheResets=1 batches=1302 verts=38046 texStalls=0 recompiles=2005 underruns=3 overruns=0 sleep_us=1851024 queue_ms=66
fps: 30.0
vis: 60.0
cpu: exceptions=1464 cacheResets=1 batches=2343 verts=60582 texStalls=0 recompiles=2008 underruns=3 overruns=0 sleep_us=2185153 queue_ms=71
fps: 30.0
vis: 60.0
cpu: exceptions=1641 cacheResets=1 batches=3405 verts=83244 texStalls=0 recompiles=2008 underruns=3 overruns=0 sleep_us=2521652 queue_ms=75
fps: 30.0
vis: 60.0
cpu: exceptions=1822 cacheResets=1 batches=4460 verts=105570 texStalls=0 recompiles=2011 underruns=3 overruns=0 sleep_us=2857739 queue_ms=80
fps: 30.0
vis: 60.0
cpu: exceptions=2014 cacheResets=1 batches=5526 verts=127626 texStalls=0 recompiles=2011 underruns=3 overruns=0 sleep_us=3192387 queue_ms=62
fps: 30.0
vis: 60.0
cpu: exceptions=2202 cacheResets=1 batches=6552 verts=149442 texStalls=0 recompiles=2028 underruns=3 overruns=0 sleep_us=3525938 queue_ms=67
fps: 30.0
vis: 60.0
cpu: exceptions=2381 cacheResets=1 batches=7776 verts=179742 texStalls=0 recompiles=2028 underruns=3 overruns=0 sleep_us=3844074 queue_ms=71
fps: 29.9
vis: 60.0
cpu: exceptions=2588 cacheResets=1 batches=9397 verts=218808 texStalls=0 recompiles=2035 underruns=3 overruns=0 sleep_us=4123780 queue_ms=76
fps: 30.0
vis: 60.0
cpu: exceptions=2771 cacheResets=1 batches=11054 verts=250794 texStalls=0 recompiles=2046 underruns=3 overruns=0 sleep_us=4422285 queue_ms=72
fps: 30.0
vis: 60.0
cpu: exceptions=2948 cacheResets=1 batches=12559 verts=275484 texStalls=0 recompiles=2062 underruns=3 overruns=0 sleep_us=4743408 queue_ms=63
fps: 30.0
vis: 60.0
cpu: exceptions=3120 cacheResets=1 batches=13817 verts=298692 texStalls=0 recompiles=2062 underruns=3 overruns=0 sleep_us=5082483 queue_ms=67
fps: 30.0
vis: 60.0
cpu: exceptions=3295 cacheResets=1 batches=14884 verts=320754 texStalls=0 recompiles=2063 underruns=3 overruns=0 sleep_us=5428445 queue_ms=72
fps: 30.0
vis: 60.0
cpu: exceptions=3479 cacheResets=1 batches=15921 verts=342636 texStalls=0 recompiles=2063 underruns=3 overruns=0 sleep_us=5769104 queue_ms=76
fps: 30.0
vis: 60.0
cpu: exceptions=3670 cacheResets=1 batches=16962 verts=365454 texStalls=0 recompiles=2063 underruns=3 overruns=0 sleep_us=6099571 queue_ms=72
fps: 30.0
vis: 60.0
cpu: exceptions=3858 cacheResets=1 batches=18284 verts=402726 texStalls=0 recompiles=2063 underruns=3 overruns=0 sleep_us=6404654 queue_ms=63
fps: 30.0
vis: 60.0
cpu: exceptions=4064 cacheResets=1 batches=19621 verts=440088 texStalls=0 recompiles=2064 underruns=3 overruns=0 sleep_us=6705102 queue_ms=68
fps: 29.9
vis: 60.0
cpu: exceptions=4260 cacheResets=1 batches=22199 verts=475314 texStalls=0 recompiles=2080 underruns=3 overruns=0 sleep_us=6968878 queue_ms=72
fps: 29.7
vis: 60.0
cpu: exceptions=4453 cacheResets=1 batches=27306 verts=517206 texStalls=0 recompiles=2080 underruns=3 overruns=0 sleep_us=7168700 queue_ms=76
fps: 30.0
vis: 60.0
cpu: exceptions=4642 cacheResets=1 batches=32614 verts=560304 texStalls=0 recompiles=2080 underruns=3 overruns=0 sleep_us=7367823 queue_ms=72
fps: 30.0
vis: 60.0
cpu: exceptions=4839 cacheResets=1 batches=37661 verts=601836 texStalls=0 recompiles=2081 underruns=3 overruns=0 sleep_us=7575320 queue_ms=64
fps: 30.0
vis: 60.0
cpu: exceptions=5031 cacheResets=1 batches=42768 verts=643728 texStalls=0 recompiles=2082 underruns=3 overruns=0 sleep_us=7781949 queue_ms=68
fps: 30.0
vis: 59.7
cpu: exceptions=5238 cacheResets=1 batches=47984 verts=688098 texStalls=0 recompiles=2082 underruns=3 overruns=0 sleep_us=7971762 queue_ms=72
fps: 30.0
vis: 60.0
cpu: exceptions=5437 cacheResets=1 batches=52337 verts=739146 texStalls=0 recompiles=2083 underruns=3 overruns=0 sleep_us=8197721 queue_ms=68
fps: 30.1
vis: 60.0
cpu: exceptions=5640 cacheResets=1 batches=54386 verts=776370 texStalls=0 recompiles=2094 underruns=3 overruns=0 sleep_us=8499659 queue_ms=60
fps: 30.1
vis: 60.0
cpu: exceptions=5818 cacheResets=1 batches=56338 verts=813012 texStalls=0 recompiles=2094 underruns=3 overruns=0 sleep_us=8829293 queue_ms=64
vis: 60.0
cpu: exceptions=5994 cacheResets=1 batches=57060 verts=842274 texStalls=0 recompiles=2097 underruns=3 overruns=0 sleep_us=9205355 queue_ms=68
fps: 30.1
vis: 60.0
cpu: exceptions=6168 cacheResets=1 batches=57735 verts=871254 texStalls=0 recompiles=2097 underruns=3 overruns=0 sleep_us=9585647 queue_ms=73
fps: 30.0
vis: 60.0
cpu: exceptions=6347 cacheResets=1 batches=58150 verts=886818 texStalls=0 recompiles=2129 underruns=3 overruns=0 sleep_us=9998271 queue_ms=69
fps: 30.0
vis: 60.0
cpu: exceptions=6513 cacheResets=1 batches=58355 verts=894186 texStalls=0 recompiles=2276 underruns=3 overruns=0 sleep_us=10346890 queue_ms=60
vis: 60.0
cpu: exceptions=6700 cacheResets=1 batches=58355 verts=894186 texStalls=0 recompiles=2276 underruns=3 overruns=0 sleep_us=10628928 queue_ms=64
vis: 60.0
cpu: exceptions=6848 cacheResets=1 batches=58355 verts=894186 texStalls=0 recompiles=2282 underruns=3 overruns=0 sleep_us=10917558 queue_ms=69
vis: 60.0
cpu: exceptions=6994 cacheResets=1 batches=58355 verts=894186 texStalls=0 recompiles=2286 underruns=3 overruns=0 sleep_us=11223058 queue_ms=73
vis: 60.0
cpu: exceptions=7139 cacheResets=1 batches=58355 verts=894186 texStalls=0 recompiles=2287 underruns=3 overruns=0 sleep_us=11526322 queue_ms=69
fps: 2.9
vis: 60.0
cpu: exceptions=7296 cacheResets=1 batches=58362 verts=894501 texStalls=0 recompiles=2300 underruns=3 overruns=0 sleep_us=11811106 queue_ms=60
fps: 11.2
vis: 60.0
cpu: exceptions=7477 cacheResets=1 batches=59423 verts=910563 texStalls=0 recompiles=2314 underruns=3 overruns=0 sleep_us=12155700 queue_ms=65
fps: 19.4
vis: 60.0
cpu: exceptions=7644 cacheResets=1 batches=60638 verts=928761 texStalls=0 recompiles=2314 underruns=3 overruns=0 sleep_us=12523362 queue_ms=69
fps: 20.0
vis: 60.0
cpu: exceptions=7806 cacheResets=1 batches=62008 verts=949101 texStalls=0 recompiles=2314 underruns=3 overruns=0 sleep_us=12919005 queue_ms=65
fps: 20.0
vis: 60.0
cpu: exceptions=7974 cacheResets=1 batches=63378 verts=969441 texStalls=0 recompiles=2314 underruns=3 overruns=0 sleep_us=13314622 queue_ms=69
fps: 20.0
vis: 60.0
cpu: exceptions=8139 cacheResets=1 batches=65008 verts=994809 texStalls=0 recompiles=2314 underruns=3 overruns=0 sleep_us=13696243 queue_ms=61
fps: 20.1
vis: 60.0
cpu: exceptions=8307 cacheResets=1 batches=66458 verts=1017075 texStalls=0 recompiles=2314 underruns=3 overruns=0 sleep_us=14093723 queue_ms=65
fps: 20.0
vis: 60.0
cpu: exceptions=8471 cacheResets=1 batches=67018 verts=1023165 texStalls=0 recompiles=2314 underruns=3 overruns=0 sleep_us=14517090 queue_ms=69
fps: 19.8
vis: 60.0
cpu: exceptions=8649 cacheResets=1 batches=67753 verts=1035627 texStalls=0 recompiles=2317 underruns=3 overruns=0 sleep_us=14915706 queue_ms=65
vis: 60.0
cpu: exceptions=8811 cacheResets=1 batches=69863 verts=1095117 texStalls=0 recompiles=2322 underruns=3 overruns=0 sleep_us=15247453 queue_ms=70
fps: 19.4
vis: 60.0
cpu: exceptions=8988 cacheResets=1 batches=72172 verts=1149417 texStalls=0 recompiles=2322 underruns=3 overruns=0 sleep_us=15584671 queue_ms=61
fps: 20.0
vis: 60.0
cpu: exceptions=9151 cacheResets=1 batches=73962 verts=1190325 texStalls=0 recompiles=2322 underruns=3 overruns=0 sleep_us=15911247 queue_ms=65
fps: 16.4
vis: 60.0
cpu: exceptions=9315 cacheResets=1 batches=75752 verts=1235004 texStalls=0 recompiles=2324 underruns=3 overruns=0 sleep_us=16235261 queue_ms=61
fps: 18.8
vis: 60.0
cpu: exceptions=9480 cacheResets=1 batches=77672 verts=1284234 texStalls=0 recompiles=2324 underruns=3 overruns=0 sleep_us=16589988 queue_ms=66
fps: 20.0
vis: 60.0
cpu: exceptions=9653 cacheResets=1 batches=79592 verts=1333464 texStalls=0 recompiles=2324 underruns=3 overruns=0 sleep_us=16943698 queue_ms=70
fps: 20.0
vis: 60.0
cpu: exceptions=9815 cacheResets=1 batches=81512 verts=1382694 texStalls=0 recompiles=2324 underruns=3 overruns=0 sleep_us=17302840 queue_ms=74
fps: 20.0
vis: 60.0
cpu: exceptions=9984 cacheResets=1 batches=83432 verts=1431924 texStalls=0 recompiles=2324 underruns=3 overruns=0 sleep_us=17654349 queue_ms=66
fps: 20.0
vis: 60.0
cpu: exceptions=10146 cacheResets=1 batches=85352 verts=1481154 texStalls=0 recompiles=2324 underruns=3 overruns=0 sleep_us=18011742 queue_ms=62
fps: 20.0
vis: 60.0
cpu: exceptions=10314 cacheResets=1 batches=87272 verts=1530384 texStalls=0 recompiles=2324 underruns=3 overruns=0 sleep_us=18371059 queue_ms=66
fps: 20.0
vis: 60.0
cpu: exceptions=10497 cacheResets=1 batches=89192 verts=1579614 texStalls=0 recompiles=2324 underruns=3 overruns=0 sleep_us=18715088 queue_ms=70
mark: stop reason: chain guest VI limit
mark: stop_it requested
audio: alist_resample_calls=12288 alist_resample_samples=2260992 alist_zoh_calls=0 alist_zoh_samples=0 musyx_subframes=0 musyx_voices=0 musyx_voice_peak=0
audio_stages: adpcm_calls=8696 adpcm_samples=910096 envmix_calls=8875 envmix_samples=1633000 mix_calls=68260 mix_samples=12559840 musyx_fx_calls=0 musyx_fx_taps=0 output_calls=855 output_samples=627256
audio_envmix: exp_calls=0 ge_calls=0 lin_calls=8875 nead_calls=0 exp_steady=0 ge_steady=0 lin_steady=8256
audio_gaps: nead_mats=0 nead_efz=0 resample_flag2=0 musyx_ptr10=0
audio_output: stream_requests=4516 stream_fed=2173 input_hz=21998 playback_hz=21998 queue_peak_ms=94
audio_time: stage=resample sampled_calls=96 sampled_samples=17664 sampled_us=1404
audio_time: stage=zoh sampled_calls=0 sampled_samples=0 sampled_us=0
audio_time: stage=adpcm sampled_calls=68 sampled_samples=7072 sampled_us=539
audio_time: stage=envmix_exp sampled_calls=0 sampled_samples=0 sampled_us=0
audio_time: stage=envmix_ge sampled_calls=0 sampled_samples=0 sampled_us=0
audio_time: stage=envmix_lin sampled_calls=69 sampled_samples=12696 sampled_us=1550
audio_time: stage=envmix_nead sampled_calls=0 sampled_samples=0 sampled_us=0
audio_time: stage=mix sampled_calls=537 sampled_samples=98808 sampled_us=2084
audio_time: stage=musyx_voice sampled_calls=0 sampled_samples=0 sampled_us=0
audio_time: stage=musyx_fx sampled_calls=0 sampled_samples=0 sampled_us=0
audio_time: stage=output sampled_calls=6 sampled_samples=4416 sampled_us=18
gpu_counters: clks=0 tb_clks=7306434096 ras_busy=0 xf_wait_in=0 xf_wait_out=0 ras_peak_permille=0 ztop_in=0 ztop_out=0 z_in=0 z_out=0 blend_in=0 copy_clks=0 fifo_overflows=0
game: n=1/9 how=vis vis=1800 vi_rate=60 vi0_retrace=223 wall_us=30067567 sleep_us=18737765 avg_vis=58.90 avg_fps=23.79 exceptions=10510 cacheResets=1 recompiles=2324 batches=89384 verts=1584537 texStalls=0 treeDepthMax=32 underruns=3 overruns=0 queue_peak_ms=80 dsp_avg=3.89 dsp_peak=4.75 dsp_samples=61 pmc1=21878396112 pmc2=0 pmc3=0 pmc4=0 mmcr0=00000042 mmcr1=00000000 heap_used=10947544 heap_free=35208 arena1_free=249856 arena2_free=288704 flushes=5 flush_us=3474 padtrace=1 rom=sd:/wii64/roms/Banjo-Kazooie.V64
=== chain 1/9 end vis=1800 how=vis rom=sd:/wii64/roms/Banjo-Kazooie.V64 ===
mark: pad replay records: 27
mark: loadROM: enter
mark: loadROM: before rom_read
mark: ROMCache_load: enter
menufps: 0.1
menufps: 0.2
mark: ROMCache_load: before first read
mark: ROMCache_load: first read returned
mark: ROMCache_load: byte_swap_type set
mark: ROMCache_load: first byte_swap done
menufps: 0.2
menufps: 55.1
menufps: 1.4
menufps: 1.4
menufps: 1.4
menufps: 1.4
menufps: 1.4
menufps: 1.4
menufps: 1.4
menufps: 21.4
mark: ROMCache_load: loop exited normally
menufps: 12.8
menufps: 1.1
menufps: 1.1
menufps: 1.1
menufps: 1.1
menufps: 1.1
menufps: 1.1
menufps: 1.1
menufps: 1.1
menufps: 1.1
menufps: 1.1
menufps: 1.1
menufps: 1.1
menufps: 1.1
menufps: 1.1
menufps: 1.1
menufps: 1.1
menufps: 1.1
menufps: 1.1
menufps: 1.1
mark: ROMCache_load: preflush_us=18119084
mark: ROMCache_load: elapsed_us=34610561 bytes=33554432 vm=1
mark: loadROM: after rom_read
mark: loadROM: before init_memory
mark: loadROM: after init_memory
mark: loadROM: before romOpen_gfx
mark: loadROM: after romOpen_gfx / before romOpen_audio
mark: loadROM: after romOpen_audio / before romOpen_input
mark: loadROM: after romOpen_input / before cpu_init
mark: loadROM: after cpu_init
menufps: 3.4
menufps: 1.0
menufps: 1.0
fps: 0.2
first_vi: vi0_retrace=4291
vis: 0.1
cpu: exceptions=0 cacheResets=0 batches=0 verts=0 texStalls=0 recompiles=0 underruns=0 overruns=0 sleep_us=0 queue_ms=0
mark: CPU core dispatch: dynarec
vis: 25.1
cpu: exceptions=259 cacheResets=1 batches=0 verts=0 texStalls=0 recompiles=114 underruns=0 overruns=0 sleep_us=0 queue_ms=0
vis: 50.0
cpu: exceptions=1013 cacheResets=1 batches=0 verts=0 texStalls=0 recompiles=246 underruns=0 overruns=0 sleep_us=149408 queue_ms=0
fps: 0.9
vis: 50.0
cpu: exceptions=1818 cacheResets=1 batches=200 verts=7200 texStalls=0 recompiles=632 underruns=1 overruns=0 sleep_us=485740 queue_ms=53
fps: 53.9
vis: 50.0
cpu: exceptions=2218 cacheResets=1 batches=400 verts=14400 texStalls=0 recompiles=632 underruns=1 overruns=0 sleep_us=913754 queue_ms=50
fps: 50.0
vis: 50.0
cpu: exceptions=2618 cacheResets=1 batches=600 verts=21600 texStalls=0 recompiles=632 underruns=1 overruns=0 sleep_us=1341861 queue_ms=48
fps: 50.0
vis: 50.0
cpu: exceptions=3018 cacheResets=1 batches=800 verts=28800 texStalls=0 recompiles=632 underruns=1 overruns=0 sleep_us=1769781 queue_ms=53
fps: 50.0
vis: 50.0
cpu: exceptions=4182 cacheResets=1 batches=832 verts=29952 texStalls=0 recompiles=788 underruns=1 overruns=0 sleep_us=1932497 queue_ms=50
vis: 47.3
cpu: exceptions=5376 cacheResets=1 batches=832 verts=29952 texStalls=0 recompiles=1238 underruns=1 overruns=0 sleep_us=2015029 queue_ms=28
fps: 1.9
vis: 50.0
cpu: exceptions=6478 cacheResets=1 batches=2335 verts=60408 texStalls=0 recompiles=1683 underruns=3 overruns=0 sleep_us=2191409 queue_ms=86
fps: 20.2
vis: 50.0
cpu: exceptions=7469 cacheResets=1 batches=3856 verts=91404 texStalls=0 recompiles=1683 underruns=3 overruns=0 sleep_us=2493579 queue_ms=94
fps: 16.7
vis: 50.0
cpu: exceptions=8459 cacheResets=1 batches=5208 verts=118956 texStalls=0 recompiles=1688 underruns=3 overruns=0 sleep_us=2808424 queue_ms=90
fps: 16.7
vis: 50.0
cpu: exceptions=9448 cacheResets=1 batches=6560 verts=146508 texStalls=0 recompiles=1689 underruns=3 overruns=0 sleep_us=3123784 queue_ms=98
fps: 16.7
vis: 50.0
cpu: exceptions=10441 cacheResets=1 batches=8081 verts=177504 texStalls=0 recompiles=1743 underruns=3 overruns=0 sleep_us=3402431 queue_ms=93
fps: 16.6
vis: 50.0
cpu: exceptions=11432 cacheResets=1 batches=9433 verts=205056 texStalls=0 recompiles=1745 underruns=3 overruns=0 sleep_us=3689710 queue_ms=101
fps: 16.7
vis: 50.0
cpu: exceptions=12422 cacheResets=1 batches=10785 verts=232608 texStalls=0 recompiles=1748 underruns=3 overruns=0 sleep_us=3984986 queue_ms=96
fps: 16.7
vis: 50.0
cpu: exceptions=13414 cacheResets=1 batches=12306 verts=263604 texStalls=0 recompiles=1748 underruns=3 overruns=0 sleep_us=4276683 queue_ms=103
fps: 16.7
vis: 50.0
cpu: exceptions=14402 cacheResets=1 batches=13658 verts=291156 texStalls=0 recompiles=1748 underruns=3 overruns=0 sleep_us=4583422 queue_ms=99
fps: 16.7
vis: 50.0
cpu: exceptions=15391 cacheResets=1 batches=15010 verts=318708 texStalls=0 recompiles=1748 underruns=3 overruns=0 sleep_us=4889909 queue_ms=97
fps: 16.6
vis: 50.0
cpu: exceptions=16383 cacheResets=1 batches=16531 verts=349704 texStalls=0 recompiles=1748 underruns=3 overruns=0 sleep_us=5182122 queue_ms=104
vis: 50.0
cpu: exceptions=17373 cacheResets=1 batches=17883 verts=377256 texStalls=0 recompiles=1748 underruns=3 overruns=0 sleep_us=5488742 queue_ms=100
fps: 16.7
vis: 50.0
cpu: exceptions=18362 cacheResets=1 batches=19235 verts=404808 texStalls=0 recompiles=1748 underruns=3 overruns=0 sleep_us=5795442 queue_ms=106
fps: 16.7
vis: 50.0
cpu: exceptions=19352 cacheResets=1 batches=20756 verts=435804 texStalls=0 recompiles=1772 underruns=3 overruns=0 sleep_us=6072961 queue_ms=103
fps: 16.7
vis: 50.0
cpu: exceptions=20341 cacheResets=1 batches=22108 verts=463356 texStalls=0 recompiles=1772 underruns=3 overruns=0 sleep_us=6334942 queue_ms=109
fps: 16.7
vis: 50.0
cpu: exceptions=21328 cacheResets=1 batches=23460 verts=490908 texStalls=0 recompiles=1773 underruns=3 overruns=0 sleep_us=6584414 queue_ms=106
fps: 16.7
vis: 50.0
cpu: exceptions=22322 cacheResets=1 batches=24981 verts=521904 texStalls=0 recompiles=1773 underruns=3 overruns=0 sleep_us=6823874 queue_ms=103
fps: 16.7
vis: 50.0
cpu: exceptions=23313 cacheResets=1 batches=26407 verts=549456 texStalls=0 recompiles=1773 underruns=3 overruns=0 sleep_us=7077157 queue_ms=110
fps: 16.7
vis: 50.0
cpu: exceptions=24305 cacheResets=1 batches=27821 verts=577008 texStalls=0 recompiles=1775 underruns=3 overruns=0 sleep_us=7330096 queue_ms=107
fps: 16.7
vis: 50.0
cpu: exceptions=25299 cacheResets=1 batches=29346 verts=608004 texStalls=0 recompiles=1775 underruns=3 overruns=0 sleep_us=7570486 queue_ms=112
fps: 16.7
vis: 50.0
cpu: exceptions=26291 cacheResets=1 batches=30698 verts=635556 texStalls=0 recompiles=1775 underruns=3 overruns=0 sleep_us=7825226 queue_ms=111
fps: 16.7
vis: 50.0
cpu: exceptions=27283 cacheResets=1 batches=32050 verts=663108 texStalls=0 recompiles=1775 underruns=3 overruns=0 sleep_us=8080032 queue_ms=115
fps: 16.7
vis: 50.0
cpu: exceptions=28277 cacheResets=1 batches=33571 verts=694104 texStalls=0 recompiles=1775 underruns=3 overruns=0 sleep_us=8352196 queue_ms=114
fps: 16.7
vis: 50.0
cpu: exceptions=29267 cacheResets=1 batches=34923 verts=721656 texStalls=0 recompiles=1775 underruns=3 overruns=0 sleep_us=8659522 queue_ms=118
vis: 50.0
cpu: exceptions=30257 cacheResets=1 batches=36275 verts=749208 texStalls=0 recompiles=1775 underruns=3 overruns=0 sleep_us=8966827 queue_ms=116
fps: 16.7
vis: 50.0
cpu: exceptions=31249 cacheResets=1 batches=37796 verts=780204 texStalls=0 recompiles=1775 underruns=3 overruns=0 sleep_us=9260244 queue_ms=112
fps: 16.7
vis: 50.0
cpu: exceptions=32239 cacheResets=1 batches=39148 verts=807756 texStalls=0 recompiles=1775 underruns=3 overruns=0 sleep_us=9567562 queue_ms=120
fps: 16.7
vis: 50.0
cpu: exceptions=33228 cacheResets=1 batches=40500 verts=835308 texStalls=0 recompiles=1775 underruns=3 overruns=0 sleep_us=9874844 queue_ms=116
fps: 16.7
vis: 50.0
cpu: exceptions=34221 cacheResets=1 batches=42021 verts=866304 texStalls=0 recompiles=1787 underruns=3 overruns=0 sleep_us=10154898 queue_ms=122
fps: 16.7
vis: 50.0
cpu: exceptions=35212 cacheResets=1 batches=43373 verts=893856 texStalls=0 recompiles=1787 underruns=3 overruns=0 sleep_us=10443030 queue_ms=119
fps: 16.6
vis: 50.0
cpu: exceptions=36203 cacheResets=1 batches=44725 verts=921408 texStalls=0 recompiles=1787 underruns=3 overruns=0 sleep_us=10743780 queue_ms=125
vis: 50.0
cpu: exceptions=37928 cacheResets=1 batches=45401 verts=935184 texStalls=0 recompiles=1876 underruns=3 overruns=0 sleep_us=11013585 queue_ms=122
fps: 7.9
vis: 50.0
cpu: exceptions=39163 cacheResets=1 batches=46751 verts=943284 texStalls=0 recompiles=1909 underruns=3 overruns=0 sleep_us=11187001 queue_ms=121
fps: 55.0
vis: 50.0
cpu: exceptions=39646 cacheResets=1 batches=50148 verts=963666 texStalls=0 recompiles=1932 underruns=3 overruns=0 sleep_us=11374687 queue_ms=107
fps: 50.0
vis: 50.0
cpu: exceptions=40076 cacheResets=1 batches=53548 verts=984066 texStalls=0 recompiles=1933 underruns=3 overruns=0 sleep_us=11556702 queue_ms=104
fps: 50.0
vis: 50.0
cpu: exceptions=40494 cacheResets=1 batches=56948 verts=1004466 texStalls=0 recompiles=1933 underruns=3 overruns=0 sleep_us=11726169 queue_ms=110
fps: 50.0
vis: 50.0
cpu: exceptions=40900 cacheResets=1 batches=60348 verts=1024866 texStalls=0 recompiles=1933 underruns=3 overruns=0 sleep_us=11919361 queue_ms=106
fps: 50.0
vis: 50.0
cpu: exceptions=41300 cacheResets=1 batches=63748 verts=1045266 texStalls=0 recompiles=1933 underruns=3 overruns=0 sleep_us=12093779 queue_ms=114
fps: 50.0
vis: 50.0
cpu: exceptions=41700 cacheResets=1 batches=67148 verts=1065666 texStalls=0 recompiles=1933 underruns=3 overruns=0 sleep_us=12271796 queue_ms=111
fps: 50.0
vis: 50.0
cpu: exceptions=42100 cacheResets=1 batches=70548 verts=1086066 texStalls=0 recompiles=1933 underruns=3 overruns=0 sleep_us=12452833 queue_ms=117
fps: 50.0
vis: 50.0
cpu: exceptions=42500 cacheResets=1 batches=73948 verts=1106466 texStalls=0 recompiles=1933 underruns=3 overruns=0 sleep_us=12631820 queue_ms=115
fps: 50.0
vis: 50.0
cpu: exceptions=42900 cacheResets=1 batches=77348 verts=1126866 texStalls=0 recompiles=1933 underruns=3 overruns=0 sleep_us=12823255 queue_ms=119
fps: 50.0
vis: 50.0
cpu: exceptions=43300 cacheResets=1 batches=80748 verts=1147266 texStalls=0 recompiles=1933 underruns=3 overruns=0 sleep_us=13022895 queue_ms=117
fps: 50.0
vis: 50.0
cpu: exceptions=43700 cacheResets=1 batches=84148 verts=1167666 texStalls=0 recompiles=1933 underruns=3 overruns=0 sleep_us=13214964 queue_ms=113
fps: 50.0
vis: 50.0
cpu: exceptions=44100 cacheResets=1 batches=87548 verts=1188066 texStalls=0 recompiles=1933 underruns=3 overruns=0 sleep_us=13402313 queue_ms=119
fps: 50.0
vis: 50.0
cpu: exceptions=44500 cacheResets=1 batches=90948 verts=1208466 texStalls=0 recompiles=1933 underruns=3 overruns=0 sleep_us=13583509 queue_ms=118
fps: 50.0
vis: 50.0
cpu: exceptions=44900 cacheResets=1 batches=94348 verts=1228866 texStalls=0 recompiles=1933 underruns=3 overruns=0 sleep_us=13764937 queue_ms=123
fps: 50.0
vis: 50.0
cpu: exceptions=45300 cacheResets=1 batches=97748 verts=1249266 texStalls=0 recompiles=1933 underruns=3 overruns=0 sleep_us=13955035 queue_ms=121
fps: 50.0
vis: 50.0
cpu: exceptions=45700 cacheResets=1 batches=101148 verts=1269666 texStalls=0 recompiles=1933 underruns=3 overruns=0 sleep_us=14155287 queue_ms=127
fps: 50.0
vis: 50.0
cpu: exceptions=46100 cacheResets=1 batches=104548 verts=1290066 texStalls=0 recompiles=1933 underruns=3 overruns=0 sleep_us=14351165 queue_ms=122
fps: 49.9
vis: 50.0
cpu: exceptions=46500 cacheResets=1 batches=107948 verts=1310466 texStalls=0 recompiles=1933 underruns=3 overruns=0 sleep_us=14539170 queue_ms=130
fps: 50.0
vis: 50.0
cpu: exceptions=46900 cacheResets=1 batches=111348 verts=1330866 texStalls=0 recompiles=1933 underruns=3 overruns=0 sleep_us=14721549 queue_ms=125
fps: 49.6
vis: 50.0
cpu: exceptions=47306 cacheResets=1 batches=115881 verts=1358130 texStalls=0 recompiles=1947 underruns=3 overruns=0 sleep_us=14841379 queue_ms=123
fps: 50.2
vis: 50.0
cpu: exceptions=47719 cacheResets=1 batches=121006 verts=1389030 texStalls=0 recompiles=1947 underruns=3 overruns=0 sleep_us=14957361 queue_ms=131
fps: 50.0
vis: 50.0
cpu: exceptions=48127 cacheResets=1 batches=126131 verts=1419930 texStalls=0 recompiles=1947 underruns=3 overruns=0 sleep_us=15089193 queue_ms=126
fps: 50.0
vis: 50.0
cpu: exceptions=48527 cacheResets=1 batches=131256 verts=1450830 texStalls=0 recompiles=1947 underruns=3 overruns=0 sleep_us=15226517 queue_ms=134
fps: 50.0
vis: 50.0
cpu: exceptions=48927 cacheResets=1 batches=136381 verts=1481730 texStalls=0 recompiles=1947 underruns=3 overruns=0 sleep_us=15353640 queue_ms=130
fps: 50.0
vis: 50.0
cpu: exceptions=49327 cacheResets=1 batches=141506 verts=1512630 texStalls=0 recompiles=1947 underruns=3 overruns=0 sleep_us=15467541 queue_ms=135
fps: 50.0
vis: 50.0
cpu: exceptions=49727 cacheResets=1 batches=146631 verts=1543530 texStalls=0 recompiles=1947 underruns=3 overruns=0 sleep_us=15580123 queue_ms=134
fps: 50.0
vis: 50.0
cpu: exceptions=50127 cacheResets=1 batches=151756 verts=1574430 texStalls=0 recompiles=1947 underruns=3 overruns=0 sleep_us=15694470 queue_ms=129
fps: 50.0
vis: 50.0
cpu: exceptions=50527 cacheResets=1 batches=156881 verts=1605330 texStalls=0 recompiles=1947 underruns=3 overruns=0 sleep_us=15816358 queue_ms=136
fps: 50.0
vis: 50.0
cpu: exceptions=50927 cacheResets=1 batches=162006 verts=1636230 texStalls=0 recompiles=1947 underruns=3 overruns=0 sleep_us=15942878 queue_ms=134
fps: 50.0
vis: 50.0
cpu: exceptions=51327 cacheResets=1 batches=167131 verts=1667130 texStalls=0 recompiles=1947 underruns=3 overruns=0 sleep_us=16060750 queue_ms=138
fps: 50.0
vis: 50.0
cpu: exceptions=51727 cacheResets=1 batches=172256 verts=1698030 texStalls=0 recompiles=1947 underruns=3 overruns=0 sleep_us=16168949 queue_ms=137
fps: 50.0
vis: 50.0
cpu: exceptions=52128 cacheResets=1 batches=177381 verts=1728930 texStalls=0 recompiles=1947 underruns=3 overruns=0 sleep_us=16270729 queue_ms=142
fps: 50.0
vis: 50.0
cpu: exceptions=52530 cacheResets=1 batches=182506 verts=1759830 texStalls=0 recompiles=1947 underruns=3 overruns=0 sleep_us=16373116 queue_ms=139
fps: 50.0
vis: 50.0
cpu: exceptions=52930 cacheResets=1 batches=187631 verts=1790730 texStalls=0 recompiles=1947 underruns=3 overruns=0 sleep_us=16492015 queue_ms=146
fps: 50.0
vis: 50.0
cpu: exceptions=53330 cacheResets=1 batches=192756 verts=1821630 texStalls=0 recompiles=1947 underruns=3 overruns=0 sleep_us=16616767 queue_ms=142
fps: 50.0
vis: 50.0
cpu: exceptions=53730 cacheResets=1 batches=197881 verts=1852530 texStalls=0 recompiles=1947 underruns=3 overruns=0 sleep_us=16733231 queue_ms=149
fps: 50.0
vis: 50.0
cpu: exceptions=54130 cacheResets=1 batches=203006 verts=1883430 texStalls=0 recompiles=1947 underruns=3 overruns=0 sleep_us=16839543 queue_ms=146
fps: 49.9
vis: 50.0
cpu: exceptions=54530 cacheResets=1 batches=208131 verts=1914330 texStalls=0 recompiles=1947 underruns=3 overruns=0 sleep_us=16945788 queue_ms=142
fps: 50.0
vis: 50.0
cpu: exceptions=54930 cacheResets=1 batches=213256 verts=1945230 texStalls=0 recompiles=1947 underruns=3 overruns=0 sleep_us=17054241 queue_ms=149
fps: 50.0
vis: 50.0
cpu: exceptions=55330 cacheResets=1 batches=218381 verts=1976130 texStalls=0 recompiles=1947 underruns=3 overruns=0 sleep_us=17170050 queue_ms=145
fps: 50.0
vis: 50.0
cpu: exceptions=55730 cacheResets=1 batches=223506 verts=2007030 texStalls=0 recompiles=1947 underruns=3 overruns=0 sleep_us=17295327 queue_ms=152
fps: 50.0
vis: 50.0
cpu: exceptions=56130 cacheResets=1 batches=228631 verts=2037930 texStalls=0 recompiles=1947 underruns=3 overruns=0 sleep_us=17411891 queue_ms=149
fps: 50.0
vis: 50.0
cpu: exceptions=56530 cacheResets=1 batches=233756 verts=2068830 texStalls=0 recompiles=1947 underruns=3 overruns=0 sleep_us=17518313 queue_ms=155
fps: 50.0
vis: 50.0
cpu: exceptions=56932 cacheResets=1 batches=238880 verts=2099664 texStalls=0 recompiles=1948 underruns=3 overruns=0 sleep_us=17619685 queue_ms=153
fps: 50.0
vis: 50.0
cpu: exceptions=57335 cacheResets=1 batches=244005 verts=2130414 texStalls=0 recompiles=1948 underruns=3 overruns=0 sleep_us=17716007 queue_ms=158
fps: 50.0
vis: 50.0
cpu: exceptions=57736 cacheResets=1 batches=249130 verts=2161164 texStalls=0 recompiles=1948 underruns=3 overruns=0 sleep_us=17828442 queue_ms=155
fps: 50.0
vis: 50.0
cpu: exceptions=58136 cacheResets=1 batches=254255 verts=2191914 texStalls=0 recompiles=1948 underruns=3 overruns=0 sleep_us=17957393 queue_ms=152
fps: 50.0
vis: 50.0
cpu: exceptions=58536 cacheResets=1 batches=259380 verts=2222664 texStalls=0 recompiles=1948 underruns=3 overruns=0 sleep_us=18075966 queue_ms=157
fps: 50.0
vis: 50.0
cpu: exceptions=58936 cacheResets=1 batches=264505 verts=2253414 texStalls=0 recompiles=1948 underruns=3 overruns=0 sleep_us=18189978 queue_ms=156
fps: 50.0
vis: 50.0
cpu: exceptions=59336 cacheResets=1 batches=269630 verts=2284164 texStalls=0 recompiles=1949 underruns=3 overruns=0 sleep_us=18302777 queue_ms=161
fps: 50.0
vis: 50.0
cpu: exceptions=59736 cacheResets=1 batches=274755 verts=2314914 texStalls=0 recompiles=1949 underruns=3 overruns=0 sleep_us=18416807 queue_ms=159
fps: 50.0
vis: 50.0
cpu: exceptions=60136 cacheResets=1 batches=279880 verts=2345664 texStalls=0 recompiles=1949 underruns=3 overruns=0 sleep_us=18545830 queue_ms=166
fps: 50.0
vis: 50.0
cpu: exceptions=60536 cacheResets=1 batches=285005 verts=2376414 texStalls=0 recompiles=1949 underruns=3 overruns=0 sleep_us=18683105 queue_ms=161
fps: 50.0
vis: 50.0
cpu: exceptions=60936 cacheResets=1 batches=290130 verts=2407164 texStalls=0 recompiles=1949 underruns=3 overruns=0 sleep_us=18815735 queue_ms=159
fps: 50.0
vis: 50.0
cpu: exceptions=61336 cacheResets=1 batches=295255 verts=2437914 texStalls=0 recompiles=1949 underruns=3 overruns=0 sleep_us=18941796 queue_ms=164
fps: 49.8
vis: 50.0
cpu: exceptions=61998 cacheResets=1 batches=301120 verts=2473104 texStalls=0 recompiles=1957 underruns=3 overruns=0 sleep_us=19011301 queue_ms=161
fps: 50.0
vis: 50.0
cpu: exceptions=62400 cacheResets=1 batches=308095 verts=2514954 texStalls=0 recompiles=1957 underruns=3 overruns=0 sleep_us=19068703 queue_ms=168
fps: 49.9
vis: 50.0
cpu: exceptions=62801 cacheResets=1 batches=315070 verts=2556804 texStalls=0 recompiles=1957 underruns=3 overruns=0 sleep_us=19139658 queue_ms=166
fps: 50.0
vis: 50.0
cpu: exceptions=63201 cacheResets=1 batches=322045 verts=2598654 texStalls=0 recompiles=1957 underruns=3 overruns=0 sleep_us=19226061 queue_ms=171
fps: 50.3
vis: 50.0
cpu: exceptions=63601 cacheResets=1 batches=327904 verts=2633808 texStalls=0 recompiles=1958 underruns=3 overruns=0 sleep_us=19347148 queue_ms=169
fps: 50.0
vis: 50.0
cpu: exceptions=64001 cacheResets=1 batches=331779 verts=2657058 texStalls=0 recompiles=1958 underruns=3 overruns=0 sleep_us=19530187 queue_ms=174
fps: 50.0
vis: 50.0
cpu: exceptions=64401 cacheResets=1 batches=335654 verts=2680308 texStalls=0 recompiles=1958 underruns=3 overruns=0 sleep_us=19706098 queue_ms=171
fps: 50.0
vis: 50.0
cpu: exceptions=64801 cacheResets=1 batches=339529 verts=2703558 texStalls=0 recompiles=1958 underruns=3 overruns=0 sleep_us=19882111 queue_ms=177
fps: 50.0
vis: 50.0
cpu: exceptions=65201 cacheResets=1 batches=343404 verts=2726808 texStalls=0 recompiles=1958 underruns=3 overruns=0 sleep_us=20065519 queue_ms=174
fps: 50.0
vis: 50.0
cpu: exceptions=65601 cacheResets=1 batches=347279 verts=2750058 texStalls=0 recompiles=1958 underruns=3 overruns=0 sleep_us=20258227 queue_ms=172
fps: 50.0
vis: 50.0
cpu: exceptions=66001 cacheResets=1 batches=351154 verts=2773308 texStalls=0 recompiles=1958 underruns=3 overruns=0 sleep_us=20452694 queue_ms=178
fps: 50.0
vis: 50.0
cpu: exceptions=66401 cacheResets=1 batches=355029 verts=2796558 texStalls=0 recompiles=1958 underruns=3 overruns=0 sleep_us=20637134 queue_ms=175
fps: 50.0
vis: 50.0
cpu: exceptions=66802 cacheResets=1 batches=358895 verts=2819754 texStalls=0 recompiles=1966 underruns=3 overruns=0 sleep_us=20803928 queue_ms=181
fps: 50.0
vis: 50.0
cpu: exceptions=67203 cacheResets=1 batches=362770 verts=2843004 texStalls=0 recompiles=1966 underruns=3 overruns=0 sleep_us=20973931 queue_ms=177
fps: 50.0
vis: 50.0
cpu: exceptions=67603 cacheResets=1 batches=366645 verts=2866254 texStalls=0 recompiles=1966 underruns=3 overruns=0 sleep_us=21151229 queue_ms=184
fps: 50.0
vis: 50.0
cpu: exceptions=68003 cacheResets=1 batches=370520 verts=2889504 texStalls=0 recompiles=1966 underruns=3 overruns=0 sleep_us=21343334 queue_ms=180
fps: 50.0
vis: 50.0
cpu: exceptions=68403 cacheResets=1 batches=374395 verts=2912754 texStalls=0 recompiles=1966 underruns=3 overruns=0 sleep_us=21540875 queue_ms=187
fps: 50.0
vis: 50.0
cpu: exceptions=68803 cacheResets=1 batches=378270 verts=2936004 texStalls=0 recompiles=1966 underruns=3 overruns=0 sleep_us=21725350 queue_ms=185
fps: 50.0
vis: 50.0
cpu: exceptions=69203 cacheResets=1 batches=382145 verts=2959254 texStalls=0 recompiles=1966 underruns=3 overruns=0 sleep_us=21897153 queue_ms=190
fps: 50.0
vis: 50.0
cpu: exceptions=69603 cacheResets=1 batches=386020 verts=2982504 texStalls=0 recompiles=1966 underruns=3 overruns=0 sleep_us=22066716 queue_ms=188
fps: 50.0
vis: 50.0
cpu: exceptions=70003 cacheResets=1 batches=389895 verts=3005754 texStalls=0 recompiles=1966 underruns=3 overruns=0 sleep_us=22236142 queue_ms=184
fps: 50.0
vis: 50.0
cpu: exceptions=70403 cacheResets=1 batches=393770 verts=3029004 texStalls=0 recompiles=1966 underruns=3 overruns=0 sleep_us=22414473 queue_ms=189
fps: 49.9
vis: 50.0
cpu: exceptions=70803 cacheResets=1 batches=397645 verts=3052254 texStalls=0 recompiles=1966 underruns=3 overruns=0 sleep_us=22598749 queue_ms=188
fps: 50.0
vis: 50.0
cpu: exceptions=71203 cacheResets=1 batches=401520 verts=3075504 texStalls=0 recompiles=1966 underruns=3 overruns=0 sleep_us=22775516 queue_ms=192
vis: 50.0
cpu: exceptions=71757 cacheResets=1 batches=405076 verts=3096840 texStalls=0 recompiles=1971 underruns=3 overruns=0 sleep_us=22923300 queue_ms=191
vis: 50.0
cpu: exceptions=72661 cacheResets=1 batches=405076 verts=3096840 texStalls=0 recompiles=1971 underruns=3 overruns=0 sleep_us=23083487 queue_ms=186
vis: 50.0
cpu: exceptions=74162 cacheResets=1 batches=405076 verts=3096840 texStalls=0 recompiles=2000 underruns=3 overruns=0 sleep_us=23225510 queue_ms=193
fps: 14.2
vis: 50.0
cpu: exceptions=74741 cacheResets=1 batches=407192 verts=3152394 texStalls=0 recompiles=2272 underruns=3 overruns=0 sleep_us=23363841 queue_ms=175
fps: 19.9
vis: 50.0
cpu: exceptions=75132 cacheResets=1 batches=409808 verts=3222570 texStalls=0 recompiles=2272 underruns=3 overruns=0 sleep_us=23673233 queue_ms=182
fps: 16.7
vis: 50.0
cpu: exceptions=75523 cacheResets=1 batches=412424 verts=3292746 texStalls=0 recompiles=2272 underruns=3 overruns=0 sleep_us=23982819 queue_ms=179
fps: 16.7
vis: 50.0
cpu: exceptions=75916 cacheResets=1 batches=415367 verts=3371694 texStalls=0 recompiles=2272 underruns=3 overruns=0 sleep_us=24274715 queue_ms=186
fps: 16.7
vis: 50.0
cpu: exceptions=76307 cacheResets=1 batches=417847 verts=3436638 texStalls=0 recompiles=2273 underruns=3 overruns=0 sleep_us=24599148 queue_ms=181
fps: 16.6
vis: 50.0
cpu: exceptions=76698 cacheResets=1 batches=420259 verts=3498966 texStalls=0 recompiles=2273 underruns=3 overruns=0 sleep_us=24921797 queue_ms=188
fps: 16.7
vis: 50.0
cpu: exceptions=77092 cacheResets=1 batches=423171 verts=3576606 texStalls=0 recompiles=2287 underruns=3 overruns=0 sleep_us=25210573 queue_ms=185
fps: 16.7
vis: 50.0
cpu: exceptions=77574 cacheResets=1 batches=425515 verts=3636318 texStalls=0 recompiles=2312 underruns=3 overruns=0 sleep_us=25500016 queue_ms=191
vis: 50.0
cpu: exceptions=77965 cacheResets=1 batches=428097 verts=3705186 texStalls=0 recompiles=2312 underruns=3 overruns=0 sleep_us=25799131 queue_ms=188
fps: 16.6
vis: 49.9
cpu: exceptions=78358 cacheResets=1 batches=431040 verts=3784134 texStalls=0 recompiles=2319 underruns=3 overruns=0 sleep_us=26078821 queue_ms=185
fps: 16.6
vis: 50.0
cpu: exceptions=78749 cacheResets=1 batches=433656 verts=3854310 texStalls=0 recompiles=2319 underruns=3 overruns=0 sleep_us=26377235 queue_ms=192
fps: 16.7
vis: 50.0
cpu: exceptions=79140 cacheResets=1 batches=436272 verts=3924486 texStalls=0 recompiles=2319 underruns=3 overruns=0 sleep_us=26675607 queue_ms=188
fps: 16.7
vis: 49.9
cpu: exceptions=79533 cacheResets=1 batches=439215 verts=4003434 texStalls=0 recompiles=2319 underruns=3 overruns=0 sleep_us=26955997 queue_ms=195
fps: 16.6
vis: 50.0
cpu: exceptions=79924 cacheResets=1 batches=441831 verts=4073610 texStalls=0 recompiles=2319 underruns=3 overruns=0 sleep_us=27254090 queue_ms=190
fps: 16.7
vis: 50.0
cpu: exceptions=80315 cacheResets=1 batches=444447 verts=4143786 texStalls=0 recompiles=2319 underruns=3 overruns=0 sleep_us=27552340 queue_ms=189
fps: 16.6
vis: 49.9
cpu: exceptions=80708 cacheResets=1 batches=447390 verts=4222734 texStalls=0 recompiles=2319 underruns=3 overruns=0 sleep_us=27832657 queue_ms=195
fps: 16.6
vis: 50.0
cpu: exceptions=81099 cacheResets=1 batches=450006 verts=4292910 texStalls=0 recompiles=2319 underruns=3 overruns=0 sleep_us=28130915 queue_ms=191
fps: 16.7
vis: 50.0
cpu: exceptions=81490 cacheResets=1 batches=452622 verts=4363086 texStalls=0 recompiles=2319 underruns=3 overruns=0 sleep_us=28428836 queue_ms=199
fps: 16.7
vis: 49.9
cpu: exceptions=81883 cacheResets=1 batches=455565 verts=4442034 texStalls=0 recompiles=2319 underruns=3 overruns=0 sleep_us=28708723 queue_ms=194
fps: 16.6
vis: 50.0
cpu: exceptions=82274 cacheResets=1 batches=458181 verts=4512210 texStalls=0 recompiles=2319 underruns=3 overruns=0 sleep_us=29006895 queue_ms=193
fps: 16.7
vis: 50.0
cpu: exceptions=82665 cacheResets=1 batches=460797 verts=4582386 texStalls=0 recompiles=2319 underruns=3 overruns=0 sleep_us=29305338 queue_ms=197
fps: 16.7
vis: 50.0
cpu: exceptions=83058 cacheResets=1 batches=463740 verts=4661334 texStalls=0 recompiles=2331 underruns=3 overruns=0 sleep_us=29591587 queue_ms=195
vis: 50.0
cpu: exceptions=83449 cacheResets=1 batches=466356 verts=4731510 texStalls=0 recompiles=2331 underruns=3 overruns=0 sleep_us=29903079 queue_ms=200
fps: 16.7
vis: 50.0
cpu: exceptions=83840 cacheResets=1 batches=468972 verts=4801686 texStalls=0 recompiles=2331 underruns=3 overruns=0 sleep_us=30214577 queue_ms=198
fps: 16.7
vis: 50.0
cpu: exceptions=84234 cacheResets=1 batches=471915 verts=4880634 texStalls=0 recompiles=2331 underruns=3 overruns=0 sleep_us=30507975 queue_ms=205
fps: 16.7
vis: 50.0
cpu: exceptions=84711 cacheResets=1 batches=474531 verts=4950810 texStalls=0 recompiles=2331 underruns=3 overruns=0 sleep_us=30804284 queue_ms=201
fps: 16.6
vis: 50.0
cpu: exceptions=85102 cacheResets=1 batches=477147 verts=5020986 texStalls=0 recompiles=2331 underruns=3 overruns=0 sleep_us=31102663 queue_ms=198
fps: 16.7
vis: 49.9
cpu: exceptions=85494 cacheResets=1 batches=480090 verts=5099934 texStalls=0 recompiles=2331 underruns=3 overruns=0 sleep_us=31383375 queue_ms=204
fps: 16.6
vis: 50.0
cpu: exceptions=85885 cacheResets=1 batches=482706 verts=5170110 texStalls=0 recompiles=2331 underruns=3 overruns=0 sleep_us=31682285 queue_ms=201
fps: 16.7
vis: 50.0
cpu: exceptions=86276 cacheResets=1 batches=485410 verts=5240286 texStalls=0 recompiles=2331 underruns=3 overruns=0 sleep_us=31980930 queue_ms=207
fps: 16.7
vis: 49.9
cpu: exceptions=86669 cacheResets=1 batches=488749 verts=5319234 texStalls=0 recompiles=2331 underruns=3 overruns=0 sleep_us=32260534 queue_ms=204
fps: 16.6
vis: 50.0
cpu: exceptions=87060 cacheResets=1 batches=491681 verts=5389410 texStalls=0 recompiles=2331 underruns=3 overruns=0 sleep_us=32558098 queue_ms=211
fps: 16.7
vis: 50.0
cpu: exceptions=87451 cacheResets=1 batches=494622 verts=5459586 texStalls=0 recompiles=2331 underruns=3 overruns=0 sleep_us=32855928 queue_ms=208
fps: 16.7
vis: 49.9
cpu: exceptions=87844 cacheResets=1 batches=497922 verts=5538534 texStalls=0 recompiles=2331 underruns=3 overruns=0 sleep_us=33135651 queue_ms=204
fps: 16.6
vis: 50.0
cpu: exceptions=88235 cacheResets=1 batches=500888 verts=5608710 texStalls=0 recompiles=2331 underruns=3 overruns=0 sleep_us=33433505 queue_ms=212
vis: 50.0
cpu: exceptions=88626 cacheResets=1 batches=503856 verts=5678886 texStalls=0 recompiles=2331 underruns=3 overruns=0 sleep_us=33731731 queue_ms=207
fps: 16.6
vis: 49.9
cpu: exceptions=89019 cacheResets=1 batches=507177 verts=5757834 texStalls=0 recompiles=2331 underruns=3 overruns=0 sleep_us=34011721 queue_ms=206
fps: 16.6
vis: 50.0
cpu: exceptions=89410 cacheResets=1 batches=510108 verts=5828010 texStalls=0 recompiles=2331 underruns=3 overruns=0 sleep_us=34309621 queue_ms=210
fps: 16.7
vis: 50.0
cpu: exceptions=89801 cacheResets=1 batches=513044 verts=5898186 texStalls=0 recompiles=2331 underruns=3 overruns=0 sleep_us=34607578 queue_ms=208
fps: 16.7
vis: 50.0
cpu: exceptions=90194 cacheResets=1 batches=516365 verts=5977134 texStalls=0 recompiles=2331 underruns=3 overruns=0 sleep_us=34895034 queue_ms=213
fps: 16.7
vis: 50.0
cpu: exceptions=90585 cacheResets=1 batches=519157 verts=6047310 texStalls=0 recompiles=2331 underruns=3 overruns=0 sleep_us=35205947 queue_ms=212
fps: 16.7
vis: 50.0
cpu: exceptions=90976 cacheResets=1 batches=521773 verts=6117486 texStalls=0 recompiles=2331 underruns=3 overruns=0 sleep_us=35517141 queue_ms=217
fps: 16.7
vis: 50.0
cpu: exceptions=91370 cacheResets=1 batches=524724 verts=6196434 texStalls=0 recompiles=2331 underruns=3 overruns=0 sleep_us=35810048 queue_ms=214
fps: 16.6
vis: 50.0
cpu: exceptions=91851 cacheResets=1 batches=527340 verts=6266610 texStalls=0 recompiles=2331 underruns=3 overruns=0 sleep_us=36103916 queue_ms=220
fps: 16.7
vis: 50.0
cpu: exceptions=92242 cacheResets=1 batches=529956 verts=6336786 texStalls=0 recompiles=2331 underruns=3 overruns=0 sleep_us=36400388 queue_ms=217
fps: 16.7
vis: 49.9
cpu: exceptions=92635 cacheResets=1 batches=532899 verts=6415734 texStalls=0 recompiles=2331 underruns=3 overruns=0 sleep_us=36678892 queue_ms=215
fps: 16.6
vis: 50.0
cpu: exceptions=93026 cacheResets=1 batches=535515 verts=6485910 texStalls=0 recompiles=2331 underruns=3 overruns=0 sleep_us=36975488 queue_ms=220
fps: 16.7
vis: 50.0
cpu: exceptions=93417 cacheResets=1 batches=538131 verts=6556086 texStalls=0 recompiles=2331 underruns=3 overruns=0 sleep_us=37271867 queue_ms=219
fps: 16.7
vis: 49.9
cpu: exceptions=93810 cacheResets=1 batches=541074 verts=6635034 texStalls=0 recompiles=2331 underruns=3 overruns=0 sleep_us=37550385 queue_ms=214
vis: 50.0
cpu: exceptions=94201 cacheResets=1 batches=543690 verts=6705210 texStalls=0 recompiles=2331 underruns=3 overruns=0 sleep_us=37847068 queue_ms=222
fps: 16.6
vis: 50.0
cpu: exceptions=94592 cacheResets=1 batches=546306 verts=6775386 texStalls=0 recompiles=2331 underruns=3 overruns=0 sleep_us=38143700 queue_ms=217
fps: 16.7
vis: 49.9
cpu: exceptions=94985 cacheResets=1 batches=549249 verts=6854334 texStalls=0 recompiles=2331 underruns=3 overruns=0 sleep_us=38422059 queue_ms=215
fps: 16.6
vis: 50.0
cpu: exceptions=95376 cacheResets=1 batches=551865 verts=6924510 texStalls=0 recompiles=2331 underruns=3 overruns=0 sleep_us=38718705 queue_ms=220
fps: 16.7
vis: 50.0
cpu: exceptions=95767 cacheResets=1 batches=554481 verts=6994686 texStalls=0 recompiles=2331 underruns=3 overruns=0 sleep_us=39015442 queue_ms=218
fps: 16.7
vis: 49.9
cpu: exceptions=96160 cacheResets=1 batches=557424 verts=7073634 texStalls=0 recompiles=2331 underruns=3 overruns=0 sleep_us=39294107 queue_ms=224
fps: 16.6
vis: 50.0
cpu: exceptions=96551 cacheResets=1 batches=560040 verts=7143810 texStalls=0 recompiles=2331 underruns=3 overruns=0 sleep_us=39590901 queue_ms=221
fps: 16.7
vis: 50.0
cpu: exceptions=96942 cacheResets=1 batches=562656 verts=7213986 texStalls=0 recompiles=2331 underruns=3 overruns=0 sleep_us=39887459 queue_ms=228
fps: 16.7
vis: 50.0
cpu: exceptions=97335 cacheResets=1 batches=565599 verts=7292934 texStalls=0 recompiles=2331 underruns=3 overruns=0 sleep_us=40173601 queue_ms=223
fps: 16.7
vis: 50.0
cpu: exceptions=97726 cacheResets=1 batches=568215 verts=7363110 texStalls=0 recompiles=2331 underruns=3 overruns=0 sleep_us=40483545 queue_ms=222
fps: 16.7
vis: 50.0
cpu: exceptions=98117 cacheResets=1 batches=570831 verts=7433286 texStalls=0 recompiles=2331 underruns=3 overruns=0 sleep_us=40793905 queue_ms=227
fps: 16.7
vis: 50.0
cpu: exceptions=98511 cacheResets=1 batches=573774 verts=7512234 texStalls=0 recompiles=2331 underruns=3 overruns=0 sleep_us=41087381 queue_ms=225
fps: 16.7
vis: 50.0
cpu: exceptions=98951 cacheResets=1 batches=576390 verts=7582410 texStalls=0 recompiles=2331 underruns=3 overruns=0 sleep_us=41390620 queue_ms=230
vis: 50.0
cpu: exceptions=99342 cacheResets=1 batches=579006 verts=7652586 texStalls=0 recompiles=2331 underruns=3 overruns=0 sleep_us=41695338 queue_ms=229
fps: 16.7
vis: 50.0
cpu: exceptions=99735 cacheResets=1 batches=581949 verts=7731534 texStalls=0 recompiles=2331 underruns=3 overruns=0 sleep_us=41981951 queue_ms=233
fps: 16.7
vis: 50.0
cpu: exceptions=100126 cacheResets=1 batches=584565 verts=7801710 texStalls=0 recompiles=2331 underruns=3 overruns=0 sleep_us=42285535 queue_ms=232
fps: 16.7
vis: 50.0
cpu: exceptions=100517 cacheResets=1 batches=587181 verts=7871886 texStalls=0 recompiles=2331 underruns=3 overruns=0 sleep_us=42587985 queue_ms=236
fps: 16.7
vis: 49.9
cpu: exceptions=100910 cacheResets=1 batches=590124 verts=7950834 texStalls=0 recompiles=2331 underruns=3 overruns=0 sleep_us=42872277 queue_ms=234
fps: 16.6
vis: 50.0
cpu: exceptions=101301 cacheResets=1 batches=592740 verts=8021010 texStalls=0 recompiles=2331 underruns=3 overruns=0 sleep_us=43175025 queue_ms=231
fps: 16.7
vis: 50.0
cpu: exceptions=101692 cacheResets=1 batches=595356 verts=8091186 texStalls=0 recompiles=2331 underruns=3 overruns=0 sleep_us=43477615 queue_ms=237
fps: 16.7
vis: 50.0
cpu: exceptions=102085 cacheResets=1 batches=598299 verts=8170134 texStalls=0 recompiles=2331 underruns=3 overruns=0 sleep_us=43762590 queue_ms=234
fps: 16.7
vis: 50.0
cpu: exceptions=102476 cacheResets=1 batches=600915 verts=8240310 texStalls=0 recompiles=2331 underruns=3 overruns=0 sleep_us=44066811 queue_ms=240
fps: 16.7
vis: 50.0
cpu: exceptions=102867 cacheResets=1 batches=603531 verts=8310486 texStalls=0 recompiles=2331 underruns=3 overruns=0 sleep_us=44371323 queue_ms=238
fps: 16.7
vis: 50.0
cpu: exceptions=103260 cacheResets=1 batches=606474 verts=8389434 texStalls=0 recompiles=2331 underruns=3 overruns=0 sleep_us=44657714 queue_ms=243
fps: 16.7
vis: 50.0
cpu: exceptions=103651 cacheResets=1 batches=609090 verts=8459610 texStalls=0 recompiles=2331 underruns=3 overruns=0 sleep_us=44962213 queue_ms=240
fps: 16.7
vis: 50.0
cpu: exceptions=104042 cacheResets=1 batches=611706 verts=8529786 texStalls=0 recompiles=2331 underruns=3 overruns=0 sleep_us=45272519 queue_ms=237
fps: 16.6
vis: 50.0
cpu: exceptions=104435 cacheResets=1 batches=614649 verts=8608734 texStalls=0 recompiles=2331 underruns=3 overruns=0 sleep_us=45567366 queue_ms=244
vis: 50.0
cpu: exceptions=104827 cacheResets=1 batches=617265 verts=8678910 texStalls=0 recompiles=2331 underruns=3 overruns=0 sleep_us=45878895 queue_ms=240
fps: 16.7
vis: 50.0
cpu: exceptions=105218 cacheResets=1 batches=619881 verts=8749086 texStalls=0 recompiles=2331 underruns=3 overruns=0 sleep_us=46190353 queue_ms=248
fps: 16.7
vis: 49.9
cpu: exceptions=105707 cacheResets=1 batches=622824 verts=8828034 texStalls=0 recompiles=2331 underruns=3 overruns=0 sleep_us=46465409 queue_ms=243
fps: 16.6
vis: 50.0
cpu: exceptions=106098 cacheResets=1 batches=625440 verts=8898210 texStalls=0 recompiles=2331 underruns=3 overruns=0 sleep_us=46762647 queue_ms=242
fps: 16.7
vis: 50.0
cpu: exceptions=106489 cacheResets=1 batches=628056 verts=8968386 texStalls=0 recompiles=2331 underruns=3 overruns=0 sleep_us=47059907 queue_ms=246
fps: 16.7
vis: 49.9
cpu: exceptions=106882 cacheResets=1 batches=630999 verts=9047334 texStalls=0 recompiles=2331 underruns=3 overruns=0 sleep_us=47338829 queue_ms=244
fps: 16.6
vis: 50.0
cpu: exceptions=107273 cacheResets=1 batches=633615 verts=9117510 texStalls=0 recompiles=2331 underruns=3 overruns=0 sleep_us=47635671 queue_ms=249
fps: 16.7
vis: 50.0
cpu: exceptions=107664 cacheResets=1 batches=636231 verts=9187686 texStalls=0 recompiles=2331 underruns=3 overruns=0 sleep_us=47932609 queue_ms=248
fps: 16.7
vis: 49.9
cpu: exceptions=108057 cacheResets=1 batches=639174 verts=9266634 texStalls=0 recompiles=2331 underruns=3 overruns=0 sleep_us=48211663 queue_ms=243
fps: 16.6
vis: 50.0
cpu: exceptions=108448 cacheResets=1 batches=641790 verts=9336810 texStalls=0 recompiles=2331 underruns=3 overruns=0 sleep_us=48508818 queue_ms=251
fps: 16.7
vis: 50.0
cpu: exceptions=108839 cacheResets=1 batches=644406 verts=9406986 texStalls=0 recompiles=2331 underruns=3 overruns=0 sleep_us=48806102 queue_ms=246
fps: 16.7
vis: 49.9
cpu: exceptions=109232 cacheResets=1 batches=647349 verts=9485934 texStalls=0 recompiles=2331 underruns=3 overruns=0 sleep_us=49085283 queue_ms=254
fps: 16.6
vis: 50.0
cpu: exceptions=109623 cacheResets=1 batches=649965 verts=9556110 texStalls=0 recompiles=2331 underruns=3 overruns=0 sleep_us=49382529 queue_ms=249
vis: 50.0
cpu: exceptions=110014 cacheResets=1 batches=652581 verts=9626286 texStalls=0 recompiles=2331 underruns=3 overruns=0 sleep_us=49679717 queue_ms=257
fps: 16.7
vis: 49.9
cpu: exceptions=110407 cacheResets=1 batches=655524 verts=9705234 texStalls=0 recompiles=2331 underruns=3 overruns=0 sleep_us=49958739 queue_ms=253
fps: 16.6
vis: 50.0
cpu: exceptions=110798 cacheResets=1 batches=658140 verts=9775410 texStalls=0 recompiles=2331 underruns=3 overruns=0 sleep_us=50255847 queue_ms=251
fps: 16.7
vis: 50.0
cpu: exceptions=111194 cacheResets=1 batches=660756 verts=9845586 texStalls=0 recompiles=2336 underruns=3 overruns=0 sleep_us=50554269 queue_ms=257
fps: 16.7
vis: 50.0
cpu: exceptions=111588 cacheResets=1 batches=663699 verts=9924534 texStalls=0 recompiles=2336 underruns=3 overruns=0 sleep_us=50836415 queue_ms=254
fps: 16.7
vis: 50.0
cpu: exceptions=111979 cacheResets=1 batches=666315 verts=9994710 texStalls=0 recompiles=2336 underruns=3 overruns=0 sleep_us=51145936 queue_ms=260
fps: 16.6
vis: 50.0
cpu: exceptions=112370 cacheResets=1 batches=668931 verts=10064886 texStalls=0 recompiles=2336 underruns=3 overruns=0 sleep_us=51456113 queue_ms=256
fps: 16.7
vis: 50.0
cpu: exceptions=112763 cacheResets=1 batches=671874 verts=10143834 texStalls=0 recompiles=2336 underruns=3 overruns=0 sleep_us=51749012 queue_ms=255
fps: 16.7
vis: 50.0
cpu: exceptions=113154 cacheResets=1 batches=674490 verts=10214010 texStalls=0 recompiles=2341 underruns=3 overruns=0 sleep_us=52058165 queue_ms=260
fps: 16.7
vis: 50.0
cpu: exceptions=113545 cacheResets=1 batches=677106 verts=10284186 texStalls=0 recompiles=2341 underruns=3 overruns=0 sleep_us=52368668 queue_ms=258
fps: 16.7
vis: 48.8
cpu: exceptions=114034 cacheResets=1 batches=680049 verts=10363134 texStalls=0 recompiles=2352 underruns=3 overruns=0 sleep_us=52666410 queue_ms=244
vis: 50.0
cpu: exceptions=114876 cacheResets=1 batches=680049 verts=10363134 texStalls=0 recompiles=2358 underruns=3 overruns=0 sleep_us=52895558 queue_ms=251
vis: 50.0
cpu: exceptions=116395 cacheResets=1 batches=680049 verts=10363134 texStalls=0 recompiles=2395 underruns=3 overruns=0 sleep_us=53088520 queue_ms=249
fps: 2.2
vis: 50.0
cpu: exceptions=117190 cacheResets=1 batches=681720 verts=10405938 texStalls=0 recompiles=2541 underruns=3 overruns=0 sleep_us=53255029 queue_ms=253
fps: 18.2
vis: 50.0
cpu: exceptions=117591 cacheResets=1 batches=684136 verts=10469250 texStalls=0 recompiles=2541 underruns=3 overruns=0 sleep_us=53573122 queue_ms=251
fps: 16.7
vis: 50.0
cpu: exceptions=117987 cacheResets=1 batches=686552 verts=10532562 texStalls=0 recompiles=2541 underruns=3 overruns=0 sleep_us=53884353 queue_ms=257
fps: 16.7
vis: 50.0
cpu: exceptions=118380 cacheResets=1 batches=689270 verts=10603788 texStalls=0 recompiles=2541 underruns=3 overruns=0 sleep_us=54189100 queue_ms=254
fps: 16.7
vis: 50.0
cpu: exceptions=118771 cacheResets=1 batches=691686 verts=10667100 texStalls=0 recompiles=2542 underruns=3 overruns=0 sleep_us=54484289 queue_ms=252
fps: 16.7
vis: 50.0
cpu: exceptions=119162 cacheResets=1 batches=694102 verts=10730412 texStalls=0 recompiles=2542 underruns=3 overruns=0 sleep_us=54790029 queue_ms=257
fps: 16.7
vis: 50.0
cpu: exceptions=119555 cacheResets=1 batches=696820 verts=10801638 texStalls=0 recompiles=2542 underruns=3 overruns=0 sleep_us=55084212 queue_ms=255
vis: 50.0
cpu: exceptions=119946 cacheResets=1 batches=699236 verts=10864950 texStalls=0 recompiles=2542 underruns=3 overruns=0 sleep_us=55405917 queue_ms=260
fps: 16.7
vis: 50.0
cpu: exceptions=120337 cacheResets=1 batches=701652 verts=10928262 texStalls=0 recompiles=2542 underruns=3 overruns=0 sleep_us=55730490 queue_ms=259
fps: 16.7
vis: 50.0
cpu: exceptions=120730 cacheResets=1 batches=704370 verts=10999488 texStalls=0 recompiles=2542 underruns=3 overruns=0 sleep_us=56036038 queue_ms=263
fps: 16.7
vis: 50.0
cpu: exceptions=121121 cacheResets=1 batches=706786 verts=11062800 texStalls=0 recompiles=2542 underruns=3 overruns=0 sleep_us=56361452 queue_ms=262
fps: 16.7
vis: 50.0
cpu: exceptions=121512 cacheResets=1 batches=709202 verts=11126112 texStalls=0 recompiles=2542 underruns=3 overruns=0 sleep_us=56679305 queue_ms=266
fps: 16.7
vis: 50.0
cpu: exceptions=121905 cacheResets=1 batches=711920 verts=11197338 texStalls=0 recompiles=2542 underruns=3 overruns=0 sleep_us=56974464 queue_ms=265
fps: 16.6
vis: 50.0
cpu: exceptions=122296 cacheResets=1 batches=714540 verts=11268498 texStalls=0 recompiles=2545 underruns=3 overruns=0 sleep_us=57244666 queue_ms=260
fps: 16.7
vis: 50.0
cpu: exceptions=122687 cacheResets=1 batches=717228 verts=11342274 texStalls=0 recompiles=2545 underruns=3 overruns=0 sleep_us=57530799 queue_ms=268
fps: 16.7
vis: 49.9
cpu: exceptions=123080 cacheResets=1 batches=720252 verts=11425272 texStalls=0 recompiles=2545 underruns=3 overruns=0 sleep_us=57795607 queue_ms=263
fps: 16.6
vis: 50.0
cpu: exceptions=123471 cacheResets=1 batches=722940 verts=11499048 texStalls=0 recompiles=2545 underruns=3 overruns=0 sleep_us=58081788 queue_ms=271
fps: 16.7
vis: 50.0
cpu: exceptions=123862 cacheResets=1 batches=725628 verts=11572824 texStalls=0 recompiles=2545 underruns=3 overruns=0 sleep_us=58363288 queue_ms=267
fps: 16.7
vis: 49.9
cpu: exceptions=124255 cacheResets=1 batches=728652 verts=11655822 texStalls=0 recompiles=2545 underruns=3 overruns=0 sleep_us=58631652 queue_ms=265
fps: 16.6
vis: 50.0
cpu: exceptions=124646 cacheResets=1 batches=731340 verts=11729598 texStalls=0 recompiles=2545 underruns=3 overruns=0 sleep_us=58913304 queue_ms=270
vis: 50.0
cpu: exceptions=125037 cacheResets=1 batches=734028 verts=11803374 texStalls=0 recompiles=2545 underruns=3 overruns=0 sleep_us=59196088 queue_ms=268
fps: 16.7
vis: 49.9
cpu: exceptions=125430 cacheResets=1 batches=737052 verts=11886372 texStalls=0 recompiles=2545 underruns=3 overruns=0 sleep_us=59478132 queue_ms=274
fps: 16.6
vis: 50.0
cpu: exceptions=125821 cacheResets=1 batches=739740 verts=11960148 texStalls=0 recompiles=2545 underruns=3 overruns=0 sleep_us=59773856 queue_ms=270
fps: 16.7
vis: 50.0
cpu: exceptions=126212 cacheResets=1 batches=742428 verts=12033924 texStalls=0 recompiles=2548 underruns=3 overruns=0 sleep_us=60047038 queue_ms=277
fps: 16.7
vis: 49.9
cpu: exceptions=126605 cacheResets=1 batches=745452 verts=12116922 texStalls=0 recompiles=2548 underruns=3 overruns=0 sleep_us=60306526 queue_ms=274
fps: 16.6
vis: 50.0
cpu: exceptions=126996 cacheResets=1 batches=748140 verts=12190698 texStalls=0 recompiles=2548 underruns=3 overruns=0 sleep_us=60584227 queue_ms=272
fps: 16.7
vis: 50.0
cpu: exceptions=127387 cacheResets=1 batches=750828 verts=12264474 texStalls=0 recompiles=2548 underruns=3 overruns=0 sleep_us=60862378 queue_ms=276
fps: 16.7
vis: 49.8
cpu: exceptions=127780 cacheResets=1 batches=753852 verts=12347472 texStalls=0 recompiles=2548 underruns=3 overruns=0 sleep_us=61119367 queue_ms=275
fps: 16.6
vis: 50.0
cpu: exceptions=128171 cacheResets=1 batches=756540 verts=12421248 texStalls=0 recompiles=2548 underruns=3 overruns=0 sleep_us=61402263 queue_ms=270
fps: 16.7
vis: 50.0
cpu: exceptions=128562 cacheResets=1 batches=759228 verts=12495024 texStalls=0 recompiles=2548 underruns=3 overruns=0 sleep_us=61676918 queue_ms=278
fps: 16.7
vis: 49.9
cpu: exceptions=128955 cacheResets=1 batches=762252 verts=12578022 texStalls=0 recompiles=2548 underruns=3 overruns=0 sleep_us=61941085 queue_ms=273
fps: 16.6
vis: 50.0
cpu: exceptions=129346 cacheResets=1 batches=764940 verts=12651798 texStalls=0 recompiles=2548 underruns=3 overruns=0 sleep_us=62216456 queue_ms=280
fps: 16.7
vis: 50.0
cpu: exceptions=129737 cacheResets=1 batches=767628 verts=12725574 texStalls=0 recompiles=2548 underruns=3 overruns=0 sleep_us=62499226 queue_ms=277
fps: 16.6
vis: 49.8
cpu: exceptions=130130 cacheResets=1 batches=770652 verts=12808572 texStalls=0 recompiles=2549 underruns=3 overruns=0 sleep_us=62768541 queue_ms=275
vis: 50.0
cpu: exceptions=130521 cacheResets=1 batches=773340 verts=12882348 texStalls=0 recompiles=2549 underruns=3 overruns=0 sleep_us=63045973 queue_ms=280
fps: 16.6
vis: 50.0
cpu: exceptions=130912 cacheResets=1 batches=776028 verts=12956124 texStalls=0 recompiles=2549 underruns=3 overruns=0 sleep_us=63329921 queue_ms=278
fps: 16.7
vis: 49.9
cpu: exceptions=131305 cacheResets=1 batches=779052 verts=13039122 texStalls=0 recompiles=2549 underruns=3 overruns=0 sleep_us=63595121 queue_ms=275
fps: 16.6
vis: 50.0
cpu: exceptions=131696 cacheResets=1 batches=781740 verts=13112898 texStalls=0 recompiles=2549 underruns=3 overruns=0 sleep_us=63881518 queue_ms=281
fps: 16.7
vis: 50.0
cpu: exceptions=132087 cacheResets=1 batches=784428 verts=13186674 texStalls=0 recompiles=2549 underruns=3 overruns=0 sleep_us=64144827 queue_ms=277
fps: 16.7
vis: 49.7
cpu: exceptions=132480 cacheResets=1 batches=787452 verts=13269672 texStalls=0 recompiles=2549 underruns=3 overruns=0 sleep_us=64379693 queue_ms=275
fps: 16.6
vis: 50.0
cpu: exceptions=132871 cacheResets=1 batches=790140 verts=13343448 texStalls=0 recompiles=2549 underruns=3 overruns=0 sleep_us=64616880 queue_ms=281
fps: 16.7
vis: 50.0
cpu: exceptions=133262 cacheResets=1 batches=792828 verts=13417224 texStalls=0 recompiles=2549 underruns=3 overruns=0 sleep_us=64854856 queue_ms=277
fps: 16.7
vis: 49.7
cpu: exceptions=133655 cacheResets=1 batches=795852 verts=13500222 texStalls=0 recompiles=2549 underruns=3 overruns=0 sleep_us=65073080 queue_ms=276
fps: 16.6
vis: 50.0
cpu: exceptions=134046 cacheResets=1 batches=798540 verts=13573998 texStalls=0 recompiles=2552 underruns=3 overruns=0 sleep_us=65314500 queue_ms=280
fps: 16.7
vis: 50.0
cpu: exceptions=134437 cacheResets=1 batches=801228 verts=13647774 texStalls=0 recompiles=2552 underruns=3 overruns=0 sleep_us=65557205 queue_ms=279
fps: 16.7
vis: 49.7
cpu: exceptions=134830 cacheResets=1 batches=804252 verts=13730772 texStalls=0 recompiles=2552 underruns=3 overruns=0 sleep_us=65777332 queue_ms=274
fps: 16.6
vis: 50.0
cpu: exceptions=135221 cacheResets=1 batches=806940 verts=13804548 texStalls=0 recompiles=2552 underruns=3 overruns=0 sleep_us=66020170 queue_ms=282
vis: 50.0
cpu: exceptions=135612 cacheResets=1 batches=809628 verts=13878324 texStalls=0 recompiles=2552 underruns=3 overruns=0 sleep_us=66263241 queue_ms=278
fps: 16.7
vis: 49.7
cpu: exceptions=136005 cacheResets=1 batches=812652 verts=13961322 texStalls=0 recompiles=2552 underruns=3 overruns=0 sleep_us=66490299 queue_ms=285
fps: 16.6
vis: 50.0
cpu: exceptions=136404 cacheResets=1 batches=815340 verts=14035098 texStalls=0 recompiles=2553 underruns=3 overruns=0 sleep_us=66706713 queue_ms=282
fps: 16.7
vis: 50.0
cpu: exceptions=136801 cacheResets=1 batches=818028 verts=14108874 texStalls=0 recompiles=2555 underruns=3 overruns=0 sleep_us=66901803 queue_ms=278
fps: 16.7
vis: 49.7
cpu: exceptions=137195 cacheResets=1 batches=821052 verts=14191872 texStalls=0 recompiles=2556 underruns=3 overruns=0 sleep_us=67108932 queue_ms=277
fps: 16.6
vis: 50.0
cpu: exceptions=137587 cacheResets=1 batches=823740 verts=14265648 texStalls=0 recompiles=2556 underruns=3 overruns=0 sleep_us=67351374 queue_ms=281
fps: 16.6
vis: 50.0
cpu: exceptions=137978 cacheResets=1 batches=826428 verts=14339424 texStalls=0 recompiles=2556 underruns=3 overruns=0 sleep_us=67623257 queue_ms=279
fps: 16.7
vis: 49.9
cpu: exceptions=138371 cacheResets=1 batches=829452 verts=14422422 texStalls=0 recompiles=2556 underruns=3 overruns=0 sleep_us=67899876 queue_ms=286
fps: 16.6
vis: 50.0
cpu: exceptions=138762 cacheResets=1 batches=832140 verts=14496198 texStalls=0 recompiles=2556 underruns=3 overruns=0 sleep_us=68187016 queue_ms=282
fps: 16.7
vis: 50.0
cpu: exceptions=139153 cacheResets=1 batches=834828 verts=14569974 texStalls=0 recompiles=2556 underruns=3 overruns=0 sleep_us=68457113 queue_ms=289
fps: 16.7
vis: 49.9
cpu: exceptions=139546 cacheResets=1 batches=837852 verts=14652972 texStalls=0 recompiles=2556 underruns=3 overruns=0 sleep_us=68725918 queue_ms=284
fps: 16.6
vis: 50.0
cpu: exceptions=139937 cacheResets=1 batches=840540 verts=14726748 texStalls=0 recompiles=2556 underruns=3 overruns=0 sleep_us=69009336 queue_ms=283
fps: 16.7
vis: 50.0
cpu: exceptions=140328 cacheResets=1 batches=843228 verts=14800524 texStalls=0 recompiles=2559 underruns=3 overruns=0 sleep_us=69293003 queue_ms=287
fps: 16.7
vis: 49.9
cpu: exceptions=140721 cacheResets=1 batches=846252 verts=14883522 texStalls=0 recompiles=2559 underruns=3 overruns=0 sleep_us=69558591 queue_ms=286
vis: 50.0
cpu: exceptions=141112 cacheResets=1 batches=848940 verts=14957298 texStalls=0 recompiles=2559 underruns=3 overruns=0 sleep_us=69843579 queue_ms=290
fps: 16.6
vis: 50.0
cpu: exceptions=141504 cacheResets=1 batches=851628 verts=15031074 texStalls=0 recompiles=2566 underruns=3 overruns=0 sleep_us=70128421 queue_ms=289
fps: 16.7
vis: 50.0
cpu: exceptions=141897 cacheResets=1 batches=854652 verts=15114072 texStalls=0 recompiles=2566 underruns=3 overruns=0 sleep_us=70394493 queue_ms=285
fps: 16.7
vis: 50.0
cpu: exceptions=142288 cacheResets=1 batches=857340 verts=15187848 texStalls=0 recompiles=2566 underruns=3 overruns=0 sleep_us=70698204 queue_ms=293
fps: 16.7
vis: 50.0
cpu: exceptions=142679 cacheResets=1 batches=860028 verts=15261624 texStalls=0 recompiles=2566 underruns=3 overruns=0 sleep_us=70993662 queue_ms=288
fps: 16.7
vis: 49.8
cpu: exceptions=143072 cacheResets=1 batches=863052 verts=15344622 texStalls=0 recompiles=2566 underruns=3 overruns=0 sleep_us=71255736 queue_ms=296
fps: 16.6
vis: 50.0
cpu: exceptions=143463 cacheResets=1 batches=865740 verts=15418398 texStalls=0 recompiles=2566 underruns=3 overruns=0 sleep_us=71534842 queue_ms=291
fps: 16.7
vis: 50.0
cpu: exceptions=143854 cacheResets=1 batches=868428 verts=15492174 texStalls=0 recompiles=2566 underruns=3 overruns=0 sleep_us=71813105 queue_ms=289
fps: 16.7
vis: 49.9
cpu: exceptions=144247 cacheResets=1 batches=871452 verts=15575172 texStalls=0 recompiles=2566 underruns=3 overruns=0 sleep_us=72078968 queue_ms=294
fps: 16.6
vis: 50.0
cpu: exceptions=144638 cacheResets=1 batches=874140 verts=15648948 texStalls=0 recompiles=2566 underruns=3 overruns=0 sleep_us=72354132 queue_ms=292
fps: 16.7
vis: 50.0
cpu: exceptions=145029 cacheResets=1 batches=876828 verts=15722724 texStalls=0 recompiles=2566 underruns=3 overruns=0 sleep_us=72640800 queue_ms=298
fps: 16.7
vis: 49.9
cpu: exceptions=145422 cacheResets=1 batches=879852 verts=15805722 texStalls=0 recompiles=2566 underruns=3 overruns=0 sleep_us=72898759 queue_ms=295
fps: 16.6
vis: 50.0
cpu: exceptions=145813 cacheResets=1 batches=882540 verts=15879498 texStalls=0 recompiles=2566 underruns=3 overruns=0 sleep_us=73183753 queue_ms=292
vis: 50.0
cpu: exceptions=146205 cacheResets=1 batches=885228 verts=15953274 texStalls=0 recompiles=2573 underruns=3 overruns=0 sleep_us=73456876 queue_ms=297
fps: 16.7
vis: 49.8
cpu: exceptions=146598 cacheResets=1 batches=888252 verts=16036272 texStalls=0 recompiles=2573 underruns=3 overruns=0 sleep_us=73722156 queue_ms=296
fps: 16.6
vis: 50.0
cpu: exceptions=146989 cacheResets=1 batches=890940 verts=16110048 texStalls=0 recompiles=2573 underruns=3 overruns=0 sleep_us=74002078 queue_ms=292
fps: 16.7
vis: 50.0
cpu: exceptions=147380 cacheResets=1 batches=893628 verts=16183824 texStalls=0 recompiles=2573 underruns=3 overruns=0 sleep_us=74278991 queue_ms=300
fps: 16.7
vis: 49.9
cpu: exceptions=147773 cacheResets=1 batches=896652 verts=16266822 texStalls=0 recompiles=2575 underruns=3 overruns=0 sleep_us=74546418 queue_ms=295
fps: 16.6
vis: 50.0
cpu: exceptions=148164 cacheResets=1 batches=899340 verts=16340598 texStalls=0 recompiles=2575 underruns=3 overruns=0 sleep_us=74833771 queue_ms=303
fps: 16.7
vis: 50.0
cpu: exceptions=148555 cacheResets=1 batches=902028 verts=16414374 texStalls=0 recompiles=2575 underruns=3 overruns=0 sleep_us=75121572 queue_ms=298
fps: 16.7
vis: 49.9
cpu: exceptions=148948 cacheResets=1 batches=905052 verts=16497372 texStalls=0 recompiles=2575 underruns=3 overruns=0 sleep_us=75384633 queue_ms=296
fps: 16.6
vis: 50.0
cpu: exceptions=149340 cacheResets=1 batches=907740 verts=16571148 texStalls=0 recompiles=2575 underruns=3 overruns=0 sleep_us=75672982 queue_ms=301
fps: 16.7
vis: 50.0
cpu: exceptions=149731 cacheResets=1 batches=910429 verts=16644924 texStalls=0 recompiles=2575 underruns=3 overruns=0 sleep_us=75961315 queue_ms=299
fps: 16.7
vis: 49.8
cpu: exceptions=150124 cacheResets=1 batches=913453 verts=16727922 texStalls=0 recompiles=2575 underruns=3 overruns=0 sleep_us=76225175 queue_ms=306
fps: 16.6
vis: 50.0
cpu: exceptions=150515 cacheResets=1 batches=916141 verts=16801698 texStalls=0 recompiles=2575 underruns=3 overruns=0 sleep_us=76483416 queue_ms=302
fps: 16.7
vis: 50.0
cpu: exceptions=150906 cacheResets=1 batches=918829 verts=16875474 texStalls=0 recompiles=2575 underruns=3 overruns=0 sleep_us=76724514 queue_ms=309
fps: 16.7
vis: 49.7
cpu: exceptions=151299 cacheResets=1 batches=921853 verts=16958472 texStalls=0 recompiles=2575 underruns=3 overruns=0 sleep_us=76948734 queue_ms=304
vis: 50.0
cpu: exceptions=151690 cacheResets=1 batches=924541 verts=17032248 texStalls=0 recompiles=2575 underruns=3 overruns=0 sleep_us=77180786 queue_ms=303
fps: 16.6
vis: 50.0
cpu: exceptions=152081 cacheResets=1 batches=927229 verts=17106024 texStalls=0 recompiles=2575 underruns=3 overruns=0 sleep_us=77421698 queue_ms=308
fps: 16.7
vis: 49.7
cpu: exceptions=152474 cacheResets=1 batches=930253 verts=17189022 texStalls=0 recompiles=2575 underruns=3 overruns=0 sleep_us=77647926 queue_ms=306
fps: 16.6
vis: 50.0
cpu: exceptions=152866 cacheResets=1 batches=932941 verts=17262798 texStalls=0 recompiles=2575 underruns=3 overruns=0 sleep_us=77866311 queue_ms=301
fps: 16.7
vis: 50.0
cpu: exceptions=153257 cacheResets=1 batches=935629 verts=17336574 texStalls=0 recompiles=2575 underruns=3 overruns=0 sleep_us=78065741 queue_ms=309
fps: 16.6
vis: 49.7
cpu: exceptions=153652 cacheResets=1 batches=938653 verts=17419572 texStalls=0 recompiles=2575 underruns=3 overruns=0 sleep_us=78269394 queue_ms=306
fps: 16.6
vis: 50.0
cpu: exceptions=154043 cacheResets=1 batches=941341 verts=17493348 texStalls=0 recompiles=2575 underruns=3 overruns=0 sleep_us=78492249 queue_ms=303
fps: 16.7
vis: 50.0
cpu: exceptions=154434 cacheResets=1 batches=944029 verts=17567124 texStalls=0 recompiles=2575 underruns=3 overruns=0 sleep_us=78715558 queue_ms=299
fps: 16.7
vis: 49.6
cpu: exceptions=154832 cacheResets=1 batches=947053 verts=17650122 texStalls=0 recompiles=2580 underruns=3 overruns=0 sleep_us=78890732 queue_ms=297
fps: 16.5
vis: 50.0
cpu: exceptions=155229 cacheResets=1 batches=949741 verts=17723898 texStalls=0 recompiles=2583 underruns=3 overruns=0 sleep_us=79114132 queue_ms=302
fps: 16.7
vis: 50.0
cpu: exceptions=155640 cacheResets=1 batches=952429 verts=17797674 texStalls=0 recompiles=2586 underruns=3 overruns=0 sleep_us=79355961 queue_ms=300
fps: 16.7
vis: 50.0
cpu: exceptions=156041 cacheResets=1 batches=955453 verts=17880672 texStalls=0 recompiles=2590 underruns=3 overruns=0 sleep_us=79607211 queue_ms=306
fps: 16.7
vis: 50.0
cpu: exceptions=156431 cacheResets=1 batches=958141 verts=17954448 texStalls=0 recompiles=2590 underruns=3 overruns=0 sleep_us=79914489 queue_ms=303
vis: 50.0
cpu: exceptions=156822 cacheResets=1 batches=960829 verts=18028224 texStalls=0 recompiles=2590 underruns=3 overruns=0 sleep_us=80221616 queue_ms=310
fps: 16.7
vis: 50.0
cpu: exceptions=157215 cacheResets=1 batches=963853 verts=18111222 texStalls=0 recompiles=2590 underruns=3 overruns=0 sleep_us=80510847 queue_ms=305
fps: 16.7
vis: 50.0
cpu: exceptions=157606 cacheResets=1 batches=966541 verts=18184998 texStalls=0 recompiles=2593 underruns=3 overruns=0 sleep_us=80817910 queue_ms=313
fps: 16.7
vis: 50.0
cpu: exceptions=157997 cacheResets=1 batches=969229 verts=18258774 texStalls=0 recompiles=2593 underruns=3 overruns=0 sleep_us=81124831 queue_ms=309
fps: 16.7
vis: 50.0
cpu: exceptions=158390 cacheResets=1 batches=972253 verts=18341772 texStalls=0 recompiles=2593 underruns=3 overruns=0 sleep_us=81417348 queue_ms=316
fps: 16.7
vis: 50.0
cpu: exceptions=158781 cacheResets=1 batches=974941 verts=18415548 texStalls=0 recompiles=2593 underruns=3 overruns=0 sleep_us=81711465 queue_ms=311
fps: 16.7
vis: 50.0
cpu: exceptions=159172 cacheResets=1 batches=977629 verts=18489324 texStalls=0 recompiles=2593 underruns=3 overruns=0 sleep_us=82003645 queue_ms=310
fps: 16.7
vis: 49.9
cpu: exceptions=159565 cacheResets=1 batches=980653 verts=18572322 texStalls=0 recompiles=2593 underruns=3 overruns=0 sleep_us=82278380 queue_ms=315
fps: 16.6
vis: 50.0
cpu: exceptions=159956 cacheResets=1 batches=983341 verts=18646098 texStalls=0 recompiles=2595 underruns=3 overruns=0 sleep_us=82569203 queue_ms=314
fps: 16.7
vis: 50.0
cpu: exceptions=160347 cacheResets=1 batches=986029 verts=18719874 texStalls=0 recompiles=2595 underruns=3 overruns=0 sleep_us=82861724 queue_ms=318
fps: 16.7
vis: 49.9
cpu: exceptions=160740 cacheResets=1 batches=989053 verts=18802872 texStalls=0 recompiles=2595 underruns=3 overruns=0 sleep_us=83136276 queue_ms=316
fps: 16.6
vis: 50.0
cpu: exceptions=161131 cacheResets=1 batches=991741 verts=18876648 texStalls=0 recompiles=2595 underruns=3 overruns=0 sleep_us=83428486 queue_ms=321
fps: 16.7
vis: 50.0
cpu: exceptions=161522 cacheResets=1 batches=994442 verts=18950424 texStalls=0 recompiles=2595 underruns=3 overruns=0 sleep_us=83713062 queue_ms=319
fps: 16.7
vis: 49.9
cpu: exceptions=161915 cacheResets=1 batches=997466 verts=19033422 texStalls=0 recompiles=2595 underruns=3 overruns=0 sleep_us=83987987 queue_ms=316
vis: 50.0
cpu: exceptions=162306 cacheResets=1 batches=1000154 verts=19107198 texStalls=0 recompiles=2595 underruns=3 overruns=0 sleep_us=84274642 queue_ms=322
fps: 16.6
vis: 50.0
cpu: exceptions=162697 cacheResets=1 batches=1002842 verts=19180974 texStalls=0 recompiles=2595 underruns=3 overruns=0 sleep_us=84548960 queue_ms=320
fps: 16.7
vis: 49.8
cpu: exceptions=163092 cacheResets=1 batches=1005866 verts=19263972 texStalls=0 recompiles=2596 underruns=3 overruns=0 sleep_us=84801444 queue_ms=315
fps: 16.6
vis: 50.0
cpu: exceptions=163484 cacheResets=1 batches=1008552 verts=19337598 texStalls=0 recompiles=2600 underruns=3 overruns=0 sleep_us=85063281 queue_ms=323
fps: 16.7
vis: 50.0
cpu: exceptions=163877 cacheResets=1 batches=1011208 verts=19409934 texStalls=0 recompiles=2600 underruns=3 overruns=0 sleep_us=85322396 queue_ms=319
fps: 16.7
vis: 49.7
cpu: exceptions=164277 cacheResets=1 batches=1014196 verts=19491312 texStalls=0 recompiles=2600 underruns=3 overruns=0 sleep_us=85539199 queue_ms=317
fps: 16.6
vis: 50.0
cpu: exceptions=164671 cacheResets=1 batches=1016852 verts=19563648 texStalls=0 recompiles=2600 underruns=3 overruns=0 sleep_us=85750619 queue_ms=322
fps: 16.7
vis: 50.0
cpu: exceptions=165063 cacheResets=1 batches=1019508 verts=19635984 texStalls=0 recompiles=2600 underruns=3 overruns=0 sleep_us=85968215 queue_ms=320
fps: 16.7
vis: 49.7
cpu: exceptions=165457 cacheResets=1 batches=1022496 verts=19717362 texStalls=0 recompiles=2600 underruns=3 overruns=0 sleep_us=86169767 queue_ms=317
fps: 16.6
vis: 50.0
cpu: exceptions=165848 cacheResets=1 batches=1025152 verts=19789698 texStalls=0 recompiles=2600 underruns=3 overruns=0 sleep_us=86392287 queue_ms=323
fps: 16.7
vis: 50.0
cpu: exceptions=166239 cacheResets=1 batches=1027808 verts=19862034 texStalls=0 recompiles=2600 underruns=3 overruns=0 sleep_us=86608563 queue_ms=319
fps: 16.7
vis: 49.5
cpu: exceptions=166636 cacheResets=1 batches=1030796 verts=19943412 texStalls=0 recompiles=2600 underruns=3 overruns=0 sleep_us=86790583 queue_ms=318
fps: 16.5
vis: 50.0
cpu: exceptions=167029 cacheResets=1 batches=1033452 verts=20015748 texStalls=0 recompiles=2606 underruns=3 overruns=0 sleep_us=86975079 queue_ms=322
vis: 50.0
cpu: exceptions=167422 cacheResets=1 batches=1036108 verts=20088084 texStalls=0 recompiles=2606 underruns=3 overruns=0 sleep_us=87169280 queue_ms=321
fps: 16.7
vis: 49.7
cpu: exceptions=167816 cacheResets=1 batches=1039096 verts=20169462 texStalls=0 recompiles=2606 underruns=3 overruns=0 sleep_us=87380337 queue_ms=316
fps: 16.6
vis: 50.0
cpu: exceptions=168207 cacheResets=1 batches=1041752 verts=20241798 texStalls=0 recompiles=2606 underruns=3 overruns=0 sleep_us=87634543 queue_ms=324
fps: 16.7
vis: 50.0
cpu: exceptions=168598 cacheResets=1 batches=1044408 verts=20314134 texStalls=0 recompiles=2606 underruns=3 overruns=0 sleep_us=87905569 queue_ms=320
fps: 16.7
vis: 49.9
cpu: exceptions=168991 cacheResets=1 batches=1047400 verts=20395608 texStalls=0 recompiles=2608 underruns=3 overruns=0 sleep_us=88168211 queue_ms=326
fps: 16.6
vis: 50.0
cpu: exceptions=169382 cacheResets=1 batches=1050072 verts=20468328 texStalls=0 recompiles=2608 underruns=3 overruns=0 sleep_us=88444125 queue_ms=323
fps: 16.7
vis: 50.0
cpu: exceptions=169773 cacheResets=1 batches=1052744 verts=20541048 texStalls=0 recompiles=2608 underruns=3 overruns=0 sleep_us=88726906 queue_ms=320
mark: stop reason: chain guest VI limit
mark: stop_it requested
audio: alist_resample_calls=193292 alist_resample_samples=30992704 alist_zoh_calls=0 alist_zoh_samples=0 musyx_subframes=0 musyx_voices=0 musyx_voice_peak=0
audio_stages: adpcm_calls=215328 adpcm_samples=34190208 envmix_calls=193292 envmix_samples=30992704 mix_calls=160880 mix_samples=62681448 musyx_fx_calls=0 musyx_fx_taps=0 output_calls=8957 output_samples=5745136
audio_envmix: exp_calls=0 ge_calls=0 lin_calls=0 nead_calls=193292 exp_steady=0 ge_steady=0 lin_steady=0
audio_gaps: nead_mats=0 nead_efz=0 resample_flag2=0 musyx_ptr10=0
audio_output: stream_requests=22018 stream_fed=19913 input_hz=31995 playback_hz=31995 queue_peak_ms=346
audio_time: stage=resample sampled_calls=1521 sampled_samples=243816 sampled_us=20890
audio_time: stage=zoh sampled_calls=0 sampled_samples=0 sampled_us=0
audio_time: stage=adpcm sampled_calls=1695 sampled_samples=269888 sampled_us=19888
audio_time: stage=envmix_exp sampled_calls=0 sampled_samples=0 sampled_us=0
audio_time: stage=envmix_ge sampled_calls=0 sampled_samples=0 sampled_us=0
audio_time: stage=envmix_lin sampled_calls=0 sampled_samples=0 sampled_us=0
audio_time: stage=envmix_nead sampled_calls=1521 sampled_samples=243816 sampled_us=23944
audio_time: stage=mix sampled_calls=1266 sampled_samples=492880 sampled_us=10316
audio_time: stage=musyx_voice sampled_calls=0 sampled_samples=0 sampled_us=0
audio_time: stage=musyx_fx sampled_calls=0 sampled_samples=0 sampled_us=0
audio_time: stage=output sampled_calls=70 sampled_samples=44912 sampled_us=191
gpu_counters: clks=0 tb_clks=43842906064 ras_busy=0 xf_wait_in=0 xf_wait_out=0 ras_peak_permille=0 ztop_in=0 ztop_out=0 z_in=0 z_out=0 blend_in=0 copy_clks=0 fifo_overflows=13
game: n=2/9 how=vis vis=9000 vi_rate=50 vi0_retrace=4291 wall_us=180423417 sleep_us=88858536 avg_vis=49.76 avg_fps=24.80 exceptions=169962 cacheResets=1 recompiles=2608 batches=1054080 verts=20577408 texStalls=0 treeDepthMax=15 underruns=3 overruns=0 queue_peak_ms=326 dsp_avg=3.88 dsp_peak=5.80 dsp_samples=361 pmc1=131219444365 pmc2=0 pmc3=0 pmc4=0 mmcr0=00000042 mmcr1=00000000 heap_used=10957240 heap_free=33704 arena1_free=241664 arena2_free=288704 flushes=20 flush_us=16998 padtrace=29 rom=sd:/wii64/roms/Legend of Zelda, The - Majora's Mask (E) (M4) [!].z64
=== chain 2/9 end vis=9000 how=vis rom=sd:/wii64/roms/Legend of Zelda, The - Majora's Mask (E) (M4) [!].z64 ===
mark: pad replay records: 22
mark: loadROM: enter
mark: loadROM: before rom_read
mark: ROMCache_load: enter
mark: ROMCache_load: before first read
mark: ROMCache_load: first read returned
mark: ROMCache_load: byte_swap_type set
mark: ROMCache_load: first byte_swap done
menufps: 0.0
mark: ROMCache_load: loop exited normally
mark: ROMCache_load: elapsed_us=432524 bytes=13893632 vm=0
mark: loadROM: after rom_read
mark: loadROM: before init_memory
mark: loadROM: after init_memory
mark: loadROM: before romOpen_gfx
mark: loadROM: after romOpen_gfx / before romOpen_audio
mark: loadROM: after romOpen_audio / before romOpen_input
mark: loadROM: after romOpen_input / before cpu_init
mark: loadROM: after cpu_init
menufps: 18.0
menufps: 1.0
menufps: 1.0
fps: 2.1
first_vi: vi0_retrace=15325
vis: 3.3
cpu: exceptions=0 cacheResets=0 batches=0 verts=0 texStalls=0 recompiles=0 underruns=0 overruns=0 sleep_us=0 queue_ms=0
mark: CPU core dispatch: dynarec
vis: 60.0
cpu: exceptions=1030 cacheResets=1 batches=0 verts=0 texStalls=0 recompiles=316 underruns=1 overruns=0 sleep_us=136198 queue_ms=63
vis: 60.0
cpu: exceptions=1330 cacheResets=1 batches=0 verts=0 texStalls=0 recompiles=316 underruns=1 overruns=0 sleep_us=614076 queue_ms=59
vis: 60.0
cpu: exceptions=1630 cacheResets=1 batches=0 verts=0 texStalls=0 recompiles=331 underruns=1 overruns=0 sleep_us=1090321 queue_ms=56
vis: 60.0
cpu: exceptions=1929 cacheResets=1 batches=0 verts=0 texStalls=0 recompiles=331 underruns=1 overruns=0 sleep_us=1568208 queue_ms=63
vis: 60.0
cpu: exceptions=2229 cacheResets=1 batches=0 verts=0 texStalls=0 recompiles=331 underruns=1 overruns=0 sleep_us=2046040 queue_ms=59
vis: 60.0
cpu: exceptions=2529 cacheResets=1 batches=0 verts=0 texStalls=0 recompiles=331 underruns=1 overruns=0 sleep_us=2523842 queue_ms=66
vis: 60.0
cpu: exceptions=2865 cacheResets=1 batches=0 verts=0 texStalls=0 recompiles=344 underruns=1 overruns=0 sleep_us=2993695 queue_ms=62
fps: 0.8
vis: 60.0
cpu: exceptions=3438 cacheResets=1 batches=64 verts=4140 texStalls=0 recompiles=468 underruns=1 overruns=0 sleep_us=3423448 queue_ms=68
fps: 1.6
vis: 60.0
cpu: exceptions=3543 cacheResets=1 batches=576 verts=37260 texStalls=0 recompiles=528 underruns=2 overruns=0 sleep_us=3748582 queue_ms=7
fps: 31.0
vis: 60.0
cpu: exceptions=3684 cacheResets=1 batches=1536 verts=99360 texStalls=0 recompiles=528 underruns=2 overruns=0 sleep_us=4099936 queue_ms=14
fps: 30.0
vis: 60.0
cpu: exceptions=3820 cacheResets=1 batches=2304 verts=149040 texStalls=0 recompiles=566 underruns=2 overruns=0 sleep_us=4418337 queue_ms=10
vis: 60.0
cpu: exceptions=3916 cacheResets=1 batches=2304 verts=149040 texStalls=0 recompiles=566 underruns=2 overruns=0 sleep_us=4622832 queue_ms=17
fps: 3.8
vis: 60.0
cpu: exceptions=4015 cacheResets=1 batches=2424 verts=149760 texStalls=0 recompiles=598 underruns=3 overruns=0 sleep_us=4915571 queue_ms=23
fps: 1.7
vis: 60.0
cpu: exceptions=4117 cacheResets=1 batches=2904 verts=152640 texStalls=0 recompiles=610 underruns=5 overruns=0 sleep_us=5269881 queue_ms=7
fps: 31.0
vis: 60.0
cpu: exceptions=4333 cacheResets=1 batches=4704 verts=163440 texStalls=0 recompiles=611 underruns=5 overruns=0 sleep_us=5482317 queue_ms=11
fps: 30.0
vis: 60.0
cpu: exceptions=4533 cacheResets=1 batches=6504 verts=174240 texStalls=0 recompiles=614 underruns=5 overruns=0 sleep_us=5689516 queue_ms=7
fps: 30.0
vis: 60.0
cpu: exceptions=4726 cacheResets=1 batches=8304 verts=185040 texStalls=0 recompiles=614 underruns=5 overruns=0 sleep_us=5890397 queue_ms=14
fps: 30.0
vis: 60.0
cpu: exceptions=4917 cacheResets=1 batches=10104 verts=195840 texStalls=0 recompiles=614 underruns=5 overruns=0 sleep_us=6092148 queue_ms=10
fps: 30.0
vis: 60.0
cpu: exceptions=5098 cacheResets=1 batches=11904 verts=206640 texStalls=0 recompiles=614 underruns=5 overruns=0 sleep_us=6299300 queue_ms=16
fps: 30.0
vis: 60.0
cpu: exceptions=5272 cacheResets=1 batches=13704 verts=217440 texStalls=0 recompiles=618 underruns=5 overruns=0 sleep_us=6505816 queue_ms=13
vis: 60.0
cpu: exceptions=5445 cacheResets=1 batches=15024 verts=225360 texStalls=0 recompiles=625 underruns=5 overruns=0 sleep_us=6692535 queue_ms=19
vis: 60.0
cpu: exceptions=5596 cacheResets=1 batches=15024 verts=225360 texStalls=0 recompiles=625 underruns=5 overruns=0 sleep_us=6840710 queue_ms=14
vis: 60.0
cpu: exceptions=5703 cacheResets=1 batches=15024 verts=225360 texStalls=0 recompiles=631 underruns=5 overruns=0 sleep_us=7059282 queue_ms=21
fps: 6.2
vis: 60.0
cpu: exceptions=5826 cacheResets=1 batches=15024 verts=225360 texStalls=0 recompiles=674 underruns=5 overruns=0 sleep_us=7313399 queue_ms=17
fps: 32.0
vis: 60.0
cpu: exceptions=6032 cacheResets=1 batches=15024 verts=225360 texStalls=0 recompiles=674 underruns=5 overruns=0 sleep_us=7563213 queue_ms=24
fps: 30.0
vis: 60.0
cpu: exceptions=6220 cacheResets=1 batches=15024 verts=225360 texStalls=0 recompiles=674 underruns=5 overruns=0 sleep_us=7811366 queue_ms=19
fps: 30.0
vis: 60.0
cpu: exceptions=6395 cacheResets=1 batches=15024 verts=225360 texStalls=0 recompiles=674 underruns=5 overruns=0 sleep_us=8065666 queue_ms=16
fps: 30.0
vis: 60.0
cpu: exceptions=6576 cacheResets=1 batches=15024 verts=225360 texStalls=0 recompiles=674 underruns=5 overruns=0 sleep_us=8321497 queue_ms=22
vis: 60.0
cpu: exceptions=6745 cacheResets=1 batches=15024 verts=225360 texStalls=0 recompiles=674 underruns=5 overruns=0 sleep_us=8577695 queue_ms=19
fps: 30.0
vis: 59.9
cpu: exceptions=6914 cacheResets=1 batches=15024 verts=225360 texStalls=0 recompiles=681 underruns=5 overruns=0 sleep_us=8829966 queue_ms=26
fps: 29.9
vis: 60.0
cpu: exceptions=7088 cacheResets=1 batches=15024 verts=225360 texStalls=0 recompiles=686 underruns=5 overruns=0 sleep_us=9067854 queue_ms=21
fps: 30.1
vis: 60.0
cpu: exceptions=7256 cacheResets=1 batches=15024 verts=225360 texStalls=0 recompiles=686 underruns=5 overruns=0 sleep_us=9318166 queue_ms=28
fps: 30.1
vis: 60.0
cpu: exceptions=7432 cacheResets=1 batches=15024 verts=225360 texStalls=0 recompiles=686 underruns=5 overruns=0 sleep_us=9581011 queue_ms=24
fps: 30.0
vis: 60.0
cpu: exceptions=7600 cacheResets=1 batches=15024 verts=225360 texStalls=0 recompiles=686 underruns=5 overruns=0 sleep_us=9845991 queue_ms=31
fps: 30.0
vis: 60.0
cpu: exceptions=7782 cacheResets=1 batches=15024 verts=225360 texStalls=0 recompiles=686 underruns=5 overruns=0 sleep_us=10108265 queue_ms=28
fps: 30.0
vis: 60.0
cpu: exceptions=7957 cacheResets=1 batches=15024 verts=225360 texStalls=0 recompiles=686 underruns=5 overruns=0 sleep_us=10372188 queue_ms=24
fps: 29.9
vis: 60.0
cpu: exceptions=8123 cacheResets=1 batches=15024 verts=225360 texStalls=0 recompiles=686 underruns=5 overruns=0 sleep_us=10637079 queue_ms=31
fps: 29.9
vis: 60.0
cpu: exceptions=8291 cacheResets=1 batches=15024 verts=225360 texStalls=0 recompiles=686 underruns=5 overruns=0 sleep_us=10901650 queue_ms=26
fps: 30.0
vis: 60.0
cpu: exceptions=8463 cacheResets=1 batches=15024 verts=225360 texStalls=0 recompiles=686 underruns=5 overruns=0 sleep_us=11170381 queue_ms=33
fps: 30.1
vis: 60.0
cpu: exceptions=8625 cacheResets=1 batches=15024 verts=225360 texStalls=0 recompiles=688 underruns=5 overruns=0 sleep_us=11466002 queue_ms=29
fps: 30.0
vis: 60.0
cpu: exceptions=8786 cacheResets=1 batches=15024 verts=225360 texStalls=0 recompiles=688 underruns=5 overruns=0 sleep_us=11762062 queue_ms=37
fps: 30.0
vis: 60.0
cpu: exceptions=8956 cacheResets=1 batches=15024 verts=225360 texStalls=0 recompiles=688 underruns=5 overruns=0 sleep_us=12052638 queue_ms=33
fps: 29.9
vis: 60.0
cpu: exceptions=9139 cacheResets=1 batches=15024 verts=225360 texStalls=0 recompiles=688 underruns=5 overruns=0 sleep_us=12312695 queue_ms=29
fps: 30.0
vis: 60.0
cpu: exceptions=9315 cacheResets=1 batches=15024 verts=225360 texStalls=0 recompiles=688 underruns=5 overruns=0 sleep_us=12582042 queue_ms=36
fps: 30.1
vis: 60.0
cpu: exceptions=9473 cacheResets=1 batches=15024 verts=225360 texStalls=0 recompiles=688 underruns=5 overruns=0 sleep_us=12868056 queue_ms=32
fps: 30.0
vis: 60.0
cpu: exceptions=9629 cacheResets=1 batches=15024 verts=225360 texStalls=0 recompiles=688 underruns=5 overruns=0 sleep_us=13153832 queue_ms=38
fps: 30.0
vis: 60.0
cpu: exceptions=9782 cacheResets=1 batches=15024 verts=225360 texStalls=0 recompiles=688 underruns=5 overruns=0 sleep_us=13441846 queue_ms=35
fps: 30.0
vis: 60.0
cpu: exceptions=9939 cacheResets=1 batches=15024 verts=225360 texStalls=0 recompiles=688 underruns=5 overruns=0 sleep_us=13735530 queue_ms=41
fps: 30.0
vis: 60.0
cpu: exceptions=10098 cacheResets=1 batches=15024 verts=225360 texStalls=0 recompiles=688 underruns=5 overruns=0 sleep_us=14032151 queue_ms=37
fps: 30.0
vis: 60.0
cpu: exceptions=10258 cacheResets=1 batches=15024 verts=225360 texStalls=0 recompiles=688 underruns=5 overruns=0 sleep_us=14329766 queue_ms=42
fps: 29.9
vis: 60.0
cpu: exceptions=10408 cacheResets=1 batches=15024 verts=225360 texStalls=0 recompiles=688 underruns=5 overruns=0 sleep_us=14624267 queue_ms=39
fps: 30.0
vis: 60.0
cpu: exceptions=10560 cacheResets=1 batches=15024 verts=225360 texStalls=0 recompiles=688 underruns=5 overruns=0 sleep_us=14913614 queue_ms=45
fps: 30.0
vis: 60.0
cpu: exceptions=10710 cacheResets=1 batches=15024 verts=225360 texStalls=0 recompiles=688 underruns=5 overruns=0 sleep_us=15219831 queue_ms=42
fps: 29.9
vis: 60.0
cpu: exceptions=10911 cacheResets=1 batches=15024 verts=225360 texStalls=0 recompiles=688 underruns=5 overruns=0 sleep_us=15481734 queue_ms=49
vis: 60.0
cpu: exceptions=11103 cacheResets=1 batches=15024 verts=225360 texStalls=0 recompiles=688 underruns=5 overruns=0 sleep_us=15731283 queue_ms=44
fps: 30.0
vis: 60.0
cpu: exceptions=11279 cacheResets=1 batches=15024 verts=225360 texStalls=0 recompiles=688 underruns=5 overruns=0 sleep_us=15991330 queue_ms=39
fps: 30.0
vis: 60.0
cpu: exceptions=11453 cacheResets=1 batches=15024 verts=225360 texStalls=0 recompiles=688 underruns=5 overruns=0 sleep_us=16256662 queue_ms=45
fps: 30.0
vis: 60.0
cpu: exceptions=11627 cacheResets=1 batches=15024 verts=225360 texStalls=0 recompiles=688 underruns=5 overruns=0 sleep_us=16522142 queue_ms=42
fps: 30.0
vis: 60.0
cpu: exceptions=11806 cacheResets=1 batches=15024 verts=225360 texStalls=0 recompiles=688 underruns=5 overruns=0 sleep_us=16785632 queue_ms=48
fps: 30.0
vis: 60.0
cpu: exceptions=11978 cacheResets=1 batches=15024 verts=225360 texStalls=0 recompiles=692 underruns=5 overruns=0 sleep_us=17049132 queue_ms=45
fps: 30.0
vis: 60.0
cpu: exceptions=12138 cacheResets=1 batches=15024 verts=225360 texStalls=0 recompiles=692 underruns=5 overruns=0 sleep_us=17285938 queue_ms=52
vis: 60.0
cpu: exceptions=12272 cacheResets=1 batches=15024 verts=225360 texStalls=0 recompiles=692 underruns=5 overruns=0 sleep_us=17439746 queue_ms=47
vis: 60.0
cpu: exceptions=12393 cacheResets=1 batches=15024 verts=225360 texStalls=0 recompiles=692 underruns=5 overruns=0 sleep_us=17640342 queue_ms=54
fps: 5.5
vis: 60.0
cpu: exceptions=12580 cacheResets=1 batches=15024 verts=225360 texStalls=0 recompiles=720 underruns=5 overruns=0 sleep_us=17858655 queue_ms=50
fps: 32.0
vis: 60.0
cpu: exceptions=12768 cacheResets=1 batches=15024 verts=225360 texStalls=0 recompiles=721 underruns=5 overruns=0 sleep_us=18076746 queue_ms=47
fps: 29.3
vis: 60.0
cpu: exceptions=12995 cacheResets=1 batches=15024 verts=225360 texStalls=0 recompiles=721 underruns=5 overruns=0 sleep_us=18240457 queue_ms=53
fps: 30.9
vis: 60.0
cpu: exceptions=13201 cacheResets=1 batches=15024 verts=225360 texStalls=0 recompiles=721 underruns=5 overruns=0 sleep_us=18437645 queue_ms=48
fps: 29.9
vis: 60.0
cpu: exceptions=13408 cacheResets=1 batches=15024 verts=225360 texStalls=0 recompiles=721 underruns=5 overruns=0 sleep_us=18628698 queue_ms=56
vis: 60.0
cpu: exceptions=13596 cacheResets=1 batches=15024 verts=225360 texStalls=0 recompiles=721 underruns=5 overruns=0 sleep_us=18876904 queue_ms=52
fps: 30.0
vis: 60.0
cpu: exceptions=13780 cacheResets=1 batches=15024 verts=225360 texStalls=0 recompiles=721 underruns=5 overruns=0 sleep_us=19121285 queue_ms=59
fps: 29.9
vis: 60.0
cpu: exceptions=13968 cacheResets=1 batches=15024 verts=225360 texStalls=0 recompiles=731 underruns=5 overruns=0 sleep_us=19359264 queue_ms=56
fps: 30.2
vis: 60.0
cpu: exceptions=14149 cacheResets=1 batches=15024 verts=225360 texStalls=0 recompiles=731 underruns=5 overruns=0 sleep_us=19626440 queue_ms=63
fps: 30.1
vis: 60.0
cpu: exceptions=14344 cacheResets=1 batches=15024 verts=225360 texStalls=0 recompiles=731 underruns=5 overruns=0 sleep_us=19870953 queue_ms=59
fps: 29.9
vis: 60.0
cpu: exceptions=14528 cacheResets=1 batches=15024 verts=225360 texStalls=0 recompiles=731 underruns=5 overruns=0 sleep_us=20132160 queue_ms=65
fps: 30.0
vis: 60.0
cpu: exceptions=14705 cacheResets=1 batches=15024 verts=225360 texStalls=0 recompiles=731 underruns=5 overruns=0 sleep_us=20401281 queue_ms=61
fps: 30.1
vis: 60.0
cpu: exceptions=14875 cacheResets=1 batches=15024 verts=225360 texStalls=0 recompiles=731 underruns=5 overruns=0 sleep_us=20684835 queue_ms=57
fps: 30.0
vis: 60.0
cpu: exceptions=15049 cacheResets=1 batches=15024 verts=225360 texStalls=0 recompiles=731 underruns=5 overruns=0 sleep_us=20960680 queue_ms=65
fps: 30.0
vis: 60.0
cpu: exceptions=15207 cacheResets=1 batches=15024 verts=225360 texStalls=0 recompiles=731 underruns=5 overruns=0 sleep_us=21259403 queue_ms=61
fps: 30.0
vis: 60.0
cpu: exceptions=15369 cacheResets=1 batches=15024 verts=225360 texStalls=0 recompiles=731 underruns=5 overruns=0 sleep_us=21558277 queue_ms=68
fps: 29.7
vis: 60.0
cpu: exceptions=15554 cacheResets=1 batches=15024 verts=225360 texStalls=0 recompiles=731 underruns=5 overruns=0 sleep_us=21815765 queue_ms=63
fps: 30.2
vis: 60.0
cpu: exceptions=15730 cacheResets=1 batches=15024 verts=225360 texStalls=0 recompiles=732 underruns=5 overruns=0 sleep_us=22045426 queue_ms=70
vis: 60.0
cpu: exceptions=15834 cacheResets=1 batches=15024 verts=225360 texStalls=0 recompiles=732 underruns=5 overruns=0 sleep_us=22223851 queue_ms=66
vis: 60.0
cpu: exceptions=15985 cacheResets=1 batches=15024 verts=225360 texStalls=0 recompiles=733 underruns=5 overruns=0 sleep_us=22430558 queue_ms=73
vis: 60.0
cpu: exceptions=16148 cacheResets=1 batches=15024 verts=225360 texStalls=0 recompiles=734 underruns=5 overruns=0 sleep_us=22646610 queue_ms=68
fps: 3.1
vis: 60.0
cpu: exceptions=16332 cacheResets=1 batches=15024 verts=225360 texStalls=0 recompiles=761 underruns=5 overruns=0 sleep_us=22846809 queue_ms=65
fps: 32.1
vis: 60.0
cpu: exceptions=16518 cacheResets=1 batches=15024 verts=225360 texStalls=0 recompiles=761 underruns=5 overruns=0 sleep_us=23091324 queue_ms=71
fps: 30.0
vis: 60.0
cpu: exceptions=16692 cacheResets=1 batches=15024 verts=225360 texStalls=0 recompiles=761 underruns=5 overruns=0 sleep_us=23339708 queue_ms=66
fps: 30.0
vis: 60.0
cpu: exceptions=16874 cacheResets=1 batches=15024 verts=225360 texStalls=0 recompiles=761 underruns=5 overruns=0 sleep_us=23587900 queue_ms=74
fps: 30.0
vis: 60.0
cpu: exceptions=17045 cacheResets=1 batches=15024 verts=225360 texStalls=0 recompiles=761 underruns=5 overruns=0 sleep_us=23840439 queue_ms=70
fps: 30.0
vis: 60.0
cpu: exceptions=17221 cacheResets=1 batches=15024 verts=225360 texStalls=0 recompiles=761 underruns=5 overruns=0 sleep_us=24090501 queue_ms=76
fps: 30.0
vis: 60.0
cpu: exceptions=17399 cacheResets=1 batches=15024 verts=225360 texStalls=0 recompiles=767 underruns=5 overruns=0 sleep_us=24308566 queue_ms=71
fps: 30.0
vis: 60.0
cpu: exceptions=17567 cacheResets=1 batches=15024 verts=225360 texStalls=0 recompiles=767 underruns=5 overruns=0 sleep_us=24535056 queue_ms=78
fps: 30.1
vis: 60.0
cpu: exceptions=17743 cacheResets=1 batches=15024 verts=225360 texStalls=0 recompiles=767 underruns=5 overruns=0 sleep_us=24778762 queue_ms=74
fps: 30.0
vis: 60.0
cpu: exceptions=17910 cacheResets=1 batches=15024 verts=225360 texStalls=0 recompiles=767 underruns=5 overruns=0 sleep_us=25020698 queue_ms=80
fps: 30.0
vis: 60.0
cpu: exceptions=18084 cacheResets=1 batches=15024 verts=225360 texStalls=0 recompiles=767 underruns=5 overruns=0 sleep_us=25252075 queue_ms=76
fps: 30.0
vis: 60.0
cpu: exceptions=18255 cacheResets=1 batches=15024 verts=225360 texStalls=0 recompiles=767 underruns=5 overruns=0 sleep_us=25491003 queue_ms=84
fps: 29.9
vis: 60.0
cpu: exceptions=18425 cacheResets=1 batches=15024 verts=225360 texStalls=0 recompiles=767 underruns=5 overruns=0 sleep_us=25740201 queue_ms=79
fps: 30.1
vis: 60.0
cpu: exceptions=18592 cacheResets=1 batches=15024 verts=225360 texStalls=0 recompiles=767 underruns=5 overruns=0 sleep_us=26016491 queue_ms=75
fps: 29.7
vis: 60.0
cpu: exceptions=18749 cacheResets=1 batches=15024 verts=225360 texStalls=0 recompiles=767 underruns=5 overruns=0 sleep_us=26294282 queue_ms=82
fps: 30.2
vis: 60.0
cpu: exceptions=18909 cacheResets=1 batches=15024 verts=225360 texStalls=0 recompiles=767 underruns=5 overruns=0 sleep_us=26573253 queue_ms=78
fps: 29.9
vis: 60.0
cpu: exceptions=19974 cacheResets=1 batches=15024 verts=225360 texStalls=0 recompiles=775 underruns=5 overruns=0 sleep_us=26783796 queue_ms=85
vis: 60.0
cpu: exceptions=20234 cacheResets=1 batches=15024 verts=225360 texStalls=0 recompiles=829 underruns=5 overruns=0 sleep_us=27031240 queue_ms=81
vis: 60.0
cpu: exceptions=20332 cacheResets=1 batches=15024 verts=225360 texStalls=0 recompiles=829 underruns=5 overruns=0 sleep_us=27352462 queue_ms=87
vis: 60.0
cpu: exceptions=20521 cacheResets=1 batches=15024 verts=225360 texStalls=0 recompiles=1016 underruns=5 overruns=0 sleep_us=27635195 queue_ms=84
vis: 60.0
cpu: exceptions=20602 cacheResets=1 batches=15024 verts=225360 texStalls=0 recompiles=1016 underruns=5 overruns=0 sleep_us=28097127 queue_ms=57
fps: 0.4
vis: 60.0
cpu: exceptions=20802 cacheResets=1 batches=19277 verts=265134 texStalls=0 recompiles=1373 underruns=6 overruns=0 sleep_us=28262859 queue_ms=39
fps: 32.1
vis: 60.0
cpu: exceptions=21034 cacheResets=1 batches=24860 verts=316452 texStalls=0 recompiles=1405 underruns=6 overruns=0 sleep_us=28441075 queue_ms=47
fps: 29.8
vis: 60.0
cpu: exceptions=21326 cacheResets=1 batches=30748 verts=369600 texStalls=0 recompiles=1410 underruns=6 overruns=0 sleep_us=28581903 queue_ms=43
fps: 29.9
vis: 60.0
cpu: exceptions=21667 cacheResets=1 batches=36857 verts=424074 texStalls=0 recompiles=1410 underruns=6 overruns=0 sleep_us=28697551 queue_ms=50
fps: 29.9
vis: 60.0
cpu: exceptions=22030 cacheResets=1 batches=43082 verts=479244 texStalls=0 recompiles=1416 underruns=6 overruns=0 sleep_us=28804267 queue_ms=46
fps: 30.1
vis: 60.0
cpu: exceptions=22370 cacheResets=1 batches=48317 verts=528474 texStalls=0 recompiles=1417 underruns=6 overruns=0 sleep_us=28970476 queue_ms=42
fps: 31.0
vis: 60.0
cpu: exceptions=22674 cacheResets=1 batches=52720 verts=573900 texStalls=0 recompiles=1417 underruns=6 overruns=0 sleep_us=29181611 queue_ms=48
fps: 29.1
vis: 60.0
cpu: exceptions=22992 cacheResets=1 batches=56184 verts=612504 texStalls=0 recompiles=1421 underruns=6 overruns=0 sleep_us=29383871 queue_ms=45
fps: 31.0
vis: 60.0
cpu: exceptions=23303 cacheResets=1 batches=59247 verts=648702 texStalls=0 recompiles=1422 underruns=6 overruns=0 sleep_us=29614484 queue_ms=51
fps: 30.0
vis: 60.0
cpu: exceptions=23615 cacheResets=1 batches=62264 verts=684624 texStalls=0 recompiles=1435 underruns=6 overruns=0 sleep_us=29832339 queue_ms=47
fps: 30.0
vis: 60.0
cpu: exceptions=23911 cacheResets=1 batches=65183 verts=719958 texStalls=0 recompiles=1502 underruns=6 overruns=0 sleep_us=30036525 queue_ms=54
fps: 30.0
vis: 60.0
cpu: exceptions=24226 cacheResets=1 batches=68086 verts=755196 texStalls=0 recompiles=1504 underruns=6 overruns=0 sleep_us=30255407 queue_ms=49
fps: 30.0
vis: 60.0
cpu: exceptions=24536 cacheResets=1 batches=70983 verts=790398 texStalls=0 recompiles=1504 underruns=6 overruns=0 sleep_us=30499066 queue_ms=45
fps: 30.0
vis: 60.0
cpu: exceptions=24830 cacheResets=1 batches=73865 verts=825510 texStalls=0 recompiles=1504 underruns=6 overruns=0 sleep_us=30753639 queue_ms=52
fps: 30.0
vis: 60.0
cpu: exceptions=25116 cacheResets=1 batches=76811 verts=861006 texStalls=0 recompiles=1505 underruns=6 overruns=0 sleep_us=31014188 queue_ms=48
fps: 30.0
vis: 60.0
cpu: exceptions=25400 cacheResets=1 batches=79838 verts=896988 texStalls=0 recompiles=1506 underruns=6 overruns=0 sleep_us=31270687 queue_ms=54
fps: 30.0
vis: 60.0
cpu: exceptions=25682 cacheResets=1 batches=82799 verts=932574 texStalls=0 recompiles=1506 underruns=6 overruns=0 sleep_us=31530378 queue_ms=50
fps: 29.0
vis: 60.0
cpu: exceptions=25996 cacheResets=1 batches=85743 verts=966870 texStalls=0 recompiles=1600 underruns=6 overruns=0 sleep_us=31712904 queue_ms=57
fps: 30.0
vis: 60.0
cpu: exceptions=26356 cacheResets=1 batches=89056 verts=1004568 texStalls=0 recompiles=1603 underruns=6 overruns=0 sleep_us=31851573 queue_ms=52
fps: 30.1
vis: 60.0
cpu: exceptions=26704 cacheResets=1 batches=92040 verts=1040292 texStalls=0 recompiles=1610 underruns=6 overruns=0 sleep_us=32000814 queue_ms=59
fps: 29.9
vis: 60.0
cpu: exceptions=27052 cacheResets=1 batches=94872 verts=1075104 texStalls=0 recompiles=1620 underruns=6 overruns=0 sleep_us=32149556 queue_ms=55
vis: 60.0
cpu: exceptions=27382 cacheResets=1 batches=97669 verts=1109706 texStalls=0 recompiles=1620 underruns=6 overruns=0 sleep_us=32325044 queue_ms=62
fps: 30.1
vis: 60.0
cpu: exceptions=27620 cacheResets=1 batches=100477 verts=1149444 texStalls=0 recompiles=1630 underruns=6 overruns=0 sleep_us=32517139 queue_ms=57
fps: 30.7
vis: 60.0
cpu: exceptions=27826 cacheResets=1 batches=103588 verts=1195230 texStalls=0 recompiles=1633 underruns=6 overruns=0 sleep_us=32704007 queue_ms=64
fps: 29.4
vis: 60.0
cpu: exceptions=28040 cacheResets=1 batches=105637 verts=1226199 texStalls=0 recompiles=1635 underruns=6 overruns=0 sleep_us=32937989 queue_ms=60
fps: 30.7
vis: 60.0
cpu: exceptions=28243 cacheResets=1 batches=107543 verts=1255065 texStalls=0 recompiles=1640 underruns=6 overruns=0 sleep_us=33181595 queue_ms=57
fps: 29.3
vis: 60.0
cpu: exceptions=28464 cacheResets=1 batches=109688 verts=1286610 texStalls=0 recompiles=1641 underruns=6 overruns=0 sleep_us=33407430 queue_ms=63
fps: 30.7
vis: 60.0
cpu: exceptions=28655 cacheResets=1 batches=111920 verts=1319922 texStalls=0 recompiles=1641 underruns=6 overruns=0 sleep_us=33654252 queue_ms=60
fps: 29.4
vis: 60.0
cpu: exceptions=28858 cacheResets=1 batches=113601 verts=1346712 texStalls=0 recompiles=1641 underruns=6 overruns=0 sleep_us=33906766 queue_ms=66
fps: 30.0
vis: 60.0
cpu: exceptions=29073 cacheResets=1 batches=115337 verts=1374813 texStalls=0 recompiles=1641 underruns=6 overruns=0 sleep_us=34151800 queue_ms=62
fps: 30.7
vis: 60.0
cpu: exceptions=29285 cacheResets=1 batches=117221 verts=1403811 texStalls=0 recompiles=1641 underruns=6 overruns=0 sleep_us=34404466 queue_ms=69
fps: 29.3
vis: 60.0
cpu: exceptions=29476 cacheResets=1 batches=119170 verts=1435794 texStalls=0 recompiles=1641 underruns=6 overruns=0 sleep_us=34655741 queue_ms=66
fps: 30.5
vis: 60.0
cpu: exceptions=29679 cacheResets=1 batches=121598 verts=1471359 texStalls=0 recompiles=1641 underruns=6 overruns=0 sleep_us=34886677 queue_ms=62
fps: 29.4
vis: 60.0
cpu: exceptions=29876 cacheResets=1 batches=123810 verts=1505547 texStalls=0 recompiles=1641 underruns=6 overruns=0 sleep_us=35125105 queue_ms=69
fps: 29.9
vis: 60.0
cpu: exceptions=30056 cacheResets=1 batches=126415 verts=1543668 texStalls=0 recompiles=1641 underruns=6 overruns=0 sleep_us=35371234 queue_ms=65
fps: 30.0
vis: 60.0
cpu: exceptions=30255 cacheResets=1 batches=128856 verts=1580898 texStalls=0 recompiles=1648 underruns=6 overruns=0 sleep_us=35605529 queue_ms=71
fps: 30.0
vis: 60.0
cpu: exceptions=30460 cacheResets=1 batches=131376 verts=1620855 texStalls=0 recompiles=1648 underruns=6 overruns=0 sleep_us=35823835 queue_ms=68
fps: 30.6
vis: 60.0
cpu: exceptions=30652 cacheResets=1 batches=133693 verts=1656213 texStalls=0 recompiles=1648 underruns=6 overruns=0 sleep_us=36069056 queue_ms=75
fps: 29.5
vis: 60.0
cpu: exceptions=30833 cacheResets=1 batches=135708 verts=1687203 texStalls=0 recompiles=1653 underruns=6 overruns=0 sleep_us=36332114 queue_ms=71
fps: 29.9
vis: 60.0
cpu: exceptions=31031 cacheResets=1 batches=137942 verts=1720815 texStalls=0 recompiles=1654 underruns=6 overruns=0 sleep_us=36573941 queue_ms=78
fps: 30.0
vis: 60.0
cpu: exceptions=31219 cacheResets=1 batches=139972 verts=1751406 texStalls=0 recompiles=1654 underruns=6 overruns=0 sleep_us=36824265 queue_ms=74
fps: 30.1
vis: 60.0
cpu: exceptions=31407 cacheResets=1 batches=142070 verts=1782900 texStalls=0 recompiles=1654 underruns=6 overruns=0 sleep_us=37088368 queue_ms=81
fps: 29.9
vis: 60.0
cpu: exceptions=31605 cacheResets=1 batches=144555 verts=1817550 texStalls=0 recompiles=1654 underruns=6 overruns=0 sleep_us=37329168 queue_ms=76
fps: 30.7
vis: 60.0
cpu: exceptions=31805 cacheResets=1 batches=146914 verts=1849596 texStalls=0 recompiles=1654 underruns=6 overruns=0 sleep_us=37565089 queue_ms=83
fps: 29.3
vis: 60.0
cpu: exceptions=31989 cacheResets=1 batches=149569 verts=1886169 texStalls=0 recompiles=1654 underruns=6 overruns=0 sleep_us=37808094 queue_ms=79
fps: 30.0
vis: 60.0
cpu: exceptions=32193 cacheResets=1 batches=151756 verts=1918143 texStalls=0 recompiles=1654 underruns=6 overruns=0 sleep_us=38055919 queue_ms=75
fps: 29.9
vis: 60.0
cpu: exceptions=32406 cacheResets=1 batches=154483 verts=1958055 texStalls=0 recompiles=1655 underruns=6 overruns=0 sleep_us=38270374 queue_ms=81
fps: 30.8
vis: 60.0
cpu: exceptions=32615 cacheResets=1 batches=156590 verts=1995093 texStalls=0 recompiles=1658 underruns=6 overruns=0 sleep_us=38506781 queue_ms=76
fps: 29.3
vis: 60.0
cpu: exceptions=32794 cacheResets=1 batches=158693 verts=2024742 texStalls=0 recompiles=1658 underruns=6 overruns=0 sleep_us=38763827 queue_ms=83
fps: 30.1
vis: 60.0
cpu: exceptions=32983 cacheResets=1 batches=161280 verts=2059122 texStalls=0 recompiles=1658 underruns=6 overruns=0 sleep_us=39017156 queue_ms=79
fps: 30.5
vis: 60.0
cpu: exceptions=33172 cacheResets=1 batches=163616 verts=2089554 texStalls=0 recompiles=1658 underruns=6 overruns=0 sleep_us=39278386 queue_ms=86
vis: 60.0
cpu: exceptions=33355 cacheResets=1 batches=165803 verts=2118210 texStalls=0 recompiles=1659 underruns=6 overruns=0 sleep_us=39541869 queue_ms=82
fps: 29.3
vis: 60.0
cpu: exceptions=33554 cacheResets=1 batches=168187 verts=2150334 texStalls=0 recompiles=1659 underruns=6 overruns=0 sleep_us=39787908 queue_ms=88
fps: 30.1
vis: 60.0
cpu: exceptions=33771 cacheResets=1 batches=170693 verts=2185449 texStalls=0 recompiles=1659 underruns=6 overruns=0 sleep_us=40010255 queue_ms=84
fps: 29.9
vis: 60.0
cpu: exceptions=33970 cacheResets=1 batches=173039 verts=2218563 texStalls=0 recompiles=1660 underruns=6 overruns=0 sleep_us=40245155 queue_ms=90
fps: 30.0
vis: 60.0
cpu: exceptions=34190 cacheResets=1 batches=175443 verts=2250705 texStalls=0 recompiles=1661 underruns=6 overruns=0 sleep_us=40458708 queue_ms=87
fps: 30.0
vis: 60.0
cpu: exceptions=34417 cacheResets=1 batches=177877 verts=2284305 texStalls=0 recompiles=1662 underruns=6 overruns=0 sleep_us=40674353 queue_ms=82
fps: 30.0
vis: 60.0
cpu: exceptions=34643 cacheResets=1 batches=180558 verts=2325477 texStalls=0 recompiles=1673 underruns=6 overruns=0 sleep_us=40885771 queue_ms=89
fps: 30.1
vis: 60.0
cpu: exceptions=34855 cacheResets=1 batches=182663 verts=2357367 texStalls=0 recompiles=1675 underruns=6 overruns=0 sleep_us=41120910 queue_ms=85
fps: 30.6
vis: 60.0
cpu: exceptions=35052 cacheResets=1 batches=184628 verts=2390499 texStalls=0 recompiles=1675 underruns=6 overruns=0 sleep_us=41376406 queue_ms=92
fps: 29.3
vis: 60.0
cpu: exceptions=35263 cacheResets=1 batches=186859 verts=2421819 texStalls=0 recompiles=1675 underruns=6 overruns=0 sleep_us=41610923 queue_ms=88
fps: 30.0
vis: 60.0
cpu: exceptions=35464 cacheResets=1 batches=189199 verts=2452149 texStalls=0 recompiles=1675 underruns=6 overruns=0 sleep_us=41853057 queue_ms=96
fps: 30.0
vis: 60.0
cpu: exceptions=35667 cacheResets=1 batches=191644 verts=2483019 texStalls=0 recompiles=1687 underruns=6 overruns=0 sleep_us=42083837 queue_ms=92
fps: 30.1
vis: 60.0
cpu: exceptions=35874 cacheResets=1 batches=193748 verts=2513307 texStalls=0 recompiles=1691 underruns=6 overruns=0 sleep_us=42324186 queue_ms=98
fps: 30.2
vis: 60.0
cpu: exceptions=36068 cacheResets=1 batches=195962 verts=2546553 texStalls=0 recompiles=1692 underruns=6 overruns=0 sleep_us=42571231 queue_ms=94
fps: 29.8
vis: 60.0
cpu: exceptions=36262 cacheResets=1 batches=197949 verts=2575431 texStalls=0 recompiles=1711 underruns=6 overruns=0 sleep_us=42821576 queue_ms=101
fps: 30.7
vis: 60.0
cpu: exceptions=36466 cacheResets=1 batches=200135 verts=2608905 texStalls=0 recompiles=1711 underruns=6 overruns=0 sleep_us=43064860 queue_ms=97
fps: 29.3
vis: 60.0
cpu: exceptions=36694 cacheResets=1 batches=202280 verts=2643375 texStalls=0 recompiles=1714 underruns=6 overruns=0 sleep_us=43286379 queue_ms=94
fps: 29.9
vis: 60.0
cpu: exceptions=36911 cacheResets=1 batches=204252 verts=2669961 texStalls=0 recompiles=1715 underruns=6 overruns=0 sleep_us=43518494 queue_ms=101
fps: 30.1
vis: 60.0
cpu: exceptions=37131 cacheResets=1 batches=206011 verts=2695317 texStalls=0 recompiles=1715 underruns=6 overruns=0 sleep_us=43760646 queue_ms=97
fps: 29.8
vis: 60.0
cpu: exceptions=37362 cacheResets=1 batches=208230 verts=2726211 texStalls=0 recompiles=1715 underruns=6 overruns=0 sleep_us=43983161 queue_ms=103
fps: 30.1
vis: 60.0
cpu: exceptions=37585 cacheResets=1 batches=209978 verts=2753235 texStalls=0 recompiles=1715 underruns=6 overruns=0 sleep_us=44229732 queue_ms=99
fps: 29.9
vis: 60.0
cpu: exceptions=37798 cacheResets=1 batches=211997 verts=2784411 texStalls=0 recompiles=1715 underruns=6 overruns=0 sleep_us=44469239 queue_ms=106
fps: 30.6
vis: 60.0
cpu: exceptions=37984 cacheResets=1 batches=213948 verts=2815377 texStalls=0 recompiles=1715 underruns=6 overruns=0 sleep_us=44735062 queue_ms=103
fps: 30.0
mark: stop reason: chain guest VI limit
mark: stop_it requested
audio: alist_resample_calls=190373 alist_resample_samples=28404208 alist_zoh_calls=0 alist_zoh_samples=0 musyx_subframes=0 musyx_voices=0 musyx_voice_peak=0
audio_stages: adpcm_calls=199368 adpcm_samples=30015920 envmix_calls=190373 envmix_samples=28404208 mix_calls=32040 mix_samples=12303360 musyx_fx_calls=0 musyx_fx_taps=0 output_calls=5366 output_samples=2401232
audio_envmix: exp_calls=0 ge_calls=0 lin_calls=0 nead_calls=190373 exp_steady=0 ge_steady=0 lin_steady=0
audio_gaps: nead_mats=0 nead_efz=0 resample_flag2=0 musyx_ptr10=0
audio_output: stream_requests=10076 stream_fed=8328 input_hz=26807 playback_hz=26807 queue_peak_ms=125
audio_time: stage=resample sampled_calls=1499 sampled_samples=223504 sampled_us=19270
audio_time: stage=zoh sampled_calls=0 sampled_samples=0 sampled_us=0
audio_time: stage=adpcm sampled_calls=1569 sampled_samples=238944 sampled_us=17663
audio_time: stage=envmix_exp sampled_calls=0 sampled_samples=0 sampled_us=0
audio_time: stage=envmix_ge sampled_calls=0 sampled_samples=0 sampled_us=0
audio_time: stage=envmix_lin sampled_calls=0 sampled_samples=0 sampled_us=0
audio_time: stage=envmix_nead sampled_calls=1499 sampled_samples=223504 sampled_us=21875
audio_time: stage=mix sampled_calls=252 sampled_samples=96768 sampled_us=2003
audio_time: stage=musyx_voice sampled_calls=0 sampled_samples=0 sampled_us=0
audio_time: stage=musyx_fx sampled_calls=0 sampled_samples=0 sampled_us=0
audio_time: stage=output sampled_calls=42 sampled_samples=18848 sampled_us=89
gpu_counters: clks=0 tb_clks=21875260652 ras_busy=0 xf_wait_in=0 xf_wait_out=0 ras_peak_permille=0 ztop_in=0 ztop_out=0 z_in=0 z_out=0 blend_in=0 copy_clks=0 fifo_overflows=0
game: n=3/9 how=vis vis=5400 vi_rate=60 vi0_retrace=15325 wall_us=90021599 sleep_us=45003107 avg_vis=59.68 avg_fps=28.50 exceptions=38156 cacheResets=1 recompiles=1715 batches=215555 verts=2840937 texStalls=0 treeDepthMax=14 underruns=6 overruns=0 queue_peak_ms=106 dsp_avg=3.71 dsp_peak=5.45 dsp_samples=180 pmc1=65465152215 pmc2=0 pmc3=0 pmc4=0 mmcr0=00000042 mmcr1=00000000 heap_used=10909944 heap_free=117864 arena1_free=204800 arena2_free=288704 flushes=11 flush_us=9771 padtrace=21 rom=sd:/wii64/roms/Mario Kart 64.v64
=== chain 3/9 end vis=5400 how=vis rom=sd:/wii64/roms/Mario Kart 64.v64 ===
mark: pad replay records: 11
mark: loadROM: enter
mark: loadROM: before rom_read
mark: ROMCache_load: enter
mark: ROMCache_load: before first read
mark: ROMCache_load: first read returned
mark: ROMCache_load: byte_swap_type set
mark: ROMCache_load: first byte_swap done
menufps: 0.0
menufps: 54.6
menufps: 1.4
menufps: 1.4
menufps: 1.4
menufps: 1.4
menufps: 1.4
menufps: 1.4
menufps: 1.4
menufps: 21.4
mark: ROMCache_load: loop exited normally
menufps: 12.8
menufps: 1.1
menufps: 1.1
menufps: 1.1
menufps: 1.1
menufps: 1.1
menufps: 1.1
menufps: 1.1
menufps: 1.1
menufps: 1.1
menufps: 1.1
menufps: 1.1
menufps: 1.1
menufps: 1.1
menufps: 1.1
menufps: 1.1
menufps: 1.1
menufps: 1.1
menufps: 1.1
menufps: 1.1
mark: ROMCache_load: preflush_us=18119061
mark: ROMCache_load: elapsed_us=24479046 bytes=33554432 vm=1
mark: loadROM: after rom_read
mark: loadROM: before init_memory
mark: loadROM: after init_memory
mark: loadROM: before romOpen_gfx
mark: loadROM: after romOpen_gfx / before romOpen_audio
mark: loadROM: after romOpen_audio / before romOpen_input
mark: loadROM: after romOpen_input / before cpu_init
mark: loadROM: after cpu_init
menufps: 3.4
menufps: 1.0
menufps: 1.0
fps: 0.0
first_vi: vi0_retrace=22379
vis: 1.1
cpu: exceptions=0 cacheResets=0 batches=0 verts=0 texStalls=0 recompiles=0 underruns=0 overruns=0 sleep_us=0 queue_ms=0
mark: CPU core dispatch: dynarec
vis: 50.0
cpu: exceptions=417 cacheResets=1 batches=0 verts=0 texStalls=0 recompiles=309 underruns=0 overruns=0 sleep_us=201771 queue_ms=0
vis: 50.0
cpu: exceptions=657 cacheResets=1 batches=0 verts=0 texStalls=0 recompiles=309 underruns=0 overruns=0 sleep_us=693795 queue_ms=0
vis: 50.0
cpu: exceptions=3132 cacheResets=1 batches=0 verts=0 texStalls=0 recompiles=333 underruns=0 overruns=0 sleep_us=1128970 queue_ms=0
vis: 50.0
cpu: exceptions=3372 cacheResets=1 batches=0 verts=0 texStalls=0 recompiles=333 underruns=0 overruns=0 sleep_us=1620587 queue_ms=0
fps: 0.4
vis: 48.3
cpu: exceptions=3640 cacheResets=1 batches=0 verts=0 texStalls=0 recompiles=924 underruns=2 overruns=0 sleep_us=1916453 queue_ms=11
fps: 34.6
vis: 50.0
cpu: exceptions=3788 cacheResets=1 batches=0 verts=0 texStalls=0 recompiles=965 underruns=2 overruns=0 sleep_us=2313129 queue_ms=18
fps: 50.0
vis: 50.0
cpu: exceptions=3940 cacheResets=1 batches=0 verts=0 texStalls=0 recompiles=965 underruns=2 overruns=0 sleep_us=2718056 queue_ms=14
fps: 50.0
vis: 50.0
cpu: exceptions=4088 cacheResets=1 batches=0 verts=0 texStalls=0 recompiles=972 underruns=2 overruns=0 sleep_us=3128047 queue_ms=20
fps: 50.0
vis: 50.0
cpu: exceptions=4240 cacheResets=1 batches=0 verts=0 texStalls=0 recompiles=972 underruns=2 overruns=0 sleep_us=3532909 queue_ms=17
fps: 50.0
vis: 50.0
cpu: exceptions=4388 cacheResets=1 batches=0 verts=0 texStalls=0 recompiles=972 underruns=2 overruns=0 sleep_us=3943255 queue_ms=24
fps: 50.0
vis: 50.0
cpu: exceptions=4540 cacheResets=1 batches=0 verts=0 texStalls=0 recompiles=972 underruns=2 overruns=0 sleep_us=4348419 queue_ms=20
fps: 50.0
vis: 50.0
cpu: exceptions=4688 cacheResets=1 batches=0 verts=0 texStalls=0 recompiles=972 underruns=2 overruns=0 sleep_us=4759251 queue_ms=17
fps: 49.9
vis: 50.0
cpu: exceptions=4846 cacheResets=1 batches=0 verts=0 texStalls=0 recompiles=1001 underruns=2 overruns=0 sleep_us=5146833 queue_ms=24
fps: 50.0
vis: 50.0
cpu: exceptions=4994 cacheResets=1 batches=0 verts=0 texStalls=0 recompiles=1002 underruns=2 overruns=0 sleep_us=5550774 queue_ms=21
fps: 50.0
vis: 50.0
cpu: exceptions=5146 cacheResets=1 batches=0 verts=0 texStalls=0 recompiles=1002 underruns=2 overruns=0 sleep_us=5948837 queue_ms=27
fps: 50.0
vis: 50.0
cpu: exceptions=5294 cacheResets=1 batches=0 verts=0 texStalls=0 recompiles=1002 underruns=2 overruns=0 sleep_us=6352833 queue_ms=23
fps: 50.0
vis: 50.0
cpu: exceptions=5446 cacheResets=1 batches=0 verts=0 texStalls=0 recompiles=1002 underruns=2 overruns=0 sleep_us=6750767 queue_ms=30
vis: 50.0
cpu: exceptions=5594 cacheResets=1 batches=0 verts=0 texStalls=0 recompiles=1002 underruns=2 overruns=0 sleep_us=7154240 queue_ms=27
fps: 49.9
vis: 50.0
cpu: exceptions=5746 cacheResets=1 batches=0 verts=0 texStalls=0 recompiles=1002 underruns=2 overruns=0 sleep_us=7551558 queue_ms=23
fps: 50.0
vis: 50.0
cpu: exceptions=5894 cacheResets=1 batches=0 verts=0 texStalls=0 recompiles=1002 underruns=2 overruns=0 sleep_us=7954795 queue_ms=31
fps: 50.0
vis: 50.0
cpu: exceptions=6046 cacheResets=1 batches=0 verts=0 texStalls=0 recompiles=1002 underruns=2 overruns=0 sleep_us=8352265 queue_ms=28
fps: 50.0
vis: 50.0
cpu: exceptions=6194 cacheResets=1 batches=0 verts=0 texStalls=0 recompiles=1002 underruns=2 overruns=0 sleep_us=8755663 queue_ms=33
fps: 50.0
vis: 50.0
cpu: exceptions=6346 cacheResets=1 batches=0 verts=0 texStalls=0 recompiles=1002 underruns=2 overruns=0 sleep_us=9153208 queue_ms=30
fps: 50.0
vis: 50.0
cpu: exceptions=6494 cacheResets=1 batches=0 verts=0 texStalls=0 recompiles=1002 underruns=2 overruns=0 sleep_us=9556532 queue_ms=36
fps: 50.0
vis: 50.0
cpu: exceptions=6649 cacheResets=1 batches=0 verts=0 texStalls=0 recompiles=1143 underruns=2 overruns=0 sleep_us=9936280 queue_ms=33
fps: 50.0
vis: 50.0
cpu: exceptions=6801 cacheResets=1 batches=0 verts=0 texStalls=0 recompiles=1143 underruns=2 overruns=0 sleep_us=10333715 queue_ms=39
fps: 50.0
vis: 50.0
cpu: exceptions=7021 cacheResets=1 batches=0 verts=0 texStalls=0 recompiles=1205 underruns=2 overruns=0 sleep_us=10750783 queue_ms=36
fps: 35.0
vis: 50.0
cpu: exceptions=7205 cacheResets=1 batches=0 verts=0 texStalls=0 recompiles=1245 underruns=3 overruns=0 sleep_us=11169251 queue_ms=12
fps: 43.9
vis: 50.0
cpu: exceptions=7354 cacheResets=1 batches=0 verts=0 texStalls=0 recompiles=1254 underruns=3 overruns=0 sleep_us=11595624 queue_ms=10
fps: 50.0
vis: 50.0
cpu: exceptions=7506 cacheResets=1 batches=0 verts=0 texStalls=0 recompiles=1254 underruns=3 overruns=0 sleep_us=12038805 queue_ms=7
fps: 50.0
vis: 50.0
cpu: exceptions=7654 cacheResets=1 batches=0 verts=0 texStalls=0 recompiles=1256 underruns=3 overruns=0 sleep_us=12484311 queue_ms=13
fps: 50.0
vis: 50.0
cpu: exceptions=7806 cacheResets=1 batches=0 verts=0 texStalls=0 recompiles=1256 underruns=3 overruns=0 sleep_us=12927460 queue_ms=9
fps: 50.0
vis: 50.0
cpu: exceptions=7954 cacheResets=1 batches=0 verts=0 texStalls=0 recompiles=1256 underruns=3 overruns=0 sleep_us=13373061 queue_ms=16
fps: 50.0
vis: 50.0
cpu: exceptions=8105 cacheResets=1 batches=0 verts=0 texStalls=0 recompiles=1256 underruns=3 overruns=0 sleep_us=13816128 queue_ms=13
fps: 50.1
vis: 50.0
cpu: exceptions=8253 cacheResets=1 batches=0 verts=0 texStalls=0 recompiles=1258 underruns=3 overruns=0 sleep_us=14272458 queue_ms=18
fps: 46.0
vis: 50.0
cpu: exceptions=8406 cacheResets=1 batches=0 verts=0 texStalls=0 recompiles=1259 underruns=3 overruns=0 sleep_us=14680825 queue_ms=16
fps: 50.0
vis: 50.0
cpu: exceptions=8554 cacheResets=1 batches=0 verts=0 texStalls=0 recompiles=1259 underruns=3 overruns=0 sleep_us=15126571 queue_ms=23
fps: 49.9
vis: 50.0
cpu: exceptions=8705 cacheResets=1 batches=0 verts=0 texStalls=0 recompiles=1259 underruns=3 overruns=0 sleep_us=15569749 queue_ms=19
fps: 50.0
vis: 50.0
cpu: exceptions=8852 cacheResets=1 batches=0 verts=0 texStalls=0 recompiles=1259 underruns=3 overruns=0 sleep_us=16015417 queue_ms=16
fps: 50.0
vis: 50.0
cpu: exceptions=9004 cacheResets=1 batches=0 verts=0 texStalls=0 recompiles=1260 underruns=3 overruns=0 sleep_us=16461061 queue_ms=22
fps: 46.1
vis: 50.0
cpu: exceptions=9154 cacheResets=1 batches=0 verts=0 texStalls=0 recompiles=1260 underruns=3 overruns=0 sleep_us=16880612 queue_ms=20
fps: 50.0
vis: 50.0
cpu: exceptions=9305 cacheResets=1 batches=0 verts=0 texStalls=0 recompiles=1261 underruns=3 overruns=0 sleep_us=17323728 queue_ms=25
fps: 50.0
vis: 50.0
cpu: exceptions=9453 cacheResets=1 batches=0 verts=0 texStalls=0 recompiles=1261 underruns=3 overruns=0 sleep_us=17769387 queue_ms=22
fps: 50.0
vis: 50.0
cpu: exceptions=9604 cacheResets=1 batches=0 verts=0 texStalls=0 recompiles=1261 underruns=3 overruns=0 sleep_us=18212484 queue_ms=29
vis: 50.0
cpu: exceptions=9751 cacheResets=1 batches=0 verts=0 texStalls=0 recompiles=1263 underruns=3 overruns=0 sleep_us=18658049 queue_ms=26
fps: 50.0
vis: 50.0
cpu: exceptions=9891 cacheResets=1 batches=0 verts=0 texStalls=0 recompiles=1272 underruns=3 overruns=0 sleep_us=19114656 queue_ms=22
fps: 35.8
vis: 50.0
cpu: exceptions=10139 cacheResets=1 batches=0 verts=0 texStalls=0 recompiles=1448 underruns=4 overruns=0 sleep_us=19454554 queue_ms=8
vis: 49.8
cpu: exceptions=10432 cacheResets=1 batches=0 verts=0 texStalls=0 recompiles=1644 underruns=5 overruns=0 sleep_us=19602695 queue_ms=13
fps: 12.3
vis: 50.0
cpu: exceptions=10671 cacheResets=1 batches=200 verts=3990 texStalls=0 recompiles=1791 underruns=5 overruns=0 sleep_us=19834394 queue_ms=19
fps: 107.3
vis: 50.0
cpu: exceptions=10854 cacheResets=1 batches=680 verts=13566 texStalls=0 recompiles=1808 underruns=5 overruns=0 sleep_us=20236953 queue_ms=17
fps: 100.0
vis: 50.0
cpu: exceptions=11046 cacheResets=1 batches=1200 verts=23940 texStalls=0 recompiles=1833 underruns=5 overruns=0 sleep_us=20639607 queue_ms=22
fps: 100.0
vis: 50.0
cpu: exceptions=11229 cacheResets=1 batches=1680 verts=33516 texStalls=0 recompiles=1837 underruns=5 overruns=0 sleep_us=21049768 queue_ms=19
fps: 100.0
vis: 50.0
cpu: exceptions=11421 cacheResets=1 batches=2200 verts=43890 texStalls=0 recompiles=1837 underruns=5 overruns=0 sleep_us=21454807 queue_ms=17
fps: 100.0
vis: 50.0
cpu: exceptions=11604 cacheResets=1 batches=2680 verts=53466 texStalls=0 recompiles=1839 underruns=5 overruns=0 sleep_us=21865184 queue_ms=23
fps: 99.4
vis: 50.0
cpu: exceptions=11811 cacheResets=1 batches=3200 verts=63840 texStalls=0 recompiles=1941 underruns=5 overruns=0 sleep_us=22221216 queue_ms=19
vis: 50.0
cpu: exceptions=12030 cacheResets=1 batches=3680 verts=73416 texStalls=0 recompiles=1973 underruns=5 overruns=0 sleep_us=22516436 queue_ms=26
fps: 99.5
vis: 50.0
cpu: exceptions=12262 cacheResets=1 batches=4200 verts=83790 texStalls=0 recompiles=1980 underruns=5 overruns=0 sleep_us=22773234 queue_ms=23
fps: 99.7
vis: 50.0
cpu: exceptions=12490 cacheResets=1 batches=4680 verts=93366 texStalls=0 recompiles=1981 underruns=5 overruns=0 sleep_us=23036974 queue_ms=19
fps: 100.0
vis: 50.0
cpu: exceptions=12722 cacheResets=1 batches=5200 verts=103740 texStalls=0 recompiles=1981 underruns=5 overruns=0 sleep_us=23291082 queue_ms=26
fps: 100.0
vis: 50.0
cpu: exceptions=12953 cacheResets=1 batches=5680 verts=113316 texStalls=0 recompiles=1981 underruns=5 overruns=0 sleep_us=23552051 queue_ms=23
fps: 100.0
vis: 50.0
cpu: exceptions=13186 cacheResets=1 batches=6200 verts=123690 texStalls=0 recompiles=1986 underruns=5 overruns=0 sleep_us=23804640 queue_ms=29
fps: 100.1
vis: 50.0
cpu: exceptions=13410 cacheResets=1 batches=6680 verts=133266 texStalls=0 recompiles=1987 underruns=5 overruns=0 sleep_us=24066154 queue_ms=26
fps: 99.8
vis: 50.0
cpu: exceptions=13646 cacheResets=1 batches=7200 verts=143640 texStalls=0 recompiles=1994 underruns=5 overruns=0 sleep_us=24322519 queue_ms=32
fps: 100.1
vis: 50.0
cpu: exceptions=13878 cacheResets=1 batches=7680 verts=153216 texStalls=0 recompiles=1994 underruns=5 overruns=0 sleep_us=24579577 queue_ms=30
fps: 99.9
vis: 50.0
cpu: exceptions=14118 cacheResets=1 batches=8200 verts=163590 texStalls=0 recompiles=1994 underruns=5 overruns=0 sleep_us=24842311 queue_ms=35
fps: 100.1
vis: 50.0
cpu: exceptions=14340 cacheResets=1 batches=8680 verts=173166 texStalls=0 recompiles=1994 underruns=5 overruns=0 sleep_us=25127166 queue_ms=33
fps: 100.0
vis: 50.0
cpu: exceptions=14573 cacheResets=1 batches=9200 verts=183540 texStalls=0 recompiles=1994 underruns=5 overruns=0 sleep_us=25422447 queue_ms=40
fps: 100.2
vis: 50.0
cpu: exceptions=14791 cacheResets=1 batches=9680 verts=193116 texStalls=0 recompiles=1995 underruns=5 overruns=0 sleep_us=25729936 queue_ms=36
fps: 100.5
vis: 50.0
cpu: exceptions=15007 cacheResets=1 batches=10200 verts=203490 texStalls=0 recompiles=2001 underruns=5 overruns=0 sleep_us=26097039 queue_ms=33
fps: 100.4
vis: 50.0
cpu: exceptions=15190 cacheResets=1 batches=10680 verts=213066 texStalls=0 recompiles=2001 underruns=5 overruns=0 sleep_us=26522331 queue_ms=38
fps: 100.0
vis: 50.0
cpu: exceptions=15382 cacheResets=1 batches=11200 verts=223440 texStalls=0 recompiles=2001 underruns=5 overruns=0 sleep_us=26943147 queue_ms=36
fps: 100.0
mark: stop reason: chain guest VI limit
mark: stop_it requested
audio: alist_resample_calls=27445 alist_resample_samples=3874384 alist_zoh_calls=0 alist_zoh_samples=0 musyx_subframes=0 musyx_voices=0 musyx_voice_peak=0
audio_stages: adpcm_calls=28351 adpcm_samples=3849808 envmix_calls=27445 envmix_samples=3874384 mix_calls=73860 mix_samples=10796640 musyx_fx_calls=0 musyx_fx_taps=0 output_calls=1681 output_samples=1078416
audio_envmix: exp_calls=27445 ge_calls=0 lin_calls=0 nead_calls=0 exp_steady=8654 ge_steady=0 lin_steady=0
audio_gaps: nead_mats=0 nead_efz=0 resample_flag2=0 musyx_ptr10=0
audio_output: stream_requests=6433 stream_fed=3740 input_hz=31995 playback_hz=31995 queue_peak_ms=64
audio_time: stage=resample sampled_calls=216 sampled_samples=29472 sampled_us=2522
audio_time: stage=zoh sampled_calls=0 sampled_samples=0 sampled_us=0
audio_time: stage=adpcm sampled_calls=223 sampled_samples=29536 sampled_us=2173
audio_time: stage=envmix_exp sampled_calls=216 sampled_samples=29472 sampled_us=6485
audio_time: stage=envmix_ge sampled_calls=0 sampled_samples=0 sampled_us=0
audio_time: stage=envmix_lin sampled_calls=0 sampled_samples=0 sampled_us=0
audio_time: stage=envmix_nead sampled_calls=0 sampled_samples=0 sampled_us=0
audio_time: stage=mix sampled_calls=581 sampled_samples=84112 sampled_us=1824
audio_time: stage=musyx_voice sampled_calls=0 sampled_samples=0 sampled_us=0
audio_time: stage=musyx_fx sampled_calls=0 sampled_samples=0 sampled_us=0
audio_time: stage=output sampled_calls=13 sampled_samples=8368 sampled_us=35
gpu_counters: clks=0 tb_clks=8754404280 ras_busy=0 xf_wait_in=0 xf_wait_out=0 ras_peak_permille=0 ztop_in=0 ztop_out=0 z_in=0 z_out=0 blend_in=0 copy_clks=0 fifo_overflows=0
game: n=4/9 how=vis vis=1800 vi_rate=50 vi0_retrace=22379 wall_us=36026305 sleep_us=27347552 avg_vis=49.29 avg_fps=64.01 exceptions=15563 cacheResets=1 recompiles=2001 batches=11680 verts=233016 texStalls=0 treeDepthMax=20 underruns=5 overruns=0 queue_peak_ms=40 dsp_avg=3.79 dsp_peak=5.30 dsp_samples=72 pmc1=26211070823 pmc2=0 pmc3=0 pmc4=0 mmcr0=00000042 mmcr1=00000000 heap_used=10914360 heap_free=113448 arena1_free=204800 arena2_free=288704 flushes=5 flush_us=4552 padtrace=9 rom=sd:/wii64/roms/Mario Party 2 (E) (M5) [!].z64
=== chain 4/9 end vis=1800 how=vis rom=sd:/wii64/roms/Mario Party 2 (E) (M5) [!].z64 ===
mark: pad replay records: 11
mark: loadROM: enter
mark: loadROM: before rom_read
mark: ROMCache_load: enter
mark: ROMCache_load: before first read
mark: ROMCache_load: first read returned
mark: ROMCache_load: byte_swap_type set
mark: ROMCache_load: first byte_swap done
menufps: 0.1
menufps: 54.2
menufps: 1.4
menufps: 1.4
menufps: 1.4
menufps: 1.4
menufps: 1.4
menufps: 1.4
menufps: 1.4
menufps: 21.4
mark: ROMCache_load: loop exited normally
menufps: 12.8
menufps: 1.1
menufps: 1.1
menufps: 1.1
menufps: 1.1
menufps: 1.1
menufps: 1.1
menufps: 1.1
menufps: 1.1
menufps: 1.1
menufps: 1.1
menufps: 1.1
menufps: 1.1
menufps: 1.1
menufps: 1.1
menufps: 1.1
menufps: 1.1
menufps: 1.1
menufps: 1.1
menufps: 1.1
mark: ROMCache_load: preflush_us=18119030
mark: ROMCache_load: elapsed_us=24482620 bytes=33554432 vm=1
mark: loadROM: after rom_read
mark: loadROM: before init_memory
mark: loadROM: after init_memory
mark: loadROM: before romOpen_gfx
mark: loadROM: after romOpen_gfx / before romOpen_audio
mark: loadROM: after romOpen_audio / before romOpen_input
mark: loadROM: after romOpen_input / before cpu_init
mark: loadROM: after cpu_init
menufps: 3.4
menufps: 1.0
menufps: 1.0
fps: 0.7
first_vi: vi0_retrace=26199
vis: 0.9
cpu: exceptions=0 cacheResets=0 batches=0 verts=0 texStalls=0 recompiles=0 underruns=0 overruns=0 sleep_us=0 queue_ms=0
mark: CPU core dispatch: dynarec
vis: 50.0
cpu: exceptions=1752 cacheResets=1 batches=0 verts=0 texStalls=0 recompiles=367 underruns=0 overruns=0 sleep_us=161438 queue_ms=0
fps: 1.3
vis: 49.9
cpu: exceptions=2779 cacheResets=1 batches=0 verts=0 texStalls=0 recompiles=807 underruns=1 overruns=0 sleep_us=515228 queue_ms=38
fps: 33.9
vis: 50.0
cpu: exceptions=2994 cacheResets=1 batches=0 verts=0 texStalls=0 recompiles=1244 underruns=1 overruns=0 sleep_us=779483 queue_ms=17
fps: 49.7
vis: 50.0
cpu: exceptions=3128 cacheResets=1 batches=0 verts=0 texStalls=0 recompiles=1253 underruns=1 overruns=0 sleep_us=1180236 queue_ms=28
fps: 50.2
vis: 50.0
cpu: exceptions=3282 cacheResets=1 batches=0 verts=0 texStalls=0 recompiles=1267 underruns=1 overruns=0 sleep_us=1554088 queue_ms=36
fps: 49.9
vis: 50.0
cpu: exceptions=3439 cacheResets=1 batches=0 verts=0 texStalls=0 recompiles=1269 underruns=1 overruns=0 sleep_us=1918529 queue_ms=47
fps: 50.1
vis: 50.0
cpu: exceptions=3593 cacheResets=1 batches=0 verts=0 texStalls=0 recompiles=1277 underruns=1 overruns=0 sleep_us=2272499 queue_ms=20
fps: 49.7
vis: 50.0
cpu: exceptions=3739 cacheResets=1 batches=0 verts=0 texStalls=0 recompiles=1277 underruns=1 overruns=0 sleep_us=2639141 queue_ms=37
fps: 50.2
vis: 50.0
cpu: exceptions=3891 cacheResets=1 batches=0 verts=0 texStalls=0 recompiles=1278 underruns=1 overruns=0 sleep_us=3003445 queue_ms=45
fps: 50.0
vis: 50.0
cpu: exceptions=4034 cacheResets=1 batches=0 verts=0 texStalls=0 recompiles=1279 underruns=1 overruns=0 sleep_us=3368138 queue_ms=50
fps: 50.1
vis: 50.0
cpu: exceptions=4181 cacheResets=1 batches=0 verts=0 texStalls=0 recompiles=1279 underruns=1 overruns=0 sleep_us=3730233 queue_ms=29
vis: 50.0
cpu: exceptions=4332 cacheResets=1 batches=0 verts=0 texStalls=0 recompiles=1280 underruns=1 overruns=0 sleep_us=4102801 queue_ms=46
fps: 49.7
vis: 50.0
cpu: exceptions=4487 cacheResets=1 batches=0 verts=0 texStalls=0 recompiles=1313 underruns=1 overruns=0 sleep_us=4452133 queue_ms=48
fps: 50.0
vis: 50.0
cpu: exceptions=4636 cacheResets=1 batches=0 verts=0 texStalls=0 recompiles=1315 underruns=1 overruns=0 sleep_us=4806092 queue_ms=50
fps: 50.1
vis: 50.0
cpu: exceptions=4776 cacheResets=1 batches=0 verts=0 texStalls=0 recompiles=1318 underruns=1 overruns=0 sleep_us=5156018 queue_ms=38
fps: 50.0
vis: 50.0
cpu: exceptions=4917 cacheResets=1 batches=0 verts=0 texStalls=0 recompiles=1318 underruns=1 overruns=0 sleep_us=5516520 queue_ms=40
fps: 49.9
vis: 50.0
cpu: exceptions=5061 cacheResets=1 batches=0 verts=0 texStalls=0 recompiles=1318 underruns=1 overruns=0 sleep_us=5883616 queue_ms=56
fps: 50.2
vis: 50.0
cpu: exceptions=5207 cacheResets=1 batches=0 verts=0 texStalls=0 recompiles=1318 underruns=1 overruns=0 sleep_us=6258452 queue_ms=53
fps: 49.9
vis: 50.0
cpu: exceptions=5356 cacheResets=1 batches=0 verts=0 texStalls=0 recompiles=1318 underruns=1 overruns=0 sleep_us=6622290 queue_ms=32
fps: 50.1
vis: 50.0
cpu: exceptions=5503 cacheResets=1 batches=0 verts=0 texStalls=0 recompiles=1318 underruns=1 overruns=0 sleep_us=6987773 queue_ms=48
fps: 49.9
vis: 50.0
cpu: exceptions=5648 cacheResets=1 batches=0 verts=0 texStalls=0 recompiles=1318 underruns=1 overruns=0 sleep_us=7349863 queue_ms=50
fps: 49.9
vis: 50.0
cpu: exceptions=5791 cacheResets=1 batches=0 verts=0 texStalls=0 recompiles=1318 underruns=1 overruns=0 sleep_us=7719566 queue_ms=61
fps: 49.9
vis: 50.0
cpu: exceptions=5940 cacheResets=1 batches=0 verts=0 texStalls=0 recompiles=1318 underruns=1 overruns=0 sleep_us=8079763 queue_ms=40
fps: 50.1
vis: 50.0
cpu: exceptions=6088 cacheResets=1 batches=0 verts=0 texStalls=0 recompiles=1318 underruns=1 overruns=0 sleep_us=8434297 queue_ms=51
fps: 49.9
vis: 50.0
cpu: exceptions=6243 cacheResets=1 batches=0 verts=0 texStalls=0 recompiles=1425 underruns=1 overruns=0 sleep_us=8775940 queue_ms=59
fps: 49.9
vis: 50.0
cpu: exceptions=6427 cacheResets=1 batches=0 verts=0 texStalls=0 recompiles=1436 underruns=1 overruns=0 sleep_us=9127921 queue_ms=70
fps: 50.2
vis: 50.0
cpu: exceptions=6573 cacheResets=1 batches=0 verts=0 texStalls=0 recompiles=1457 underruns=1 overruns=0 sleep_us=9542488 queue_ms=43
fps: 46.6
vis: 50.0
cpu: exceptions=6743 cacheResets=1 batches=0 verts=0 texStalls=0 recompiles=1475 underruns=1 overruns=0 sleep_us=9945539 queue_ms=60
fps: 50.0
vis: 50.0
cpu: exceptions=6883 cacheResets=1 batches=0 verts=0 texStalls=0 recompiles=1475 underruns=1 overruns=0 sleep_us=10395717 queue_ms=62
fps: 50.0
vis: 50.0
cpu: exceptions=7018 cacheResets=1 batches=0 verts=0 texStalls=0 recompiles=1477 underruns=1 overruns=0 sleep_us=10848306 queue_ms=64
fps: 50.0
vis: 50.0
cpu: exceptions=7158 cacheResets=1 batches=0 verts=0 texStalls=0 recompiles=1477 underruns=1 overruns=0 sleep_us=11298798 queue_ms=52
fps: 50.0
vis: 50.0
cpu: exceptions=7294 cacheResets=1 batches=0 verts=0 texStalls=0 recompiles=1477 underruns=1 overruns=0 sleep_us=11751564 queue_ms=54
fps: 50.0
vis: 50.0
cpu: exceptions=7433 cacheResets=1 batches=0 verts=0 texStalls=0 recompiles=1482 underruns=1 overruns=0 sleep_us=12201874 queue_ms=71
fps: 50.2
vis: 50.0
cpu: exceptions=7568 cacheResets=1 batches=0 verts=0 texStalls=0 recompiles=1484 underruns=1 overruns=0 sleep_us=12661126 queue_ms=73
fps: 46.0
vis: 50.0
cpu: exceptions=7709 cacheResets=1 batches=0 verts=0 texStalls=0 recompiles=1484 underruns=1 overruns=0 sleep_us=13081090 queue_ms=55
fps: 50.0
vis: 50.0
cpu: exceptions=7844 cacheResets=1 batches=0 verts=0 texStalls=0 recompiles=1485 underruns=1 overruns=0 sleep_us=13534048 queue_ms=63
fps: 50.0
vis: 50.0
cpu: exceptions=7984 cacheResets=1 batches=0 verts=0 texStalls=0 recompiles=1485 underruns=1 overruns=0 sleep_us=13984398 queue_ms=80
vis: 50.0
cpu: exceptions=8119 cacheResets=1 batches=0 verts=0 texStalls=0 recompiles=1485 underruns=1 overruns=0 sleep_us=14437262 queue_ms=76
fps: 50.0
vis: 50.0
cpu: exceptions=8259 cacheResets=1 batches=0 verts=0 texStalls=0 recompiles=1485 underruns=1 overruns=0 sleep_us=14887636 queue_ms=64
fps: 50.0
vis: 50.0
cpu: exceptions=8396 cacheResets=1 batches=0 verts=0 texStalls=0 recompiles=1486 underruns=1 overruns=0 sleep_us=15323535 queue_ms=72
fps: 46.2
vis: 50.0
cpu: exceptions=8536 cacheResets=1 batches=0 verts=0 texStalls=0 recompiles=1487 underruns=1 overruns=0 sleep_us=15767114 queue_ms=74
fps: 50.0
vis: 50.0
cpu: exceptions=8670 cacheResets=1 batches=0 verts=0 texStalls=0 recompiles=1487 underruns=1 overruns=0 sleep_us=16220437 queue_ms=85
fps: 50.0
vis: 50.0
cpu: exceptions=8810 cacheResets=1 batches=0 verts=0 texStalls=0 recompiles=1487 underruns=1 overruns=0 sleep_us=16671614 queue_ms=64
fps: 50.0
vis: 50.0
cpu: exceptions=8945 cacheResets=1 batches=0 verts=0 texStalls=0 recompiles=1489 underruns=1 overruns=0 sleep_us=17125370 queue_ms=75
fps: 50.0
vis: 50.0
cpu: exceptions=9084 cacheResets=1 batches=0 verts=0 texStalls=0 recompiles=1491 underruns=1 overruns=0 sleep_us=17582918 queue_ms=82
fps: 33.9
vis: 50.0
cpu: exceptions=9287 cacheResets=1 batches=0 verts=0 texStalls=0 recompiles=1883 underruns=1 overruns=0 sleep_us=17902702 queue_ms=79
fps: 27.2
vis: 50.0
cpu: exceptions=9411 cacheResets=1 batches=0 verts=0 texStalls=0 recompiles=1891 underruns=1 overruns=0 sleep_us=18298059 queue_ms=67
fps: 50.0
vis: 50.0
cpu: exceptions=9541 cacheResets=1 batches=0 verts=0 texStalls=0 recompiles=1926 underruns=1 overruns=0 sleep_us=18702414 queue_ms=74
fps: 49.9
vis: 50.0
cpu: exceptions=9674 cacheResets=1 batches=0 verts=0 texStalls=0 recompiles=1930 underruns=1 overruns=0 sleep_us=19112121 queue_ms=85
fps: 50.1
vis: 50.0
cpu: exceptions=9799 cacheResets=1 batches=0 verts=0 texStalls=0 recompiles=1930 underruns=1 overruns=0 sleep_us=19530204 queue_ms=87
fps: 49.9
vis: 50.0
cpu: exceptions=9923 cacheResets=1 batches=0 verts=0 texStalls=0 recompiles=1931 underruns=1 overruns=0 sleep_us=19952064 queue_ms=75
fps: 50.1
vis: 50.0
cpu: exceptions=10051 cacheResets=1 batches=0 verts=0 texStalls=0 recompiles=1931 underruns=1 overruns=0 sleep_us=20371114 queue_ms=77
fps: 63.3
vis: 50.0
cpu: exceptions=10205 cacheResets=1 batches=682 verts=3168 texStalls=0 recompiles=2004 underruns=1 overruns=0 sleep_us=20758932 queue_ms=94
fps: 75.1
vis: 50.0
cpu: exceptions=10355 cacheResets=1 batches=1488 verts=6912 texStalls=0 recompiles=2004 underruns=1 overruns=0 sleep_us=21163903 queue_ms=96
fps: 74.9
vis: 50.0
cpu: exceptions=10505 cacheResets=1 batches=2232 verts=10368 texStalls=0 recompiles=2004 underruns=1 overruns=0 sleep_us=21573978 queue_ms=101
fps: 75.0
vis: 50.0
cpu: exceptions=10661 cacheResets=1 batches=3038 verts=14112 texStalls=0 recompiles=2004 underruns=1 overruns=0 sleep_us=21979528 queue_ms=75
fps: 74.9
vis: 50.0
cpu: exceptions=10810 cacheResets=1 batches=3782 verts=17568 texStalls=0 recompiles=2004 underruns=1 overruns=0 sleep_us=22390195 queue_ms=82
fps: 75.0
vis: 50.0
cpu: exceptions=10963 cacheResets=1 batches=4588 verts=21312 texStalls=0 recompiles=2004 underruns=1 overruns=0 sleep_us=22795216 queue_ms=99
fps: 75.1
vis: 50.0
cpu: exceptions=11110 cacheResets=1 batches=5332 verts=24768 texStalls=0 recompiles=2005 underruns=1 overruns=0 sleep_us=23208394 queue_ms=95
fps: 74.9
vis: 50.0
cpu: exceptions=11258 cacheResets=1 batches=6138 verts=28512 texStalls=0 recompiles=2005 underruns=1 overruns=0 sleep_us=23617395 queue_ms=101
vis: 50.0
cpu: exceptions=11402 cacheResets=1 batches=6882 verts=31968 texStalls=0 recompiles=2005 underruns=1 overruns=0 sleep_us=24031587 queue_ms=80
fps: 75.1
vis: 50.0
cpu: exceptions=11552 cacheResets=1 batches=7688 verts=35712 texStalls=0 recompiles=2005 underruns=1 overruns=0 sleep_us=24442026 queue_ms=96
fps: 74.9
vis: 50.0
cpu: exceptions=11678 cacheResets=1 batches=7892 verts=36858 texStalls=0 recompiles=2055 underruns=1 overruns=0 sleep_us=24854121 queue_ms=98
fps: 53.9
vis: 50.0
cpu: exceptions=11804 cacheResets=1 batches=7996 verts=37599 texStalls=0 recompiles=2055 underruns=1 overruns=0 sleep_us=25269336 queue_ms=100
fps: 49.9
vis: 50.0
cpu: exceptions=11928 cacheResets=1 batches=8092 verts=38283 texStalls=0 recompiles=2055 underruns=1 overruns=0 sleep_us=25688839 queue_ms=88
fps: 50.0
vis: 50.0
cpu: exceptions=12052 cacheResets=1 batches=8196 verts=39024 texStalls=0 recompiles=2069 underruns=1 overruns=0 sleep_us=26103579 queue_ms=90
fps: 49.9
vis: 50.0
cpu: exceptions=12173 cacheResets=1 batches=8292 verts=39708 texStalls=0 recompiles=2069 underruns=1 overruns=0 sleep_us=26522231 queue_ms=107
fps: 50.1
vis: 50.0
cpu: exceptions=12303 cacheResets=1 batches=8396 verts=40449 texStalls=0 recompiles=2070 underruns=1 overruns=0 sleep_us=26936532 queue_ms=109
fps: 49.9
vis: 50.0
cpu: exceptions=12425 cacheResets=1 batches=8492 verts=41133 texStalls=0 recompiles=2070 underruns=1 overruns=0 sleep_us=27355834 queue_ms=91
fps: 45.9
vis: 50.0
cpu: exceptions=12568 cacheResets=1 batches=8596 verts=45411 texStalls=0 recompiles=2159 underruns=1 overruns=0 sleep_us=27732857 queue_ms=99
fps: 54.6
vis: 50.0
cpu: exceptions=12690 cacheResets=1 batches=8692 verts=50811 texStalls=0 recompiles=2160 underruns=1 overruns=0 sleep_us=28148314 queue_ms=110
fps: 49.9
mark: stop reason: chain guest VI limit
mark: stop_it requested
audio: alist_resample_calls=26826 alist_resample_samples=4935984 alist_zoh_calls=0 alist_zoh_samples=0 musyx_subframes=0 musyx_voices=0 musyx_voice_peak=0
audio_stages: adpcm_calls=27521 adpcm_samples=3544928 envmix_calls=26826 envmix_samples=4935984 mix_calls=61700 mix_samples=11352800 musyx_fx_calls=0 musyx_fx_taps=0 output_calls=1328 output_samples=1135280
audio_envmix: exp_calls=0 ge_calls=0 lin_calls=26826 nead_calls=0 exp_steady=0 ge_steady=0 lin_steady=17389
audio_gaps: nead_mats=0 nead_efz=0 resample_flag2=0 musyx_ptr10=0
audio_output: stream_requests=5785 stream_fed=3930 input_hz=31995 playback_hz=31995 queue_peak_ms=135
audio_time: stage=resample sampled_calls=211 sampled_samples=38824 sampled_us=3120
audio_time: stage=zoh sampled_calls=0 sampled_samples=0 sampled_us=0
audio_time: stage=adpcm sampled_calls=216 sampled_samples=29184 sampled_us=2180
audio_time: stage=envmix_exp sampled_calls=0 sampled_samples=0 sampled_us=0
audio_time: stage=envmix_ge sampled_calls=0 sampled_samples=0 sampled_us=0
audio_time: stage=envmix_lin sampled_calls=211 sampled_samples=38824 sampled_us=5770
audio_time: stage=envmix_nead sampled_calls=0 sampled_samples=0 sampled_us=0
audio_time: stage=mix sampled_calls=485 sampled_samples=89240 sampled_us=1927
audio_time: stage=musyx_voice sampled_calls=0 sampled_samples=0 sampled_us=0
audio_time: stage=musyx_fx sampled_calls=0 sampled_samples=0 sampled_us=0
audio_time: stage=output sampled_calls=10 sampled_samples=8280 sampled_us=34
gpu_counters: clks=0 tb_clks=8750081528 ras_busy=0 xf_wait_in=0 xf_wait_out=0 ras_peak_permille=0 ztop_in=0 ztop_out=0 z_in=0 z_out=0 blend_in=0 copy_clks=0 fifo_overflows=0
game: n=5/9 how=vis vis=1800 vi_rate=50 vi0_retrace=26199 wall_us=36008512 sleep_us=28537668 avg_vis=49.32 avg_fps=51.13 exceptions=12812 cacheResets=1 recompiles=2162 batches=8788 verts=56211 texStalls=0 treeDepthMax=20 underruns=1 overruns=0 queue_peak_ms=110 dsp_avg=3.58 dsp_peak=5.60 dsp_samples=72 pmc1=26195190863 pmc2=0 pmc3=0 pmc4=0 mmcr0=00000042 mmcr1=00000000 heap_used=10924440 heap_free=103368 arena1_free=204800 arena2_free=288704 flushes=6 flush_us=4748 padtrace=10 rom=sd:/wii64/roms/Mario Party 3 (E) (M4) [!].z64
=== chain 5/9 end vis=1800 how=vis rom=sd:/wii64/roms/Mario Party 3 (E) (M4) [!].z64 ===
mark: pad replay records: 11
mark: loadROM: enter
mark: loadROM: before rom_read
mark: ROMCache_load: enter
mark: ROMCache_load: before first read
mark: ROMCache_load: first read returned
mark: ROMCache_load: byte_swap_type set
mark: ROMCache_load: first byte_swap done
menufps: 0.1
menufps: 54.1
menufps: 1.4
menufps: 1.4
menufps: 1.4
menufps: 1.4
menufps: 1.4
menufps: 1.4
menufps: 1.4
menufps: 21.4
mark: ROMCache_load: loop exited normally
menufps: 12.6
menufps: 1.1
menufps: 1.1
menufps: 1.1
menufps: 1.1
menufps: 1.1
menufps: 1.1
menufps: 1.1
menufps: 1.1
menufps: 1.1
menufps: 1.1
menufps: 1.1
menufps: 1.1
menufps: 1.1
menufps: 1.1
menufps: 1.1
menufps: 1.1
menufps: 1.1
menufps: 1.1
menufps: 1.1
mark: ROMCache_load: preflush_us=18118804
mark: ROMCache_load: elapsed_us=24499685 bytes=33554432 vm=1
mark: loadROM: after rom_read
mark: loadROM: before init_memory
mark: loadROM: after init_memory
mark: loadROM: before romOpen_gfx
mark: loadROM: after romOpen_gfx / before romOpen_audio
mark: loadROM: after romOpen_audio / before romOpen_input
mark: loadROM: after romOpen_input / before cpu_init
mark: loadROM: after cpu_init
menufps: 3.4
menufps: 1.0
menufps: 1.0
fps: 0.4
first_vi: vi0_retrace=30019
vis: 0.9
cpu: exceptions=0 cacheResets=0 batches=0 verts=0 texStalls=0 recompiles=0 underruns=0 overruns=0 sleep_us=0 queue_ms=0
mark: CPU core dispatch: dynarec
vis: 60.0
cpu: exceptions=420 cacheResets=1 batches=0 verts=0 texStalls=0 recompiles=315 underruns=0 overruns=0 sleep_us=196830 queue_ms=0
vis: 60.0
cpu: exceptions=660 cacheResets=1 batches=0 verts=0 texStalls=0 recompiles=315 underruns=0 overruns=0 sleep_us=688484 queue_ms=0
vis: 60.0
cpu: exceptions=2154 cacheResets=1 batches=0 verts=0 texStalls=0 recompiles=336 underruns=0 overruns=0 sleep_us=1146417 queue_ms=0
fps: 0.5
vis: 60.0
cpu: exceptions=2416 cacheResets=1 batches=0 verts=0 texStalls=0 recompiles=660 underruns=1 overruns=0 sleep_us=1596959 queue_ms=5
vis: 60.0
cpu: exceptions=2622 cacheResets=1 batches=0 verts=0 texStalls=0 recompiles=786 underruns=1 overruns=0 sleep_us=1973213 queue_ms=10
fps: 56.4
vis: 60.0
cpu: exceptions=2787 cacheResets=1 batches=0 verts=0 texStalls=0 recompiles=786 underruns=1 overruns=0 sleep_us=2410959 queue_ms=6
fps: 60.0
vis: 60.0
cpu: exceptions=2952 cacheResets=1 batches=0 verts=0 texStalls=0 recompiles=791 underruns=1 overruns=0 sleep_us=2848492 queue_ms=12
fps: 60.0
vis: 60.0
cpu: exceptions=3117 cacheResets=1 batches=0 verts=0 texStalls=0 recompiles=791 underruns=1 overruns=0 sleep_us=3286422 queue_ms=8
fps: 60.0
vis: 60.0
cpu: exceptions=3282 cacheResets=1 batches=0 verts=0 texStalls=0 recompiles=791 underruns=1 overruns=0 sleep_us=3724338 queue_ms=13
fps: 60.0
vis: 60.0
cpu: exceptions=3447 cacheResets=1 batches=0 verts=0 texStalls=0 recompiles=805 underruns=1 overruns=0 sleep_us=4162197 queue_ms=9
fps: 60.2
vis: 60.0
cpu: exceptions=3614 cacheResets=1 batches=0 verts=0 texStalls=0 recompiles=805 underruns=1 overruns=0 sleep_us=4577445 queue_ms=5
fps: 54.0
vis: 60.0
cpu: exceptions=3794 cacheResets=1 batches=0 verts=0 texStalls=0 recompiles=807 underruns=1 overruns=0 sleep_us=5015087 queue_ms=11
fps: 60.0
vis: 60.0
cpu: exceptions=3974 cacheResets=1 batches=0 verts=0 texStalls=0 recompiles=807 underruns=1 overruns=0 sleep_us=5452854 queue_ms=7
fps: 59.9
vis: 60.0
cpu: exceptions=4154 cacheResets=1 batches=0 verts=0 texStalls=0 recompiles=807 underruns=1 overruns=0 sleep_us=5890839 queue_ms=13
fps: 60.0
vis: 60.0
cpu: exceptions=4334 cacheResets=1 batches=0 verts=0 texStalls=0 recompiles=807 underruns=1 overruns=0 sleep_us=6328655 queue_ms=8
fps: 60.1
vis: 60.0
cpu: exceptions=4515 cacheResets=1 batches=0 verts=0 texStalls=0 recompiles=808 underruns=1 overruns=0 sleep_us=6742875 queue_ms=14
fps: 54.0
vis: 60.0
cpu: exceptions=4695 cacheResets=1 batches=0 verts=0 texStalls=0 recompiles=809 underruns=1 overruns=0 sleep_us=7180590 queue_ms=10
fps: 60.0
vis: 60.0
cpu: exceptions=4875 cacheResets=1 batches=0 verts=0 texStalls=0 recompiles=809 underruns=1 overruns=0 sleep_us=7618464 queue_ms=7
fps: 60.0
vis: 60.0
cpu: exceptions=5055 cacheResets=1 batches=0 verts=0 texStalls=0 recompiles=809 underruns=1 overruns=0 sleep_us=8056427 queue_ms=11
fps: 60.0
vis: 60.0
cpu: exceptions=5235 cacheResets=1 batches=0 verts=0 texStalls=0 recompiles=811 underruns=1 overruns=0 sleep_us=8494258 queue_ms=8
fps: 60.0
vis: 58.1
cpu: exceptions=5509 cacheResets=1 batches=0 verts=0 texStalls=0 recompiles=1101 underruns=2 overruns=0 sleep_us=8860976 queue_ms=5
vis: 60.0
cpu: exceptions=5768 cacheResets=1 batches=0 verts=0 texStalls=0 recompiles=1125 underruns=3 overruns=0 sleep_us=9098440 queue_ms=9
vis: 60.0
cpu: exceptions=6020 cacheResets=1 batches=0 verts=0 texStalls=0 recompiles=1125 underruns=3 overruns=0 sleep_us=9350919 queue_ms=15
vis: 59.5
cpu: exceptions=6262 cacheResets=1 batches=0 verts=0 texStalls=0 recompiles=1125 underruns=3 overruns=0 sleep_us=9614047 queue_ms=11
vis: 60.0
cpu: exceptions=6489 cacheResets=1 batches=0 verts=0 texStalls=0 recompiles=1125 underruns=3 overruns=0 sleep_us=9868547 queue_ms=7
vis: 60.0
cpu: exceptions=6710 cacheResets=1 batches=0 verts=0 texStalls=0 recompiles=1125 underruns=3 overruns=0 sleep_us=10114198 queue_ms=12
vis: 60.0
cpu: exceptions=6930 cacheResets=1 batches=0 verts=0 texStalls=0 recompiles=1125 underruns=3 overruns=0 sleep_us=10369472 queue_ms=9
fps: 5.6
vis: 58.4
cpu: exceptions=7136 cacheResets=1 batches=373 verts=8757 texStalls=0 recompiles=1295 underruns=4 overruns=0 sleep_us=10602286 queue_ms=5
fps: 147.5
vis: 60.0
cpu: exceptions=7410 cacheResets=1 batches=5968 verts=140112 texStalls=0 recompiles=1419 underruns=5 overruns=0 sleep_us=10746460 queue_ms=10
fps: 151.9
vis: 60.0
cpu: exceptions=7685 cacheResets=1 batches=11563 verts=271467 texStalls=0 recompiles=1420 underruns=5 overruns=0 sleep_us=10896917 queue_ms=15
fps: 149.9
vis: 60.0
cpu: exceptions=7960 cacheResets=1 batches=17158 verts=402822 texStalls=0 recompiles=1445 underruns=5 overruns=0 sleep_us=11044657 queue_ms=12
fps: 148.9
vis: 60.0
cpu: exceptions=8235 cacheResets=1 batches=22753 verts=534177 texStalls=0 recompiles=1461 underruns=5 overruns=0 sleep_us=11193895 queue_ms=17
fps: 149.4
vis: 59.8
cpu: exceptions=8519 cacheResets=1 batches=28348 verts=665532 texStalls=0 recompiles=1471 underruns=5 overruns=0 sleep_us=11323435 queue_ms=13
fps: 149.2
vis: 59.8
cpu: exceptions=8799 cacheResets=1 batches=33943 verts=796887 texStalls=0 recompiles=1586 underruns=6 overruns=0 sleep_us=11400841 queue_ms=18
fps: 149.6
vis: 59.8
cpu: exceptions=9065 cacheResets=1 batches=39538 verts=928242 texStalls=0 recompiles=1586 underruns=6 overruns=0 sleep_us=11508444 queue_ms=15
fps: 149.6
vis: 59.8
cpu: exceptions=9337 cacheResets=1 batches=45133 verts=1059597 texStalls=0 recompiles=1586 underruns=6 overruns=0 sleep_us=11615001 queue_ms=20
fps: 149.4
vis: 59.8
cpu: exceptions=9606 cacheResets=1 batches=50728 verts=1190952 texStalls=0 recompiles=1587 underruns=6 overruns=0 sleep_us=11722628 queue_ms=16
fps: 149.5
vis: 59.8
cpu: exceptions=9885 cacheResets=1 batches=56323 verts=1322307 texStalls=0 recompiles=1587 underruns=6 overruns=0 sleep_us=11817526 queue_ms=12
fps: 149.3
vis: 59.7
cpu: exceptions=10167 cacheResets=1 batches=61918 verts=1453662 texStalls=0 recompiles=1587 underruns=6 overruns=0 sleep_us=11914349 queue_ms=9
fps: 149.3
vis: 59.7
cpu: exceptions=10444 cacheResets=1 batches=67513 verts=1585017 texStalls=0 recompiles=1587 underruns=6 overruns=0 sleep_us=12012559 queue_ms=6
fps: 149.3
vis: 59.7
cpu: exceptions=10725 cacheResets=1 batches=73108 verts=1716372 texStalls=0 recompiles=1587 underruns=6 overruns=0 sleep_us=12104705 queue_ms=1
fps: 149.6
vis: 59.9
cpu: exceptions=11000 cacheResets=1 batches=78703 verts=1847727 texStalls=0 recompiles=1593 underruns=7 overruns=0 sleep_us=12203695 queue_ms=16
fps: 149.5
vis: 59.8
cpu: exceptions=11278 cacheResets=1 batches=84298 verts=1979082 texStalls=0 recompiles=1593 underruns=7 overruns=0 sleep_us=12304705 queue_ms=12
fps: 149.6
vis: 59.8
cpu: exceptions=11557 cacheResets=1 batches=89893 verts=2110437 texStalls=0 recompiles=1593 underruns=7 overruns=0 sleep_us=12406198 queue_ms=8
fps: 149.4
vis: 59.8
cpu: exceptions=11840 cacheResets=1 batches=95488 verts=2241792 texStalls=0 recompiles=1593 underruns=7 overruns=0 sleep_us=12509284 queue_ms=14
fps: 149.6
vis: 59.8
cpu: exceptions=12115 cacheResets=1 batches=101083 verts=2373147 texStalls=0 recompiles=1593 underruns=7 overruns=0 sleep_us=12611152 queue_ms=10
fps: 149.3
vis: 59.7
cpu: exceptions=12398 cacheResets=1 batches=106678 verts=2504502 texStalls=0 recompiles=1593 underruns=8 overruns=0 sleep_us=12700307 queue_ms=15
fps: 149.4
vis: 59.8
cpu: exceptions=12677 cacheResets=1 batches=112273 verts=2635857 texStalls=0 recompiles=1593 underruns=8 overruns=0 sleep_us=12797905 queue_ms=11
fps: 149.5
vis: 59.8
cpu: exceptions=12956 cacheResets=1 batches=117868 verts=2767212 texStalls=0 recompiles=1593 underruns=8 overruns=0 sleep_us=12894897 queue_ms=7
fps: 149.4
vis: 59.8
cpu: exceptions=13237 cacheResets=1 batches=123463 verts=2898567 texStalls=0 recompiles=1593 underruns=8 overruns=0 sleep_us=12989184 queue_ms=13
fps: 149.3
vis: 59.7
cpu: exceptions=13518 cacheResets=1 batches=129058 verts=3029922 texStalls=0 recompiles=1593 underruns=8 overruns=0 sleep_us=13078795 queue_ms=9
fps: 149.1
vis: 59.7
cpu: exceptions=13809 cacheResets=1 batches=134653 verts=3161277 texStalls=0 recompiles=1593 underruns=9 overruns=0 sleep_us=13166151 queue_ms=14
fps: 149.2
vis: 59.7
cpu: exceptions=14095 cacheResets=1 batches=140248 verts=3292632 texStalls=0 recompiles=1593 underruns=9 overruns=0 sleep_us=13255717 queue_ms=11
fps: 149.0
vis: 59.7
cpu: exceptions=14378 cacheResets=1 batches=145843 verts=3423987 texStalls=0 recompiles=1593 underruns=9 overruns=0 sleep_us=13344512 queue_ms=7
fps: 149.3
vis: 59.7
cpu: exceptions=14664 cacheResets=1 batches=151438 verts=3555342 texStalls=0 recompiles=1594 underruns=9 overruns=0 sleep_us=13430578 queue_ms=3
fps: 149.6
vis: 59.9
cpu: exceptions=14948 cacheResets=1 batches=157033 verts=3686697 texStalls=0 recompiles=1594 underruns=10 overruns=0 sleep_us=13522027 queue_ms=17
fps: 149.4
vis: 59.8
cpu: exceptions=15239 cacheResets=1 batches=162628 verts=3818052 texStalls=0 recompiles=1594 underruns=10 overruns=0 sleep_us=13613314 queue_ms=13
fps: 149.5
vis: 59.8
cpu: exceptions=15526 cacheResets=1 batches=168223 verts=3949407 texStalls=0 recompiles=1594 underruns=10 overruns=0 sleep_us=13707732 queue_ms=10
fps: 149.3
vis: 59.7
cpu: exceptions=15812 cacheResets=1 batches=173818 verts=4080762 texStalls=0 recompiles=1594 underruns=10 overruns=0 sleep_us=13805562 queue_ms=6
mark: stop reason: chain guest VI limit
mark: stop_it requested
audio: alist_resample_calls=34474 alist_resample_samples=4388592 alist_zoh_calls=0 alist_zoh_samples=0 musyx_subframes=0 musyx_voices=0 musyx_voice_peak=0
audio_stages: adpcm_calls=36457 adpcm_samples=3954912 envmix_calls=34474 envmix_samples=4388592 mix_calls=67250 mix_samples=8972640 musyx_fx_calls=0 musyx_fx_taps=0 output_calls=1681 output_samples=897264
audio_envmix: exp_calls=34474 ge_calls=0 lin_calls=0 nead_calls=0 exp_steady=17567 ge_steady=0 lin_steady=0
audio_gaps: nead_mats=0 nead_efz=0 resample_flag2=0 musyx_ptr10=0
audio_output: stream_requests=5662 stream_fed=3114 input_hz=32006 playback_hz=32006 queue_peak_ms=39
audio_time: stage=resample sampled_calls=271 sampled_samples=33504 sampled_us=2895
audio_time: stage=zoh sampled_calls=0 sampled_samples=0 sampled_us=0
audio_time: stage=adpcm sampled_calls=287 sampled_samples=31360 sampled_us=2307
audio_time: stage=envmix_exp sampled_calls=271 sampled_samples=33504 sampled_us=6515
audio_time: stage=envmix_ge sampled_calls=0 sampled_samples=0 sampled_us=0
audio_time: stage=envmix_lin sampled_calls=0 sampled_samples=0 sampled_us=0
audio_time: stage=envmix_nead sampled_calls=0 sampled_samples=0 sampled_us=0
audio_time: stage=mix sampled_calls=529 sampled_samples=70528 sampled_us=1499
audio_time: stage=musyx_voice sampled_calls=0 sampled_samples=0 sampled_us=0
audio_time: stage=musyx_fx sampled_calls=0 sampled_samples=0 sampled_us=0
audio_time: stage=output sampled_calls=13 sampled_samples=6880 sampled_us=30
gpu_counters: clks=0 tb_clks=7313302092 ras_busy=0 xf_wait_in=0 xf_wait_out=0 ras_peak_permille=0 ztop_in=0 ztop_out=0 z_in=0 z_out=0 blend_in=0 copy_clks=0 fifo_overflows=1
game: n=6/9 how=vis vis=1800 vi_rate=60 vi0_retrace=30019 wall_us=30095851 sleep_us=13887938 avg_vis=58.85 avg_fps=111.67 exceptions=16088 cacheResets=1 recompiles=1594 batches=179040 verts=4203360 texStalls=0 treeDepthMax=25 underruns=11 overruns=0 queue_peak_ms=20 dsp_avg=3.81 dsp_peak=5.55 dsp_samples=60 pmc1=21892376922 pmc2=0 pmc3=0 pmc4=0 mmcr0=00000042 mmcr1=00000000 heap_used=10890776 heap_free=137032 arena1_free=204800 arena2_free=288704 flushes=5 flush_us=3650 padtrace=10 rom=sd:/wii64/roms/Mario Party.v64
=== chain 6/9 end vis=1800 how=vis rom=sd:/wii64/roms/Mario Party.v64 ===
mark: pad replay records: 1
mark: loadROM: enter
mark: loadROM: before rom_read
mark: ROMCache_load: enter
mark: ROMCache_load: before first read
mark: ROMCache_load: first read returned
mark: ROMCache_load: byte_swap_type set
mark: ROMCache_load: first byte_swap done
menufps: 0.1
menufps: 58.4
mark: ROMCache_load: loop exited normally
mark: ROMCache_load: elapsed_us=520570 bytes=16777216 vm=0
mark: loadROM: after rom_read
mark: loadROM: before init_memory
mark: loadROM: after init_memory
mark: loadROM: before romOpen_gfx
mark: loadROM: after romOpen_gfx / before romOpen_audio
mark: loadROM: after romOpen_audio / before romOpen_input
mark: loadROM: after romOpen_input / before cpu_init
mark: loadROM: after cpu_init
menufps: 2.8
menufps: 1.0
menufps: 1.0
fps: 17.2
first_vi: vi0_retrace=32047
vis: 7.1
cpu: exceptions=0 cacheResets=0 batches=0 verts=0 texStalls=0 recompiles=0 underruns=0 overruns=0 sleep_us=0 queue_ms=0
mark: CPU core dispatch: dynarec
vis: 60.0
cpu: exceptions=1472 cacheResets=1 batches=0 verts=0 texStalls=0 recompiles=421 underruns=0 overruns=0 sleep_us=137548 queue_ms=130
fps: 3.1
vis: 60.0
cpu: exceptions=2356 cacheResets=1 batches=0 verts=0 texStalls=0 recompiles=425 underruns=0 overruns=0 sleep_us=511868 queue_ms=133
fps: 60.8
vis: 60.0
cpu: exceptions=2626 cacheResets=1 batches=0 verts=0 texStalls=0 recompiles=425 underruns=0 overruns=0 sleep_us=946960 queue_ms=129
fps: 60.0
vis: 60.0
cpu: exceptions=2919 cacheResets=1 batches=0 verts=0 texStalls=0 recompiles=468 underruns=0 overruns=0 sleep_us=1362075 queue_ms=135
vis: 60.0
cpu: exceptions=3299 cacheResets=1 batches=0 verts=0 texStalls=0 recompiles=468 underruns=0 overruns=0 sleep_us=1682180 queue_ms=130
fps: 14.7
vis: 53.5
cpu: exceptions=3638 cacheResets=1 batches=2160 verts=57624 texStalls=0 recompiles=742 underruns=0 overruns=0 sleep_us=1842526 queue_ms=76
fps: 58.9
vis: 60.0
cpu: exceptions=3928 cacheResets=1 batches=8940 verts=235104 texStalls=0 recompiles=763 underruns=0 overruns=0 sleep_us=1924307 queue_ms=72
fps: 60.0
vis: 60.0
cpu: exceptions=4224 cacheResets=1 batches=15711 verts=412530 texStalls=0 recompiles=771 underruns=0 overruns=0 sleep_us=2005789 queue_ms=76
fps: 60.0
vis: 60.0
cpu: exceptions=4523 cacheResets=1 batches=22461 verts=589830 texStalls=0 recompiles=775 underruns=0 overruns=0 sleep_us=2087430 queue_ms=74
fps: 60.0
vis: 60.0
cpu: exceptions=4814 cacheResets=1 batches=29211 verts=767130 texStalls=0 recompiles=775 underruns=0 overruns=0 sleep_us=2173200 queue_ms=78
fps: 60.0
vis: 60.0
cpu: exceptions=5102 cacheResets=1 batches=35961 verts=944430 texStalls=0 recompiles=775 underruns=0 overruns=0 sleep_us=2261493 queue_ms=75
fps: 60.0
vis: 60.0
cpu: exceptions=5397 cacheResets=1 batches=42711 verts=1121730 texStalls=0 recompiles=775 underruns=0 overruns=0 sleep_us=2345773 queue_ms=79
fps: 60.0
vis: 60.0
cpu: exceptions=5683 cacheResets=1 batches=49461 verts=1299030 texStalls=0 recompiles=777 underruns=0 overruns=0 sleep_us=2436319 queue_ms=77
fps: 59.9
vis: 60.0
cpu: exceptions=5977 cacheResets=1 batches=56211 verts=1476330 texStalls=0 recompiles=777 underruns=0 overruns=0 sleep_us=2519195 queue_ms=72
fps: 60.0
vis: 60.0
cpu: exceptions=6275 cacheResets=1 batches=62961 verts=1653630 texStalls=0 recompiles=777 underruns=0 overruns=0 sleep_us=2599116 queue_ms=78
fps: 60.0
vis: 60.0
cpu: exceptions=6570 cacheResets=1 batches=69711 verts=1830930 texStalls=0 recompiles=777 underruns=0 overruns=0 sleep_us=2678846 queue_ms=74
fps: 60.0
vis: 60.0
cpu: exceptions=6868 cacheResets=1 batches=76461 verts=2008230 texStalls=0 recompiles=777 underruns=0 overruns=0 sleep_us=2753663 queue_ms=70
fps: 60.0
vis: 60.0
cpu: exceptions=7160 cacheResets=1 batches=83211 verts=2185530 texStalls=0 recompiles=777 underruns=0 overruns=0 sleep_us=2831980 queue_ms=76
fps: 60.0
vis: 60.0
cpu: exceptions=7452 cacheResets=1 batches=89961 verts=2362830 texStalls=0 recompiles=777 underruns=0 overruns=0 sleep_us=2913747 queue_ms=71
fps: 60.0
vis: 60.0
cpu: exceptions=7741 cacheResets=1 batches=96711 verts=2540130 texStalls=0 recompiles=777 underruns=0 overruns=0 sleep_us=2997718 queue_ms=77
fps: 60.0
vis: 60.0
cpu: exceptions=8031 cacheResets=1 batches=103461 verts=2717430 texStalls=0 recompiles=777 underruns=0 overruns=0 sleep_us=3086238 queue_ms=73
fps: 59.9
vis: 60.0
cpu: exceptions=8328 cacheResets=1 batches=110211 verts=2894730 texStalls=0 recompiles=777 underruns=0 overruns=0 sleep_us=3165198 queue_ms=79
fps: 60.0
vis: 60.0
cpu: exceptions=8622 cacheResets=1 batches=116961 verts=3072030 texStalls=0 recompiles=777 underruns=0 overruns=0 sleep_us=3233232 queue_ms=74
fps: 60.0
vis: 60.0
cpu: exceptions=8933 cacheResets=1 batches=123711 verts=3249330 texStalls=0 recompiles=777 underruns=0 overruns=0 sleep_us=3282827 queue_ms=81
fps: 60.0
vis: 60.0
cpu: exceptions=9251 cacheResets=1 batches=130461 verts=3426630 texStalls=0 recompiles=777 underruns=0 overruns=0 sleep_us=3328020 queue_ms=76
fps: 60.0
vis: 60.0
cpu: exceptions=9570 cacheResets=1 batches=137211 verts=3603930 texStalls=0 recompiles=777 underruns=0 overruns=0 sleep_us=3376161 queue_ms=73
fps: 60.0
vis: 60.0
cpu: exceptions=9883 cacheResets=1 batches=143961 verts=3781230 texStalls=0 recompiles=777 underruns=0 overruns=0 sleep_us=3425319 queue_ms=78
fps: 60.0
vis: 60.0
cpu: exceptions=10192 cacheResets=1 batches=150711 verts=3958530 texStalls=0 recompiles=777 underruns=0 overruns=0 sleep_us=3478501 queue_ms=74
fps: 59.8
vis: 59.8
cpu: exceptions=10505 cacheResets=1 batches=157883 verts=4149348 texStalls=0 recompiles=777 underruns=0 overruns=0 sleep_us=3523591 queue_ms=71
fps: 59.7
vis: 60.0
cpu: exceptions=10814 cacheResets=1 batches=166733 verts=4394238 texStalls=0 recompiles=777 underruns=0 overruns=0 sleep_us=3525258 queue_ms=76
fps: 59.9
vis: 59.5
cpu: exceptions=11137 cacheResets=1 batches=175583 verts=4639128 texStalls=0 recompiles=778 underruns=0 overruns=0 sleep_us=3535173 queue_ms=72
fps: 57.8
vis: 57.8
cpu: exceptions=11461 cacheResets=1 batches=184138 verts=4875855 texStalls=0 recompiles=787 underruns=0 overruns=0 sleep_us=3535173 queue_ms=51
fps: 58.8
vis: 58.9
cpu: exceptions=11784 cacheResets=1 batches=192988 verts=5120745 texStalls=0 recompiles=787 underruns=0 overruns=0 sleep_us=3535173 queue_ms=39
fps: 58.8
vis: 58.8
cpu: exceptions=12113 cacheResets=1 batches=201838 verts=5365635 texStalls=0 recompiles=790 underruns=0 overruns=0 sleep_us=3535173 queue_ms=35
fps: 57.9
vis: 60.0
cpu: exceptions=12446 cacheResets=1 batches=210688 verts=5610525 texStalls=0 recompiles=790 underruns=0 overruns=0 sleep_us=3535173 queue_ms=14
fps: 59.0
vis: 59.0
cpu: exceptions=12772 cacheResets=1 batches=219538 verts=5855415 texStalls=0 recompiles=790 underruns=1 overruns=0 sleep_us=3535288 queue_ms=18
fps: 59.6
vis: 59.5
cpu: exceptions=13099 cacheResets=1 batches=228334 verts=6098676 texStalls=0 recompiles=790 underruns=2 overruns=0 sleep_us=3535288 queue_ms=24
fps: 59.8
vis: 60.0
cpu: exceptions=13416 cacheResets=1 batches=236644 verts=6327276 texStalls=0 recompiles=790 underruns=2 overruns=0 sleep_us=3553269 queue_ms=21
fps: 60.0
vis: 60.0
cpu: exceptions=13726 cacheResets=1 batches=244954 verts=6555876 texStalls=0 recompiles=790 underruns=2 overruns=0 sleep_us=3580133 queue_ms=25
fps: 60.0
vis: 60.0
cpu: exceptions=14038 cacheResets=1 batches=253264 verts=6784476 texStalls=0 recompiles=790 underruns=2 overruns=0 sleep_us=3610791 queue_ms=22
fps: 60.0
vis: 60.0
cpu: exceptions=14355 cacheResets=1 batches=261574 verts=7013076 texStalls=0 recompiles=790 underruns=2 overruns=0 sleep_us=3635580 queue_ms=18
fps: 60.0
vis: 60.0
cpu: exceptions=14661 cacheResets=1 batches=269884 verts=7241676 texStalls=0 recompiles=790 underruns=2 overruns=0 sleep_us=3669442 queue_ms=23
fps: 60.0
vis: 60.0
cpu: exceptions=14981 cacheResets=1 batches=278194 verts=7470276 texStalls=0 recompiles=790 underruns=2 overruns=0 sleep_us=3694935 queue_ms=19
fps: 60.0
vis: 60.0
cpu: exceptions=15302 cacheResets=1 batches=286504 verts=7698876 texStalls=0 recompiles=790 underruns=2 overruns=0 sleep_us=3710519 queue_ms=25
fps: 60.0
vis: 60.0
cpu: exceptions=15613 cacheResets=1 batches=294814 verts=7927476 texStalls=0 recompiles=790 underruns=2 overruns=0 sleep_us=3733345 queue_ms=20
fps: 60.0
vis: 60.0
cpu: exceptions=15921 cacheResets=1 batches=303124 verts=8156076 texStalls=0 recompiles=790 underruns=2 overruns=0 sleep_us=3760905 queue_ms=26
fps: 60.0
vis: 60.0
cpu: exceptions=16225 cacheResets=1 batches=311434 verts=8384676 texStalls=0 recompiles=790 underruns=2 overruns=0 sleep_us=3790457 queue_ms=23
fps: 60.0
vis: 60.0
cpu: exceptions=16525 cacheResets=1 batches=319786 verts=8613528 texStalls=0 recompiles=790 underruns=2 overruns=0 sleep_us=3825566 queue_ms=18
fps: 60.0
vis: 60.0
cpu: exceptions=16828 cacheResets=1 batches=328276 verts=8843208 texStalls=0 recompiles=790 underruns=2 overruns=0 sleep_us=3859793 queue_ms=24
fps: 60.0
vis: 60.0
cpu: exceptions=17132 cacheResets=1 batches=336766 verts=9072888 texStalls=0 recompiles=790 underruns=2 overruns=0 sleep_us=3887494 queue_ms=20
fps: 60.0
vis: 60.0
cpu: exceptions=17442 cacheResets=1 batches=345256 verts=9302568 texStalls=0 recompiles=790 underruns=2 overruns=0 sleep_us=3912754 queue_ms=25
fps: 60.0
vis: 60.0
cpu: exceptions=17754 cacheResets=1 batches=353746 verts=9532248 texStalls=0 recompiles=790 underruns=2 overruns=0 sleep_us=3929888 queue_ms=22
fps: 60.0
vis: 60.0
cpu: exceptions=18065 cacheResets=1 batches=362236 verts=9761928 texStalls=0 recompiles=790 underruns=2 overruns=0 sleep_us=3951466 queue_ms=18
fps: 59.9
vis: 60.0
cpu: exceptions=18373 cacheResets=1 batches=370726 verts=9991608 texStalls=0 recompiles=790 underruns=2 overruns=0 sleep_us=3977749 queue_ms=24
fps: 59.9
vis: 60.0
cpu: exceptions=18673 cacheResets=1 batches=379300 verts=10224837 texStalls=0 recompiles=790 underruns=2 overruns=0 sleep_us=4004213 queue_ms=19
fps: 60.0
vis: 60.0
cpu: exceptions=18979 cacheResets=1 batches=388150 verts=10469727 texStalls=0 recompiles=790 underruns=2 overruns=0 sleep_us=4016481 queue_ms=26
fps: 60.0
vis: 60.0
cpu: exceptions=19283 cacheResets=1 batches=397008 verts=10714617 texStalls=0 recompiles=790 underruns=2 overruns=0 sleep_us=4036257 queue_ms=21
fps: 60.0
vis: 60.0
cpu: exceptions=19588 cacheResets=1 batches=405858 verts=10959507 texStalls=0 recompiles=790 underruns=2 overruns=0 sleep_us=4050729 queue_ms=27
fps: 60.0
vis: 59.9
cpu: exceptions=19901 cacheResets=1 batches=414708 verts=11204397 texStalls=0 recompiles=790 underruns=2 overruns=0 sleep_us=4060909 queue_ms=22
fps: 59.9
vis: 60.0
cpu: exceptions=20211 cacheResets=1 batches=423558 verts=11449287 texStalls=0 recompiles=790 underruns=2 overruns=0 sleep_us=4065203 queue_ms=19
mark: stop reason: chain guest VI limit
mark: stop_it requested
audio: alist_resample_calls=28071 alist_resample_samples=3565888 alist_zoh_calls=0 alist_zoh_samples=0 musyx_subframes=0 musyx_voices=0 musyx_voice_peak=0
audio_stages: adpcm_calls=27644 adpcm_samples=3310960 envmix_calls=28071 envmix_samples=3565888 mix_calls=158224 mix_samples=21109440 musyx_fx_calls=0 musyx_fx_taps=0 output_calls=1797 output_samples=958992
audio_envmix: exp_calls=28071 ge_calls=0 lin_calls=0 nead_calls=0 exp_steady=11984 ge_steady=0 lin_steady=0
audio_gaps: nead_mats=0 nead_efz=0 resample_flag2=0 musyx_ptr10=0
audio_output: stream_requests=4966 stream_fed=3328 input_hz=32006 playback_hz=32006 queue_peak_ms=155
audio_time: stage=resample sampled_calls=221 sampled_samples=28928 sampled_us=2476
audio_time: stage=zoh sampled_calls=0 sampled_samples=0 sampled_us=0
audio_time: stage=adpcm sampled_calls=217 sampled_samples=25584 sampled_us=1883
audio_time: stage=envmix_exp sampled_calls=221 sampled_samples=28928 sampled_us=6079
audio_time: stage=envmix_ge sampled_calls=0 sampled_samples=0 sampled_us=0
audio_time: stage=envmix_lin sampled_calls=0 sampled_samples=0 sampled_us=0
audio_time: stage=envmix_nead sampled_calls=0 sampled_samples=0 sampled_us=0
audio_time: stage=mix sampled_calls=1245 sampled_samples=166048 sampled_us=3544
audio_time: stage=musyx_voice sampled_calls=0 sampled_samples=0 sampled_us=0
audio_time: stage=musyx_fx sampled_calls=0 sampled_samples=0 sampled_us=0
audio_time: stage=output sampled_calls=14 sampled_samples=7456 sampled_us=32
gpu_counters: clks=0 tb_clks=7324613964 ras_busy=0 xf_wait_in=0 xf_wait_out=0 ras_peak_permille=0 ztop_in=0 ztop_out=0 z_in=0 z_out=0 blend_in=0 copy_clks=0 fifo_overflows=27
game: n=7/9 how=vis vis=1800 vi_rate=60 vi0_retrace=32047 wall_us=30142419 sleep_us=4065511 avg_vis=58.91 avg_fps=57.38 exceptions=20232 cacheResets=1 recompiles=790 batches=424148 verts=11465613 texStalls=0 treeDepthMax=12 underruns=2 overruns=0 queue_peak_ms=135 dsp_avg=4.02 dsp_peak=5.95 dsp_samples=61 pmc1=21747718405 pmc2=0 pmc3=0 pmc4=0 mmcr0=00000042 mmcr1=00000000 heap_used=10844344 heap_free=183464 arena1_free=204800 arena2_free=288704 flushes=5 flush_us=4746 padtrace=0 rom=sd:/wii64/roms/Pokemon Snap.rom
=== chain 7/9 end vis=1800 how=vis rom=sd:/wii64/roms/Pokemon Snap.rom ===
mark: pad replay records: 7
mark: loadROM: enter
mark: loadROM: before rom_read
mark: ROMCache_load: enter
mark: ROMCache_load: before first read
mark: ROMCache_load: first read returned
mark: ROMCache_load: byte_swap_type set
mark: ROMCache_load: first byte_swap done
menufps: 0.1
mark: ROMCache_load: loop exited normally
mark: ROMCache_load: elapsed_us=263210 bytes=8388608 vm=0
mark: loadROM: after rom_read
mark: loadROM: before init_memory
mark: loadROM: after init_memory
mark: loadROM: before romOpen_gfx
mark: loadROM: after romOpen_gfx / before romOpen_audio
mark: loadROM: after romOpen_audio / before romOpen_input
mark: loadROM: after romOpen_input / before cpu_init
mark: loadROM: after cpu_init
menufps: 13.4
menufps: 1.0
menufps: 1.0
fps: 2.0
first_vi: vi0_retrace=34060
vis: 0.9
cpu: exceptions=0 cacheResets=0 batches=0 verts=0 texStalls=0 recompiles=0 underruns=0 overruns=0 sleep_us=0 queue_ms=0
mark: CPU core dispatch: dynarec
vis: 60.0
cpu: exceptions=240 cacheResets=1 batches=0 verts=0 texStalls=0 recompiles=189 underruns=2 overruns=0 sleep_us=266158 queue_ms=91
vis: 60.0
cpu: exceptions=540 cacheResets=1 batches=0 verts=0 texStalls=0 recompiles=198 underruns=2 overruns=0 sleep_us=749500 queue_ms=96
vis: 60.0
cpu: exceptions=840 cacheResets=1 batches=0 verts=0 texStalls=0 recompiles=204 underruns=2 overruns=0 sleep_us=1233221 queue_ms=93
vis: 60.0
cpu: exceptions=1135 cacheResets=1 batches=0 verts=0 texStalls=0 recompiles=204 underruns=2 overruns=0 sleep_us=1717446 queue_ms=97
fps: 0.5
vis: 60.0
cpu: exceptions=1431 cacheResets=1 batches=414 verts=9387 texStalls=0 recompiles=468 underruns=3 overruns=0 sleep_us=2019758 queue_ms=11
fps: 20.7
vis: 60.0
cpu: exceptions=1588 cacheResets=1 batches=2484 verts=56322 texStalls=0 recompiles=475 underruns=3 overruns=0 sleep_us=2450973 queue_ms=9
fps: 29.8
vis: 60.0
cpu: exceptions=1752 cacheResets=1 batches=4554 verts=103257 texStalls=0 recompiles=478 underruns=3 overruns=0 sleep_us=2880256 queue_ms=15
fps: 30.1
vis: 60.0
cpu: exceptions=1894 cacheResets=1 batches=6624 verts=150192 texStalls=0 recompiles=478 underruns=3 overruns=0 sleep_us=3320249 queue_ms=11
fps: 30.0
vis: 60.0
cpu: exceptions=2036 cacheResets=1 batches=8694 verts=197127 texStalls=0 recompiles=478 underruns=3 overruns=0 sleep_us=3759448 queue_ms=16
fps: 30.0
vis: 60.0
cpu: exceptions=2178 cacheResets=1 batches=10767 verts=244080 texStalls=0 recompiles=489 underruns=3 overruns=0 sleep_us=4197312 queue_ms=13
fps: 30.0
vis: 60.0
cpu: exceptions=2319 cacheResets=1 batches=12574 verts=284835 texStalls=0 recompiles=498 underruns=3 overruns=0 sleep_us=4639698 queue_ms=18
vis: 60.0
cpu: exceptions=2638 cacheResets=1 batches=12574 verts=284835 texStalls=0 recompiles=675 underruns=4 overruns=0 sleep_us=4875058 queue_ms=23
vis: 60.0
cpu: exceptions=2728 cacheResets=1 batches=12574 verts=284835 texStalls=0 recompiles=733 underruns=4 overruns=0 sleep_us=5119093 queue_ms=19
vis: 60.0
cpu: exceptions=2818 cacheResets=1 batches=12574 verts=284835 texStalls=0 recompiles=784 underruns=4 overruns=0 sleep_us=5425050 queue_ms=25
fps: 3.9
vis: 60.0
cpu: exceptions=2961 cacheResets=1 batches=13906 verts=302151 texStalls=0 recompiles=910 underruns=6 overruns=0 sleep_us=5666063 queue_ms=8
fps: 15.2
vis: 60.0
cpu: exceptions=3118 cacheResets=1 batches=18796 verts=366456 texStalls=0 recompiles=910 underruns=6 overruns=0 sleep_us=5884110 queue_ms=13
fps: 30.0
vis: 60.0
cpu: exceptions=3273 cacheResets=1 batches=23672 verts=430425 texStalls=0 recompiles=927 underruns=6 overruns=0 sleep_us=6102397 queue_ms=8
fps: 30.0
vis: 60.0
cpu: exceptions=3436 cacheResets=1 batches=28535 verts=494298 texStalls=0 recompiles=927 underruns=6 overruns=0 sleep_us=6322018 queue_ms=14
fps: 30.0
vis: 60.0
cpu: exceptions=3591 cacheResets=1 batches=33401 verts=558189 texStalls=0 recompiles=927 underruns=6 overruns=0 sleep_us=6553371 queue_ms=10
fps: 30.0
vis: 60.0
cpu: exceptions=3762 cacheResets=1 batches=38268 verts=622086 texStalls=0 recompiles=927 underruns=6 overruns=0 sleep_us=6766397 queue_ms=6
fps: 29.9
vis: 60.0
cpu: exceptions=3978 cacheResets=1 batches=43148 verts=686061 texStalls=0 recompiles=936 underruns=6 overruns=0 sleep_us=6955288 queue_ms=12
fps: 19.9
vis: 60.0
cpu: exceptions=4234 cacheResets=1 batches=43744 verts=693810 texStalls=0 recompiles=1065 underruns=9 overruns=0 sleep_us=7219078 queue_ms=13
fps: 31.7
vis: 60.0
cpu: exceptions=4401 cacheResets=1 batches=44550 verts=704226 texStalls=0 recompiles=1065 underruns=9 overruns=0 sleep_us=7616578 queue_ms=17
fps: 30.0
vis: 60.0
cpu: exceptions=4573 cacheResets=1 batches=45345 verts=714576 texStalls=0 recompiles=1065 underruns=9 overruns=0 sleep_us=8012264 queue_ms=13
fps: 30.0
vis: 60.0
cpu: exceptions=4738 cacheResets=1 batches=46140 verts=724926 texStalls=0 recompiles=1065 underruns=9 overruns=0 sleep_us=8421102 queue_ms=18
fps: 30.0
vis: 60.0
cpu: exceptions=4911 cacheResets=1 batches=46935 verts=735276 texStalls=0 recompiles=1065 underruns=9 overruns=0 sleep_us=8815625 queue_ms=15
fps: 30.0
vis: 60.0
cpu: exceptions=5090 cacheResets=1 batches=47730 verts=745626 texStalls=0 recompiles=1065 underruns=9 overruns=0 sleep_us=9201937 queue_ms=10
fps: 30.0
vis: 60.0
cpu: exceptions=5263 cacheResets=1 batches=48525 verts=755976 texStalls=0 recompiles=1065 underruns=9 overruns=0 sleep_us=9593374 queue_ms=16
fps: 30.0
vis: 60.0
cpu: exceptions=5432 cacheResets=1 batches=49320 verts=766326 texStalls=0 recompiles=1065 underruns=9 overruns=0 sleep_us=9993779 queue_ms=13
fps: 30.0
vis: 60.0
cpu: exceptions=5597 cacheResets=1 batches=50115 verts=776676 texStalls=0 recompiles=1065 underruns=9 overruns=0 sleep_us=10402898 queue_ms=17
vis: 60.0
cpu: exceptions=5779 cacheResets=1 batches=50630 verts=785346 texStalls=0 recompiles=1068 underruns=9 overruns=0 sleep_us=10807968 queue_ms=14
fps: 30.0
vis: 60.0
cpu: exceptions=5954 cacheResets=1 batches=51138 verts=793974 texStalls=0 recompiles=1071 underruns=9 overruns=0 sleep_us=11207913 queue_ms=19
fps: 29.9
vis: 60.0
cpu: exceptions=6203 cacheResets=1 batches=51240 verts=795702 texStalls=0 recompiles=1131 underruns=9 overruns=0 sleep_us=11485110 queue_ms=16
fps: 4.1
vis: 60.0
cpu: exceptions=6353 cacheResets=1 batches=51795 verts=806718 texStalls=0 recompiles=1530 underruns=10 overruns=0 sleep_us=11687544 queue_ms=32
fps: 33.0
vis: 60.0
cpu: exceptions=6488 cacheResets=1 batches=54705 verts=879348 texStalls=0 recompiles=1534 underruns=10 overruns=0 sleep_us=12063081 queue_ms=38
vis: 60.0
cpu: exceptions=6623 cacheResets=1 batches=57615 verts=951978 texStalls=0 recompiles=1534 underruns=10 overruns=0 sleep_us=12438985 queue_ms=35
fps: 30.0
vis: 60.0
cpu: exceptions=6758 cacheResets=1 batches=60525 verts=1024608 texStalls=0 recompiles=1534 underruns=10 overruns=0 sleep_us=12815054 queue_ms=41
fps: 30.0
vis: 60.0
cpu: exceptions=6893 cacheResets=1 batches=63435 verts=1097238 texStalls=0 recompiles=1534 underruns=10 overruns=0 sleep_us=13190880 queue_ms=36
fps: 30.0
vis: 60.0
cpu: exceptions=7045 cacheResets=1 batches=67353 verts=1175916 texStalls=0 recompiles=1544 underruns=10 overruns=0 sleep_us=13531707 queue_ms=33
fps: 29.9
vis: 60.0
cpu: exceptions=7220 cacheResets=1 batches=71520 verts=1256088 texStalls=0 recompiles=1545 underruns=10 overruns=0 sleep_us=13851262 queue_ms=38
fps: 30.0
vis: 60.0
cpu: exceptions=7400 cacheResets=1 batches=75675 verts=1336188 texStalls=0 recompiles=1545 underruns=10 overruns=0 sleep_us=14164845 queue_ms=34
fps: 30.0
vis: 60.0
cpu: exceptions=7581 cacheResets=1 batches=79830 verts=1416288 texStalls=0 recompiles=1545 underruns=10 overruns=0 sleep_us=14472692 queue_ms=40
fps: 30.0
vis: 60.0
cpu: exceptions=7776 cacheResets=1 batches=83985 verts=1496388 texStalls=0 recompiles=1545 underruns=10 overruns=0 sleep_us=14770126 queue_ms=36
fps: 29.9
vis: 60.0
cpu: exceptions=7989 cacheResets=1 batches=88140 verts=1576488 texStalls=0 recompiles=1545 underruns=10 overruns=0 sleep_us=15056300 queue_ms=41
fps: 30.0
vis: 60.0
cpu: exceptions=8197 cacheResets=1 batches=92295 verts=1656588 texStalls=0 recompiles=1545 underruns=10 overruns=0 sleep_us=15345234 queue_ms=37
fps: 30.0
vis: 60.0
cpu: exceptions=8416 cacheResets=1 batches=96450 verts=1736688 texStalls=0 recompiles=1545 underruns=10 overruns=0 sleep_us=15622354 queue_ms=43
fps: 30.0
vis: 60.0
cpu: exceptions=8621 cacheResets=1 batches=100605 verts=1816788 texStalls=0 recompiles=1545 underruns=10 overruns=0 sleep_us=15912665 queue_ms=38
fps: 30.0
vis: 60.0
cpu: exceptions=8815 cacheResets=1 batches=104760 verts=1896888 texStalls=0 recompiles=1545 underruns=10 overruns=0 sleep_us=16214554 queue_ms=35
fps: 30.0
vis: 60.0
cpu: exceptions=9007 cacheResets=1 batches=108915 verts=1976988 texStalls=0 recompiles=1545 underruns=10 overruns=0 sleep_us=16520366 queue_ms=40
fps: 30.1
vis: 60.0
cpu: exceptions=9171 cacheResets=1 batches=113070 verts=2057088 texStalls=0 recompiles=1547 underruns=10 overruns=0 sleep_us=16848997 queue_ms=36
fps: 30.0
vis: 60.0
cpu: exceptions=9315 cacheResets=1 batches=117225 verts=2137188 texStalls=0 recompiles=1547 underruns=10 overruns=0 sleep_us=17192244 queue_ms=42
fps: 30.0
vis: 60.0
cpu: exceptions=9455 cacheResets=1 batches=121380 verts=2217288 texStalls=0 recompiles=1547 underruns=10 overruns=0 sleep_us=17538556 queue_ms=38
fps: 29.9
vis: 60.0
cpu: exceptions=9595 cacheResets=1 batches=125535 verts=2297388 texStalls=0 recompiles=1547 underruns=10 overruns=0 sleep_us=17884740 queue_ms=34
fps: 30.0
vis: 60.0
cpu: exceptions=9733 cacheResets=1 batches=129690 verts=2377488 texStalls=0 recompiles=1547 underruns=10 overruns=0 sleep_us=18233456 queue_ms=39
fps: 30.0
vis: 60.0
cpu: exceptions=9868 cacheResets=1 batches=133845 verts=2457588 texStalls=0 recompiles=1547 underruns=10 overruns=0 sleep_us=18586261 queue_ms=36
fps: 30.0
vis: 60.0
cpu: exceptions=10003 cacheResets=1 batches=138000 verts=2537688 texStalls=0 recompiles=1547 underruns=10 overruns=0 sleep_us=18939042 queue_ms=41
fps: 30.1
vis: 60.0
cpu: exceptions=10138 cacheResets=1 batches=141315 verts=2612748 texStalls=0 recompiles=1548 underruns=10 overruns=0 sleep_us=19309736 queue_ms=38
fps: 30.0
vis: 60.0
cpu: exceptions=10273 cacheResets=1 batches=144210 verts=2685288 texStalls=0 recompiles=1548 underruns=10 overruns=0 sleep_us=19689595 queue_ms=34
fps: 30.0
vis: 60.0
cpu: exceptions=10414 cacheResets=1 batches=147134 verts=2758476 texStalls=0 recompiles=1568 underruns=10 overruns=0 sleep_us=20060611 queue_ms=39
fps: 29.9
vis: 60.0
cpu: exceptions=10579 cacheResets=1 batches=150449 verts=2840646 texStalls=0 recompiles=1568 underruns=10 overruns=0 sleep_us=20389878 queue_ms=36
fps: 30.1
vis: 60.0
cpu: exceptions=10740 cacheResets=1 batches=153284 verts=2904000 texStalls=0 recompiles=1569 underruns=10 overruns=0 sleep_us=20740077 queue_ms=40
fps: 30.0
vis: 60.0
cpu: exceptions=10898 cacheResets=1 batches=155699 verts=2950890 texStalls=0 recompiles=1569 underruns=10 overruns=0 sleep_us=21109283 queue_ms=37
fps: 30.0
vis: 60.0
cpu: exceptions=11062 cacheResets=1 batches=158114 verts=2997780 texStalls=0 recompiles=1572 underruns=10 overruns=0 sleep_us=21473147 queue_ms=42
fps: 29.9
vis: 60.0
cpu: exceptions=11258 cacheResets=1 batches=160529 verts=3044670 texStalls=0 recompiles=1572 underruns=10 overruns=0 sleep_us=21805019 queue_ms=38
fps: 30.1
vis: 60.0
cpu: exceptions=11446 cacheResets=1 batches=162950 verts=3091590 texStalls=0 recompiles=1572 underruns=10 overruns=0 sleep_us=22146769 queue_ms=44
fps: 30.0
vis: 60.0
cpu: exceptions=11613 cacheResets=1 batches=165455 verts=3138930 texStalls=0 recompiles=1572 underruns=10 overruns=0 sleep_us=22505894 queue_ms=40
fps: 29.9
vis: 60.0
cpu: exceptions=11794 cacheResets=1 batches=167984 verts=3186342 texStalls=0 recompiles=1572 underruns=10 overruns=0 sleep_us=22844412 queue_ms=36
fps: 29.9
vis: 60.0
cpu: exceptions=11988 cacheResets=1 batches=170638 verts=3235641 texStalls=0 recompiles=1572 underruns=10 overruns=0 sleep_us=23160338 queue_ms=41
fps: 30.1
vis: 60.0
cpu: exceptions=12182 cacheResets=1 batches=173372 verts=3286188 texStalls=0 recompiles=1572 underruns=10 overruns=0 sleep_us=23483902 queue_ms=38
fps: 30.0
vis: 60.0
cpu: exceptions=12352 cacheResets=1 batches=176148 verts=3336861 texStalls=0 recompiles=1572 underruns=10 overruns=0 sleep_us=23832674 queue_ms=42
fps: 29.9
vis: 60.0
cpu: exceptions=12529 cacheResets=1 batches=178986 verts=3387816 texStalls=0 recompiles=1572 underruns=10 overruns=0 sleep_us=24171676 queue_ms=39
fps: 30.0
vis: 60.0
cpu: exceptions=12717 cacheResets=1 batches=181866 verts=3438981 texStalls=0 recompiles=1572 underruns=10 overruns=0 sleep_us=24493822 queue_ms=45
fps: 29.9
vis: 60.0
cpu: exceptions=12923 cacheResets=1 batches=184746 verts=3490146 texStalls=0 recompiles=1572 underruns=10 overruns=0 sleep_us=24798785 queue_ms=40
fps: 30.0
vis: 60.0
cpu: exceptions=13105 cacheResets=1 batches=187664 verts=3542535 texStalls=0 recompiles=1572 underruns=10 overruns=0 sleep_us=25130132 queue_ms=37
fps: 30.0
vis: 60.0
cpu: exceptions=13273 cacheResets=1 batches=190694 verts=3598380 texStalls=0 recompiles=1572 underruns=10 overruns=0 sleep_us=25466065 queue_ms=42
fps: 30.0
vis: 60.0
cpu: exceptions=13459 cacheResets=1 batches=193724 verts=3654225 texStalls=0 recompiles=1572 underruns=10 overruns=0 sleep_us=25783399 queue_ms=39
fps: 30.0
vis: 60.0
cpu: exceptions=13661 cacheResets=1 batches=196754 verts=3710070 texStalls=0 recompiles=1572 underruns=10 overruns=0 sleep_us=26076303 queue_ms=43
vis: 60.0
cpu: exceptions=13851 cacheResets=1 batches=199786 verts=3766197 texStalls=0 recompiles=1572 underruns=10 overruns=0 sleep_us=26389177 queue_ms=40
fps: 30.0
vis: 60.0
cpu: exceptions=14021 cacheResets=1 batches=202788 verts=3822654 texStalls=0 recompiles=1572 underruns=10 overruns=0 sleep_us=26728841 queue_ms=36
fps: 30.0
mark: stop reason: chain guest VI limit
mark: stop_it requested
audio: alist_resample_calls=42763 alist_resample_samples=5572696 alist_zoh_calls=0 alist_zoh_samples=0 musyx_subframes=0 musyx_voices=0 musyx_voice_peak=0
audio_stages: adpcm_calls=41651 adpcm_samples=5505360 envmix_calls=40317 envmix_samples=5378800 mix_calls=9436 mix_samples=3019520 musyx_fx_calls=0 musyx_fx_taps=0 output_calls=2360 output_samples=1259104
audio_envmix: exp_calls=40317 ge_calls=0 lin_calls=0 nead_calls=0 exp_steady=33833 ge_steady=0 lin_steady=0
audio_gaps: nead_mats=0 nead_efz=0 resample_flag2=0 musyx_ptr10=0
audio_output: stream_requests=6089 stream_fed=4367 input_hz=32006 playback_hz=32006 queue_peak_ms=116
audio_time: stage=resample sampled_calls=336 sampled_samples=43888 sampled_us=3832
audio_time: stage=zoh sampled_calls=0 sampled_samples=0 sampled_us=0
audio_time: stage=adpcm sampled_calls=327 sampled_samples=42240 sampled_us=3153
audio_time: stage=envmix_exp sampled_calls=317 sampled_samples=42336 sampled_us=6449
audio_time: stage=envmix_ge sampled_calls=0 sampled_samples=0 sampled_us=0
audio_time: stage=envmix_lin sampled_calls=0 sampled_samples=0 sampled_us=0
audio_time: stage=envmix_nead sampled_calls=0 sampled_samples=0 sampled_us=0
audio_time: stage=mix sampled_calls=74 sampled_samples=23680 sampled_us=490
audio_time: stage=musyx_voice sampled_calls=0 sampled_samples=0 sampled_us=0
audio_time: stage=musyx_fx sampled_calls=0 sampled_samples=0 sampled_us=0
audio_time: stage=output sampled_calls=18 sampled_samples=9584 sampled_us=41
gpu_counters: clks=0 tb_clks=9722688812 ras_busy=0 xf_wait_in=0 xf_wait_out=0 ras_peak_permille=0 ztop_in=0 ztop_out=0 z_in=0 z_out=0 blend_in=0 copy_clks=0 fifo_overflows=0
game: n=8/9 how=vis vis=2400 vi_rate=60 vi0_retrace=34060 wall_us=40011028 sleep_us=27052282 avg_vis=59.26 avg_fps=28.03 exceptions=14190 cacheResets=1 recompiles=1572 batches=205476 verts=3874860 texStalls=0 treeDepthMax=14 underruns=10 overruns=0 queue_peak_ms=97 dsp_avg=3.88 dsp_peak=5.50 dsp_samples=80 pmc1=29099910268 pmc2=0 pmc3=0 pmc4=0 mmcr0=00000042 mmcr1=00000000 heap_used=10877880 heap_free=149928 arena1_free=204800 arena2_free=288704 flushes=6 flush_us=4665 padtrace=7 rom=sd:/wii64/roms/Super Mario 64.v64
=== chain 8/9 end vis=2400 how=vis rom=sd:/wii64/roms/Super Mario 64.v64 ===
mark: pad replay records: 27
mark: loadROM: enter
mark: loadROM: before rom_read
mark: ROMCache_load: enter
mark: ROMCache_load: before first read
mark: ROMCache_load: first read returned
mark: ROMCache_load: byte_swap_type set
mark: ROMCache_load: first byte_swap done
menufps: 0.0
menufps: 55.0
menufps: 1.4
menufps: 1.4
menufps: 1.4
menufps: 1.4
menufps: 1.4
menufps: 1.4
menufps: 1.4
menufps: 21.4
mark: ROMCache_load: loop exited normally
menufps: 12.5
menufps: 1.1
menufps: 1.1
menufps: 1.1
menufps: 1.1
menufps: 1.1
menufps: 1.1
menufps: 1.1
menufps: 1.1
menufps: 1.1
menufps: 1.1
menufps: 1.1
menufps: 1.1
menufps: 1.1
menufps: 1.1
menufps: 1.1
menufps: 1.1
menufps: 1.1
menufps: 1.1
menufps: 1.1
mark: ROMCache_load: preflush_us=18135747
mark: ROMCache_load: elapsed_us=24507107 bytes=33554432 vm=1
mark: loadROM: after rom_read
mark: loadROM: before init_memory
mark: loadROM: after init_memory
mark: loadROM: before romOpen_gfx
mark: loadROM: after romOpen_gfx / before romOpen_audio
mark: loadROM: after romOpen_audio / before romOpen_input
mark: loadROM: after romOpen_input / before cpu_init
mark: loadROM: after cpu_init
menufps: 3.4
menufps: 1.0
menufps: 1.0
fps: 0.5
first_vi: vi0_retrace=38117
vis: 1.1
cpu: exceptions=0 cacheResets=0 batches=0 verts=0 texStalls=0 recompiles=0 underruns=0 overruns=0 sleep_us=0 queue_ms=0
mark: CPU core dispatch: dynarec
vis: 17.4
cpu: exceptions=217 cacheResets=1 batches=0 verts=0 texStalls=0 recompiles=107 underruns=0 overruns=0 sleep_us=0 queue_ms=0
fps: 1.1
vis: 56.2
cpu: exceptions=1023 cacheResets=1 batches=8 verts=288 texStalls=0 recompiles=612 underruns=1 overruns=0 sleep_us=102412 queue_ms=50
vis: 60.0
cpu: exceptions=1673 cacheResets=1 batches=8 verts=288 texStalls=0 recompiles=694 underruns=1 overruns=0 sleep_us=331306 queue_ms=54
fps: 1.6
vis: 48.8
cpu: exceptions=2664 cacheResets=1 batches=260 verts=5205 texStalls=0 recompiles=1324 underruns=2 overruns=0 sleep_us=398172 queue_ms=5
vis: 60.0
cpu: exceptions=3246 cacheResets=1 batches=2730 verts=44655 texStalls=0 recompiles=1553 underruns=3 overruns=0 sleep_us=570575 queue_ms=37
fps: 21.0
vis: 60.0
cpu: exceptions=3748 cacheResets=1 batches=5200 verts=84105 texStalls=0 recompiles=1590 underruns=3 overruns=0 sleep_us=813873 queue_ms=32
fps: 20.0
vis: 60.0
cpu: exceptions=4254 cacheResets=1 batches=8055 verts=136989 texStalls=0 recompiles=1615 underruns=3 overruns=0 sleep_us=1013440 queue_ms=38
fps: 20.0
vis: 60.0
cpu: exceptions=4753 cacheResets=1 batches=10978 verts=191517 texStalls=0 recompiles=1615 underruns=3 overruns=0 sleep_us=1232134 queue_ms=33
fps: 20.0
vis: 60.0
cpu: exceptions=5248 cacheResets=1 batches=13928 verts=246207 texStalls=0 recompiles=1620 underruns=3 overruns=0 sleep_us=1448829 queue_ms=30
fps: 20.0
vis: 60.0
cpu: exceptions=5746 cacheResets=1 batches=16896 verts=301005 texStalls=0 recompiles=1620 underruns=3 overruns=0 sleep_us=1663241 queue_ms=35
fps: 20.0
vis: 60.0
cpu: exceptions=6271 cacheResets=1 batches=19871 verts=355845 texStalls=0 recompiles=1628 underruns=3 overruns=0 sleep_us=1830291 queue_ms=31
fps: 19.9
vis: 60.0
cpu: exceptions=6811 cacheResets=1 batches=22859 verts=410763 texStalls=0 recompiles=1630 underruns=3 overruns=0 sleep_us=1942673 queue_ms=37
fps: 20.0
vis: 60.0
cpu: exceptions=7353 cacheResets=1 batches=25858 verts=465747 texStalls=0 recompiles=1630 underruns=3 overruns=0 sleep_us=2060027 queue_ms=32
fps: 20.0
vis: 60.0
cpu: exceptions=7914 cacheResets=1 batches=28848 verts=520677 texStalls=0 recompiles=1630 underruns=3 overruns=0 sleep_us=2209668 queue_ms=29
fps: 20.0
vis: 60.0
cpu: exceptions=8472 cacheResets=1 batches=31842 verts=575631 texStalls=0 recompiles=1630 underruns=3 overruns=0 sleep_us=2360254 queue_ms=34
fps: 20.0
vis: 60.0
cpu: exceptions=8995 cacheResets=1 batches=34841 verts=630615 texStalls=0 recompiles=1630 underruns=3 overruns=0 sleep_us=2515045 queue_ms=30
fps: 20.0
vis: 60.0
cpu: exceptions=9510 cacheResets=1 batches=37819 verts=685473 texStalls=0 recompiles=1630 underruns=3 overruns=0 sleep_us=2692219 queue_ms=36
fps: 20.0
vis: 60.0
cpu: exceptions=10033 cacheResets=1 batches=40805 verts=740379 texStalls=0 recompiles=1630 underruns=3 overruns=0 sleep_us=2852646 queue_ms=32
fps: 20.0
vis: 60.0
cpu: exceptions=10581 cacheResets=1 batches=43790 verts=795279 texStalls=0 recompiles=1630 underruns=3 overruns=0 sleep_us=2999425 queue_ms=37
fps: 20.0
vis: 60.0
cpu: exceptions=11133 cacheResets=1 batches=46784 verts=850233 texStalls=0 recompiles=1630 underruns=3 overruns=0 sleep_us=3142121 queue_ms=34
fps: 20.0
vis: 60.0
cpu: exceptions=11680 cacheResets=1 batches=49767 verts=905121 texStalls=0 recompiles=1630 underruns=3 overruns=0 sleep_us=3286758 queue_ms=30
fps: 20.0
vis: 60.0
cpu: exceptions=12238 cacheResets=1 batches=52760 verts=960069 texStalls=0 recompiles=1630 underruns=3 overruns=0 sleep_us=3431610 queue_ms=35
fps: 20.0
vis: 60.0
cpu: exceptions=12782 cacheResets=1 batches=55752 verts=1015011 texStalls=0 recompiles=1630 underruns=3 overruns=0 sleep_us=3576909 queue_ms=31
fps: 20.0
vis: 59.8
cpu: exceptions=13313 cacheResets=1 batches=58810 verts=1071666 texStalls=0 recompiles=1657 underruns=3 overruns=0 sleep_us=3713995 queue_ms=28
fps: 19.8
vis: 60.0
cpu: exceptions=13828 cacheResets=1 batches=63089 verts=1159824 texStalls=0 recompiles=1669 underruns=3 overruns=0 sleep_us=3827256 queue_ms=33
fps: 20.0
vis: 60.0
cpu: exceptions=14326 cacheResets=1 batches=67309 verts=1247646 texStalls=0 recompiles=1669 underruns=3 overruns=0 sleep_us=3974638 queue_ms=29
fps: 20.0
vis: 60.0
cpu: exceptions=14821 cacheResets=1 batches=71478 verts=1334940 texStalls=0 recompiles=1680 underruns=3 overruns=0 sleep_us=4126872 queue_ms=35
fps: 20.0
vis: 60.0
cpu: exceptions=15327 cacheResets=1 batches=75624 verts=1422069 texStalls=0 recompiles=1680 underruns=3 overruns=0 sleep_us=4282260 queue_ms=31
fps: 20.0
vis: 60.0
cpu: exceptions=15855 cacheResets=1 batches=79774 verts=1509231 texStalls=0 recompiles=1680 underruns=3 overruns=0 sleep_us=4413762 queue_ms=36
fps: 20.0
vis: 60.0
cpu: exceptions=16401 cacheResets=1 batches=83916 verts=1596333 texStalls=0 recompiles=1680 underruns=3 overruns=0 sleep_us=4531668 queue_ms=33
fps: 20.0
vis: 60.0
cpu: exceptions=16953 cacheResets=1 batches=88049 verts=1683381 texStalls=0 recompiles=1687 underruns=3 overruns=0 sleep_us=4642035 queue_ms=37
fps: 20.1
vis: 60.0
cpu: exceptions=17490 cacheResets=1 batches=92227 verts=1770432 texStalls=0 recompiles=1702 underruns=3 overruns=0 sleep_us=4742575 queue_ms=34
fps: 20.0
vis: 60.0
cpu: exceptions=18013 cacheResets=1 batches=96325 verts=1854495 texStalls=0 recompiles=1702 underruns=3 overruns=0 sleep_us=4877214 queue_ms=31
fps: 21.7
vis: 60.0
cpu: exceptions=18820 cacheResets=1 batches=98753 verts=1880955 texStalls=0 recompiles=1769 underruns=4 overruns=0 sleep_us=5004058 queue_ms=44
fps: 60.0
vis: 60.0
cpu: exceptions=19334 cacheResets=1 batches=102773 verts=1905075 texStalls=0 recompiles=1773 underruns=4 overruns=0 sleep_us=5190548 queue_ms=28
fps: 60.0
vis: 60.0
cpu: exceptions=19850 cacheResets=1 batches=106814 verts=1929321 texStalls=0 recompiles=1775 underruns=4 overruns=0 sleep_us=5359421 queue_ms=34
fps: 60.0
vis: 60.0
cpu: exceptions=20355 cacheResets=1 batches=110864 verts=1953621 texStalls=0 recompiles=1775 underruns=4 overruns=0 sleep_us=5523691 queue_ms=29
fps: 60.0
vis: 60.0
cpu: exceptions=20852 cacheResets=1 batches=114914 verts=1977921 texStalls=0 recompiles=1775 underruns=4 overruns=0 sleep_us=5693965 queue_ms=35
fps: 60.0
vis: 60.0
cpu: exceptions=21361 cacheResets=1 batches=118964 verts=2002221 texStalls=0 recompiles=1775 underruns=4 overruns=0 sleep_us=5856846 queue_ms=31
fps: 60.0
vis: 60.0
cpu: exceptions=21871 cacheResets=1 batches=123014 verts=2026521 texStalls=0 recompiles=1775 underruns=4 overruns=0 sleep_us=6008082 queue_ms=28
fps: 60.0
vis: 60.0
cpu: exceptions=22390 cacheResets=1 batches=127064 verts=2050821 texStalls=0 recompiles=1775 underruns=4 overruns=0 sleep_us=6159117 queue_ms=32
fps: 60.0
vis: 60.0
cpu: exceptions=22902 cacheResets=1 batches=131114 verts=2075121 texStalls=0 recompiles=1775 underruns=4 overruns=0 sleep_us=6314735 queue_ms=29
fps: 60.0
vis: 60.0
cpu: exceptions=23407 cacheResets=1 batches=135164 verts=2099421 texStalls=0 recompiles=1775 underruns=4 overruns=0 sleep_us=6477032 queue_ms=34
fps: 60.0
vis: 60.0
cpu: exceptions=23914 cacheResets=1 batches=139214 verts=2123721 texStalls=0 recompiles=1775 underruns=4 overruns=0 sleep_us=6648341 queue_ms=31
fps: 60.0
vis: 60.0
cpu: exceptions=24430 cacheResets=1 batches=143264 verts=2148021 texStalls=0 recompiles=1775 underruns=4 overruns=0 sleep_us=6809188 queue_ms=27
fps: 60.0
vis: 60.0
cpu: exceptions=24967 cacheResets=1 batches=147314 verts=2172321 texStalls=0 recompiles=1775 underruns=4 overruns=0 sleep_us=6959015 queue_ms=32
fps: 60.0
vis: 60.0
cpu: exceptions=25487 cacheResets=1 batches=151364 verts=2196621 texStalls=0 recompiles=1775 underruns=4 overruns=0 sleep_us=7113921 queue_ms=29
fps: 60.0
vis: 60.0
cpu: exceptions=25995 cacheResets=1 batches=155414 verts=2220921 texStalls=0 recompiles=1775 underruns=4 overruns=0 sleep_us=7268133 queue_ms=33
fps: 60.0
vis: 60.0
cpu: exceptions=26507 cacheResets=1 batches=159464 verts=2245221 texStalls=0 recompiles=1775 underruns=4 overruns=0 sleep_us=7432250 queue_ms=30
fps: 60.0
vis: 60.0
cpu: exceptions=27007 cacheResets=1 batches=163514 verts=2269521 texStalls=0 recompiles=1775 underruns=4 overruns=0 sleep_us=7607634 queue_ms=35
fps: 59.5
vis: 60.0
cpu: exceptions=27517 cacheResets=1 batches=168243 verts=2297937 texStalls=0 recompiles=1783 underruns=4 overruns=0 sleep_us=7731277 queue_ms=32
fps: 60.4
vis: 60.0
cpu: exceptions=28090 cacheResets=1 batches=173927 verts=2332221 texStalls=0 recompiles=1786 underruns=4 overruns=0 sleep_us=7815786 queue_ms=27
fps: 59.8
vis: 60.0
cpu: exceptions=28666 cacheResets=1 batches=179297 verts=2364621 texStalls=0 recompiles=1786 underruns=4 overruns=0 sleep_us=7922197 queue_ms=33
fps: 60.0
vis: 60.0
cpu: exceptions=29196 cacheResets=1 batches=184667 verts=2397021 texStalls=0 recompiles=1786 underruns=4 overruns=0 sleep_us=8039263 queue_ms=29
fps: 60.0
vis: 60.0
cpu: exceptions=29698 cacheResets=1 batches=190037 verts=2429421 texStalls=0 recompiles=1786 underruns=4 overruns=0 sleep_us=8166825 queue_ms=34
fps: 60.0
vis: 60.0
cpu: exceptions=30191 cacheResets=1 batches=195407 verts=2461821 texStalls=0 recompiles=1786 underruns=4 overruns=0 sleep_us=8303014 queue_ms=31
fps: 60.0
vis: 60.0
cpu: exceptions=30695 cacheResets=1 batches=200777 verts=2494221 texStalls=0 recompiles=1786 underruns=4 overruns=0 sleep_us=8429055 queue_ms=35
fps: 60.0
vis: 60.0
cpu: exceptions=31206 cacheResets=1 batches=206147 verts=2526621 texStalls=0 recompiles=1786 underruns=4 overruns=0 sleep_us=8543055 queue_ms=32
fps: 60.0
vis: 60.0
cpu: exceptions=31724 cacheResets=1 batches=211517 verts=2559021 texStalls=0 recompiles=1786 underruns=4 overruns=0 sleep_us=8648800 queue_ms=29
fps: 60.0
vis: 60.0
cpu: exceptions=32259 cacheResets=1 batches=216887 verts=2591421 texStalls=0 recompiles=1786 underruns=4 overruns=0 sleep_us=8753285 queue_ms=34
fps: 60.0
vis: 60.0
cpu: exceptions=32823 cacheResets=1 batches=222257 verts=2623821 texStalls=0 recompiles=1786 underruns=4 overruns=0 sleep_us=8857951 queue_ms=29
fps: 60.0
vis: 60.0
cpu: exceptions=33369 cacheResets=1 batches=227627 verts=2656221 texStalls=0 recompiles=1786 underruns=4 overruns=0 sleep_us=8971010 queue_ms=36
fps: 60.0
vis: 60.0
cpu: exceptions=33914 cacheResets=1 batches=232997 verts=2688621 texStalls=0 recompiles=1786 underruns=4 overruns=0 sleep_us=9082608 queue_ms=31
fps: 60.0
vis: 60.0
cpu: exceptions=34475 cacheResets=1 batches=238367 verts=2721021 texStalls=0 recompiles=1786 underruns=4 overruns=0 sleep_us=9186868 queue_ms=28
fps: 60.0
vis: 60.0
cpu: exceptions=35023 cacheResets=1 batches=243737 verts=2753421 texStalls=0 recompiles=1786 underruns=4 overruns=0 sleep_us=9292031 queue_ms=33
fps: 60.0
vis: 60.0
cpu: exceptions=35583 cacheResets=1 batches=249107 verts=2785821 texStalls=0 recompiles=1786 underruns=4 overruns=0 sleep_us=9387576 queue_ms=29
fps: 60.0
vis: 60.0
cpu: exceptions=36131 cacheResets=1 batches=254477 verts=2818221 texStalls=0 recompiles=1786 underruns=4 overruns=0 sleep_us=9493644 queue_ms=35
fps: 60.0
vis: 60.0
cpu: exceptions=36659 cacheResets=1 batches=259847 verts=2850621 texStalls=0 recompiles=1786 underruns=4 overruns=0 sleep_us=9614548 queue_ms=31
fps: 60.0
vis: 60.0
cpu: exceptions=37209 cacheResets=1 batches=265217 verts=2883021 texStalls=0 recompiles=1786 underruns=4 overruns=0 sleep_us=9721005 queue_ms=36
fps: 60.0
vis: 60.0
cpu: exceptions=37760 cacheResets=1 batches=270587 verts=2915421 texStalls=0 recompiles=1786 underruns=4 overruns=0 sleep_us=9826982 queue_ms=32
fps: 60.0
vis: 60.0
cpu: exceptions=38293 cacheResets=1 batches=275956 verts=2947779 texStalls=0 recompiles=1787 underruns=4 overruns=0 sleep_us=9926068 queue_ms=29
fps: 60.0
vis: 60.0
cpu: exceptions=38887 cacheResets=1 batches=281326 verts=2979999 texStalls=0 recompiles=1787 underruns=4 overruns=0 sleep_us=10006957 queue_ms=34
fps: 59.9
vis: 60.0
cpu: exceptions=39484 cacheResets=1 batches=286696 verts=3012219 texStalls=0 recompiles=1787 underruns=4 overruns=0 sleep_us=10103357 queue_ms=30
fps: 60.0
vis: 60.0
cpu: exceptions=40000 cacheResets=1 batches=292066 verts=3044439 texStalls=0 recompiles=1787 underruns=4 overruns=0 sleep_us=10220279 queue_ms=36
fps: 60.0
vis: 60.0
cpu: exceptions=40524 cacheResets=1 batches=297436 verts=3076659 texStalls=0 recompiles=1787 underruns=4 overruns=0 sleep_us=10331809 queue_ms=31
fps: 60.0
vis: 60.0
cpu: exceptions=41054 cacheResets=1 batches=302806 verts=3108879 texStalls=0 recompiles=1787 underruns=4 overruns=0 sleep_us=10438605 queue_ms=37
fps: 60.0
vis: 60.0
cpu: exceptions=41579 cacheResets=1 batches=308176 verts=3141099 texStalls=0 recompiles=1787 underruns=4 overruns=0 sleep_us=10539481 queue_ms=33
fps: 60.0
vis: 60.0
cpu: exceptions=42139 cacheResets=1 batches=313546 verts=3173319 texStalls=0 recompiles=1787 underruns=4 overruns=0 sleep_us=10634884 queue_ms=29
fps: 60.0
vis: 60.0
cpu: exceptions=42686 cacheResets=1 batches=318916 verts=3205539 texStalls=0 recompiles=1787 underruns=4 overruns=0 sleep_us=10741179 queue_ms=35
fps: 60.0
vis: 60.0
cpu: exceptions=43213 cacheResets=1 batches=324286 verts=3237759 texStalls=0 recompiles=1787 underruns=4 overruns=0 sleep_us=10857266 queue_ms=30
fps: 59.8
vis: 60.0
cpu: exceptions=43755 cacheResets=1 batches=330046 verts=3272319 texStalls=0 recompiles=1793 underruns=4 overruns=0 sleep_us=10954234 queue_ms=36
fps: 60.3
vis: 60.0
cpu: exceptions=44321 cacheResets=1 batches=335014 verts=3302127 texStalls=0 recompiles=1793 underruns=4 overruns=0 sleep_us=11067774 queue_ms=32
fps: 60.0
vis: 60.0
cpu: exceptions=44898 cacheResets=1 batches=339394 verts=3328407 texStalls=0 recompiles=1794 underruns=4 overruns=0 sleep_us=11195353 queue_ms=38
fps: 60.0
vis: 60.0
cpu: exceptions=45428 cacheResets=1 batches=343774 verts=3354687 texStalls=0 recompiles=1794 underruns=4 overruns=0 sleep_us=11336007 queue_ms=33
fps: 60.0
vis: 60.0
cpu: exceptions=45942 cacheResets=1 batches=348154 verts=3380967 texStalls=0 recompiles=1794 underruns=4 overruns=0 sleep_us=11488240 queue_ms=40
fps: 60.0
vis: 60.0
cpu: exceptions=46436 cacheResets=1 batches=352534 verts=3407247 texStalls=0 recompiles=1794 underruns=4 overruns=0 sleep_us=11646208 queue_ms=35
fps: 60.0
vis: 60.0
cpu: exceptions=46923 cacheResets=1 batches=356914 verts=3433527 texStalls=0 recompiles=1794 underruns=4 overruns=0 sleep_us=11813885 queue_ms=32
fps: 60.0
vis: 60.0
cpu: exceptions=47426 cacheResets=1 batches=361294 verts=3459807 texStalls=0 recompiles=1794 underruns=4 overruns=0 sleep_us=11973067 queue_ms=38
fps: 60.0
vis: 60.0
cpu: exceptions=47935 cacheResets=1 batches=365674 verts=3486087 texStalls=0 recompiles=1794 underruns=4 overruns=0 sleep_us=12118364 queue_ms=33
fps: 60.0
vis: 60.0
cpu: exceptions=48452 cacheResets=1 batches=370054 verts=3512367 texStalls=0 recompiles=1794 underruns=4 overruns=0 sleep_us=12266917 queue_ms=39
fps: 60.0
vis: 60.0
cpu: exceptions=48973 cacheResets=1 batches=374427 verts=3538605 texStalls=0 recompiles=1800 underruns=4 overruns=0 sleep_us=12410720 queue_ms=35
fps: 60.0
vis: 60.0
cpu: exceptions=49512 cacheResets=1 batches=378797 verts=3564825 texStalls=0 recompiles=1803 underruns=4 overruns=0 sleep_us=12552768 queue_ms=40
fps: 59.8
vis: 60.0
cpu: exceptions=50047 cacheResets=1 batches=383177 verts=3591105 texStalls=0 recompiles=1803 underruns=4 overruns=0 sleep_us=12711117 queue_ms=36
fps: 60.0
vis: 60.0
cpu: exceptions=50571 cacheResets=1 batches=387557 verts=3617385 texStalls=0 recompiles=1803 underruns=4 overruns=0 sleep_us=12866239 queue_ms=33
fps: 60.0
vis: 60.0
cpu: exceptions=51098 cacheResets=1 batches=391937 verts=3643665 texStalls=0 recompiles=1803 underruns=4 overruns=0 sleep_us=13013660 queue_ms=37
fps: 60.0
vis: 60.0
cpu: exceptions=51609 cacheResets=1 batches=396317 verts=3669945 texStalls=0 recompiles=1803 underruns=4 overruns=0 sleep_us=13163348 queue_ms=34
fps: 60.0
vis: 60.0
cpu: exceptions=52114 cacheResets=1 batches=400697 verts=3696225 texStalls=0 recompiles=1803 underruns=4 overruns=0 sleep_us=13311481 queue_ms=31
fps: 60.0
vis: 60.0
cpu: exceptions=52623 cacheResets=1 batches=405077 verts=3722505 texStalls=0 recompiles=1803 underruns=4 overruns=0 sleep_us=13470535 queue_ms=35
fps: 60.0
vis: 60.0
cpu: exceptions=53119 cacheResets=1 batches=409457 verts=3748785 texStalls=0 recompiles=1803 underruns=4 overruns=0 sleep_us=13639924 queue_ms=32
fps: 60.0
vis: 60.0
cpu: exceptions=53628 cacheResets=1 batches=413837 verts=3775065 texStalls=0 recompiles=1803 underruns=4 overruns=0 sleep_us=13797796 queue_ms=37
fps: 60.0
vis: 60.0
cpu: exceptions=54156 cacheResets=1 batches=418210 verts=3801303 texStalls=0 recompiles=1804 underruns=4 overruns=0 sleep_us=13944335 queue_ms=33
vis: 60.0
cpu: exceptions=54928 cacheResets=1 batches=421255 verts=3819573 texStalls=0 recompiles=1810 underruns=4 overruns=0 sleep_us=14081157 queue_ms=39
vis: 60.0
cpu: exceptions=55929 cacheResets=1 batches=421255 verts=3819573 texStalls=0 recompiles=1814 underruns=4 overruns=0 sleep_us=14236059 queue_ms=35
fps: 17.1
vis: 60.0
cpu: exceptions=56586 cacheResets=1 batches=422525 verts=3835515 texStalls=0 recompiles=2000 underruns=6 overruns=0 sleep_us=14389307 queue_ms=93
fps: 24.3
vis: 60.0
cpu: exceptions=57053 cacheResets=1 batches=424594 verts=3872409 texStalls=0 recompiles=2001 underruns=6 overruns=0 sleep_us=14715543 queue_ms=78
fps: 20.0
vis: 60.0
cpu: exceptions=57523 cacheResets=1 batches=426654 verts=3909249 texStalls=0 recompiles=2001 underruns=6 overruns=0 sleep_us=15044464 queue_ms=75
fps: 20.0
vis: 60.0
cpu: exceptions=57993 cacheResets=1 batches=428714 verts=3946089 texStalls=0 recompiles=2001 underruns=6 overruns=0 sleep_us=15373361 queue_ms=79
fps: 8.9
vis: 55.7
cpu: exceptions=58498 cacheResets=1 batches=429204 verts=3956373 texStalls=0 recompiles=2042 underruns=6 overruns=0 sleep_us=15590621 queue_ms=42
vis: 60.0
cpu: exceptions=59000 cacheResets=1 batches=429984 verts=3985533 texStalls=0 recompiles=2056 underruns=6 overruns=0 sleep_us=15956994 queue_ms=38
fps: 21.1
vis: 60.0
cpu: exceptions=59470 cacheResets=1 batches=430764 verts=4014693 texStalls=0 recompiles=2056 underruns=6 overruns=0 sleep_us=16330300 queue_ms=44
fps: 20.0
vis: 60.0
cpu: exceptions=59940 cacheResets=1 batches=431544 verts=4043853 texStalls=0 recompiles=2056 underruns=6 overruns=0 sleep_us=16705772 queue_ms=40
fps: 20.0
vis: 60.0
cpu: exceptions=60410 cacheResets=1 batches=432324 verts=4073013 texStalls=0 recompiles=2057 underruns=6 overruns=0 sleep_us=17079722 queue_ms=46
fps: 20.0
vis: 60.0
cpu: exceptions=60880 cacheResets=1 batches=433104 verts=4102173 texStalls=0 recompiles=2057 underruns=6 overruns=0 sleep_us=17452906 queue_ms=41
fps: 20.0
vis: 60.0
cpu: exceptions=61350 cacheResets=1 batches=433884 verts=4131333 texStalls=0 recompiles=2057 underruns=6 overruns=0 sleep_us=17826166 queue_ms=39
fps: 20.0
vis: 60.0
cpu: exceptions=61820 cacheResets=1 batches=434664 verts=4160493 texStalls=0 recompiles=2057 underruns=6 overruns=0 sleep_us=18199662 queue_ms=43
fps: 20.0
vis: 60.0
cpu: exceptions=62351 cacheResets=1 batches=435444 verts=4189653 texStalls=0 recompiles=2057 underruns=6 overruns=0 sleep_us=18568770 queue_ms=41
fps: 20.0
vis: 60.0
cpu: exceptions=62821 cacheResets=1 batches=436224 verts=4218813 texStalls=0 recompiles=2057 underruns=6 overruns=0 sleep_us=18947250 queue_ms=45
fps: 20.0
vis: 60.0
cpu: exceptions=63291 cacheResets=1 batches=437004 verts=4247973 texStalls=0 recompiles=2057 underruns=6 overruns=0 sleep_us=19323848 queue_ms=41
fps: 20.0
vis: 60.0
cpu: exceptions=63761 cacheResets=1 batches=437784 verts=4277133 texStalls=0 recompiles=2058 underruns=6 overruns=0 sleep_us=19697911 queue_ms=46
fps: 20.0
vis: 60.0
cpu: exceptions=64231 cacheResets=1 batches=438564 verts=4306293 texStalls=0 recompiles=2058 underruns=6 overruns=0 sleep_us=20072019 queue_ms=43
fps: 20.0
vis: 60.0
cpu: exceptions=64701 cacheResets=1 batches=439344 verts=4335453 texStalls=0 recompiles=2058 underruns=6 overruns=0 sleep_us=20444566 queue_ms=38
fps: 20.0
vis: 60.0
cpu: exceptions=65171 cacheResets=1 batches=440124 verts=4364613 texStalls=0 recompiles=2058 underruns=6 overruns=0 sleep_us=20815896 queue_ms=44
fps: 20.0
vis: 60.0
cpu: exceptions=65641 cacheResets=1 batches=440904 verts=4393773 texStalls=0 recompiles=2058 underruns=6 overruns=0 sleep_us=21185842 queue_ms=40
fps: 20.0
vis: 60.0
cpu: exceptions=66112 cacheResets=1 batches=441684 verts=4422933 texStalls=0 recompiles=2062 underruns=6 overruns=0 sleep_us=21547374 queue_ms=45
fps: 20.0
vis: 60.0
cpu: exceptions=66582 cacheResets=1 batches=442464 verts=4452093 texStalls=0 recompiles=2062 underruns=6 overruns=0 sleep_us=21915504 queue_ms=42
fps: 20.0
vis: 60.0
cpu: exceptions=67052 cacheResets=1 batches=443244 verts=4481253 texStalls=0 recompiles=2062 underruns=6 overruns=0 sleep_us=22283215 queue_ms=47
fps: 20.0
vis: 60.0
cpu: exceptions=67522 cacheResets=1 batches=444024 verts=4510413 texStalls=0 recompiles=2062 underruns=6 overruns=0 sleep_us=22651244 queue_ms=43
fps: 20.0
vis: 60.0
cpu: exceptions=67992 cacheResets=1 batches=444804 verts=4539573 texStalls=0 recompiles=2062 underruns=6 overruns=0 sleep_us=23019314 queue_ms=40
fps: 20.0
vis: 60.0
cpu: exceptions=68462 cacheResets=1 batches=445584 verts=4568733 texStalls=0 recompiles=2062 underruns=6 overruns=0 sleep_us=23387462 queue_ms=44
fps: 20.0
vis: 60.0
cpu: exceptions=68932 cacheResets=1 batches=446364 verts=4597893 texStalls=0 recompiles=2062 underruns=6 overruns=0 sleep_us=23755647 queue_ms=41
fps: 20.0
vis: 60.0
cpu: exceptions=69402 cacheResets=1 batches=447144 verts=4627053 texStalls=0 recompiles=2063 underruns=6 overruns=0 sleep_us=24126325 queue_ms=46
fps: 20.0
vis: 60.0
cpu: exceptions=69872 cacheResets=1 batches=447924 verts=4656213 texStalls=0 recompiles=2064 underruns=6 overruns=0 sleep_us=24505138 queue_ms=42
fps: 20.0
vis: 60.0
cpu: exceptions=70342 cacheResets=1 batches=448704 verts=4685373 texStalls=0 recompiles=2064 underruns=6 overruns=0 sleep_us=24884182 queue_ms=39
fps: 20.0
vis: 60.0
cpu: exceptions=70812 cacheResets=1 batches=449484 verts=4714533 texStalls=0 recompiles=2064 underruns=6 overruns=0 sleep_us=25263571 queue_ms=44
fps: 20.0
vis: 60.0
cpu: exceptions=71282 cacheResets=1 batches=450264 verts=4743693 texStalls=0 recompiles=2064 underruns=6 overruns=0 sleep_us=25642948 queue_ms=40
fps: 20.0
vis: 60.0
cpu: exceptions=71753 cacheResets=1 batches=451044 verts=4772853 texStalls=0 recompiles=2064 underruns=6 overruns=0 sleep_us=26022262 queue_ms=46
fps: 20.0
vis: 60.0
cpu: exceptions=72273 cacheResets=1 batches=451824 verts=4802013 texStalls=0 recompiles=2064 underruns=6 overruns=0 sleep_us=26396859 queue_ms=42
fps: 20.0
vis: 60.0
cpu: exceptions=72743 cacheResets=1 batches=452604 verts=4831173 texStalls=0 recompiles=2064 underruns=6 overruns=0 sleep_us=26774243 queue_ms=47
fps: 20.0
vis: 60.0
cpu: exceptions=73213 cacheResets=1 batches=453384 verts=4860333 texStalls=0 recompiles=2064 underruns=6 overruns=0 sleep_us=27150125 queue_ms=44
fps: 20.0
vis: 60.0
cpu: exceptions=73683 cacheResets=1 batches=454164 verts=4889493 texStalls=0 recompiles=2064 underruns=6 overruns=0 sleep_us=27524217 queue_ms=39
fps: 20.0
vis: 60.0
cpu: exceptions=74153 cacheResets=1 batches=454944 verts=4918653 texStalls=0 recompiles=2064 underruns=6 overruns=0 sleep_us=27897171 queue_ms=45
fps: 20.0
vis: 60.0
cpu: exceptions=74623 cacheResets=1 batches=455724 verts=4947813 texStalls=0 recompiles=2064 underruns=6 overruns=0 sleep_us=28268699 queue_ms=41
fps: 20.0
vis: 60.0
cpu: exceptions=75093 cacheResets=1 batches=456504 verts=4976973 texStalls=0 recompiles=2064 underruns=6 overruns=0 sleep_us=28639273 queue_ms=46
fps: 20.0
vis: 60.0
cpu: exceptions=75563 cacheResets=1 batches=457284 verts=5006133 texStalls=0 recompiles=2064 underruns=6 overruns=0 sleep_us=29009843 queue_ms=44
fps: 20.0
vis: 60.0
cpu: exceptions=76033 cacheResets=1 batches=458064 verts=5035293 texStalls=0 recompiles=2064 underruns=6 overruns=0 sleep_us=29380333 queue_ms=48
fps: 20.0
vis: 60.0
cpu: exceptions=76503 cacheResets=1 batches=458844 verts=5064453 texStalls=0 recompiles=2064 underruns=6 overruns=0 sleep_us=29750816 queue_ms=44
fps: 20.0
vis: 60.0
cpu: exceptions=76973 cacheResets=1 batches=459624 verts=5093613 texStalls=0 recompiles=2064 underruns=6 overruns=0 sleep_us=30121312 queue_ms=50
fps: 20.0
vis: 60.0
cpu: exceptions=77443 cacheResets=1 batches=460404 verts=5122773 texStalls=0 recompiles=2064 underruns=6 overruns=0 sleep_us=30491377 queue_ms=46
fps: 20.0
vis: 60.0
cpu: exceptions=77951 cacheResets=1 batches=461184 verts=5151933 texStalls=0 recompiles=2064 underruns=6 overruns=0 sleep_us=30864616 queue_ms=43
fps: 20.0
vis: 60.0
cpu: exceptions=78421 cacheResets=1 batches=461964 verts=5181093 texStalls=0 recompiles=2064 underruns=6 overruns=0 sleep_us=31241901 queue_ms=47
fps: 20.0
vis: 60.0
cpu: exceptions=78891 cacheResets=1 batches=462744 verts=5210253 texStalls=0 recompiles=2064 underruns=6 overruns=0 sleep_us=31617745 queue_ms=44
fps: 20.0
vis: 60.0
cpu: exceptions=79361 cacheResets=1 batches=463524 verts=5239413 texStalls=0 recompiles=2064 underruns=6 overruns=0 sleep_us=31992263 queue_ms=49
fps: 20.0
vis: 60.0
cpu: exceptions=79831 cacheResets=1 batches=464304 verts=5268573 texStalls=0 recompiles=2064 underruns=6 overruns=0 sleep_us=32365527 queue_ms=45
fps: 20.0
vis: 60.0
cpu: exceptions=80302 cacheResets=1 batches=465084 verts=5297733 texStalls=0 recompiles=2064 underruns=6 overruns=0 sleep_us=32737812 queue_ms=42
fps: 20.0
vis: 60.0
cpu: exceptions=80772 cacheResets=1 batches=465864 verts=5326893 texStalls=0 recompiles=2064 underruns=6 overruns=0 sleep_us=33109975 queue_ms=46
fps: 20.0
vis: 60.0
cpu: exceptions=81242 cacheResets=1 batches=466644 verts=5356053 texStalls=0 recompiles=2064 underruns=6 overruns=0 sleep_us=33482481 queue_ms=43
fps: 20.0
vis: 60.0
cpu: exceptions=81712 cacheResets=1 batches=467424 verts=5385213 texStalls=0 recompiles=2064 underruns=6 overruns=0 sleep_us=33854926 queue_ms=49
fps: 20.0
vis: 60.0
cpu: exceptions=82182 cacheResets=1 batches=468204 verts=5414373 texStalls=0 recompiles=2064 underruns=6 overruns=0 sleep_us=34227351 queue_ms=44
fps: 20.0
vis: 60.0
cpu: exceptions=82652 cacheResets=1 batches=468984 verts=5443533 texStalls=0 recompiles=2064 underruns=6 overruns=0 sleep_us=34599803 queue_ms=41
fps: 20.0
vis: 60.0
cpu: exceptions=83122 cacheResets=1 batches=469764 verts=5472693 texStalls=0 recompiles=2064 underruns=6 overruns=0 sleep_us=34978221 queue_ms=47
fps: 20.0
vis: 60.0
cpu: exceptions=83592 cacheResets=1 batches=471184 verts=5505693 texStalls=0 recompiles=2064 underruns=6 overruns=0 sleep_us=35332185 queue_ms=42
fps: 19.8
vis: 60.0
cpu: exceptions=84062 cacheResets=1 batches=473244 verts=5542533 texStalls=0 recompiles=2064 underruns=6 overruns=0 sleep_us=35660918 queue_ms=48
fps: 20.0
vis: 60.0
cpu: exceptions=84532 cacheResets=1 batches=475304 verts=5579373 texStalls=0 recompiles=2064 underruns=6 overruns=0 sleep_us=35989451 queue_ms=44
fps: 20.0
vis: 60.0
cpu: exceptions=85049 cacheResets=1 batches=477364 verts=5616213 texStalls=0 recompiles=2064 underruns=6 overruns=0 sleep_us=36313912 queue_ms=49
fps: 20.0
vis: 60.0
cpu: exceptions=85519 cacheResets=1 batches=479424 verts=5653053 texStalls=0 recompiles=2064 underruns=6 overruns=0 sleep_us=36641057 queue_ms=46
fps: 20.0
vis: 60.0
cpu: exceptions=85989 cacheResets=1 batches=481484 verts=5689893 texStalls=0 recompiles=2064 underruns=6 overruns=0 sleep_us=36966560 queue_ms=50
fps: 20.0
vis: 60.0
cpu: exceptions=86459 cacheResets=1 batches=483544 verts=5726733 texStalls=0 recompiles=2069 underruns=6 overruns=0 sleep_us=37290524 queue_ms=47
fps: 20.0
vis: 60.0
cpu: exceptions=86929 cacheResets=1 batches=485604 verts=5763573 texStalls=0 recompiles=2069 underruns=6 overruns=0 sleep_us=37613573 queue_ms=44
fps: 20.0
vis: 60.0
cpu: exceptions=87399 cacheResets=1 batches=487664 verts=5800413 texStalls=0 recompiles=2069 underruns=6 overruns=0 sleep_us=37935216 queue_ms=48
fps: 20.0
vis: 60.0
cpu: exceptions=87870 cacheResets=1 batches=489724 verts=5837253 texStalls=0 recompiles=2069 underruns=6 overruns=0 sleep_us=38255079 queue_ms=45
fps: 20.0
vis: 60.0
cpu: exceptions=88340 cacheResets=1 batches=491784 verts=5874093 texStalls=0 recompiles=2069 underruns=6 overruns=0 sleep_us=38575285 queue_ms=50
fps: 20.0
vis: 60.0
cpu: exceptions=88810 cacheResets=1 batches=493844 verts=5910933 texStalls=0 recompiles=2069 underruns=6 overruns=0 sleep_us=38895668 queue_ms=46
fps: 20.0
vis: 60.0
cpu: exceptions=89280 cacheResets=1 batches=495904 verts=5947773 texStalls=0 recompiles=2069 underruns=6 overruns=0 sleep_us=39215697 queue_ms=43
fps: 20.0
vis: 60.0
cpu: exceptions=89750 cacheResets=1 batches=497964 verts=5984613 texStalls=0 recompiles=2069 underruns=6 overruns=0 sleep_us=39535867 queue_ms=47
fps: 20.0
vis: 60.0
cpu: exceptions=90220 cacheResets=1 batches=500024 verts=6021453 texStalls=0 recompiles=2069 underruns=6 overruns=0 sleep_us=39856134 queue_ms=44
fps: 20.0
vis: 60.0
cpu: exceptions=90690 cacheResets=1 batches=502084 verts=6058293 texStalls=0 recompiles=2069 underruns=6 overruns=0 sleep_us=40180998 queue_ms=50
fps: 20.0
vis: 60.0
cpu: exceptions=91160 cacheResets=1 batches=504144 verts=6095133 texStalls=0 recompiles=2069 underruns=6 overruns=0 sleep_us=40509854 queue_ms=46
fps: 20.0
vis: 60.0
cpu: exceptions=91630 cacheResets=1 batches=506204 verts=6131973 texStalls=0 recompiles=2069 underruns=6 overruns=0 sleep_us=40838379 queue_ms=50
fps: 20.0
vis: 60.0
cpu: exceptions=92100 cacheResets=1 batches=508264 verts=6168813 texStalls=0 recompiles=2069 underruns=6 overruns=0 sleep_us=41167352 queue_ms=48
fps: 20.0
vis: 60.0
cpu: exceptions=92577 cacheResets=1 batches=510324 verts=6205653 texStalls=0 recompiles=2080 underruns=6 overruns=0 sleep_us=41481359 queue_ms=43
fps: 20.0
vis: 60.0
cpu: exceptions=93055 cacheResets=1 batches=512384 verts=6242493 texStalls=0 recompiles=2080 underruns=6 overruns=0 sleep_us=41796552 queue_ms=49
fps: 20.0
vis: 60.0
cpu: exceptions=93533 cacheResets=1 batches=514444 verts=6279333 texStalls=0 recompiles=2080 underruns=6 overruns=0 sleep_us=42111829 queue_ms=44
fps: 20.0
vis: 60.0
cpu: exceptions=94012 cacheResets=1 batches=516504 verts=6316173 texStalls=0 recompiles=2080 underruns=6 overruns=0 sleep_us=42430856 queue_ms=50
fps: 20.0
vis: 60.0
cpu: exceptions=94490 cacheResets=1 batches=518564 verts=6353013 texStalls=0 recompiles=2080 underruns=6 overruns=0 sleep_us=42746100 queue_ms=46
fps: 20.0
vis: 60.0
cpu: exceptions=94960 cacheResets=1 batches=520624 verts=6389853 texStalls=0 recompiles=2080 underruns=6 overruns=0 sleep_us=43069614 queue_ms=51
fps: 20.0
vis: 60.0
cpu: exceptions=95430 cacheResets=1 batches=522684 verts=6426693 texStalls=0 recompiles=2080 underruns=6 overruns=0 sleep_us=43398525 queue_ms=48
fps: 20.0
vis: 60.0
cpu: exceptions=95900 cacheResets=1 batches=524744 verts=6463533 texStalls=0 recompiles=2080 underruns=6 overruns=0 sleep_us=43727533 queue_ms=44
fps: 20.0
vis: 60.0
cpu: exceptions=96370 cacheResets=1 batches=526804 verts=6500373 texStalls=0 recompiles=2082 underruns=6 overruns=0 sleep_us=44053876 queue_ms=49
vis: 60.0
cpu: exceptions=97178 cacheResets=1 batches=527216 verts=6507741 texStalls=0 recompiles=2084 underruns=6 overruns=0 sleep_us=44291901 queue_ms=46
vis: 60.0
cpu: exceptions=98001 cacheResets=1 batches=527216 verts=6507741 texStalls=0 recompiles=2118 underruns=6 overruns=0 sleep_us=44511155 queue_ms=51
fps: 4.2
vis: 60.0
cpu: exceptions=98756 cacheResets=1 batches=528790 verts=6536451 texStalls=0 recompiles=2235 underruns=6 overruns=0 sleep_us=44600656 queue_ms=46
fps: 22.2
vis: 59.6
cpu: exceptions=99300 cacheResets=1 batches=530974 verts=6572235 texStalls=0 recompiles=2243 underruns=6 overruns=0 sleep_us=44778688 queue_ms=30
fps: 19.7
vis: 59.1
cpu: exceptions=99890 cacheResets=1 batches=533888 verts=6622884 texStalls=0 recompiles=2252 underruns=6 overruns=0 sleep_us=44880829 queue_ms=27
fps: 19.7
vis: 59.1
cpu: exceptions=100509 cacheResets=1 batches=537201 verts=6680940 texStalls=0 recompiles=2252 underruns=6 overruns=0 sleep_us=44945010 queue_ms=14
fps: 19.7
vis: 59.1
cpu: exceptions=101129 cacheResets=1 batches=540589 verts=6739746 texStalls=0 recompiles=2254 underruns=7 overruns=0 sleep_us=45025570 queue_ms=20
fps: 19.7
vis: 58.2
cpu: exceptions=101741 cacheResets=1 batches=544473 verts=6806892 texStalls=0 recompiles=2264 underruns=9 overruns=0 sleep_us=45107432 queue_ms=25
fps: 19.2
vis: 58.6
cpu: exceptions=102374 cacheResets=1 batches=549900 verts=6892785 texStalls=0 recompiles=2264 underruns=10 overruns=0 sleep_us=45122174 queue_ms=21
fps: 19.6
vis: 58.7
cpu: exceptions=103006 cacheResets=1 batches=555094 verts=6970971 texStalls=0 recompiles=2264 underruns=11 overruns=0 sleep_us=45141095 queue_ms=18
fps: 19.6
vis: 58.7
cpu: exceptions=103621 cacheResets=1 batches=560254 verts=7048491 texStalls=0 recompiles=2264 underruns=12 overruns=0 sleep_us=45160578 queue_ms=13
fps: 19.6
vis: 58.7
cpu: exceptions=104223 cacheResets=1 batches=565414 verts=7126011 texStalls=0 recompiles=2264 underruns=13 overruns=0 sleep_us=45197505 queue_ms=10
fps: 19.6
vis: 58.7
cpu: exceptions=104818 cacheResets=1 batches=570559 verts=7203441 texStalls=0 recompiles=2264 underruns=14 overruns=0 sleep_us=45236643 queue_ms=24
fps: 19.6
vis: 58.7
cpu: exceptions=105437 cacheResets=1 batches=575614 verts=7280331 texStalls=0 recompiles=2264 underruns=15 overruns=0 sleep_us=45279320 queue_ms=20
fps: 19.6
vis: 58.8
cpu: exceptions=106045 cacheResets=1 batches=580614 verts=7356891 texStalls=0 recompiles=2264 underruns=16 overruns=0 sleep_us=45324608 queue_ms=17
fps: 19.6
vis: 58.7
cpu: exceptions=106628 cacheResets=1 batches=585663 verts=7434102 texStalls=0 recompiles=2264 underruns=17 overruns=0 sleep_us=45375402 queue_ms=13
fps: 19.6
vis: 58.8
cpu: exceptions=107218 cacheResets=1 batches=590696 verts=7511013 texStalls=0 recompiles=2264 underruns=18 overruns=0 sleep_us=45432872 queue_ms=18
fps: 19.6
vis: 58.8
cpu: exceptions=107799 cacheResets=1 batches=595716 verts=7587693 texStalls=0 recompiles=2264 underruns=19 overruns=0 sleep_us=45502474 queue_ms=15
fps: 19.6
vis: 58.8
cpu: exceptions=108352 cacheResets=1 batches=600738 verts=7664385 texStalls=0 recompiles=2264 underruns=20 overruns=0 sleep_us=45592551 queue_ms=10
fps: 19.6
vis: 58.8
cpu: exceptions=108925 cacheResets=1 batches=605778 verts=7741185 texStalls=0 recompiles=2264 underruns=21 overruns=0 sleep_us=45667269 queue_ms=25
fps: 19.6
vis: 58.6
cpu: exceptions=109513 cacheResets=1 batches=610999 verts=7823865 texStalls=0 recompiles=2264 underruns=22 overruns=0 sleep_us=45734816 queue_ms=21
fps: 19.5
vis: 58.6
cpu: exceptions=110120 cacheResets=1 batches=616549 verts=7920465 texStalls=0 recompiles=2264 underruns=23 overruns=0 sleep_us=45787966 queue_ms=17
fps: 19.5
vis: 58.6
cpu: exceptions=110717 cacheResets=1 batches=622099 verts=8017065 texStalls=0 recompiles=2264 underruns=24 overruns=0 sleep_us=45857422 queue_ms=14
fps: 19.5
vis: 58.6
cpu: exceptions=111313 cacheResets=1 batches=627649 verts=8113665 texStalls=0 recompiles=2264 underruns=26 overruns=0 sleep_us=45913775 queue_ms=19
fps: 19.6
vis: 58.7
cpu: exceptions=111922 cacheResets=1 batches=632923 verts=8197479 texStalls=0 recompiles=2272 underruns=27 overruns=0 sleep_us=45952832 queue_ms=15
fps: 19.6
vis: 58.7
cpu: exceptions=112521 cacheResets=1 batches=638148 verts=8276271 texStalls=0 recompiles=2272 underruns=28 overruns=0 sleep_us=46004891 queue_ms=12
fps: 19.6
vis: 58.8
cpu: exceptions=113095 cacheResets=1 batches=643426 verts=8355477 texStalls=0 recompiles=2272 underruns=29 overruns=0 sleep_us=46067375 queue_ms=17
fps: 19.5
vis: 58.4
cpu: exceptions=113678 cacheResets=1 batches=649105 verts=8443788 texStalls=0 recompiles=2272 underruns=31 overruns=0 sleep_us=46115363 queue_ms=13
fps: 19.4
vis: 58.3
cpu: exceptions=114257 cacheResets=1 batches=655524 verts=8555718 texStalls=0 recompiles=2272 underruns=33 overruns=0 sleep_us=46143934 queue_ms=18
fps: 19.5
vis: 58.4
cpu: exceptions=114821 cacheResets=1 batches=661807 verts=8666007 texStalls=0 recompiles=2272 underruns=34 overruns=0 sleep_us=46189414 queue_ms=15
fps: 19.5
vis: 58.5
cpu: exceptions=115389 cacheResets=1 batches=667923 verts=8772066 texStalls=0 recompiles=2272 underruns=36 overruns=0 sleep_us=46245286 queue_ms=20
fps: 19.5
vis: 58.5
cpu: exceptions=115949 cacheResets=1 batches=673896 verts=8873355 texStalls=0 recompiles=2272 underruns=37 overruns=0 sleep_us=46300651 queue_ms=16
fps: 19.5
vis: 58.5
cpu: exceptions=116491 cacheResets=1 batches=679837 verts=8974239 texStalls=0 recompiles=2274 underruns=38 overruns=0 sleep_us=46364840 queue_ms=12
fps: 19.5
vis: 58.6
cpu: exceptions=117043 cacheResets=1 batches=685700 verts=9073839 texStalls=0 recompiles=2274 underruns=40 overruns=0 sleep_us=46437215 queue_ms=18
fps: 19.0
vis: 57.0
cpu: exceptions=117577 cacheResets=1 batches=692771 verts=9194844 texStalls=0 recompiles=2287 underruns=43 overruns=0 sleep_us=46468622 queue_ms=24
fps: 17.2
vis: 48.2
cpu: exceptions=118117 cacheResets=1 batches=700809 verts=9332301 texStalls=0 recompiles=2288 underruns=51 overruns=0 sleep_us=46468622 queue_ms=8
fps: 16.0
vis: 46.5
cpu: exceptions=118663 cacheResets=1 batches=707930 verts=9454491 texStalls=0 recompiles=2292 underruns=58 overruns=0 sleep_us=46479640 queue_ms=22
fps: 16.3
vis: 51.0
cpu: exceptions=119313 cacheResets=1 batches=714029 verts=9558714 texStalls=0 recompiles=2297 underruns=66 overruns=0 sleep_us=46485893 queue_ms=14
fps: 17.9
vis: 56.5
cpu: exceptions=120005 cacheResets=1 batches=719877 verts=9657984 texStalls=0 recompiles=2297 underruns=70 overruns=0 sleep_us=46498959 queue_ms=29
fps: 19.1
vis: 55.8
cpu: exceptions=120663 cacheResets=1 batches=726195 verts=9760752 texStalls=0 recompiles=2297 underruns=72 overruns=0 sleep_us=46498959 queue_ms=10
fps: 18.9
vis: 57.7
cpu: exceptions=121371 cacheResets=1 batches=732452 verts=9861174 texStalls=0 recompiles=2297 underruns=74 overruns=0 sleep_us=46511265 queue_ms=15
fps: 19.6
vis: 58.8
cpu: exceptions=121967 cacheResets=1 batches=738069 verts=9939936 texStalls=0 recompiles=2297 underruns=75 overruns=0 sleep_us=46581115 queue_ms=20
fps: 19.6
vis: 58.7
cpu: exceptions=122646 cacheResets=1 batches=743722 verts=10019100 texStalls=0 recompiles=2298 underruns=76 overruns=0 sleep_us=46616385 queue_ms=17
fps: 19.6
vis: 58.8
cpu: exceptions=123354 cacheResets=1 batches=749498 verts=10099161 texStalls=0 recompiles=2301 underruns=77 overruns=0 sleep_us=46655025 queue_ms=12
fps: 19.6
vis: 58.9
cpu: exceptions=124038 cacheResets=1 batches=754828 verts=10170285 texStalls=0 recompiles=2302 underruns=78 overruns=0 sleep_us=46701207 queue_ms=9
fps: 19.6
vis: 58.9
cpu: exceptions=124727 cacheResets=1 batches=760319 verts=10244241 texStalls=0 recompiles=2302 underruns=79 overruns=0 sleep_us=46745122 queue_ms=15
fps: 19.6
vis: 58.2
cpu: exceptions=125448 cacheResets=1 batches=765947 verts=10322550 texStalls=0 recompiles=2302 underruns=81 overruns=0 sleep_us=46793179 queue_ms=19
fps: 18.7
vis: 57.3
cpu: exceptions=126137 cacheResets=1 batches=772175 verts=10430280 texStalls=0 recompiles=2302 underruns=84 overruns=0 sleep_us=46805720 queue_ms=27
fps: 19.0
vis: 55.8
cpu: exceptions=126796 cacheResets=1 batches=779108 verts=10549980 texStalls=0 recompiles=2302 underruns=86 overruns=0 sleep_us=46805720 queue_ms=16
fps: 19.2
vis: 57.8
cpu: exceptions=127472 cacheResets=1 batches=786022 verts=10669644 texStalls=0 recompiles=2302 underruns=87 overruns=0 sleep_us=46820132 queue_ms=13
fps: 19.2
vis: 57.7
cpu: exceptions=128162 cacheResets=1 batches=792912 verts=10789104 texStalls=0 recompiles=2302 underruns=90 overruns=0 sleep_us=46834584 queue_ms=18
fps: 19.3
vis: 57.5
cpu: exceptions=128845 cacheResets=1 batches=799802 verts=10908564 texStalls=0 recompiles=2303 underruns=92 overruns=0 sleep_us=46848786 queue_ms=14
fps: 18.6
vis: 57.1
cpu: exceptions=129552 cacheResets=1 batches=806003 verts=11016078 texStalls=0 recompiles=2303 underruns=96 overruns=0 sleep_us=46861434 queue_ms=30
fps: 18.9
vis: 55.0
cpu: exceptions=130252 cacheResets=1 batches=812893 verts=11135538 texStalls=0 recompiles=2303 underruns=99 overruns=0 sleep_us=46861434 queue_ms=10
fps: 18.5
vis: 57.1
cpu: exceptions=130957 cacheResets=1 batches=819094 verts=11243052 texStalls=0 recompiles=2303 underruns=102 overruns=0 sleep_us=46873950 queue_ms=27
fps: 19.0
vis: 55.5
cpu: exceptions=131627 cacheResets=1 batches=825984 verts=11362512 texStalls=0 recompiles=2303 underruns=105 overruns=0 sleep_us=46873950 queue_ms=16
vis: 57.1
cpu: exceptions=132334 cacheResets=1 batches=832185 verts=11470026 texStalls=0 recompiles=2303 underruns=108 overruns=0 sleep_us=46886407 queue_ms=23
fps: 18.5
vis: 55.2
cpu: exceptions=133026 cacheResets=1 batches=839075 verts=11589486 texStalls=0 recompiles=2304 underruns=111 overruns=0 sleep_us=46886407 queue_ms=12
fps: 18.5
vis: 58.1
cpu: exceptions=133688 cacheResets=1 batches=845965 verts=11708946 texStalls=0 recompiles=2304 underruns=113 overruns=0 sleep_us=46898587 queue_ms=18
fps: 19.4
vis: 60.0
cpu: exceptions=134521 cacheResets=1 batches=849410 verts=11768676 texStalls=0 recompiles=2313 underruns=114 overruns=0 sleep_us=47015072 queue_ms=32
vis: 60.0
cpu: exceptions=135208 cacheResets=1 batches=849410 verts=11768676 texStalls=0 recompiles=2314 underruns=114 overruns=0 sleep_us=47239806 queue_ms=29
fps: 4.3
vis: 60.0
cpu: exceptions=135848 cacheResets=1 batches=850594 verts=11802051 texStalls=0 recompiles=2450 underruns=116 overruns=0 sleep_us=47446020 queue_ms=43
fps: 23.1
vis: 60.0
cpu: exceptions=136355 cacheResets=1 batches=852221 verts=11845593 texStalls=0 recompiles=2451 underruns=116 overruns=0 sleep_us=47787145 queue_ms=44
fps: 20.0
vis: 60.0
cpu: exceptions=136848 cacheResets=1 batches=853831 verts=11889033 texStalls=0 recompiles=2451 underruns=116 overruns=0 sleep_us=48128790 queue_ms=50
fps: 20.0
vis: 60.0
cpu: exceptions=137347 cacheResets=1 batches=855438 verts=11932455 texStalls=0 recompiles=2451 underruns=116 overruns=0 sleep_us=48461268 queue_ms=46
fps: 20.0
vis: 60.0
cpu: exceptions=137842 cacheResets=1 batches=857038 verts=11975835 texStalls=0 recompiles=2451 underruns=116 overruns=0 sleep_us=48784965 queue_ms=43
fps: 20.0
vis: 60.0
cpu: exceptions=138371 cacheResets=1 batches=858626 verts=12019143 texStalls=0 recompiles=2452 underruns=116 overruns=0 sleep_us=49111100 queue_ms=48
fps: 20.0
vis: 60.0
cpu: exceptions=138866 cacheResets=1 batches=860233 verts=12062565 texStalls=0 recompiles=2452 underruns=116 overruns=0 sleep_us=49438117 queue_ms=44
fps: 20.0
vis: 60.0
cpu: exceptions=139378 cacheResets=1 batches=861843 verts=12106005 texStalls=0 recompiles=2452 underruns=116 overruns=0 sleep_us=49762245 queue_ms=50
fps: 20.0
vis: 60.0
cpu: exceptions=139870 cacheResets=1 batches=863458 verts=12149475 texStalls=0 recompiles=2452 underruns=116 overruns=0 sleep_us=50090855 queue_ms=45
fps: 20.0
vis: 60.0
cpu: exceptions=140373 cacheResets=1 batches=865078 verts=12192975 texStalls=0 recompiles=2452 underruns=116 overruns=0 sleep_us=50412122 queue_ms=51
fps: 20.0
vis: 60.0
cpu: exceptions=140878 cacheResets=1 batches=866683 verts=12236385 texStalls=0 recompiles=2454 underruns=116 overruns=0 sleep_us=50717076 queue_ms=47
fps: 20.0
vis: 60.0
cpu: exceptions=141385 cacheResets=1 batches=868273 verts=12279705 texStalls=0 recompiles=2454 underruns=116 overruns=0 sleep_us=51009322 queue_ms=52
fps: 20.0
vis: 60.0
cpu: exceptions=141866 cacheResets=1 batches=869855 verts=12322977 texStalls=0 recompiles=2454 underruns=116 overruns=0 sleep_us=51329146 queue_ms=49
fps: 20.0
vis: 60.0
cpu: exceptions=142345 cacheResets=1 batches=871437 verts=12366249 texStalls=0 recompiles=2454 underruns=116 overruns=0 sleep_us=51657626 queue_ms=45
fps: 20.0
vis: 60.0
cpu: exceptions=142840 cacheResets=1 batches=873000 verts=12409407 texStalls=0 recompiles=2454 underruns=116 overruns=0 sleep_us=51983424 queue_ms=50
fps: 20.0
vis: 60.0
cpu: exceptions=143323 cacheResets=1 batches=874533 verts=12452385 texStalls=0 recompiles=2454 underruns=116 overruns=0 sleep_us=52318431 queue_ms=47
fps: 20.0
vis: 60.0
cpu: exceptions=143807 cacheResets=1 batches=876085 verts=12495477 texStalls=0 recompiles=2454 underruns=116 overruns=0 sleep_us=52646516 queue_ms=42
fps: 20.0
vis: 60.0
cpu: exceptions=144299 cacheResets=1 batches=877657 verts=12538689 texStalls=0 recompiles=2454 underruns=116 overruns=0 sleep_us=52964640 queue_ms=48
fps: 20.0
vis: 60.0
cpu: exceptions=144780 cacheResets=1 batches=879244 verts=12581991 texStalls=0 recompiles=2454 underruns=116 overruns=0 sleep_us=53290243 queue_ms=44
fps: 20.0
vis: 60.0
cpu: exceptions=145278 cacheResets=1 batches=880840 verts=12625347 texStalls=0 recompiles=2454 underruns=116 overruns=0 sleep_us=53612565 queue_ms=49
fps: 20.0
vis: 60.0
cpu: exceptions=145782 cacheResets=1 batches=882450 verts=12668787 texStalls=0 recompiles=2454 underruns=116 overruns=0 sleep_us=53932918 queue_ms=46
fps: 20.0
vis: 60.0
cpu: exceptions=146268 cacheResets=1 batches=884079 verts=12712341 texStalls=0 recompiles=2454 underruns=116 overruns=0 sleep_us=54260584 queue_ms=51
fps: 20.0
vis: 60.0
cpu: exceptions=146765 cacheResets=1 batches=885719 verts=12755961 texStalls=0 recompiles=2454 underruns=116 overruns=0 sleep_us=54581197 queue_ms=48
fps: 20.0
vis: 60.0
cpu: exceptions=147252 cacheResets=1 batches=887363 verts=12799605 texStalls=0 recompiles=2454 underruns=116 overruns=0 sleep_us=54905201 queue_ms=44
fps: 20.0
vis: 60.0
cpu: exceptions=147726 cacheResets=1 batches=889009 verts=12843261 texStalls=0 recompiles=2454 underruns=116 overruns=0 sleep_us=55232254 queue_ms=48
fps: 20.0
vis: 60.0
cpu: exceptions=148197 cacheResets=1 batches=890645 verts=12886857 texStalls=0 recompiles=2454 underruns=116 overruns=0 sleep_us=55560761 queue_ms=45
fps: 20.0
vis: 60.0
cpu: exceptions=148677 cacheResets=1 batches=892302 verts=12930579 texStalls=0 recompiles=2454 underruns=116 overruns=0 sleep_us=55888707 queue_ms=50
fps: 20.0
vis: 60.0
cpu: exceptions=149164 cacheResets=1 batches=893962 verts=12974319 texStalls=0 recompiles=2454 underruns=116 overruns=0 sleep_us=56217456 queue_ms=46
fps: 20.0
vis: 60.0
cpu: exceptions=149652 cacheResets=1 batches=895622 verts=13018059 texStalls=0 recompiles=2454 underruns=116 overruns=0 sleep_us=56552935 queue_ms=52
fps: 20.0
vis: 60.0
cpu: exceptions=150152 cacheResets=1 batches=897282 verts=13061799 texStalls=0 recompiles=2454 underruns=116 overruns=0 sleep_us=56881511 queue_ms=47
fps: 20.0
vis: 60.0
cpu: exceptions=150667 cacheResets=1 batches=898942 verts=13105539 texStalls=0 recompiles=2454 underruns=116 overruns=0 sleep_us=57200589 queue_ms=53
fps: 20.0
vis: 60.0
cpu: exceptions=151163 cacheResets=1 batches=900602 verts=13149279 texStalls=0 recompiles=2454 underruns=116 overruns=0 sleep_us=57526235 queue_ms=50
fps: 20.0
vis: 60.0
cpu: exceptions=151670 cacheResets=1 batches=902262 verts=13193019 texStalls=0 recompiles=2454 underruns=116 overruns=0 sleep_us=57850420 queue_ms=45
fps: 20.0
vis: 60.0
cpu: exceptions=152181 cacheResets=1 batches=903922 verts=13236759 texStalls=0 recompiles=2454 underruns=116 overruns=0 sleep_us=58171125 queue_ms=51
fps: 20.0
vis: 60.0
cpu: exceptions=152667 cacheResets=1 batches=905582 verts=13280499 texStalls=0 recompiles=2454 underruns=116 overruns=0 sleep_us=58500393 queue_ms=47
fps: 20.0
vis: 60.0
cpu: exceptions=153174 cacheResets=1 batches=907242 verts=13324239 texStalls=0 recompiles=2454 underruns=116 overruns=0 sleep_us=58820186 queue_ms=52
fps: 20.0
vis: 60.0
cpu: exceptions=153660 cacheResets=1 batches=908902 verts=13367979 texStalls=0 recompiles=2454 underruns=116 overruns=0 sleep_us=59149214 queue_ms=49
fps: 20.0
vis: 60.0
cpu: exceptions=154136 cacheResets=1 batches=910562 verts=13411719 texStalls=0 recompiles=2454 underruns=116 overruns=0 sleep_us=59478984 queue_ms=44
fps: 20.0
vis: 60.0
cpu: exceptions=154623 cacheResets=1 batches=912222 verts=13455459 texStalls=0 recompiles=2454 underruns=116 overruns=0 sleep_us=59806166 queue_ms=50
fps: 20.0
vis: 60.0
cpu: exceptions=155108 cacheResets=1 batches=913882 verts=13499199 texStalls=0 recompiles=2454 underruns=116 overruns=0 sleep_us=60132458 queue_ms=47
fps: 20.0
vis: 60.0
cpu: exceptions=155616 cacheResets=1 batches=915542 verts=13542939 texStalls=0 recompiles=2454 underruns=116 overruns=0 sleep_us=60452090 queue_ms=51
fps: 20.0
vis: 60.0
cpu: exceptions=156118 cacheResets=1 batches=917202 verts=13586679 texStalls=0 recompiles=2454 underruns=116 overruns=0 sleep_us=60777328 queue_ms=48
fps: 20.0
vis: 60.0
cpu: exceptions=156606 cacheResets=1 batches=918862 verts=13630419 texStalls=0 recompiles=2454 underruns=116 overruns=0 sleep_us=61099326 queue_ms=53
fps: 20.0
vis: 60.0
cpu: exceptions=157094 cacheResets=1 batches=920522 verts=13674159 texStalls=0 recompiles=2454 underruns=116 overruns=0 sleep_us=61422873 queue_ms=49
fps: 20.0
vis: 60.0
cpu: exceptions=157580 cacheResets=1 batches=922182 verts=13717899 texStalls=0 recompiles=2454 underruns=116 overruns=0 sleep_us=61744483 queue_ms=46
fps: 20.0
vis: 60.0
cpu: exceptions=158061 cacheResets=1 batches=923842 verts=13761639 texStalls=0 recompiles=2454 underruns=116 overruns=0 sleep_us=62065736 queue_ms=51
fps: 20.0
vis: 60.0
cpu: exceptions=158575 cacheResets=1 batches=925502 verts=13805379 texStalls=0 recompiles=2454 underruns=116 overruns=0 sleep_us=62378216 queue_ms=47
fps: 20.0
vis: 60.0
cpu: exceptions=159076 cacheResets=1 batches=927162 verts=13849119 texStalls=0 recompiles=2454 underruns=116 overruns=0 sleep_us=62701920 queue_ms=53
fps: 20.0
vis: 60.0
cpu: exceptions=159560 cacheResets=1 batches=928822 verts=13892859 texStalls=0 recompiles=2454 underruns=116 overruns=0 sleep_us=63027972 queue_ms=48
fps: 20.0
vis: 60.0
cpu: exceptions=160043 cacheResets=1 batches=930482 verts=13936599 texStalls=0 recompiles=2454 underruns=116 overruns=0 sleep_us=63357231 queue_ms=54
fps: 20.0
vis: 60.0
cpu: exceptions=160525 cacheResets=1 batches=932142 verts=13980339 texStalls=0 recompiles=2454 underruns=116 overruns=0 sleep_us=63686470 queue_ms=51
fps: 20.0
vis: 60.0
cpu: exceptions=160999 cacheResets=1 batches=933802 verts=14024079 texStalls=0 recompiles=2454 underruns=116 overruns=0 sleep_us=64016331 queue_ms=46
fps: 20.0
mark: stop reason: chain guest VI limit
mark: stop_it requested
audio: alist_resample_calls=211786 alist_resample_samples=37672512 alist_zoh_calls=0 alist_zoh_samples=0 musyx_subframes=0 musyx_voices=0 musyx_voice_peak=0
audio_stages: adpcm_calls=216865 adpcm_samples=36301680 envmix_calls=201394 envmix_samples=35823872 mix_calls=176089 mix_samples=57642904 musyx_fx_calls=0 musyx_fx_taps=0 output_calls=8963 output_samples=4783632
audio_envmix: exp_calls=0 ge_calls=0 lin_calls=0 nead_calls=201394 exp_steady=0 ge_steady=0 lin_steady=0
audio_gaps: nead_mats=0 nead_efz=0 resample_flag2=0 musyx_ptr10=0
audio_output: stream_requests=18767 stream_fed=16604 input_hz=32006 playback_hz=32006 queue_peak_ms=108
audio_time: stage=resample sampled_calls=1667 sampled_samples=296392 sampled_us=25382
audio_time: stage=zoh sampled_calls=0 sampled_samples=0 sampled_us=0
audio_time: stage=adpcm sampled_calls=1707 sampled_samples=285504 sampled_us=20970
audio_time: stage=envmix_exp sampled_calls=0 sampled_samples=0 sampled_us=0
audio_time: stage=envmix_ge sampled_calls=0 sampled_samples=0 sampled_us=0
audio_time: stage=envmix_lin sampled_calls=0 sampled_samples=0 sampled_us=0
audio_time: stage=envmix_nead sampled_calls=1585 sampled_samples=282080 sampled_us=27676
audio_time: stage=mix sampled_calls=1386 sampled_samples=453216 sampled_us=9508
audio_time: stage=musyx_voice sampled_calls=0 sampled_samples=0 sampled_us=0
audio_time: stage=musyx_fx sampled_calls=0 sampled_samples=0 sampled_us=0
audio_time: stage=output sampled_calls=70 sampled_samples=37376 sampled_us=172
gpu_counters: clks=0 tb_clks=36869564752 ras_busy=0 xf_wait_in=0 xf_wait_out=0 ras_peak_permille=0 ztop_in=0 ztop_out=0 z_in=0 z_out=0 blend_in=0 copy_clks=0 fifo_overflows=4
game: n=9/9 how=vis vis=9000 vi_rate=60 vi0_retrace=38117 wall_us=151726546 sleep_us=64274337 avg_vis=59.16 avg_fps=28.69 exceptions=161364 cacheResets=1 recompiles=2454 batches=934964 verts=14054697 texStalls=0 treeDepthMax=12 underruns=116 overruns=0 queue_peak_ms=93 dsp_avg=3.83 dsp_peak=5.50 dsp_samples=302 pmc1=110345703695 pmc2=0 pmc3=0 pmc4=0 mmcr0=00000042 mmcr1=00000000 heap_used=10941432 heap_free=86376 arena1_free=204800 arena2_free=288704 flushes=17 flush_us=14780 padtrace=27 rom=sd:/wii64/roms/Zelda Ocarina of Time Master Quest.v64
=== chain 9/9 end vis=9000 how=vis rom=sd:/wii64/roms/Zelda Ocarina of Time Master Quest.v64 ===
