--- wii64 perf log ---
mark: diag config: wiiload arguments
mark: wiiload dynacore argument received
mark: diag received dynacore line
mark: diag requested core: dynarec
mark: pad replay records: 7
selftest:
  raw[0]=51280947692943704
  raw[1]=51280947692943708
  raw[2]=51280947692943719
  raw[3]=51280947692943732
  raw[4]=51280947692943745
  delta[0]=0us
  delta[1]=0us
  delta[2]=0us
  delta[3]=0us
mark: audio quality: accurate
mark: audio modes: n64=0 output=0 mixer=0 latency=2 sync=0
mark: diag applied core: dynarec
mark: HBC agent ready
mark: loadROM: enter
mark: loadROM: before rom_read
mark: ROMCache_load: enter
mark: ROMCache_load: before first read
mark: ROMCache_load: first read returned
mark: ROMCache_load: byte_swap_type set
mark: ROMCache_load: first byte_swap done
menufps: 10.2
menufps: 8.4
menufps: 7.9
mark: ROMCache_load: loop exited normally
mark: ROMCache_load: elapsed_us=1931098 bytes=8388608 vm=0
mark: loadROM: after rom_read
mark: loadROM: before init_memory
mark: loadROM: after init_memory
mark: loadROM: before romOpen_gfx
mark: loadROM: after romOpen_gfx / before romOpen_audio
mark: loadROM: after romOpen_audio / before romOpen_input
mark: loadROM: after romOpen_input / before cpu_init
mark: loadROM: after cpu_init
menufps: 1.2
fps: 0.1
first_vi: vi0_retrace=355
vis: 0.1
cpu: exceptions=0 cacheResets=0 batches=0 verts=0 texStalls=0 recompiles=0 underruns=0 overruns=0 sleep_us=0 queue_ms=0
mark: CPU core dispatch: dynarec
vis: 60.0
cpu: exceptions=240 cacheResets=1 batches=0 verts=0 texStalls=0 recompiles=189 underruns=1 overruns=0 sleep_us=227169 queue_ms=127
vis: 60.0
cpu: exceptions=540 cacheResets=1 batches=0 verts=0 texStalls=0 recompiles=198 underruns=1 overruns=0 sleep_us=706118 queue_ms=123
vis: 60.0
cpu: exceptions=840 cacheResets=1 batches=0 verts=0 texStalls=0 recompiles=204 underruns=1 overruns=0 sleep_us=1185093 queue_ms=129
vis: 60.0
cpu: exceptions=1134 cacheResets=1 batches=0 verts=0 texStalls=0 recompiles=204 underruns=1 overruns=0 sleep_us=1664644 queue_ms=124
fps: 0.5
vis: 60.0
cpu: exceptions=1430 cacheResets=1 batches=414 verts=9387 texStalls=0 recompiles=468 underruns=2 overruns=0 sleep_us=1987241 queue_ms=11
fps: 20.0
vis: 60.0
cpu: exceptions=1587 cacheResets=1 batches=2484 verts=56322 texStalls=0 recompiles=475 underruns=2 overruns=0 sleep_us=2404974 queue_ms=9
fps: 30.0
vis: 60.0
cpu: exceptions=1751 cacheResets=1 batches=4554 verts=103257 texStalls=0 recompiles=478 underruns=2 overruns=0 sleep_us=2821367 queue_ms=6
fps: 30.0
vis: 60.0
cpu: exceptions=1893 cacheResets=1 batches=6624 verts=150192 texStalls=0 recompiles=478 underruns=2 overruns=0 sleep_us=3247460 queue_ms=11
fps: 30.0
vis: 60.0
cpu: exceptions=2035 cacheResets=1 batches=8694 verts=197127 texStalls=0 recompiles=478 underruns=2 overruns=0 sleep_us=3673231 queue_ms=7
fps: 30.0
vis: 60.0
cpu: exceptions=2177 cacheResets=1 batches=10767 verts=244080 texStalls=0 recompiles=489 underruns=2 overruns=0 sleep_us=4097777 queue_ms=13
fps: 30.0
vis: 60.0
cpu: exceptions=2318 cacheResets=1 batches=12574 verts=284835 texStalls=0 recompiles=498 underruns=2 overruns=0 sleep_us=4526811 queue_ms=9
vis: 60.0
cpu: exceptions=2637 cacheResets=1 batches=12574 verts=284835 texStalls=0 recompiles=675 underruns=4 overruns=0 sleep_us=4710046 queue_ms=32
vis: 60.0
cpu: exceptions=2727 cacheResets=1 batches=12574 verts=284835 texStalls=0 recompiles=733 underruns=4 overruns=0 sleep_us=4930664 queue_ms=37
vis: 60.0
cpu: exceptions=2817 cacheResets=1 batches=12574 verts=284835 texStalls=0 recompiles=784 underruns=4 overruns=0 sleep_us=5222965 queue_ms=34
fps: 4.9
vis: 60.0
cpu: exceptions=2960 cacheResets=1 batches=13906 verts=302151 texStalls=0 recompiles=910 underruns=6 overruns=0 sleep_us=5469607 queue_ms=17
fps: 15.1
vis: 60.0
cpu: exceptions=3117 cacheResets=1 batches=18793 verts=366438 texStalls=0 recompiles=910 underruns=6 overruns=0 sleep_us=5638655 queue_ms=13
fps: 30.0
vis: 60.0
cpu: exceptions=3272 cacheResets=1 batches=23673 verts=430431 texStalls=0 recompiles=927 underruns=6 overruns=0 sleep_us=5807225 queue_ms=17
fps: 30.0
vis: 60.0
cpu: exceptions=3435 cacheResets=1 batches=28535 verts=494298 texStalls=0 recompiles=927 underruns=6 overruns=0 sleep_us=5976085 queue_ms=14
fps: 30.0
vis: 60.0
cpu: exceptions=3590 cacheResets=1 batches=33396 verts=558159 texStalls=0 recompiles=927 underruns=6 overruns=0 sleep_us=6155733 queue_ms=10
fps: 29.2
vis: 60.0
cpu: exceptions=3761 cacheResets=1 batches=38266 verts=622074 texStalls=0 recompiles=927 underruns=7 overruns=0 sleep_us=6319464 queue_ms=6
fps: 29.9
vis: 60.0
cpu: exceptions=3977 cacheResets=1 batches=43143 verts=686031 texStalls=0 recompiles=936 underruns=7 overruns=0 sleep_us=6463654 queue_ms=12
fps: 20.0
vis: 60.0
cpu: exceptions=4233 cacheResets=1 batches=43740 verts=693786 texStalls=0 recompiles=1065 underruns=10 overruns=0 sleep_us=6742311 queue_ms=13
fps: 31.6
vis: 60.0
cpu: exceptions=4400 cacheResets=1 batches=44546 verts=704202 texStalls=0 recompiles=1065 underruns=10 overruns=0 sleep_us=7130539 queue_ms=17
fps: 30.0
vis: 60.0
cpu: exceptions=4572 cacheResets=1 batches=45341 verts=714552 texStalls=0 recompiles=1065 underruns=10 overruns=0 sleep_us=7518219 queue_ms=13
fps: 30.0
vis: 60.0
cpu: exceptions=4737 cacheResets=1 batches=46136 verts=724902 texStalls=0 recompiles=1065 underruns=10 overruns=0 sleep_us=7916070 queue_ms=9
fps: 30.0
vis: 60.0
cpu: exceptions=4910 cacheResets=1 batches=46931 verts=735252 texStalls=0 recompiles=1065 underruns=10 overruns=0 sleep_us=8302428 queue_ms=15
fps: 30.0
vis: 60.0
cpu: exceptions=5089 cacheResets=1 batches=47726 verts=745602 texStalls=0 recompiles=1065 underruns=10 overruns=0 sleep_us=8682844 queue_ms=10
fps: 30.0
vis: 60.0
cpu: exceptions=5262 cacheResets=1 batches=48521 verts=755952 texStalls=0 recompiles=1065 underruns=10 overruns=0 sleep_us=9067142 queue_ms=16
vis: 60.0
cpu: exceptions=5431 cacheResets=1 batches=49316 verts=766302 texStalls=0 recompiles=1065 underruns=10 overruns=0 sleep_us=9458287 queue_ms=13
fps: 30.0
vis: 60.0
cpu: exceptions=5596 cacheResets=1 batches=50111 verts=776652 texStalls=0 recompiles=1065 underruns=10 overruns=0 sleep_us=9856332 queue_ms=17
fps: 30.0
vis: 60.0
cpu: exceptions=5778 cacheResets=1 batches=50626 verts=785322 texStalls=0 recompiles=1068 underruns=10 overruns=0 sleep_us=10255766 queue_ms=14
fps: 30.0
vis: 60.0
cpu: exceptions=5953 cacheResets=1 batches=51134 verts=793950 texStalls=0 recompiles=1071 underruns=10 overruns=0 sleep_us=10654261 queue_ms=10
fps: 30.0
vis: 60.0
cpu: exceptions=6202 cacheResets=1 batches=51236 verts=795678 texStalls=0 recompiles=1131 underruns=10 overruns=0 sleep_us=10953878 queue_ms=16
fps: 2.2
vis: 60.0
cpu: exceptions=6352 cacheResets=1 batches=51791 verts=806694 texStalls=0 recompiles=1530 underruns=11 overruns=0 sleep_us=11190212 queue_ms=23
fps: 32.4
vis: 60.0
cpu: exceptions=6487 cacheResets=1 batches=54701 verts=879324 texStalls=0 recompiles=1534 underruns=11 overruns=0 sleep_us=11534737 queue_ms=29
vis: 60.0
cpu: exceptions=6622 cacheResets=1 batches=57611 verts=951954 texStalls=0 recompiles=1534 underruns=11 overruns=0 sleep_us=11879622 queue_ms=26
fps: 30.0
vis: 60.0
cpu: exceptions=6757 cacheResets=1 batches=60521 verts=1024584 texStalls=0 recompiles=1534 underruns=11 overruns=0 sleep_us=12224581 queue_ms=32
fps: 30.0
vis: 60.0
cpu: exceptions=6892 cacheResets=1 batches=63431 verts=1097214 texStalls=0 recompiles=1534 underruns=11 overruns=0 sleep_us=12569500 queue_ms=27
fps: 30.0
vis: 60.0
cpu: exceptions=7044 cacheResets=1 batches=67349 verts=1175892 texStalls=0 recompiles=1544 underruns=11 overruns=0 sleep_us=12879417 queue_ms=33
fps: 29.2
vis: 60.0
cpu: exceptions=7219 cacheResets=1 batches=71516 verts=1256064 texStalls=0 recompiles=1545 underruns=11 overruns=0 sleep_us=13170397 queue_ms=20
fps: 30.0
vis: 60.0
cpu: exceptions=7399 cacheResets=1 batches=75671 verts=1336164 texStalls=0 recompiles=1545 underruns=11 overruns=0 sleep_us=13456936 queue_ms=16
fps: 30.0
vis: 60.0
cpu: exceptions=7580 cacheResets=1 batches=79826 verts=1416264 texStalls=0 recompiles=1545 underruns=11 overruns=0 sleep_us=13739222 queue_ms=22
fps: 30.0
vis: 60.0
cpu: exceptions=7775 cacheResets=1 batches=83981 verts=1496364 texStalls=0 recompiles=1545 underruns=11 overruns=0 sleep_us=14013053 queue_ms=18
fps: 29.9
vis: 60.0
cpu: exceptions=7988 cacheResets=1 batches=88136 verts=1576464 texStalls=0 recompiles=1545 underruns=11 overruns=0 sleep_us=14278593 queue_ms=14
fps: 30.0
vis: 60.0
cpu: exceptions=8196 cacheResets=1 batches=92291 verts=1656564 texStalls=0 recompiles=1545 underruns=11 overruns=0 sleep_us=14545961 queue_ms=19
fps: 30.0
vis: 60.0
cpu: exceptions=8415 cacheResets=1 batches=96446 verts=1736664 texStalls=0 recompiles=1545 underruns=11 overruns=0 sleep_us=14804288 queue_ms=16
fps: 30.0
vis: 60.0
cpu: exceptions=8620 cacheResets=1 batches=100601 verts=1816764 texStalls=0 recompiles=1545 underruns=11 overruns=0 sleep_us=15073244 queue_ms=20
fps: 30.0
vis: 60.0
cpu: exceptions=8814 cacheResets=1 batches=104756 verts=1896864 texStalls=0 recompiles=1545 underruns=11 overruns=0 sleep_us=15351198 queue_ms=17
fps: 30.0
vis: 60.0
cpu: exceptions=9006 cacheResets=1 batches=108911 verts=1976964 texStalls=0 recompiles=1545 underruns=11 overruns=0 sleep_us=15631647 queue_ms=22
fps: 30.0
vis: 60.0
cpu: exceptions=9170 cacheResets=1 batches=113066 verts=2057064 texStalls=0 recompiles=1547 underruns=11 overruns=0 sleep_us=15930017 queue_ms=18
fps: 30.0
vis: 60.0
cpu: exceptions=9314 cacheResets=1 batches=117221 verts=2137164 texStalls=0 recompiles=1547 underruns=11 overruns=0 sleep_us=16240404 queue_ms=15
fps: 30.0
vis: 60.0
cpu: exceptions=9454 cacheResets=1 batches=121376 verts=2217264 texStalls=0 recompiles=1547 underruns=11 overruns=0 sleep_us=16553252 queue_ms=20
fps: 30.0
vis: 60.0
cpu: exceptions=9594 cacheResets=1 batches=125531 verts=2297364 texStalls=0 recompiles=1547 underruns=11 overruns=0 sleep_us=16866087 queue_ms=16
fps: 30.0
vis: 60.0
cpu: exceptions=9732 cacheResets=1 batches=129686 verts=2377464 texStalls=0 recompiles=1547 underruns=11 overruns=0 sleep_us=17182160 queue_ms=21
fps: 30.0
vis: 60.0
cpu: exceptions=9867 cacheResets=1 batches=133841 verts=2457564 texStalls=0 recompiles=1547 underruns=11 overruns=0 sleep_us=17503409 queue_ms=18
fps: 30.0
vis: 60.0
cpu: exceptions=10002 cacheResets=1 batches=137996 verts=2537664 texStalls=0 recompiles=1547 underruns=11 overruns=0 sleep_us=17824723 queue_ms=23
fps: 30.1
vis: 60.0
cpu: exceptions=10137 cacheResets=1 batches=141311 verts=2612724 texStalls=0 recompiles=1548 underruns=11 overruns=0 sleep_us=18164277 queue_ms=20
fps: 30.0
vis: 60.0
cpu: exceptions=10272 cacheResets=1 batches=144206 verts=2685264 texStalls=0 recompiles=1548 underruns=11 overruns=0 sleep_us=18513185 queue_ms=16
fps: 30.0
vis: 60.0
cpu: exceptions=10413 cacheResets=1 batches=147130 verts=2758452 texStalls=0 recompiles=1568 underruns=11 overruns=0 sleep_us=18852580 queue_ms=21
fps: 29.0
vis: 60.0
cpu: exceptions=10578 cacheResets=1 batches=150445 verts=2840622 texStalls=0 recompiles=1568 underruns=11 overruns=0 sleep_us=19150349 queue_ms=9
fps: 30.2
vis: 60.0
cpu: exceptions=10739 cacheResets=1 batches=153280 verts=2903976 texStalls=0 recompiles=1569 underruns=11 overruns=0 sleep_us=19470718 queue_ms=4
fps: 30.0
vis: 60.0
cpu: exceptions=10897 cacheResets=1 batches=155695 verts=2950866 texStalls=0 recompiles=1569 underruns=11 overruns=0 sleep_us=19810863 queue_ms=1
fps: 30.0
vis: 60.0
cpu: exceptions=11061 cacheResets=1 batches=158110 verts=2997756 texStalls=0 recompiles=1572 underruns=11 overruns=0 sleep_us=20145460 queue_ms=6
fps: 29.9
vis: 60.0
cpu: exceptions=11257 cacheResets=1 batches=160525 verts=3044646 texStalls=0 recompiles=1572 underruns=12 overruns=0 sleep_us=20455149 queue_ms=11
fps: 30.1
vis: 60.0
cpu: exceptions=11445 cacheResets=1 batches=162946 verts=3091566 texStalls=0 recompiles=1572 underruns=12 overruns=0 sleep_us=20772581 queue_ms=17
fps: 30.0
vis: 60.0
cpu: exceptions=11612 cacheResets=1 batches=165451 verts=3138906 texStalls=0 recompiles=1572 underruns=12 overruns=0 sleep_us=21102388 queue_ms=13
fps: 29.9
vis: 60.0
cpu: exceptions=11793 cacheResets=1 batches=167980 verts=3186318 texStalls=0 recompiles=1572 underruns=12 overruns=0 sleep_us=21415939 queue_ms=18
fps: 29.9
vis: 60.0
cpu: exceptions=11987 cacheResets=1 batches=170634 verts=3235617 texStalls=0 recompiles=1572 underruns=12 overruns=0 sleep_us=21712031 queue_ms=14
fps: 30.0
vis: 60.0
cpu: exceptions=12181 cacheResets=1 batches=173368 verts=3286164 texStalls=0 recompiles=1572 underruns=12 overruns=0 sleep_us=22013314 queue_ms=11
fps: 30.0
vis: 60.0
cpu: exceptions=12351 cacheResets=1 batches=176144 verts=3336837 texStalls=0 recompiles=1572 underruns=12 overruns=0 sleep_us=22333645 queue_ms=15
fps: 29.9
vis: 60.0
cpu: exceptions=12528 cacheResets=1 batches=178982 verts=3387792 texStalls=0 recompiles=1572 underruns=12 overruns=0 sleep_us=22645696 queue_ms=12
fps: 30.0
vis: 60.0
cpu: exceptions=12716 cacheResets=1 batches=181862 verts=3438957 texStalls=0 recompiles=1572 underruns=12 overruns=0 sleep_us=22944446 queue_ms=18
fps: 30.0
vis: 60.0
cpu: exceptions=12922 cacheResets=1 batches=184742 verts=3490122 texStalls=0 recompiles=1572 underruns=12 overruns=0 sleep_us=23230134 queue_ms=13
fps: 30.0
vis: 60.0
cpu: exceptions=13104 cacheResets=1 batches=187660 verts=3542511 texStalls=0 recompiles=1572 underruns=12 overruns=0 sleep_us=23535348 queue_ms=19
fps: 30.0
vis: 60.0
cpu: exceptions=13272 cacheResets=1 batches=190690 verts=3598356 texStalls=0 recompiles=1572 underruns=12 overruns=0 sleep_us=23841574 queue_ms=15
fps: 30.0
vis: 60.0
cpu: exceptions=13458 cacheResets=1 batches=193720 verts=3654201 texStalls=0 recompiles=1572 underruns=12 overruns=0 sleep_us=24133359 queue_ms=12
fps: 30.0
vis: 60.0
cpu: exceptions=13660 cacheResets=1 batches=196750 verts=3710046 texStalls=0 recompiles=1572 underruns=12 overruns=0 sleep_us=24407458 queue_ms=16
fps: 30.0
vis: 60.0
cpu: exceptions=13850 cacheResets=1 batches=199782 verts=3766173 texStalls=0 recompiles=1572 underruns=12 overruns=0 sleep_us=24695918 queue_ms=13
vis: 60.0
cpu: exceptions=14020 cacheResets=1 batches=202784 verts=3822630 texStalls=0 recompiles=1572 underruns=12 overruns=0 sleep_us=25002250 queue_ms=18
fps: 30.0
mark: stop reason: chain guest VI limit
mark: stop_it requested
audio: alist_resample_calls=42763 alist_resample_samples=5572696 alist_zoh_calls=0 alist_zoh_samples=0 musyx_subframes=0 musyx_voices=0 musyx_voice_peak=0
audio_stages: adpcm_calls=41651 adpcm_samples=5505360 envmix_calls=40317 envmix_samples=5378800 mix_calls=9436 mix_samples=3019520 musyx_fx_calls=0 musyx_fx_taps=0 output_calls=2360 output_samples=1259104
audio_envmix: exp_calls=40317 ge_calls=0 lin_calls=0 nead_calls=0 exp_steady=33833 ge_steady=0 lin_steady=0
audio_gaps: nead_mats=0 nead_efz=0 resample_flag2=0 musyx_ptr10=0
audio_output: stream_requests=6438 stream_fed=4371 input_hz=32006 playback_hz=32006 queue_peak_ms=146
vm_io: read_ahead=1 reads=0 hits=0 read_bytes=0 writes=0 write_bytes=0 errors=0
subsystem_time: stage=rsp_gfx calls=1046 timed_calls=1046 period=1 timed_us=3918445
subsystem_time: stage=rsp_audio calls=2359 timed_calls=2359 period=1 timed_us=1167905
subsystem_time: stage=rsp_other calls=0 timed_calls=0 period=1 timed_us=0
subsystem_time: stage=lookup calls=6906350 timed_calls=54380 period=127 timed_us=7399
subsystem_time: stage=compile calls=1572 timed_calls=1572 period=1 timed_us=165111
subsystem_time: stage=dispatch calls=6520678 timed_calls=51343 period=127 timed_us=16836
subsystem_time: stage=execute_inclusive calls=6520678 timed_calls=51343 period=127 timed_us=242522
subsystem_time: stage=rom_copy calls=3129 timed_calls=3129 period=1 timed_us=41635
subsystem_time: stage=present calls=2399 timed_calls=2399 period=1 timed_us=49480
subsystem_time: stage=limiter calls=2367 timed_calls=2367 period=1 timed_us=25291812
subsystem_time: stage=vm_fault calls=0 timed_calls=0 period=1 timed_us=0
subsystem_time: stage=vm_victim calls=0 timed_calls=0 period=1 timed_us=0
subsystem_time: stage=vm_read calls=0 timed_calls=0 period=1 timed_us=0
subsystem_time: stage=vm_write calls=0 timed_calls=0 period=1 timed_us=0
subsystem_time: stage=tex_hash calls=85146 timed_calls=85146 period=1 timed_us=614127
subsystem_time: stage=tex_lookup calls=85146 timed_calls=85146 period=1 timed_us=34666
subsystem_time: stage=tex_load calls=177 timed_calls=177 period=1 timed_us=7242
subsystem_time: stage=tex_activate calls=85146 timed_calls=85146 period=1 timed_us=41100
subsystem_time: stage=draw_triangles calls=205472 timed_calls=205472 period=1 timed_us=563554
subsystem_time: stage=draw_rect calls=8799 timed_calls=8799 period=1 timed_us=78060
subsystem_time: stage=gfx_list calls=1046 timed_calls=1046 period=1 timed_us=3916562
subsystem_time: stage=gfx_command calls=2786625 timed_calls=21941 period=127 timed_us=30571
subsystem_time: stage=vertex calls=2212166 timed_calls=17418 period=127 timed_us=3869
subsystem_time: stage=gfx_state calls=314516 timed_calls=2476 period=127 timed_us=7963
subsystem_time: stage=gx_wait calls=0 timed_calls=0 period=1 timed_us=0
subsystem_time: stage=dma_pi calls=3129 timed_calls=3129 period=1 timed_us=181524
subsystem_time: stage=dma_sp calls=6810 timed_calls=6810 period=1 timed_us=5244
subsystem_time: stage=dma_si calls=1690 timed_calls=1690 period=1 timed_us=24087
subsystem_time: stage=tlb_translate calls=200897 timed_calls=1581 period=127 timed_us=84
subsystem_time: stage=pif calls=1691 timed_calls=1691 period=1 timed_us=22534
subsystem_time: stage=input calls=4180 timed_calls=4180 period=1 timed_us=19546
subsystem_time: stage=guest_interrupt calls=17260 timed_calls=17260 period=1 timed_us=25447298
subsystem_time: stage=interpreter_inclusive calls=0 timed_calls=0 period=1 timed_us=0
subsystem_time: stage=audio_submit calls=2360 timed_calls=2360 period=1 timed_us=27869
subsystem_time: stage=audio_callback calls=24661 timed_calls=24661 period=1 timed_us=15902
subsystem_time: stage=memory_slow calls=1118344 timed_calls=8805 period=127 timed_us=56178
subsystem_time: stage=jit_invalidate calls=21432118 timed_calls=168756 period=127 timed_us=9756
audio_time: stage=resample sampled_calls=336 sampled_samples=43888 sampled_us=1869
audio_time: stage=zoh sampled_calls=0 sampled_samples=0 sampled_us=0
audio_time: stage=adpcm sampled_calls=327 sampled_samples=42240 sampled_us=1781
audio_time: stage=envmix_exp sampled_calls=317 sampled_samples=42336 sampled_us=4078
audio_time: stage=envmix_ge sampled_calls=0 sampled_samples=0 sampled_us=0
audio_time: stage=envmix_lin sampled_calls=0 sampled_samples=0 sampled_us=0
audio_time: stage=envmix_nead sampled_calls=0 sampled_samples=0 sampled_us=0
audio_time: stage=mix sampled_calls=74 sampled_samples=23680 sampled_us=414
audio_time: stage=musyx_voice sampled_calls=0 sampled_samples=0 sampled_us=0
audio_time: stage=musyx_fx sampled_calls=0 sampled_samples=0 sampled_us=0
audio_time: stage=output sampled_calls=18 sampled_samples=9584 sampled_us=173
game: n=1/8 how=vis vis=2400 vi_rate=60 vi0_retrace=355 wall_us=40220572 sleep_us=25285102 avg_vis=59.25 avg_fps=27.95 exceptions=14189 cacheResets=1 recompiles=1572 batches=205472 verts=3874836 texStalls=0 treeDepthMax=14 underruns=14 overruns=0 queue_peak_ms=129 dsp_avg=1.51 dsp_peak=1.75 pmc1=10755247222 pmc2=10583271653 pmc3=0 pmc4=0 mmcr0=00000042 mmcr1=00000000 heap_used=10872512 heap_free=35752 arena1_free=540672 arena2_free=577472 flushes=6 flush_us=74558 padtrace=11 rom=sd:/wii64/roms/Super Mario 64.v64
=== chain 1/8 end vis=2400 how=vis rom=sd:/wii64/roms/Super Mario 64.v64 ===
mark: pad replay records: 7
mark: loadROM: enter
mark: loadROM: before rom_read
mark: ROMCache_load: enter
mark: ROMCache_load: before first read
mark: ROMCache_load: first read returned
mark: ROMCache_load: byte_swap_type set
mark: ROMCache_load: first byte_swap done
menufps: 0.0
menufps: 8.4
menufps: 8.3
menufps: 8.3
menufps: 8.3
mark: ROMCache_load: loop exited normally
mark: ROMCache_load: elapsed_us=3057154 bytes=13893632 vm=0
mark: loadROM: after rom_read
mark: loadROM: before init_memory
mark: loadROM: after init_memory
mark: loadROM: before romOpen_gfx
mark: loadROM: after romOpen_gfx / before romOpen_audio
mark: loadROM: after romOpen_audio / before romOpen_input
mark: loadROM: after romOpen_input / before cpu_init
mark: loadROM: after cpu_init
menufps: 6.4
menufps: 0.7
fps: 2.0
first_vi: vi0_retrace=3156
vis: 4.2
cpu: exceptions=0 cacheResets=0 batches=0 verts=0 texStalls=0 recompiles=0 underruns=0 overruns=0 sleep_us=0 queue_ms=0
mark: CPU core dispatch: dynarec
vis: 60.0
cpu: exceptions=1004 cacheResets=1 batches=0 verts=0 texStalls=0 recompiles=256 underruns=0 overruns=0 sleep_us=108133 queue_ms=0
vis: 60.0
cpu: exceptions=1244 cacheResets=1 batches=0 verts=0 texStalls=0 recompiles=256 underruns=0 overruns=0 sleep_us=598448 queue_ms=0
vis: 60.0
cpu: exceptions=1481 cacheResets=1 batches=0 verts=0 texStalls=0 recompiles=271 underruns=0 overruns=0 sleep_us=1087158 queue_ms=0
vis: 60.0
cpu: exceptions=1718 cacheResets=1 batches=0 verts=0 texStalls=0 recompiles=271 underruns=0 overruns=0 sleep_us=1577370 queue_ms=0
vis: 60.0
cpu: exceptions=1958 cacheResets=1 batches=0 verts=0 texStalls=0 recompiles=271 underruns=0 overruns=0 sleep_us=2067479 queue_ms=0
vis: 60.0
cpu: exceptions=2197 cacheResets=1 batches=0 verts=0 texStalls=0 recompiles=271 underruns=0 overruns=0 sleep_us=2557557 queue_ms=0
vis: 60.0
cpu: exceptions=2495 cacheResets=1 batches=0 verts=0 texStalls=0 recompiles=313 underruns=0 overruns=0 sleep_us=3034750 queue_ms=0
fps: 0.8
vis: 60.0
cpu: exceptions=2987 cacheResets=1 batches=64 verts=4140 texStalls=0 recompiles=403 underruns=0 overruns=0 sleep_us=3478126 queue_ms=0
vis: 60.0
cpu: exceptions=3017 cacheResets=1 batches=64 verts=4140 texStalls=0 recompiles=403 underruns=0 overruns=0 sleep_us=3976314 queue_ms=0
vis: 60.0
cpu: exceptions=3047 cacheResets=1 batches=64 verts=4140 texStalls=0 recompiles=403 underruns=0 overruns=0 sleep_us=4474505 queue_ms=0
vis: 60.0
cpu: exceptions=3077 cacheResets=1 batches=64 verts=4140 texStalls=0 recompiles=403 underruns=0 overruns=0 sleep_us=4972696 queue_ms=0
vis: 60.0
cpu: exceptions=3107 cacheResets=1 batches=64 verts=4140 texStalls=0 recompiles=403 underruns=0 overruns=0 sleep_us=5470881 queue_ms=0
vis: 60.0
cpu: exceptions=3137 cacheResets=1 batches=64 verts=4140 texStalls=0 recompiles=403 underruns=0 overruns=0 sleep_us=5969073 queue_ms=0
vis: 60.0
cpu: exceptions=3167 cacheResets=1 batches=64 verts=4140 texStalls=0 recompiles=403 underruns=0 overruns=0 sleep_us=6467263 queue_ms=0
vis: 60.0
cpu: exceptions=3197 cacheResets=1 batches=64 verts=4140 texStalls=0 recompiles=403 underruns=0 overruns=0 sleep_us=6965455 queue_ms=0
vis: 60.0
cpu: exceptions=3227 cacheResets=1 batches=64 verts=4140 texStalls=0 recompiles=403 underruns=0 overruns=0 sleep_us=7463648 queue_ms=0
vis: 60.0
cpu: exceptions=3257 cacheResets=1 batches=64 verts=4140 texStalls=0 recompiles=403 underruns=0 overruns=0 sleep_us=7961807 queue_ms=0
vis: 60.0
cpu: exceptions=3287 cacheResets=1 batches=64 verts=4140 texStalls=0 recompiles=403 underruns=0 overruns=0 sleep_us=8459997 queue_ms=0
vis: 60.0
cpu: exceptions=3317 cacheResets=1 batches=64 verts=4140 texStalls=0 recompiles=403 underruns=0 overruns=0 sleep_us=8958185 queue_ms=0
vis: 60.0
cpu: exceptions=3347 cacheResets=1 batches=64 verts=4140 texStalls=0 recompiles=403 underruns=0 overruns=0 sleep_us=9456352 queue_ms=0
vis: 60.0
cpu: exceptions=3377 cacheResets=1 batches=64 verts=4140 texStalls=0 recompiles=403 underruns=0 overruns=0 sleep_us=9954545 queue_ms=0
vis: 60.0
cpu: exceptions=3407 cacheResets=1 batches=64 verts=4140 texStalls=0 recompiles=403 underruns=0 overruns=0 sleep_us=10452736 queue_ms=0
vis: 60.0
cpu: exceptions=3437 cacheResets=1 batches=64 verts=4140 texStalls=0 recompiles=403 underruns=0 overruns=0 sleep_us=10950927 queue_ms=0
vis: 60.0
cpu: exceptions=3467 cacheResets=1 batches=64 verts=4140 texStalls=0 recompiles=403 underruns=0 overruns=0 sleep_us=11449121 queue_ms=0
vis: 60.0
cpu: exceptions=3497 cacheResets=1 batches=64 verts=4140 texStalls=0 recompiles=403 underruns=0 overruns=0 sleep_us=11947312 queue_ms=0
vis: 60.0
cpu: exceptions=3527 cacheResets=1 batches=64 verts=4140 texStalls=0 recompiles=403 underruns=0 overruns=0 sleep_us=12445506 queue_ms=0
vis: 60.0
cpu: exceptions=3557 cacheResets=1 batches=64 verts=4140 texStalls=0 recompiles=403 underruns=0 overruns=0 sleep_us=12943673 queue_ms=0
vis: 60.0
cpu: exceptions=3610 cacheResets=1 batches=64 verts=4140 texStalls=0 recompiles=403 underruns=0 overruns=0 sleep_us=13807145 queue_ms=0
vis: 60.0
cpu: exceptions=3640 cacheResets=1 batches=64 verts=4140 texStalls=0 recompiles=403 underruns=0 overruns=0 sleep_us=14305336 queue_ms=0
vis: 60.0
cpu: exceptions=3670 cacheResets=1 batches=64 verts=4140 texStalls=0 recompiles=403 underruns=0 overruns=0 sleep_us=14803527 queue_ms=0
vis: 60.0
cpu: exceptions=3700 cacheResets=1 batches=64 verts=4140 texStalls=0 recompiles=403 underruns=0 overruns=0 sleep_us=15301717 queue_ms=0
vis: 60.0
cpu: exceptions=3730 cacheResets=1 batches=64 verts=4140 texStalls=0 recompiles=403 underruns=0 overruns=0 sleep_us=15799910 queue_ms=0
vis: 60.0
cpu: exceptions=3760 cacheResets=1 batches=64 verts=4140 texStalls=0 recompiles=403 underruns=0 overruns=0 sleep_us=16298107 queue_ms=0
vis: 60.0
cpu: exceptions=3790 cacheResets=1 batches=64 verts=4140 texStalls=0 recompiles=403 underruns=0 overruns=0 sleep_us=16796305 queue_ms=0
vis: 60.0
cpu: exceptions=3820 cacheResets=1 batches=64 verts=4140 texStalls=0 recompiles=403 underruns=0 overruns=0 sleep_us=17294505 queue_ms=0
vis: 60.0
cpu: exceptions=3850 cacheResets=1 batches=64 verts=4140 texStalls=0 recompiles=403 underruns=0 overruns=0 sleep_us=17792701 queue_ms=0
vis: 60.0
cpu: exceptions=3880 cacheResets=1 batches=64 verts=4140 texStalls=0 recompiles=403 underruns=0 overruns=0 sleep_us=18290862 queue_ms=0
vis: 60.0
cpu: exceptions=3910 cacheResets=1 batches=64 verts=4140 texStalls=0 recompiles=403 underruns=0 overruns=0 sleep_us=18789055 queue_ms=0
vis: 60.0
cpu: exceptions=3940 cacheResets=1 batches=64 verts=4140 texStalls=0 recompiles=403 underruns=0 overruns=0 sleep_us=19287247 queue_ms=0
vis: 60.0
cpu: exceptions=3970 cacheResets=1 batches=64 verts=4140 texStalls=0 recompiles=403 underruns=0 overruns=0 sleep_us=19785416 queue_ms=0
vis: 60.0
cpu: exceptions=4000 cacheResets=1 batches=64 verts=4140 texStalls=0 recompiles=403 underruns=0 overruns=0 sleep_us=20283605 queue_ms=0
vis: 60.0
cpu: exceptions=4030 cacheResets=1 batches=64 verts=4140 texStalls=0 recompiles=403 underruns=0 overruns=0 sleep_us=20781796 queue_ms=0
vis: 60.0
cpu: exceptions=4060 cacheResets=1 batches=64 verts=4140 texStalls=0 recompiles=403 underruns=0 overruns=0 sleep_us=21279987 queue_ms=0
vis: 60.0
cpu: exceptions=4090 cacheResets=1 batches=64 verts=4140 texStalls=0 recompiles=403 underruns=0 overruns=0 sleep_us=21778178 queue_ms=0
vis: 60.0
cpu: exceptions=4120 cacheResets=1 batches=64 verts=4140 texStalls=0 recompiles=403 underruns=0 overruns=0 sleep_us=22276370 queue_ms=0
vis: 60.0
cpu: exceptions=4150 cacheResets=1 batches=64 verts=4140 texStalls=0 recompiles=403 underruns=0 overruns=0 sleep_us=22774564 queue_ms=0
vis: 60.0
cpu: exceptions=4180 cacheResets=1 batches=64 verts=4140 texStalls=0 recompiles=403 underruns=0 overruns=0 sleep_us=23272722 queue_ms=0
vis: 60.0
cpu: exceptions=4210 cacheResets=1 batches=64 verts=4140 texStalls=0 recompiles=403 underruns=0 overruns=0 sleep_us=23770912 queue_ms=0
vis: 60.0
cpu: exceptions=4240 cacheResets=1 batches=64 verts=4140 texStalls=0 recompiles=403 underruns=0 overruns=0 sleep_us=24269101 queue_ms=0
vis: 60.0
cpu: exceptions=4270 cacheResets=1 batches=64 verts=4140 texStalls=0 recompiles=403 underruns=0 overruns=0 sleep_us=24767294 queue_ms=0
vis: 60.0
cpu: exceptions=4300 cacheResets=1 batches=64 verts=4140 texStalls=0 recompiles=403 underruns=0 overruns=0 sleep_us=25265485 queue_ms=0
vis: 60.0
cpu: exceptions=4330 cacheResets=1 batches=64 verts=4140 texStalls=0 recompiles=403 underruns=0 overruns=0 sleep_us=25763676 queue_ms=0
vis: 60.0
cpu: exceptions=4360 cacheResets=1 batches=64 verts=4140 texStalls=0 recompiles=403 underruns=0 overruns=0 sleep_us=26261868 queue_ms=0
vis: 60.0
cpu: exceptions=4390 cacheResets=1 batches=64 verts=4140 texStalls=0 recompiles=403 underruns=0 overruns=0 sleep_us=26760061 queue_ms=0
vis: 60.0
cpu: exceptions=4420 cacheResets=1 batches=64 verts=4140 texStalls=0 recompiles=403 underruns=0 overruns=0 sleep_us=27258253 queue_ms=0
vis: 60.0
cpu: exceptions=4450 cacheResets=1 batches=64 verts=4140 texStalls=0 recompiles=403 underruns=0 overruns=0 sleep_us=27756424 queue_ms=0
vis: 60.0
cpu: exceptions=4480 cacheResets=1 batches=64 verts=4140 texStalls=0 recompiles=403 underruns=0 overruns=0 sleep_us=28254522 queue_ms=0
vis: 60.0
cpu: exceptions=4510 cacheResets=1 batches=64 verts=4140 texStalls=0 recompiles=403 underruns=0 overruns=0 sleep_us=28752646 queue_ms=0
vis: 60.0
cpu: exceptions=4540 cacheResets=1 batches=64 verts=4140 texStalls=0 recompiles=403 underruns=0 overruns=0 sleep_us=29250810 queue_ms=0
vis: 60.0
cpu: exceptions=4570 cacheResets=1 batches=64 verts=4140 texStalls=0 recompiles=403 underruns=0 overruns=0 sleep_us=29748982 queue_ms=0
vis: 60.0
cpu: exceptions=4600 cacheResets=1 batches=64 verts=4140 texStalls=0 recompiles=403 underruns=0 overruns=0 sleep_us=30247174 queue_ms=0
vis: 60.0
cpu: exceptions=4630 cacheResets=1 batches=64 verts=4140 texStalls=0 recompiles=403 underruns=0 overruns=0 sleep_us=30745365 queue_ms=0
vis: 60.0
cpu: exceptions=4660 cacheResets=1 batches=64 verts=4140 texStalls=0 recompiles=403 underruns=0 overruns=0 sleep_us=31243557 queue_ms=0
vis: 60.0
cpu: exceptions=4690 cacheResets=1 batches=64 verts=4140 texStalls=0 recompiles=403 underruns=0 overruns=0 sleep_us=31741749 queue_ms=0
vis: 60.0
cpu: exceptions=4720 cacheResets=1 batches=64 verts=4140 texStalls=0 recompiles=403 underruns=0 overruns=0 sleep_us=32239939 queue_ms=0
vis: 60.0
cpu: exceptions=4750 cacheResets=1 batches=64 verts=4140 texStalls=0 recompiles=403 underruns=0 overruns=0 sleep_us=32738133 queue_ms=0
vis: 60.0
cpu: exceptions=4780 cacheResets=1 batches=64 verts=4140 texStalls=0 recompiles=403 underruns=0 overruns=0 sleep_us=33236293 queue_ms=0
vis: 60.0
cpu: exceptions=4810 cacheResets=1 batches=64 verts=4140 texStalls=0 recompiles=403 underruns=0 overruns=0 sleep_us=33734485 queue_ms=0
vis: 60.0
cpu: exceptions=4840 cacheResets=1 batches=64 verts=4140 texStalls=0 recompiles=403 underruns=0 overruns=0 sleep_us=34232679 queue_ms=0
vis: 60.0
cpu: exceptions=4870 cacheResets=1 batches=64 verts=4140 texStalls=0 recompiles=403 underruns=0 overruns=0 sleep_us=34730872 queue_ms=0
vis: 60.0
cpu: exceptions=4900 cacheResets=1 batches=64 verts=4140 texStalls=0 recompiles=403 underruns=0 overruns=0 sleep_us=35229064 queue_ms=0
vis: 60.0
cpu: exceptions=4930 cacheResets=1 batches=64 verts=4140 texStalls=0 recompiles=403 underruns=0 overruns=0 sleep_us=35727259 queue_ms=0
vis: 60.0
cpu: exceptions=4960 cacheResets=1 batches=64 verts=4140 texStalls=0 recompiles=403 underruns=0 overruns=0 sleep_us=36225451 queue_ms=0
vis: 60.0
cpu: exceptions=4990 cacheResets=1 batches=64 verts=4140 texStalls=0 recompiles=403 underruns=0 overruns=0 sleep_us=36723649 queue_ms=0
vis: 60.0
cpu: exceptions=5020 cacheResets=1 batches=64 verts=4140 texStalls=0 recompiles=403 underruns=0 overruns=0 sleep_us=37221843 queue_ms=0
vis: 60.0
cpu: exceptions=5050 cacheResets=1 batches=64 verts=4140 texStalls=0 recompiles=403 underruns=0 overruns=0 sleep_us=37720039 queue_ms=0
vis: 60.0
cpu: exceptions=5080 cacheResets=1 batches=64 verts=4140 texStalls=0 recompiles=403 underruns=0 overruns=0 sleep_us=38218200 queue_ms=0
vis: 60.0
cpu: exceptions=5110 cacheResets=1 batches=64 verts=4140 texStalls=0 recompiles=403 underruns=0 overruns=0 sleep_us=38716390 queue_ms=0
vis: 60.0
cpu: exceptions=5140 cacheResets=1 batches=64 verts=4140 texStalls=0 recompiles=403 underruns=0 overruns=0 sleep_us=39214583 queue_ms=0
mark: stop reason: chain guest VI limit
mark: stop_it requested
audio: alist_resample_calls=0 alist_resample_samples=0 alist_zoh_calls=0 alist_zoh_samples=0 musyx_subframes=0 musyx_voices=0 musyx_voice_peak=0
audio_stages: adpcm_calls=0 adpcm_samples=0 envmix_calls=0 envmix_samples=0 mix_calls=0 mix_samples=0 musyx_fx_calls=0 musyx_fx_taps=0 output_calls=0 output_samples=0
audio_envmix: exp_calls=0 ge_calls=0 lin_calls=0 nead_calls=0 exp_steady=0 ge_steady=0 lin_steady=0
audio_gaps: nead_mats=0 nead_efz=0 resample_flag2=0 musyx_ptr10=0
audio_output: stream_requests=21661 stream_fed=0 input_hz=26807 playback_hz=26807 queue_peak_ms=0
vm_io: read_ahead=1 reads=0 hits=0 read_bytes=0 writes=0 write_bytes=0 errors=0
subsystem_time: stage=rsp_gfx calls=3 timed_calls=3 period=1 timed_us=29274
subsystem_time: stage=rsp_audio calls=0 timed_calls=0 period=1 timed_us=0
subsystem_time: stage=rsp_other calls=0 timed_calls=0 period=1 timed_us=0
subsystem_time: stage=lookup calls=211482 timed_calls=1665 period=127 timed_us=198
subsystem_time: stage=compile calls=403 timed_calls=403 period=1 timed_us=39342
subsystem_time: stage=dispatch calls=209893 timed_calls=1652 period=127 timed_us=668
subsystem_time: stage=execute_inclusive calls=209893 timed_calls=1652 period=127 timed_us=333175
subsystem_time: stage=rom_copy calls=911 timed_calls=911 period=1 timed_us=8364
subsystem_time: stage=present calls=2399 timed_calls=2399 period=1 timed_us=1096
subsystem_time: stage=limiter calls=2374 timed_calls=2374 period=1 timed_us=39301432
subsystem_time: stage=vm_fault calls=0 timed_calls=0 period=1 timed_us=0
subsystem_time: stage=vm_victim calls=0 timed_calls=0 period=1 timed_us=0
subsystem_time: stage=vm_read calls=0 timed_calls=0 period=1 timed_us=0
subsystem_time: stage=vm_write calls=0 timed_calls=0 period=1 timed_us=0
subsystem_time: stage=tex_hash calls=2 timed_calls=2 period=1 timed_us=19
subsystem_time: stage=tex_lookup calls=2 timed_calls=2 period=1 timed_us=1
subsystem_time: stage=tex_load calls=1 timed_calls=1 period=1 timed_us=46
subsystem_time: stage=tex_activate calls=2 timed_calls=2 period=1 timed_us=4
subsystem_time: stage=draw_triangles calls=64 timed_calls=64 period=1 timed_us=411
subsystem_time: stage=draw_rect calls=3 timed_calls=3 period=1 timed_us=59
subsystem_time: stage=gfx_list calls=3 timed_calls=3 period=1 timed_us=29257
subsystem_time: stage=gfx_command calls=1220 timed_calls=9 period=127 timed_us=6
subsystem_time: stage=vertex calls=1781 timed_calls=14 period=127 timed_us=3
subsystem_time: stage=gfx_state calls=5 timed_calls=0 period=127 timed_us=0
subsystem_time: stage=gx_wait calls=0 timed_calls=0 period=1 timed_us=0
subsystem_time: stage=dma_pi calls=911 timed_calls=911 period=1 timed_us=35432
subsystem_time: stage=dma_sp calls=6 timed_calls=6 period=1 timed_us=5
subsystem_time: stage=dma_si calls=1561 timed_calls=1561 period=1 timed_us=1196
subsystem_time: stage=tlb_translate calls=2 timed_calls=0 period=127 timed_us=0
subsystem_time: stage=pif calls=1562 timed_calls=1562 period=1 timed_us=1244
subsystem_time: stage=input calls=12 timed_calls=12 period=1 timed_us=48
subsystem_time: stage=guest_interrupt calls=5816 timed_calls=5816 period=1 timed_us=39382274
subsystem_time: stage=interpreter_inclusive calls=0 timed_calls=0 period=1 timed_us=0
subsystem_time: stage=audio_submit calls=1 timed_calls=1 period=1 timed_us=0
subsystem_time: stage=audio_callback calls=40170 timed_calls=40170 period=1 timed_us=1527
subsystem_time: stage=memory_slow calls=253949 timed_calls=1999 period=127 timed_us=446
subsystem_time: stage=jit_invalidate calls=2406848 timed_calls=18951 period=127 timed_us=915
audio_time: stage=resample sampled_calls=0 sampled_samples=0 sampled_us=0
audio_time: stage=zoh sampled_calls=0 sampled_samples=0 sampled_us=0
audio_time: stage=adpcm sampled_calls=0 sampled_samples=0 sampled_us=0
audio_time: stage=envmix_exp sampled_calls=0 sampled_samples=0 sampled_us=0
audio_time: stage=envmix_ge sampled_calls=0 sampled_samples=0 sampled_us=0
audio_time: stage=envmix_lin sampled_calls=0 sampled_samples=0 sampled_us=0
audio_time: stage=envmix_nead sampled_calls=0 sampled_samples=0 sampled_us=0
audio_time: stage=mix sampled_calls=0 sampled_samples=0 sampled_us=0
audio_time: stage=musyx_voice sampled_calls=0 sampled_samples=0 sampled_us=0
audio_time: stage=musyx_fx sampled_calls=0 sampled_samples=0 sampled_us=0
audio_time: stage=output sampled_calls=0 sampled_samples=0 sampled_us=0
game: n=2/8 how=vis vis=2400 vi_rate=60 vi0_retrace=3156 wall_us=40168968 sleep_us=39297870 avg_vis=59.30 avg_fps=1.39 exceptions=5147 cacheResets=1 recompiles=403 batches=64 verts=4140 texStalls=0 treeDepthMax=14 underruns=0 overruns=0 queue_peak_ms=0 dsp_avg=1.38 dsp_peak=1.65 pmc1=550673979 pmc2=577230593 pmc3=0 pmc4=0 mmcr0=00000042 mmcr1=00000000 heap_used=10811200 heap_free=97064 arena1_free=540672 arena2_free=577472 flushes=5 flush_us=68158 padtrace=1 rom=sd:/wii64/roms/Mario Kart 64.v64
=== chain 2/8 end vis=2400 how=vis rom=sd:/wii64/roms/Mario Kart 64.v64 ===
mark: pad replay records: 1
mark: loadROM: enter
mark: loadROM: before rom_read
mark: ROMCache_load: enter
mark: ROMCache_load: before first read
mark: ROMCache_load: first read returned
mark: ROMCache_load: byte_swap_type set
mark: ROMCache_load: first byte_swap done
menufps: 0.0
menufps: 8.3
menufps: 8.0
menufps: 8.1
menufps: 8.1
menufps: 8.3
menufps: 8.1
mark: ROMCache_load: loop exited normally
mark: ROMCache_load: elapsed_us=3791787 bytes=16777216 vm=0
mark: loadROM: after rom_read
mark: loadROM: before init_memory
mark: loadROM: after init_memory
mark: loadROM: before romOpen_gfx
mark: loadROM: after romOpen_gfx / before romOpen_audio
mark: loadROM: after romOpen_audio / before romOpen_input
mark: loadROM: after romOpen_input / before cpu_init
mark: loadROM: after cpu_init
menufps: 1.2
first_vi: vi0_retrace=5998
vis: 0.9
cpu: exceptions=0 cacheResets=0 batches=0 verts=0 texStalls=0 recompiles=0 underruns=0 overruns=0 sleep_us=0 queue_ms=0
mark: CPU core dispatch: dynarec
vis: 49.8
cpu: exceptions=32 cacheResets=1 batches=0 verts=0 texStalls=0 recompiles=138 underruns=0 overruns=0 sleep_us=0 queue_ms=0
vis: 60.0
cpu: exceptions=62 cacheResets=1 batches=0 verts=0 texStalls=0 recompiles=138 underruns=0 overruns=0 sleep_us=305533 queue_ms=0
vis: 59.7
cpu: exceptions=309 cacheResets=1 batches=0 verts=0 texStalls=0 recompiles=289 underruns=0 overruns=0 sleep_us=558549 queue_ms=0
vis: 60.0
cpu: exceptions=535 cacheResets=1 batches=0 verts=0 texStalls=0 recompiles=617 underruns=2 overruns=0 sleep_us=843040 queue_ms=29
fps: 0.4
vis: 60.0
cpu: exceptions=742 cacheResets=1 batches=44 verts=2262 texStalls=0 recompiles=1899 underruns=3 overruns=0 sleep_us=988333 queue_ms=46
vis: 60.0
cpu: exceptions=892 cacheResets=1 batches=44 verts=2262 texStalls=0 recompiles=1902 underruns=3 overruns=0 sleep_us=1258387 queue_ms=50
fps: 1.3
vis: 60.0
cpu: exceptions=1083 cacheResets=1 batches=431 verts=15444 texStalls=0 recompiles=1994 underruns=3 overruns=0 sleep_us=1519304 queue_ms=55
fps: 30.0
vis: 60.0
cpu: exceptions=1263 cacheResets=1 batches=1239 verts=36582 texStalls=0 recompiles=2005 underruns=3 overruns=0 sleep_us=1803058 queue_ms=46
fps: 30.0
vis: 60.0
cpu: exceptions=1452 cacheResets=1 batches=2274 verts=59082 texStalls=0 recompiles=2008 underruns=3 overruns=0 sleep_us=2076251 queue_ms=50
fps: 30.0
vis: 60.0
cpu: exceptions=1630 cacheResets=1 batches=3334 verts=81732 texStalls=0 recompiles=2008 underruns=3 overruns=0 sleep_us=2350102 queue_ms=55
fps: 30.0
vis: 60.0
cpu: exceptions=1811 cacheResets=1 batches=4391 verts=104112 texStalls=0 recompiles=2011 underruns=3 overruns=0 sleep_us=2622798 queue_ms=59
fps: 30.0
vis: 60.0
cpu: exceptions=2000 cacheResets=1 batches=5455 verts=126156 texStalls=0 recompiles=2011 underruns=3 overruns=0 sleep_us=2896594 queue_ms=55
fps: 30.0
vis: 60.0
cpu: exceptions=2191 cacheResets=1 batches=6484 verts=147990 texStalls=0 recompiles=2028 underruns=3 overruns=0 sleep_us=3168952 queue_ms=60
fps: 30.0
vis: 60.0
cpu: exceptions=2370 cacheResets=1 batches=7679 verts=177204 texStalls=0 recompiles=2028 underruns=3 overruns=0 sleep_us=3423282 queue_ms=51
fps: 29.9
vis: 60.0
cpu: exceptions=2576 cacheResets=1 batches=9281 verts=216156 texStalls=0 recompiles=2035 underruns=3 overruns=0 sleep_us=3632369 queue_ms=55
fps: 30.0
vis: 60.0
cpu: exceptions=2760 cacheResets=1 batches=10949 verts=249120 texStalls=0 recompiles=2046 underruns=3 overruns=0 sleep_us=3852554 queue_ms=51
fps: 30.0
vis: 60.0
cpu: exceptions=2937 cacheResets=1 batches=12469 verts=273900 texStalls=0 recompiles=2062 underruns=3 overruns=0 sleep_us=4102486 queue_ms=56
fps: 30.0
vis: 60.0
cpu: exceptions=3107 cacheResets=1 batches=13742 verts=297198 texStalls=0 recompiles=2062 underruns=3 overruns=0 sleep_us=4378284 queue_ms=60
fps: 30.0
vis: 60.0
cpu: exceptions=3284 cacheResets=1 batches=14814 verts=319290 texStalls=0 recompiles=2063 underruns=3 overruns=0 sleep_us=4662040 queue_ms=51
fps: 29.1
vis: 60.0
cpu: exceptions=3467 cacheResets=1 batches=15853 verts=341184 texStalls=0 recompiles=2063 underruns=3 overruns=0 sleep_us=4941764 queue_ms=42
fps: 30.0
vis: 60.0
cpu: exceptions=3657 cacheResets=1 batches=16873 verts=362964 texStalls=0 recompiles=2063 underruns=3 overruns=0 sleep_us=5215826 queue_ms=38
fps: 29.9
vis: 60.0
cpu: exceptions=3843 cacheResets=1 batches=18196 verts=400242 texStalls=0 recompiles=2063 underruns=3 overruns=0 sleep_us=5453104 queue_ms=43
fps: 30.0
vis: 60.0
cpu: exceptions=4050 cacheResets=1 batches=19533 verts=437604 texStalls=0 recompiles=2064 underruns=3 overruns=0 sleep_us=5686680 queue_ms=34
fps: 29.9
vis: 60.0
cpu: exceptions=4247 cacheResets=1 batches=21934 verts=472974 texStalls=0 recompiles=2080 underruns=3 overruns=0 sleep_us=5894287 queue_ms=38
fps: 29.8
vis: 60.0
cpu: exceptions=4441 cacheResets=1 batches=26942 verts=514272 texStalls=0 recompiles=2080 underruns=3 overruns=0 sleep_us=6060555 queue_ms=43
fps: 30.0
vis: 60.0
cpu: exceptions=4628 cacheResets=1 batches=32267 verts=557472 texStalls=0 recompiles=2080 underruns=3 overruns=0 sleep_us=6227054 queue_ms=39
fps: 30.0
vis: 60.0
cpu: exceptions=4827 cacheResets=1 batches=37342 verts=599172 texStalls=0 recompiles=2081 underruns=3 overruns=0 sleep_us=6404044 queue_ms=43
fps: 30.0
vis: 60.0
cpu: exceptions=5017 cacheResets=1 batches=42423 verts=640908 texStalls=0 recompiles=2082 underruns=3 overruns=0 sleep_us=6581705 queue_ms=34
fps: 30.0
vis: 59.7
cpu: exceptions=5223 cacheResets=1 batches=47618 verts=684240 texStalls=0 recompiles=2082 underruns=3 overruns=0 sleep_us=6749494 queue_ms=39
fps: 29.9
vis: 60.0
cpu: exceptions=5426 cacheResets=1 batches=52130 verts=736242 texStalls=0 recompiles=2083 underruns=3 overruns=0 sleep_us=6917231 queue_ms=35
mark: stop reason: chain guest VI limit
mark: stop_it requested
audio: alist_resample_calls=7273 alist_resample_samples=1338232 alist_zoh_calls=0 alist_zoh_samples=0 musyx_subframes=0 musyx_voices=0 musyx_voice_peak=0
audio_stages: adpcm_calls=5684 adpcm_samples=629344 envmix_calls=5654 envmix_samples=1040336 mix_calls=32380 mix_samples=5957920 musyx_fx_calls=0 musyx_fx_taps=0 output_calls=405 output_samples=297160
audio_envmix: exp_calls=0 ge_calls=0 lin_calls=5654 nead_calls=0 exp_steady=0 ge_steady=0 lin_steady=5208
audio_gaps: nead_mats=0 nead_efz=0 resample_flag2=0 musyx_ptr10=0
audio_output: stream_requests=3400 stream_fed=1031 input_hz=21998 playback_hz=21998 queue_peak_ms=77
vm_io: read_ahead=1 reads=0 hits=0 read_bytes=0 writes=0 write_bytes=0 errors=0
subsystem_time: stage=rsp_gfx calls=358 timed_calls=358 period=1 timed_us=1380438
subsystem_time: stage=rsp_audio calls=406 timed_calls=406 period=1 timed_us=306335
subsystem_time: stage=rsp_other calls=0 timed_calls=0 period=1 timed_us=0
subsystem_time: stage=lookup calls=4415519 timed_calls=34767 period=127 timed_us=5456
subsystem_time: stage=compile calls=2083 timed_calls=2083 period=1 timed_us=177132
subsystem_time: stage=dispatch calls=4132078 timed_calls=32536 period=127 timed_us=12057
subsystem_time: stage=execute_inclusive calls=4132078 timed_calls=32536 period=127 timed_us=93541
subsystem_time: stage=rom_copy calls=640 timed_calls=640 period=1 timed_us=14298
subsystem_time: stage=present calls=899 timed_calls=899 period=1 timed_us=61968
subsystem_time: stage=limiter calls=853 timed_calls=853 period=1 timed_us=6943789
subsystem_time: stage=vm_fault calls=0 timed_calls=0 period=1 timed_us=0
subsystem_time: stage=vm_victim calls=0 timed_calls=0 period=1 timed_us=0
subsystem_time: stage=vm_read calls=0 timed_calls=0 period=1 timed_us=0
subsystem_time: stage=vm_write calls=0 timed_calls=0 period=1 timed_us=0
subsystem_time: stage=tex_hash calls=48848 timed_calls=48848 period=1 timed_us=383829
subsystem_time: stage=tex_lookup calls=48848 timed_calls=48848 period=1 timed_us=7227
subsystem_time: stage=tex_load calls=28 timed_calls=28 period=1 timed_us=1975
subsystem_time: stage=tex_activate calls=48848 timed_calls=48848 period=1 timed_us=24226
subsystem_time: stage=draw_triangles calls=52520 timed_calls=52520 period=1 timed_us=202515
subsystem_time: stage=draw_rect calls=0 timed_calls=0 period=1 timed_us=0
subsystem_time: stage=gfx_list calls=358 timed_calls=358 period=1 timed_us=1379803
subsystem_time: stage=gfx_command calls=1088190 timed_calls=8568 period=127 timed_us=10929
subsystem_time: stage=vertex calls=360552 timed_calls=2838 period=127 timed_us=637
subsystem_time: stage=gfx_state calls=84009 timed_calls=661 period=127 timed_us=4442
subsystem_time: stage=gx_wait calls=0 timed_calls=0 period=1 timed_us=0
subsystem_time: stage=dma_pi calls=640 timed_calls=640 period=1 timed_us=58693
subsystem_time: stage=dma_sp calls=1528 timed_calls=1528 period=1 timed_us=1527
subsystem_time: stage=dma_si calls=1147 timed_calls=1147 period=1 timed_us=10806
subsystem_time: stage=tlb_translate calls=0 timed_calls=0 period=127 timed_us=0
subsystem_time: stage=pif calls=1149 timed_calls=1149 period=1 timed_us=9977
subsystem_time: stage=input calls=807 timed_calls=807 period=1 timed_us=7956
subsystem_time: stage=guest_interrupt calls=6616 timed_calls=6616 period=1 timed_us=7056806
subsystem_time: stage=interpreter_inclusive calls=0 timed_calls=0 period=1 timed_us=0
subsystem_time: stage=audio_submit calls=405 timed_calls=405 period=1 timed_us=6446
subsystem_time: stage=audio_callback calls=9464 timed_calls=9464 period=1 timed_us=4111
subsystem_time: stage=memory_slow calls=487848 timed_calls=3841 period=127 timed_us=20904
subsystem_time: stage=jit_invalidate calls=13795849 timed_calls=108628 period=127 timed_us=5986
audio_time: stage=resample sampled_calls=57 sampled_samples=10488 sampled_us=419
audio_time: stage=zoh sampled_calls=0 sampled_samples=0 sampled_us=0
audio_time: stage=adpcm sampled_calls=44 sampled_samples=4752 sampled_us=205
audio_time: stage=envmix_exp sampled_calls=0 sampled_samples=0 sampled_us=0
audio_time: stage=envmix_ge sampled_calls=0 sampled_samples=0 sampled_us=0
audio_time: stage=envmix_lin sampled_calls=44 sampled_samples=8096 sampled_us=690
audio_time: stage=envmix_nead sampled_calls=0 sampled_samples=0 sampled_us=0
audio_time: stage=mix sampled_calls=254 sampled_samples=46736 sampled_us=777
audio_time: stage=musyx_voice sampled_calls=0 sampled_samples=0 sampled_us=0
audio_time: stage=musyx_fx sampled_calls=0 sampled_samples=0 sampled_us=0
audio_time: stage=output sampled_calls=3 sampled_samples=2208 sampled_us=39
game: n=3/8 how=vis vis=900 vi_rate=60 vi0_retrace=5998 wall_us=15268432 sleep_us=6941087 avg_vis=57.74 avg_fps=27.61 exceptions=5450 cacheResets=1 recompiles=2083 batches=52520 verts=741906 texStalls=0 treeDepthMax=31 underruns=3 overruns=0 queue_peak_ms=60 dsp_avg=1.37 dsp_peak=1.60 pmc1=5818103592 pmc2=5730484390 pmc3=0 pmc4=0 mmcr0=00000042 mmcr1=00000000 heap_used=10926080 heap_free=35432 arena1_free=487424 arena2_free=577472 flushes=3 flush_us=33255 padtrace=0 rom=sd:/wii64/roms/Banjo-Kazooie.V64
=== chain 3/8 end vis=900 how=vis rom=sd:/wii64/roms/Banjo-Kazooie.V64 ===
mark: pad replay records: 11
mark: loadROM: enter
mark: loadROM: before rom_read
mark: ROMCache_load: enter
menufps: 0.1
menufps: 0.2
mark: ROMCache_load: before first read
mark: ROMCache_load: first read returned
mark: ROMCache_load: byte_swap_type set
mark: ROMCache_load: first byte_swap done
menufps: 0.2
menufps: 8.5
menufps: 8.0
menufps: 8.0
menufps: 7.5
menufps: 8.1
menufps: 8.0
menufps: 7.4
menufps: 1.3
menufps: 1.3
menufps: 1.3
menufps: 1.3
menufps: 1.2
menufps: 1.3
menufps: 1.2
menufps: 3.7
menufps: 8.3
menufps: 8.3
menufps: 8.3
menufps: 7.5
mark: ROMCache_load: loop exited normally
mark: ROMCache_load: preflush_us=17297695 writes=2040 bytes=16711680
mark: ROMCache_load: elapsed_us=39461310 bytes=33554432 vm=1
mark: loadROM: after rom_read
mark: loadROM: before init_memory
mark: loadROM: after init_memory
mark: loadROM: before romOpen_gfx
mark: loadROM: after romOpen_gfx / before romOpen_audio
mark: loadROM: after romOpen_audio / before romOpen_input
mark: loadROM: after romOpen_input / before cpu_init
mark: loadROM: after cpu_init
menufps: 0.2
menufps: 0.7
first_vi: vi0_retrace=9492
mark: CPU core dispatch: dynarec
vis: 60.0
cpu: exceptions=420 cacheResets=1 batches=0 verts=0 texStalls=0 recompiles=315 underruns=0 overruns=0 sleep_us=152597 queue_ms=0
vis: 60.0
cpu: exceptions=660 cacheResets=1 batches=0 verts=0 texStalls=0 recompiles=315 underruns=0 overruns=0 sleep_us=641940 queue_ms=0
vis: 60.0
cpu: exceptions=2154 cacheResets=1 batches=0 verts=0 texStalls=0 recompiles=336 underruns=0 overruns=0 sleep_us=1093035 queue_ms=0
fps: 0.5
vis: 60.0
cpu: exceptions=2416 cacheResets=1 batches=0 verts=0 texStalls=0 recompiles=660 underruns=1 overruns=0 sleep_us=1545140 queue_ms=14
fps: 55.8
vis: 60.0
cpu: exceptions=2622 cacheResets=1 batches=0 verts=0 texStalls=0 recompiles=786 underruns=1 overruns=0 sleep_us=1923446 queue_ms=10
fps: 60.0
vis: 60.0
cpu: exceptions=2787 cacheResets=1 batches=0 verts=0 texStalls=0 recompiles=786 underruns=1 overruns=0 sleep_us=2356234 queue_ms=15
fps: 62.0
vis: 60.0
cpu: exceptions=2952 cacheResets=1 batches=0 verts=0 texStalls=0 recompiles=791 underruns=1 overruns=0 sleep_us=2789119 queue_ms=12
fps: 60.0
vis: 60.0
cpu: exceptions=3117 cacheResets=1 batches=0 verts=0 texStalls=0 recompiles=791 underruns=1 overruns=0 sleep_us=3222414 queue_ms=17
fps: 60.0
vis: 60.0
cpu: exceptions=3282 cacheResets=1 batches=0 verts=0 texStalls=0 recompiles=791 underruns=1 overruns=0 sleep_us=3655600 queue_ms=13
fps: 57.0
vis: 60.0
cpu: exceptions=3447 cacheResets=1 batches=0 verts=0 texStalls=0 recompiles=805 underruns=2 overruns=0 sleep_us=4088702 queue_ms=9
vis: 60.0
cpu: exceptions=3614 cacheResets=1 batches=0 verts=0 texStalls=0 recompiles=805 underruns=2 overruns=0 sleep_us=4503081 queue_ms=14
fps: 54.1
vis: 60.0
cpu: exceptions=3794 cacheResets=1 batches=0 verts=0 texStalls=0 recompiles=807 underruns=2 overruns=0 sleep_us=4936117 queue_ms=11
fps: 62.0
vis: 60.0
cpu: exceptions=3974 cacheResets=1 batches=0 verts=0 texStalls=0 recompiles=807 underruns=2 overruns=0 sleep_us=5369501 queue_ms=16
fps: 60.0
vis: 60.0
cpu: exceptions=4154 cacheResets=1 batches=0 verts=0 texStalls=0 recompiles=807 underruns=2 overruns=0 sleep_us=5802893 queue_ms=13
fps: 60.0
vis: 60.0
cpu: exceptions=4334 cacheResets=1 batches=0 verts=0 texStalls=0 recompiles=807 underruns=2 overruns=0 sleep_us=6236031 queue_ms=17
fps: 60.0
vis: 60.0
cpu: exceptions=4515 cacheResets=1 batches=0 verts=0 texStalls=0 recompiles=808 underruns=2 overruns=0 sleep_us=6649110 queue_ms=14
fps: 52.3
vis: 60.0
cpu: exceptions=4695 cacheResets=1 batches=0 verts=0 texStalls=0 recompiles=809 underruns=2 overruns=0 sleep_us=7082189 queue_ms=19
fps: 62.0
vis: 60.0
cpu: exceptions=4875 cacheResets=1 batches=0 verts=0 texStalls=0 recompiles=809 underruns=2 overruns=0 sleep_us=7515588 queue_ms=16
fps: 60.0
vis: 60.0
cpu: exceptions=5055 cacheResets=1 batches=0 verts=0 texStalls=0 recompiles=809 underruns=2 overruns=0 sleep_us=7948932 queue_ms=12
fps: 60.0
vis: 60.0
cpu: exceptions=5235 cacheResets=1 batches=0 verts=0 texStalls=0 recompiles=811 underruns=2 overruns=0 sleep_us=8382016 queue_ms=17
fps: 60.0
vis: 58.5
cpu: exceptions=5509 cacheResets=1 batches=0 verts=0 texStalls=0 recompiles=1101 underruns=3 overruns=0 sleep_us=8745206 queue_ms=14
vis: 60.0
cpu: exceptions=5768 cacheResets=1 batches=0 verts=0 texStalls=0 recompiles=1125 underruns=4 overruns=0 sleep_us=8989686 queue_ms=18
vis: 60.0
cpu: exceptions=6020 cacheResets=1 batches=0 verts=0 texStalls=0 recompiles=1125 underruns=4 overruns=0 sleep_us=9250150 queue_ms=24
vis: 59.4
cpu: exceptions=6262 cacheResets=1 batches=0 verts=0 texStalls=0 recompiles=1125 underruns=4 overruns=0 sleep_us=9523287 queue_ms=20
vis: 60.0
cpu: exceptions=6489 cacheResets=1 batches=0 verts=0 texStalls=0 recompiles=1125 underruns=4 overruns=0 sleep_us=9789770 queue_ms=16
vis: 60.0
cpu: exceptions=6709 cacheResets=1 batches=0 verts=0 texStalls=0 recompiles=1125 underruns=4 overruns=0 sleep_us=10047603 queue_ms=12
vis: 60.0
cpu: exceptions=6928 cacheResets=1 batches=0 verts=0 texStalls=0 recompiles=1125 underruns=4 overruns=0 sleep_us=10315246 queue_ms=18
fps: 6.8
vis: 58.7
cpu: exceptions=7134 cacheResets=1 batches=373 verts=8757 texStalls=0 recompiles=1295 underruns=4 overruns=0 sleep_us=10557821 queue_ms=5
fps: 147.9
vis: 60.0
cpu: exceptions=7408 cacheResets=1 batches=5968 verts=140112 texStalls=0 recompiles=1419 underruns=4 overruns=0 sleep_us=10680911 queue_ms=1
mark: stop reason: chain guest VI limit
mark: stop_it requested
audio: alist_resample_calls=643 alist_resample_samples=78816 alist_zoh_calls=0 alist_zoh_samples=0 musyx_subframes=0 musyx_voices=0 musyx_voice_peak=0
audio_stages: adpcm_calls=643 adpcm_samples=57600 envmix_calls=643 envmix_samples=78816 mix_calls=31250 mix_samples=4170080 musyx_fx_calls=0 musyx_fx_taps=0 output_calls=781 output_samples=417008
audio_envmix: exp_calls=643 ge_calls=0 lin_calls=0 nead_calls=0 exp_steady=570 ge_steady=0 lin_steady=0
audio_gaps: nead_mats=0 nead_efz=0 resample_flag2=0 musyx_ptr10=0
audio_output: stream_requests=4015 stream_fed=1447 input_hz=32006 playback_hz=32006 queue_peak_ms=41
vm_io: read_ahead=1 reads=110 hits=423 read_bytes=3604480 writes=0 write_bytes=0 errors=0
subsystem_time: stage=rsp_gfx calls=652 timed_calls=652 period=1 timed_us=631326
subsystem_time: stage=rsp_audio calls=781 timed_calls=781 period=1 timed_us=160399
subsystem_time: stage=rsp_other calls=0 timed_calls=0 period=1 timed_us=0
subsystem_time: stage=lookup calls=1084201 timed_calls=8537 period=127 timed_us=1444
subsystem_time: stage=compile calls=1420 timed_calls=1420 period=1 timed_us=88163
subsystem_time: stage=dispatch calls=1061999 timed_calls=8362 period=127 timed_us=3387
subsystem_time: stage=execute_inclusive calls=1061999 timed_calls=8362 period=127 timed_us=68083
subsystem_time: stage=rom_copy calls=1098 timed_calls=1098 period=1 timed_us=448787
subsystem_time: stage=present calls=899 timed_calls=899 period=1 timed_us=15749
subsystem_time: stage=limiter calls=835 timed_calls=835 period=1 timed_us=10804414
subsystem_time: stage=vm_fault calls=533 timed_calls=533 period=1 timed_us=441044
subsystem_time: stage=vm_victim calls=533 timed_calls=533 period=1 timed_us=613
subsystem_time: stage=vm_read calls=110 timed_calls=110 period=1 timed_us=415795
subsystem_time: stage=vm_write calls=0 timed_calls=0 period=1 timed_us=0
subsystem_time: stage=tex_hash calls=18330 timed_calls=18330 period=1 timed_us=220155
subsystem_time: stage=tex_lookup calls=18330 timed_calls=18330 period=1 timed_us=3561
subsystem_time: stage=tex_load calls=71 timed_calls=71 period=1 timed_us=11634
subsystem_time: stage=tex_activate calls=18330 timed_calls=18330 period=1 timed_us=5698
subsystem_time: stage=draw_triangles calls=11190 timed_calls=11190 period=1 timed_us=36292
subsystem_time: stage=draw_rect calls=8888 timed_calls=8888 period=1 timed_us=177642
subsystem_time: stage=gfx_list calls=652 timed_calls=652 period=1 timed_us=630463
subsystem_time: stage=gfx_command calls=455315 timed_calls=3585 period=127 timed_us=4898
subsystem_time: stage=vertex calls=139050 timed_calls=1094 period=127 timed_us=414
subsystem_time: stage=gfx_state calls=20078 timed_calls=158 period=127 timed_us=2239
subsystem_time: stage=gx_wait calls=0 timed_calls=0 period=1 timed_us=0
subsystem_time: stage=dma_pi calls=1098 timed_calls=1098 period=1 timed_us=491927
subsystem_time: stage=dma_sp calls=2866 timed_calls=2866 period=1 timed_us=2070
subsystem_time: stage=dma_si calls=2784 timed_calls=2784 period=1 timed_us=12635
subsystem_time: stage=tlb_translate calls=0 timed_calls=0 period=127 timed_us=0
subsystem_time: stage=pif calls=2785 timed_calls=2785 period=1 timed_us=11583
subsystem_time: stage=input calls=2360 timed_calls=2360 period=1 timed_us=9438
subsystem_time: stage=guest_interrupt calls=10442 timed_calls=10442 period=1 timed_us=10870702
subsystem_time: stage=interpreter_inclusive calls=0 timed_calls=0 period=1 timed_us=0
subsystem_time: stage=audio_submit calls=781 timed_calls=781 period=1 timed_us=6757
subsystem_time: stage=audio_callback calls=10047 timed_calls=10047 period=1 timed_us=4723
subsystem_time: stage=memory_slow calls=657631 timed_calls=5178 period=127 timed_us=5757
subsystem_time: stage=jit_invalidate calls=12334554 timed_calls=97122 period=127 timed_us=4707
audio_time: stage=resample sampled_calls=5 sampled_samples=656 sampled_us=29
audio_time: stage=zoh sampled_calls=0 sampled_samples=0 sampled_us=0
audio_time: stage=adpcm sampled_calls=5 sampled_samples=496 sampled_us=24
audio_time: stage=envmix_exp sampled_calls=5 sampled_samples=656 sampled_us=59
audio_time: stage=envmix_ge sampled_calls=0 sampled_samples=0 sampled_us=0
audio_time: stage=envmix_lin sampled_calls=0 sampled_samples=0 sampled_us=0
audio_time: stage=envmix_nead sampled_calls=0 sampled_samples=0 sampled_us=0
audio_time: stage=mix sampled_calls=246 sampled_samples=32720 sampled_us=538
audio_time: stage=musyx_voice sampled_calls=0 sampled_samples=0 sampled_us=0
audio_time: stage=musyx_fx sampled_calls=0 sampled_samples=0 sampled_us=0
audio_time: stage=output sampled_calls=6 sampled_samples=3168 sampled_us=41
game: n=4/8 how=vis vis=900 vi_rate=60 vi0_retrace=9492 wall_us=15214293 sleep_us=10802194 avg_vis=59.88 avg_fps=57.91 exceptions=7670 cacheResets=1 recompiles=1420 batches=11190 verts=262710 texStalls=0 treeDepthMax=25 underruns=7 overruns=0 queue_peak_ms=24 dsp_avg=1.47 dsp_peak=1.70 pmc1=2769711518 pmc2=3055347823 pmc3=0 pmc4=0 mmcr0=00000042 mmcr1=00000000 heap_used=10875104 heap_free=123272 arena1_free=450560 arena2_free=577472 flushes=3 flush_us=33172 padtrace=4 rom=sd:/wii64/roms/Mario Party.v64
=== chain 4/8 end vis=900 how=vis rom=sd:/wii64/roms/Mario Party.v64 ===
mark: pad replay records: 11
mark: loadROM: enter
mark: loadROM: before rom_read
mark: ROMCache_load: enter
mark: ROMCache_load: before first read
mark: ROMCache_load: first read returned
mark: ROMCache_load: byte_swap_type set
mark: ROMCache_load: first byte_swap done
menufps: 0.1
menufps: 8.5
menufps: 8.0
menufps: 8.1
menufps: 8.1
menufps: 8.1
menufps: 8.0
menufps: 2.8
menufps: 1.3
menufps: 1.2
menufps: 1.3
menufps: 1.3
menufps: 1.2
menufps: 1.2
menufps: 3.7
menufps: 7.9
menufps: 8.2
menufps: 8.3
menufps: 8.4
mark: ROMCache_load: loop exited normally
mark: ROMCache_load: preflush_us=17378260 writes=2040 bytes=16711680
mark: ROMCache_load: elapsed_us=30005450 bytes=33554432 vm=1
mark: loadROM: after rom_read
mark: loadROM: before init_memory
mark: loadROM: after init_memory
mark: loadROM: before romOpen_gfx
mark: loadROM: after romOpen_gfx / before romOpen_audio
mark: loadROM: after romOpen_audio / before romOpen_input
mark: loadROM: after romOpen_input / before cpu_init
mark: loadROM: after cpu_init
menufps: 0.2
menufps: 0.7
fps: 2.2
first_vi: vi0_retrace=12413
vis: 0.9
cpu: exceptions=0 cacheResets=0 batches=0 verts=0 texStalls=0 recompiles=0 underruns=0 overruns=0 sleep_us=0 queue_ms=0
mark: CPU core dispatch: dynarec
vis: 50.0
cpu: exceptions=416 cacheResets=1 batches=0 verts=0 texStalls=0 recompiles=309 underruns=0 overruns=0 sleep_us=158278 queue_ms=0
vis: 50.0
cpu: exceptions=3066 cacheResets=1 batches=0 verts=0 texStalls=0 recompiles=330 underruns=0 overruns=0 sleep_us=918828 queue_ms=0
vis: 50.0
cpu: exceptions=3306 cacheResets=1 batches=0 verts=0 texStalls=0 recompiles=333 underruns=0 overruns=0 sleep_us=1408058 queue_ms=0
vis: 50.0
cpu: exceptions=3579 cacheResets=1 batches=0 verts=0 texStalls=0 recompiles=743 underruns=2 overruns=0 sleep_us=1789966 queue_ms=24
fps: 35.6
vis: 50.0
cpu: exceptions=3749 cacheResets=1 batches=0 verts=0 texStalls=0 recompiles=965 underruns=2 overruns=0 sleep_us=2117761 queue_ms=30
fps: 50.0
vis: 50.0
cpu: exceptions=3897 cacheResets=1 batches=0 verts=0 texStalls=0 recompiles=965 underruns=2 overruns=0 sleep_us=2522889 queue_ms=27
fps: 50.0
vis: 50.0
cpu: exceptions=4049 cacheResets=1 batches=0 verts=0 texStalls=0 recompiles=972 underruns=2 overruns=0 sleep_us=2922198 queue_ms=33
fps: 50.0
vis: 50.0
cpu: exceptions=4197 cacheResets=1 batches=0 verts=0 texStalls=0 recompiles=972 underruns=2 overruns=0 sleep_us=3327315 queue_ms=30
fps: 50.0
vis: 50.0
cpu: exceptions=4349 cacheResets=1 batches=0 verts=0 texStalls=0 recompiles=972 underruns=2 overruns=0 sleep_us=3727088 queue_ms=37
vis: 50.0
cpu: exceptions=4497 cacheResets=1 batches=0 verts=0 texStalls=0 recompiles=972 underruns=2 overruns=0 sleep_us=4132388 queue_ms=34
fps: 50.0
vis: 50.0
cpu: exceptions=4649 cacheResets=1 batches=0 verts=0 texStalls=0 recompiles=972 underruns=2 overruns=0 sleep_us=4532119 queue_ms=39
fps: 50.0
vis: 50.0
cpu: exceptions=4803 cacheResets=1 batches=0 verts=0 texStalls=0 recompiles=999 underruns=2 overruns=0 sleep_us=4922707 queue_ms=36
fps: 49.9
vis: 50.0
cpu: exceptions=4955 cacheResets=1 batches=0 verts=0 texStalls=0 recompiles=1002 underruns=2 overruns=0 sleep_us=5314461 queue_ms=34
fps: 50.0
vis: 50.0
cpu: exceptions=5103 cacheResets=1 batches=0 verts=0 texStalls=0 recompiles=1002 underruns=2 overruns=0 sleep_us=5712613 queue_ms=40
fps: 50.0
vis: 50.0
cpu: exceptions=5255 cacheResets=1 batches=0 verts=0 texStalls=0 recompiles=1002 underruns=2 overruns=0 sleep_us=6104744 queue_ms=36
fps: 50.0
vis: 50.0
cpu: exceptions=5403 cacheResets=1 batches=0 verts=0 texStalls=0 recompiles=1002 underruns=2 overruns=0 sleep_us=6502858 queue_ms=43
fps: 50.0
vis: 50.0
cpu: exceptions=5555 cacheResets=1 batches=0 verts=0 texStalls=0 recompiles=1002 underruns=2 overruns=0 sleep_us=6894930 queue_ms=41
fps: 50.0
vis: 50.0
cpu: exceptions=5703 cacheResets=1 batches=0 verts=0 texStalls=0 recompiles=1002 underruns=2 overruns=0 sleep_us=7293267 queue_ms=46
fps: 50.0
vis: 50.0
cpu: exceptions=5855 cacheResets=1 batches=0 verts=0 texStalls=0 recompiles=1002 underruns=2 overruns=0 sleep_us=7685423 queue_ms=42
fps: 48.5
vis: 50.0
cpu: exceptions=6003 cacheResets=1 batches=0 verts=0 texStalls=0 recompiles=1002 underruns=2 overruns=0 sleep_us=8083218 queue_ms=31
fps: 50.0
vis: 50.0
cpu: exceptions=6155 cacheResets=1 batches=0 verts=0 texStalls=0 recompiles=1002 underruns=2 overruns=0 sleep_us=8475072 queue_ms=28
fps: 50.0
vis: 50.0
cpu: exceptions=6303 cacheResets=1 batches=0 verts=0 texStalls=0 recompiles=1002 underruns=2 overruns=0 sleep_us=8873000 queue_ms=33
fps: 50.0
vis: 50.0
cpu: exceptions=6455 cacheResets=1 batches=0 verts=0 texStalls=0 recompiles=1002 underruns=2 overruns=0 sleep_us=9264702 queue_ms=31
fps: 50.0
vis: 50.0
cpu: exceptions=6606 cacheResets=1 batches=0 verts=0 texStalls=0 recompiles=1143 underruns=2 overruns=0 sleep_us=9647901 queue_ms=38
fps: 50.0
vis: 50.0
cpu: exceptions=6761 cacheResets=1 batches=0 verts=0 texStalls=0 recompiles=1143 underruns=2 overruns=0 sleep_us=10032850 queue_ms=34
fps: 50.0
vis: 50.0
cpu: exceptions=6933 cacheResets=1 batches=0 verts=0 texStalls=0 recompiles=1167 underruns=2 overruns=0 sleep_us=10435271 queue_ms=40
fps: 35.0
vis: 50.0
cpu: exceptions=7123 cacheResets=1 batches=0 verts=0 texStalls=0 recompiles=1208 underruns=2 overruns=0 sleep_us=10887916 queue_ms=37
fps: 43.9
vis: 50.0
cpu: exceptions=7315 cacheResets=1 batches=0 verts=0 texStalls=0 recompiles=1254 underruns=3 overruns=0 sleep_us=11269092 queue_ms=13
fps: 50.0
vis: 50.0
cpu: exceptions=7463 cacheResets=1 batches=0 verts=0 texStalls=0 recompiles=1254 underruns=3 overruns=0 sleep_us=11709666 queue_ms=11
fps: 50.0
vis: 50.0
cpu: exceptions=7615 cacheResets=1 batches=0 verts=0 texStalls=0 recompiles=1256 underruns=3 overruns=0 sleep_us=12147518 queue_ms=8
fps: 50.0
vis: 50.0
cpu: exceptions=7763 cacheResets=1 batches=0 verts=0 texStalls=0 recompiles=1256 underruns=3 overruns=0 sleep_us=12588471 queue_ms=13
fps: 50.0
vis: 50.0
cpu: exceptions=7915 cacheResets=1 batches=0 verts=0 texStalls=0 recompiles=1256 underruns=3 overruns=0 sleep_us=13026804 queue_ms=11
fps: 50.0
vis: 50.0
cpu: exceptions=8063 cacheResets=1 batches=0 verts=0 texStalls=0 recompiles=1256 underruns=3 overruns=0 sleep_us=13467559 queue_ms=18
fps: 50.1
vis: 50.0
cpu: exceptions=8214 cacheResets=1 batches=0 verts=0 texStalls=0 recompiles=1258 underruns=3 overruns=0 sleep_us=13912575 queue_ms=14
fps: 46.0
vis: 50.0
cpu: exceptions=8363 cacheResets=1 batches=0 verts=0 texStalls=0 recompiles=1258 underruns=3 overruns=0 sleep_us=14326837 queue_ms=19
mark: stop reason: chain guest VI limit
mark: stop_it requested
audio: alist_resample_calls=262 alist_resample_samples=38912 alist_zoh_calls=0 alist_zoh_samples=0 musyx_subframes=0 musyx_voices=0 musyx_voice_peak=0
audio_stages: adpcm_calls=262 adpcm_samples=26816 envmix_calls=262 envmix_samples=38912 mix_calls=34450 mix_samples=5036320 musyx_fx_calls=0 musyx_fx_taps=0 output_calls=784 output_samples=503008
audio_envmix: exp_calls=262 ge_calls=0 lin_calls=0 nead_calls=0 exp_steady=262 ge_steady=0 lin_steady=0
audio_gaps: nead_mats=0 nead_efz=0 resample_flag2=0 musyx_ptr10=0
audio_output: stream_requests=4436 stream_fed=1746 input_hz=31995 playback_hz=31995 queue_peak_ms=69
vm_io: read_ahead=1 reads=44 hits=235 read_bytes=1441792 writes=0 write_bytes=0 errors=0
subsystem_time: stage=rsp_gfx calls=766 timed_calls=766 period=1 timed_us=685140
subsystem_time: stage=rsp_audio calls=785 timed_calls=785 period=1 timed_us=181228
subsystem_time: stage=rsp_other calls=0 timed_calls=0 period=1 timed_us=0
subsystem_time: stage=lookup calls=1426715 timed_calls=11233 period=127 timed_us=1871
subsystem_time: stage=compile calls=1258 timed_calls=1258 period=1 timed_us=77098
subsystem_time: stage=dispatch calls=1415998 timed_calls=11149 period=127 timed_us=4532
subsystem_time: stage=execute_inclusive calls=1415998 timed_calls=11149 period=127 timed_us=186834
subsystem_time: stage=rom_copy calls=124 timed_calls=124 period=1 timed_us=183893
subsystem_time: stage=present calls=899 timed_calls=899 period=1 timed_us=20076
subsystem_time: stage=limiter calls=876 timed_calls=876 period=1 timed_us=14415832
subsystem_time: stage=vm_fault calls=279 timed_calls=279 period=1 timed_us=177770
subsystem_time: stage=vm_victim calls=279 timed_calls=279 period=1 timed_us=281
subsystem_time: stage=vm_read calls=44 timed_calls=44 period=1 timed_us=164657
subsystem_time: stage=vm_write calls=0 timed_calls=0 period=1 timed_us=0
subsystem_time: stage=tex_hash calls=26023 timed_calls=26023 period=1 timed_us=319486
subsystem_time: stage=tex_lookup calls=26023 timed_calls=26023 period=1 timed_us=12263
subsystem_time: stage=tex_load calls=96 timed_calls=96 period=1 timed_us=19105
subsystem_time: stage=tex_activate calls=26023 timed_calls=26023 period=1 timed_us=2641
subsystem_time: stage=draw_triangles calls=0 timed_calls=0 period=1 timed_us=0
subsystem_time: stage=draw_rect calls=26159 timed_calls=26159 period=1 timed_us=479161
subsystem_time: stage=gfx_list calls=766 timed_calls=766 period=1 timed_us=684155
subsystem_time: stage=gfx_command calls=385939 timed_calls=3038 period=127 timed_us=5089
subsystem_time: stage=vertex calls=0 timed_calls=0 period=127 timed_us=0
subsystem_time: stage=gfx_state calls=26159 timed_calls=205 period=127 timed_us=3151
subsystem_time: stage=gx_wait calls=0 timed_calls=0 period=1 timed_us=0
subsystem_time: stage=dma_pi calls=124 timed_calls=124 period=1 timed_us=215035
subsystem_time: stage=dma_sp calls=3102 timed_calls=3102 period=1 timed_us=2251
subsystem_time: stage=dma_si calls=4122 timed_calls=4122 period=1 timed_us=16847
subsystem_time: stage=tlb_translate calls=0 timed_calls=0 period=127 timed_us=0
subsystem_time: stage=pif calls=4123 timed_calls=4123 period=1 timed_us=15360
subsystem_time: stage=input calls=3180 timed_calls=3180 period=1 timed_us=12408
subsystem_time: stage=guest_interrupt calls=10679 timed_calls=10679 period=1 timed_us=14488235
subsystem_time: stage=interpreter_inclusive calls=0 timed_calls=0 period=1 timed_us=0
subsystem_time: stage=audio_submit calls=784 timed_calls=784 period=1 timed_us=8650
subsystem_time: stage=audio_callback calls=11932 timed_calls=11932 period=1 timed_us=5712
subsystem_time: stage=memory_slow calls=438958 timed_calls=3456 period=127 timed_us=13203
subsystem_time: stage=jit_invalidate calls=6125561 timed_calls=48232 period=127 timed_us=2250
audio_time: stage=resample sampled_calls=2 sampled_samples=304 sampled_us=12
audio_time: stage=zoh sampled_calls=0 sampled_samples=0 sampled_us=0
audio_time: stage=adpcm sampled_calls=2 sampled_samples=208 sampled_us=8
audio_time: stage=envmix_exp sampled_calls=2 sampled_samples=304 sampled_us=25
audio_time: stage=envmix_ge sampled_calls=0 sampled_samples=0 sampled_us=0
audio_time: stage=envmix_lin sampled_calls=0 sampled_samples=0 sampled_us=0
audio_time: stage=envmix_nead sampled_calls=0 sampled_samples=0 sampled_us=0
audio_time: stage=mix sampled_calls=271 sampled_samples=39248 sampled_us=640
audio_time: stage=musyx_voice sampled_calls=0 sampled_samples=0 sampled_us=0
audio_time: stage=musyx_fx sampled_calls=0 sampled_samples=0 sampled_us=0
audio_time: stage=output sampled_calls=6 sampled_samples=3856 sampled_us=52
game: n=5/8 how=vis vis=900 vi_rate=50 vi0_retrace=12413 wall_us=18134526 sleep_us=14413440 avg_vis=48.64 avg_fps=47.13 exceptions=8400 cacheResets=1 recompiles=1258 batches=0 verts=0 texStalls=0 treeDepthMax=17 underruns=3 overruns=0 queue_peak_ms=46 dsp_avg=1.48 dsp_peak=1.65 pmc1=2472724677 pmc2=2407718371 pmc3=0 pmc4=0 mmcr0=00000042 mmcr1=00000000 heap_used=10863840 heap_free=134536 arena1_free=450560 arena2_free=577472 flushes=3 flush_us=34450 padtrace=4 rom=sd:/wii64/roms/Mario Party 2 (E) (M5) [!].z64
=== chain 5/8 end vis=900 how=vis rom=sd:/wii64/roms/Mario Party 2 (E) (M5) [!].z64 ===
mark: pad replay records: 11
mark: loadROM: enter
mark: loadROM: before rom_read
mark: ROMCache_load: enter
mark: ROMCache_load: before first read
mark: ROMCache_load: first read returned
mark: ROMCache_load: byte_swap_type set
mark: ROMCache_load: first byte_swap done
menufps: 0.1
menufps: 8.5
menufps: 8.3
menufps: 8.3
menufps: 8.4
menufps: 8.3
menufps: 7.7
menufps: 2.1
menufps: 1.3
menufps: 1.3
menufps: 1.2
menufps: 1.2
menufps: 1.2
menufps: 1.3
menufps: 3.7
menufps: 8.3
menufps: 8.3
menufps: 8.3
menufps: 8.4
mark: ROMCache_load: loop exited normally
mark: ROMCache_load: preflush_us=17399831 writes=2040 bytes=16711680
mark: ROMCache_load: elapsed_us=29956033 bytes=33554432 vm=1
mark: loadROM: after rom_read
mark: loadROM: before init_memory
mark: loadROM: after init_memory
mark: loadROM: before romOpen_gfx
mark: loadROM: after romOpen_gfx / before romOpen_audio
mark: loadROM: after romOpen_audio / before romOpen_input
mark: loadROM: after romOpen_input / before cpu_init
mark: loadROM: after cpu_init
menufps: 0.2
menufps: 0.7
fps: 0.2
first_vi: vi0_retrace=15506
vis: 0.2
cpu: exceptions=0 cacheResets=0 batches=0 verts=0 texStalls=0 recompiles=0 underruns=0 overruns=0 sleep_us=0 queue_ms=0
mark: CPU core dispatch: dynarec
vis: 50.0
cpu: exceptions=1752 cacheResets=1 batches=0 verts=0 texStalls=0 recompiles=367 underruns=0 overruns=0 sleep_us=114298 queue_ms=0
fps: 1.3
vis: 50.0
cpu: exceptions=2779 cacheResets=1 batches=0 verts=0 texStalls=0 recompiles=807 underruns=1 overruns=0 sleep_us=457517 queue_ms=38
fps: 34.0
vis: 50.0
cpu: exceptions=2993 cacheResets=1 batches=0 verts=0 texStalls=0 recompiles=1244 underruns=1 overruns=0 sleep_us=741107 queue_ms=26
fps: 48.8
vis: 50.0
cpu: exceptions=3125 cacheResets=1 batches=0 verts=0 texStalls=0 recompiles=1253 underruns=1 overruns=0 sleep_us=1139739 queue_ms=19
fps: 50.3
vis: 50.0
cpu: exceptions=3280 cacheResets=1 batches=0 verts=0 texStalls=0 recompiles=1267 underruns=1 overruns=0 sleep_us=1517285 queue_ms=36
fps: 49.9
vis: 50.0
cpu: exceptions=3437 cacheResets=1 batches=0 verts=0 texStalls=0 recompiles=1269 underruns=1 overruns=0 sleep_us=1889651 queue_ms=38
fps: 50.1
vis: 50.0
cpu: exceptions=3589 cacheResets=1 batches=0 verts=0 texStalls=0 recompiles=1277 underruns=1 overruns=0 sleep_us=2255854 queue_ms=11
fps: 49.7
vis: 50.0
cpu: exceptions=3736 cacheResets=1 batches=0 verts=0 texStalls=0 recompiles=1277 underruns=1 overruns=0 sleep_us=2630995 queue_ms=28
fps: 50.2
vis: 50.0
cpu: exceptions=3888 cacheResets=1 batches=0 verts=0 texStalls=0 recompiles=1278 underruns=1 overruns=0 sleep_us=3003462 queue_ms=36
fps: 49.9
vis: 50.0
cpu: exceptions=4029 cacheResets=1 batches=0 verts=0 texStalls=0 recompiles=1279 underruns=1 overruns=0 sleep_us=3377495 queue_ms=41
fps: 50.1
vis: 50.0
cpu: exceptions=4178 cacheResets=1 batches=0 verts=0 texStalls=0 recompiles=1279 underruns=1 overruns=0 sleep_us=3748910 queue_ms=20
vis: 50.0
cpu: exceptions=4329 cacheResets=1 batches=0 verts=0 texStalls=0 recompiles=1280 underruns=1 overruns=0 sleep_us=4127189 queue_ms=37
fps: 49.8
vis: 50.0
cpu: exceptions=4487 cacheResets=1 batches=0 verts=0 texStalls=0 recompiles=1313 underruns=1 overruns=0 sleep_us=4484888 queue_ms=39
fps: 50.1
vis: 50.0
cpu: exceptions=4633 cacheResets=1 batches=0 verts=0 texStalls=0 recompiles=1315 underruns=1 overruns=0 sleep_us=4849159 queue_ms=50
fps: 50.0
vis: 50.0
cpu: exceptions=4774 cacheResets=1 batches=0 verts=0 texStalls=0 recompiles=1318 underruns=1 overruns=0 sleep_us=5211499 queue_ms=29
fps: 50.0
vis: 50.0
cpu: exceptions=4911 cacheResets=1 batches=0 verts=0 texStalls=0 recompiles=1318 underruns=1 overruns=0 sleep_us=5581478 queue_ms=31
fps: 50.0
vis: 50.0
cpu: exceptions=5053 cacheResets=1 batches=0 verts=0 texStalls=0 recompiles=1318 underruns=1 overruns=0 sleep_us=5953685 queue_ms=47
fps: 50.1
vis: 50.0
cpu: exceptions=5199 cacheResets=1 batches=0 verts=0 texStalls=0 recompiles=1318 underruns=1 overruns=0 sleep_us=6333278 queue_ms=44
fps: 49.9
vis: 50.0
cpu: exceptions=5349 cacheResets=1 batches=0 verts=0 texStalls=0 recompiles=1318 underruns=1 overruns=0 sleep_us=6704297 queue_ms=32
fps: 50.1
vis: 50.0
cpu: exceptions=5499 cacheResets=1 batches=0 verts=0 texStalls=0 recompiles=1318 underruns=1 overruns=0 sleep_us=7076177 queue_ms=39
fps: 49.9
vis: 50.0
cpu: exceptions=5644 cacheResets=1 batches=0 verts=0 texStalls=0 recompiles=1318 underruns=1 overruns=0 sleep_us=7445528 queue_ms=50
fps: 50.0
vis: 50.0
cpu: exceptions=5786 cacheResets=1 batches=0 verts=0 texStalls=0 recompiles=1318 underruns=1 overruns=0 sleep_us=7821490 queue_ms=52
fps: 49.9
vis: 50.0
cpu: exceptions=5937 cacheResets=1 batches=0 verts=0 texStalls=0 recompiles=1318 underruns=1 overruns=0 sleep_us=8189970 queue_ms=31
fps: 48.8
vis: 50.0
cpu: exceptions=6086 cacheResets=1 batches=0 verts=0 texStalls=0 recompiles=1318 underruns=1 overruns=0 sleep_us=8554772 queue_ms=33
fps: 49.9
vis: 50.0
cpu: exceptions=6246 cacheResets=1 batches=0 verts=0 texStalls=0 recompiles=1425 underruns=1 overruns=0 sleep_us=8905167 queue_ms=41
fps: 50.1
vis: 50.0
cpu: exceptions=6428 cacheResets=1 batches=0 verts=0 texStalls=0 recompiles=1436 underruns=1 overruns=0 sleep_us=9267649 queue_ms=43
fps: 50.2
vis: 50.0
cpu: exceptions=6574 cacheResets=1 batches=0 verts=0 texStalls=0 recompiles=1457 underruns=1 overruns=0 sleep_us=9690073 queue_ms=25
fps: 46.5
vis: 50.0
cpu: exceptions=6746 cacheResets=1 batches=0 verts=0 texStalls=0 recompiles=1475 underruns=1 overruns=0 sleep_us=10092580 queue_ms=33
fps: 50.0
vis: 50.0
cpu: exceptions=6886 cacheResets=1 batches=0 verts=0 texStalls=0 recompiles=1475 underruns=1 overruns=0 sleep_us=10537893 queue_ms=44
fps: 50.0
vis: 50.0
cpu: exceptions=7021 cacheResets=1 batches=0 verts=0 texStalls=0 recompiles=1477 underruns=1 overruns=0 sleep_us=10985476 queue_ms=46
fps: 50.0
vis: 50.0
cpu: exceptions=7161 cacheResets=1 batches=0 verts=0 texStalls=0 recompiles=1477 underruns=1 overruns=0 sleep_us=11431413 queue_ms=34
fps: 50.0
vis: 50.0
cpu: exceptions=7297 cacheResets=1 batches=0 verts=0 texStalls=0 recompiles=1477 underruns=1 overruns=0 sleep_us=11879511 queue_ms=36
fps: 49.9
vis: 50.0
cpu: exceptions=7436 cacheResets=1 batches=0 verts=0 texStalls=0 recompiles=1482 underruns=1 overruns=0 sleep_us=12325139 queue_ms=53
fps: 50.2
vis: 50.0
cpu: exceptions=7571 cacheResets=1 batches=0 verts=0 texStalls=0 recompiles=1484 underruns=1 overruns=0 sleep_us=12779579 queue_ms=55
fps: 46.0
vis: 50.0
cpu: exceptions=7712 cacheResets=1 batches=0 verts=0 texStalls=0 recompiles=1484 underruns=1 overruns=0 sleep_us=13198496 queue_ms=37
fps: 50.0
mark: stop reason: chain guest VI limit
mark: stop_it requested
audio: alist_resample_calls=19920 alist_resample_samples=3665280 alist_zoh_calls=0 alist_zoh_samples=0 musyx_subframes=0 musyx_voices=0 musyx_voice_peak=0
audio_stages: adpcm_calls=20583 adpcm_samples=3302304 envmix_calls=19920 envmix_samples=3665280 mix_calls=30350 mix_samples=5584400 musyx_fx_calls=0 musyx_fx_taps=0 output_calls=652 output_samples=557520
audio_envmix: exp_calls=0 ge_calls=0 lin_calls=19920 nead_calls=0 exp_steady=0 ge_steady=0 lin_steady=10752
audio_gaps: nead_mats=0 nead_efz=0 resample_flag2=0 musyx_ptr10=0
audio_output: stream_requests=3802 stream_fed=1933 input_hz=31995 playback_hz=31995 queue_peak_ms=85
vm_io: read_ahead=1 reads=44 hits=253 read_bytes=1441792 writes=0 write_bytes=0 errors=0
subsystem_time: stage=rsp_gfx calls=848 timed_calls=848 period=1 timed_us=697081
subsystem_time: stage=rsp_audio calls=653 timed_calls=653 period=1 timed_us=820068
subsystem_time: stage=rsp_other calls=0 timed_calls=0 period=1 timed_us=0
subsystem_time: stage=lookup calls=1453088 timed_calls=11441 period=127 timed_us=2168
subsystem_time: stage=compile calls=1485 timed_calls=1485 period=1 timed_us=93984
subsystem_time: stage=dispatch calls=1449817 timed_calls=11415 period=127 timed_us=4976
subsystem_time: stage=execute_inclusive calls=1449817 timed_calls=11415 period=127 timed_us=175261
subsystem_time: stage=rom_copy calls=724 timed_calls=724 period=1 timed_us=193852
subsystem_time: stage=present calls=899 timed_calls=899 period=1 timed_us=19933
subsystem_time: stage=limiter calls=876 timed_calls=876 period=1 timed_us=13613308
subsystem_time: stage=vm_fault calls=297 timed_calls=297 period=1 timed_us=178855
subsystem_time: stage=vm_victim calls=297 timed_calls=297 period=1 timed_us=301
subsystem_time: stage=vm_read calls=44 timed_calls=44 period=1 timed_us=164913
subsystem_time: stage=vm_write calls=0 timed_calls=0 period=1 timed_us=0
subsystem_time: stage=tex_hash calls=25845 timed_calls=25845 period=1 timed_us=320727
subsystem_time: stage=tex_lookup calls=25845 timed_calls=25845 period=1 timed_us=14209
subsystem_time: stage=tex_load calls=106 timed_calls=106 period=1 timed_us=21007
subsystem_time: stage=tex_activate calls=25845 timed_calls=25845 period=1 timed_us=2933
subsystem_time: stage=draw_triangles calls=0 timed_calls=0 period=1 timed_us=0
subsystem_time: stage=draw_rect calls=26284 timed_calls=26284 period=1 timed_us=485532
subsystem_time: stage=gfx_list calls=848 timed_calls=848 period=1 timed_us=696021
subsystem_time: stage=gfx_command calls=397619 timed_calls=3130 period=127 timed_us=5426
subsystem_time: stage=vertex calls=0 timed_calls=0 period=127 timed_us=0
subsystem_time: stage=gfx_state calls=26284 timed_calls=206 period=127 timed_us=2973
subsystem_time: stage=gx_wait calls=0 timed_calls=0 period=1 timed_us=0
subsystem_time: stage=dma_pi calls=724 timed_calls=724 period=1 timed_us=250388
subsystem_time: stage=dma_sp calls=3002 timed_calls=3002 period=1 timed_us=2441
subsystem_time: stage=dma_si calls=3519 timed_calls=3519 period=1 timed_us=17846
subsystem_time: stage=tlb_translate calls=0 timed_calls=0 period=127 timed_us=0
subsystem_time: stage=pif calls=3520 timed_calls=3520 period=1 timed_us=16277
subsystem_time: stage=input calls=3508 timed_calls=3508 period=1 timed_us=13314
subsystem_time: stage=guest_interrupt calls=10557 timed_calls=10557 period=1 timed_us=13689227
subsystem_time: stage=interpreter_inclusive calls=0 timed_calls=0 period=1 timed_us=0
subsystem_time: stage=audio_submit calls=652 timed_calls=652 period=1 timed_us=9833
subsystem_time: stage=audio_callback calls=11317 timed_calls=11317 period=1 timed_us=6512
subsystem_time: stage=memory_slow calls=492706 timed_calls=3879 period=127 timed_us=8483
subsystem_time: stage=jit_invalidate calls=7098562 timed_calls=55894 period=127 timed_us=3049
audio_time: stage=resample sampled_calls=156 sampled_samples=28704 sampled_us=1134
audio_time: stage=zoh sampled_calls=0 sampled_samples=0 sampled_us=0
audio_time: stage=adpcm sampled_calls=162 sampled_samples=27264 sampled_us=1114
audio_time: stage=envmix_exp sampled_calls=0 sampled_samples=0 sampled_us=0
audio_time: stage=envmix_ge sampled_calls=0 sampled_samples=0 sampled_us=0
audio_time: stage=envmix_lin sampled_calls=156 sampled_samples=28704 sampled_us=2910
audio_time: stage=envmix_nead sampled_calls=0 sampled_samples=0 sampled_us=0
audio_time: stage=mix sampled_calls=238 sampled_samples=43792 sampled_us=733
audio_time: stage=musyx_voice sampled_calls=0 sampled_samples=0 sampled_us=0
audio_time: stage=musyx_fx sampled_calls=0 sampled_samples=0 sampled_us=0
audio_time: stage=output sampled_calls=5 sampled_samples=4232 sampled_us=63
game: n=6/8 how=vis vis=900 vi_rate=50 vi0_retrace=15506 wall_us=18161721 sleep_us=13610600 avg_vis=48.62 avg_fps=46.46 exceptions=7845 cacheResets=1 recompiles=1485 batches=0 verts=0 texStalls=0 treeDepthMax=18 underruns=1 overruns=0 queue_peak_ms=55 dsp_avg=1.46 dsp_peak=1.65 pmc1=3075499675 pmc2=3058984026 pmc3=0 pmc4=0 mmcr0=00000042 mmcr1=00000000 heap_used=10877568 heap_free=120808 arena1_free=450560 arena2_free=577472 flushes=4 flush_us=38575 padtrace=4 rom=sd:/wii64/roms/Mario Party 3 (E) (M4) [!].z64
=== chain 6/8 end vis=900 how=vis rom=sd:/wii64/roms/Mario Party 3 (E) (M4) [!].z64 ===
mark: pad replay records: 1
mark: loadROM: enter
mark: loadROM: before rom_read
mark: ROMCache_load: enter
mark: ROMCache_load: before first read
mark: ROMCache_load: first read returned
mark: ROMCache_load: byte_swap_type set
mark: ROMCache_load: first byte_swap done
menufps: 0.1
menufps: 8.4
menufps: 8.0
menufps: 8.0
menufps: 8.0
menufps: 7.3
menufps: 7.9
menufps: 8.0
mark: ROMCache_load: loop exited normally
mark: ROMCache_load: elapsed_us=3916917 bytes=16777216 vm=0
mark: loadROM: after rom_read
mark: loadROM: before init_memory
mark: loadROM: after init_memory
mark: loadROM: before romOpen_gfx
mark: loadROM: after romOpen_gfx / before romOpen_audio
mark: loadROM: after romOpen_audio / before romOpen_input
mark: loadROM: after romOpen_input / before cpu_init
mark: loadROM: after cpu_init
menufps: 1.2
first_vi: vi0_retrace=17039
mark: CPU core dispatch: dynarec
vis: 60.0
cpu: exceptions=1472 cacheResets=1 batches=0 verts=0 texStalls=0 recompiles=421 underruns=0 overruns=0 sleep_us=96530 queue_ms=166
fps: 3.1
vis: 60.0
cpu: exceptions=2356 cacheResets=1 batches=0 verts=0 texStalls=0 recompiles=425 underruns=0 overruns=0 sleep_us=457934 queue_ms=169
fps: 60.7
vis: 60.0
cpu: exceptions=2626 cacheResets=1 batches=0 verts=0 texStalls=0 recompiles=425 underruns=0 overruns=0 sleep_us=882870 queue_ms=165
fps: 60.0
vis: 60.0
cpu: exceptions=2919 cacheResets=1 batches=0 verts=0 texStalls=0 recompiles=468 underruns=0 overruns=0 sleep_us=1293919 queue_ms=162
vis: 60.0
cpu: exceptions=3299 cacheResets=1 batches=0 verts=0 texStalls=0 recompiles=468 underruns=0 overruns=0 sleep_us=1646527 queue_ms=166
fps: 14.9
vis: 54.6
cpu: exceptions=3638 cacheResets=1 batches=2160 verts=57624 texStalls=0 recompiles=742 underruns=0 overruns=0 sleep_us=1820913 queue_ms=121
fps: 58.8
vis: 60.0
cpu: exceptions=3928 cacheResets=1 batches=8940 verts=235104 texStalls=0 recompiles=763 underruns=0 overruns=0 sleep_us=1881406 queue_ms=117
fps: 60.0
vis: 60.0
cpu: exceptions=4224 cacheResets=1 batches=15711 verts=412530 texStalls=0 recompiles=771 underruns=0 overruns=0 sleep_us=1944825 queue_ms=121
fps: 58.9
vis: 60.0
cpu: exceptions=4523 cacheResets=1 batches=22461 verts=589830 texStalls=0 recompiles=775 underruns=0 overruns=0 sleep_us=2008327 queue_ms=110
fps: 60.0
vis: 60.0
cpu: exceptions=4814 cacheResets=1 batches=29211 verts=767130 texStalls=0 recompiles=775 underruns=0 overruns=0 sleep_us=2075057 queue_ms=114
fps: 60.0
vis: 60.0
cpu: exceptions=5102 cacheResets=1 batches=35961 verts=944430 texStalls=0 recompiles=775 underruns=0 overruns=0 sleep_us=2144126 queue_ms=111
fps: 60.0
vis: 60.0
cpu: exceptions=5397 cacheResets=1 batches=42711 verts=1121730 texStalls=0 recompiles=775 underruns=0 overruns=0 sleep_us=2209797 queue_ms=106
fps: 60.0
vis: 60.0
cpu: exceptions=5683 cacheResets=1 batches=49461 verts=1299030 texStalls=0 recompiles=777 underruns=0 overruns=0 sleep_us=2279161 queue_ms=113
fps: 60.0
vis: 60.0
cpu: exceptions=5977 cacheResets=1 batches=56211 verts=1476330 texStalls=0 recompiles=777 underruns=0 overruns=0 sleep_us=2340275 queue_ms=108
fps: 60.0
vis: 60.0
cpu: exceptions=6275 cacheResets=1 batches=62961 verts=1653630 texStalls=0 recompiles=777 underruns=0 overruns=0 sleep_us=2399163 queue_ms=114
fps: 60.0
vis: 60.0
cpu: exceptions=6570 cacheResets=1 batches=69711 verts=1830930 texStalls=0 recompiles=777 underruns=0 overruns=0 sleep_us=2458598 queue_ms=110
fps: 60.0
vis: 60.0
cpu: exceptions=6868 cacheResets=1 batches=76461 verts=2008230 texStalls=0 recompiles=777 underruns=0 overruns=0 sleep_us=2514955 queue_ms=115
fps: 60.0
vis: 60.0
cpu: exceptions=7160 cacheResets=1 batches=83211 verts=2185530 texStalls=0 recompiles=777 underruns=0 overruns=0 sleep_us=2573457 queue_ms=112
fps: 60.0
vis: 60.0
cpu: exceptions=7452 cacheResets=1 batches=89961 verts=2362830 texStalls=0 recompiles=777 underruns=0 overruns=0 sleep_us=2634295 queue_ms=107
fps: 60.0
vis: 60.0
cpu: exceptions=7741 cacheResets=1 batches=96711 verts=2540130 texStalls=0 recompiles=777 underruns=0 overruns=0 sleep_us=2696857 queue_ms=113
fps: 60.0
vis: 60.0
cpu: exceptions=8031 cacheResets=1 batches=103461 verts=2717430 texStalls=0 recompiles=777 underruns=0 overruns=0 sleep_us=2762917 queue_ms=109
fps: 59.9
vis: 60.0
cpu: exceptions=8328 cacheResets=1 batches=110211 verts=2894730 texStalls=0 recompiles=777 underruns=0 overruns=0 sleep_us=2822500 queue_ms=115
fps: 60.0
vis: 60.0
cpu: exceptions=8622 cacheResets=1 batches=116961 verts=3072030 texStalls=0 recompiles=777 underruns=0 overruns=0 sleep_us=2871260 queue_ms=110
fps: 60.0
vis: 60.0
cpu: exceptions=8933 cacheResets=1 batches=123711 verts=3249330 texStalls=0 recompiles=777 underruns=0 overruns=0 sleep_us=2906806 queue_ms=117
fps: 60.0
vis: 60.0
cpu: exceptions=9251 cacheResets=1 batches=130461 verts=3426630 texStalls=0 recompiles=777 underruns=0 overruns=0 sleep_us=2939429 queue_ms=112
fps: 60.0
vis: 60.0
cpu: exceptions=9570 cacheResets=1 batches=137211 verts=3603930 texStalls=0 recompiles=777 underruns=0 overruns=0 sleep_us=2973678 queue_ms=118
fps: 60.0
vis: 60.0
cpu: exceptions=9883 cacheResets=1 batches=143961 verts=3781230 texStalls=0 recompiles=777 underruns=0 overruns=0 sleep_us=3009026 queue_ms=114
fps: 60.0
vis: 60.0
cpu: exceptions=10192 cacheResets=1 batches=150711 verts=3958530 texStalls=0 recompiles=777 underruns=0 overruns=0 sleep_us=3047251 queue_ms=110
fps: 58.3
vis: 59.4
cpu: exceptions=10505 cacheResets=1 batches=157883 verts=4149348 texStalls=0 recompiles=777 underruns=0 overruns=0 sleep_us=3082071 queue_ms=98
fps: 57.7
vis: 58.3
cpu: exceptions=10814 cacheResets=1 batches=166733 verts=4394238 texStalls=0 recompiles=777 underruns=0 overruns=0 sleep_us=3082071 queue_ms=76
mark: stop reason: chain guest VI limit
mark: stop_it requested
audio: alist_resample_calls=10077 alist_resample_samples=1250096 alist_zoh_calls=0 alist_zoh_samples=0 musyx_subframes=0 musyx_voices=0 musyx_voice_peak=0
audio_stages: adpcm_calls=9759 adpcm_samples=1154016 envmix_calls=10077 envmix_samples=1250096 mix_calls=79024 mix_samples=10544864 musyx_fx_calls=0 musyx_fx_taps=0 output_calls=897 output_samples=478768
audio_envmix: exp_calls=10077 ge_calls=0 lin_calls=0 nead_calls=0 exp_steady=5510 ge_steady=0 lin_steady=0
audio_gaps: nead_mats=0 nead_efz=0 resample_flag2=0 musyx_ptr10=0
audio_output: stream_requests=3322 stream_fed=1656 input_hz=32006 playback_hz=32006 queue_peak_ms=190
vm_io: read_ahead=1 reads=0 hits=0 read_bytes=0 writes=0 write_bytes=0 errors=0
subsystem_time: stage=rsp_gfx calls=810 timed_calls=810 period=1 timed_us=5980769
subsystem_time: stage=rsp_audio calls=898 timed_calls=898 period=1 timed_us=591448
subsystem_time: stage=rsp_other calls=0 timed_calls=0 period=1 timed_us=0
subsystem_time: stage=lookup calls=3610026 timed_calls=28425 period=127 timed_us=3742
subsystem_time: stage=compile calls=777 timed_calls=777 period=1 timed_us=106174
subsystem_time: stage=dispatch calls=3517127 timed_calls=27693 period=127 timed_us=8231
subsystem_time: stage=execute_inclusive calls=3517127 timed_calls=27693 period=127 timed_us=97435
subsystem_time: stage=rom_copy calls=1024 timed_calls=1024 period=1 timed_us=14691
subsystem_time: stage=present calls=899 timed_calls=899 period=1 timed_us=42392
subsystem_time: stage=limiter calls=829 timed_calls=829 period=1 timed_us=3084762
subsystem_time: stage=vm_fault calls=0 timed_calls=0 period=1 timed_us=0
subsystem_time: stage=vm_victim calls=0 timed_calls=0 period=1 timed_us=0
subsystem_time: stage=vm_read calls=0 timed_calls=0 period=1 timed_us=0
subsystem_time: stage=vm_write calls=0 timed_calls=0 period=1 timed_us=0
subsystem_time: stage=tex_hash calls=147492 timed_calls=147492 period=1 timed_us=1590603
subsystem_time: stage=tex_lookup calls=147492 timed_calls=147492 period=1 timed_us=38028
subsystem_time: stage=tex_load calls=136 timed_calls=136 period=1 timed_us=18859
subsystem_time: stage=tex_activate calls=147492 timed_calls=147492 period=1 timed_us=83646
subsystem_time: stage=draw_triangles calls=167028 timed_calls=167028 period=1 timed_us=618798
subsystem_time: stage=draw_rect calls=5440 timed_calls=5440 period=1 timed_us=114364
subsystem_time: stage=gfx_list calls=810 timed_calls=810 period=1 timed_us=5979343
subsystem_time: stage=gfx_command calls=5319454 timed_calls=41885 period=127 timed_us=47187
subsystem_time: stage=vertex calls=2761556 timed_calls=21744 period=127 timed_us=3743
subsystem_time: stage=gfx_state calls=147504 timed_calls=1161 period=127 timed_us=16070
subsystem_time: stage=gx_wait calls=0 timed_calls=0 period=1 timed_us=0
subsystem_time: stage=dma_pi calls=2023 timed_calls=2023 period=1 timed_us=62436
subsystem_time: stage=dma_sp calls=3416 timed_calls=3416 period=1 timed_us=3286
subsystem_time: stage=dma_si calls=4478 timed_calls=4478 period=1 timed_us=21264
subsystem_time: stage=tlb_translate calls=0 timed_calls=0 period=127 timed_us=0
subsystem_time: stage=pif calls=4479 timed_calls=4479 period=1 timed_us=20459
subsystem_time: stage=input calls=3508 timed_calls=3508 period=1 timed_us=14793
subsystem_time: stage=guest_interrupt calls=12485 timed_calls=12485 period=1 timed_us=3187483
subsystem_time: stage=interpreter_inclusive calls=0 timed_calls=0 period=1 timed_us=0
subsystem_time: stage=audio_submit calls=898 timed_calls=898 period=1 timed_us=10631
subsystem_time: stage=audio_callback calls=9388 timed_calls=9388 period=1 timed_us=7203
subsystem_time: stage=memory_slow calls=833887 timed_calls=6566 period=127 timed_us=49953
subsystem_time: stage=jit_invalidate calls=12201097 timed_calls=96071 period=127 timed_us=5244
audio_time: stage=resample sampled_calls=79 sampled_samples=10240 sampled_us=455
audio_time: stage=zoh sampled_calls=0 sampled_samples=0 sampled_us=0
audio_time: stage=adpcm sampled_calls=76 sampled_samples=8016 sampled_us=364
audio_time: stage=envmix_exp sampled_calls=79 sampled_samples=10240 sampled_us=1187
audio_time: stage=envmix_ge sampled_calls=0 sampled_samples=0 sampled_us=0
audio_time: stage=envmix_lin sampled_calls=0 sampled_samples=0 sampled_us=0
audio_time: stage=envmix_nead sampled_calls=0 sampled_samples=0 sampled_us=0
audio_time: stage=mix sampled_calls=622 sampled_samples=83008 sampled_us=1396
audio_time: stage=musyx_voice sampled_calls=0 sampled_samples=0 sampled_us=0
audio_time: stage=musyx_fx sampled_calls=0 sampled_samples=0 sampled_us=0
audio_time: stage=output sampled_calls=7 sampled_samples=3712 sampled_us=69
game: n=7/8 how=vis vis=900 vi_rate=60 vi0_retrace=17039 wall_us=15260664 sleep_us=3082071 avg_vis=59.75 avg_fps=56.15 exceptions=10824 cacheResets=1 recompiles=777 batches=167028 verts=4402401 texStalls=0 treeDepthMax=12 underruns=0 overruns=0 queue_peak_ms=169 dsp_avg=1.68 dsp_peak=1.90 pmc1=8712259903 pmc2=8562207068 pmc3=0 pmc4=0 mmcr0=00000042 mmcr1=00000000 heap_used=10838400 heap_free=159976 arena1_free=450560 arena2_free=577472 flushes=4 flush_us=38144 padtrace=0 rom=sd:/wii64/roms/Pokemon Snap.rom
=== chain 7/8 end vis=900 how=vis rom=sd:/wii64/roms/Pokemon Snap.rom ===
mark: pad replay records: 1
mark: loadROM: enter
mark: loadROM: before rom_read
mark: ROMCache_load: enter
mark: ROMCache_load: before first read
mark: ROMCache_load: first read returned
mark: ROMCache_load: byte_swap_type set
mark: ROMCache_load: first byte_swap done
menufps: 0.1
menufps: 7.5
menufps: 7.7
menufps: 8.1
menufps: 8.0
menufps: 8.0
menufps: 8.1
mark: ROMCache_load: loop exited normally
mark: ROMCache_load: elapsed_us=3904589 bytes=16777216 vm=0
mark: loadROM: after rom_read
mark: loadROM: before init_memory
mark: loadROM: after init_memory
mark: loadROM: before romOpen_gfx
mark: loadROM: after romOpen_gfx / before romOpen_audio
mark: loadROM: after romOpen_audio / before romOpen_input
mark: loadROM: after romOpen_input / before cpu_init
mark: loadROM: after cpu_init
menufps: 7.1
menufps: 0.7
fps: 1.2
first_vi: vi0_retrace=18394
vis: 0.3
cpu: exceptions=0 cacheResets=0 batches=0 verts=0 texStalls=0 recompiles=0 underruns=0 overruns=0 sleep_us=0 queue_ms=0
mark: CPU core dispatch: dynarec
vis: 60.0
cpu: exceptions=3972 cacheResets=1 batches=0 verts=0 texStalls=0 recompiles=223 underruns=0 overruns=0 sleep_us=47717 queue_ms=165
fps: 1.1
vis: 60.0
cpu: exceptions=8397 cacheResets=1 batches=0 verts=0 texStalls=0 recompiles=396 underruns=0 overruns=0 sleep_us=190126 queue_ms=170
fps: 61.1
vis: 60.0
cpu: exceptions=8580 cacheResets=1 batches=0 verts=0 texStalls=0 recompiles=412 underruns=0 overruns=0 sleep_us=618058 queue_ms=166
vis: 60.0
cpu: exceptions=8850 cacheResets=1 batches=0 verts=0 texStalls=0 recompiles=439 underruns=0 overruns=0 sleep_us=1007286 queue_ms=163
vis: 58.5
cpu: exceptions=9585 cacheResets=1 batches=0 verts=0 texStalls=0 recompiles=608 underruns=0 overruns=0 sleep_us=1309917 queue_ms=150
fps: 20.1
vis: 60.0
cpu: exceptions=9783 cacheResets=1 batches=3180 verts=77940 texStalls=0 recompiles=767 underruns=0 overruns=0 sleep_us=1537736 queue_ms=155
fps: 63.3
vis: 60.0
cpu: exceptions=9998 cacheResets=1 batches=6360 verts=155880 texStalls=0 recompiles=767 underruns=0 overruns=0 sleep_us=1795323 queue_ms=151
fps: 59.9
vis: 60.0
cpu: exceptions=10208 cacheResets=1 batches=9540 verts=233820 texStalls=0 recompiles=769 underruns=0 overruns=0 sleep_us=2050887 queue_ms=157
fps: 60.0
vis: 60.0
cpu: exceptions=10445 cacheResets=1 batches=12660 verts=308160 texStalls=0 recompiles=786 underruns=0 overruns=0 sleep_us=2294335 queue_ms=153
fps: 60.0
vis: 60.0
cpu: exceptions=10666 cacheResets=1 batches=15750 verts=380700 texStalls=0 recompiles=786 underruns=0 overruns=0 sleep_us=2552158 queue_ms=158
fps: 60.1
vis: 60.0
cpu: exceptions=10889 cacheResets=1 batches=18840 verts=453240 texStalls=0 recompiles=786 underruns=0 overruns=0 sleep_us=2814511 queue_ms=154
fps: 60.0
vis: 60.0
cpu: exceptions=11110 cacheResets=1 batches=21930 verts=525780 texStalls=0 recompiles=786 underruns=0 overruns=0 sleep_us=3076617 queue_ms=160
fps: 60.0
vis: 60.0
cpu: exceptions=11332 cacheResets=1 batches=25020 verts=598320 texStalls=0 recompiles=786 underruns=0 overruns=0 sleep_us=3338888 queue_ms=156
fps: 60.0
vis: 60.0
cpu: exceptions=11555 cacheResets=1 batches=28110 verts=670860 texStalls=0 recompiles=786 underruns=0 overruns=0 sleep_us=3600601 queue_ms=152
fps: 60.0
vis: 60.0
cpu: exceptions=11808 cacheResets=1 batches=31557 verts=761292 texStalls=0 recompiles=818 underruns=0 overruns=0 sleep_us=3818476 queue_ms=157
fps: 59.9
vis: 60.0
cpu: exceptions=12060 cacheResets=1 batches=35157 verts=859392 texStalls=0 recompiles=818 underruns=0 overruns=0 sleep_us=4030673 queue_ms=154
fps: 60.0
vis: 60.0
cpu: exceptions=12293 cacheResets=1 batches=38757 verts=957492 texStalls=0 recompiles=818 underruns=0 overruns=0 sleep_us=4241123 queue_ms=159
fps: 58.8
vis: 60.0
cpu: exceptions=12560 cacheResets=1 batches=42357 verts=1055592 texStalls=0 recompiles=821 underruns=0 overruns=0 sleep_us=4427775 queue_ms=146
fps: 59.9
vis: 60.0
cpu: exceptions=12865 cacheResets=1 batches=45957 verts=1153692 texStalls=0 recompiles=821 underruns=0 overruns=0 sleep_us=4622433 queue_ms=142
fps: 60.2
vis: 60.0
cpu: exceptions=13142 cacheResets=1 batches=49556 verts=1251786 texStalls=0 recompiles=824 underruns=0 overruns=0 sleep_us=4833726 queue_ms=148
fps: 59.9
vis: 60.0
cpu: exceptions=13397 cacheResets=1 batches=53126 verts=1349706 texStalls=0 recompiles=824 underruns=0 overruns=0 sleep_us=5040233 queue_ms=144
fps: 60.0
vis: 60.0
cpu: exceptions=13682 cacheResets=1 batches=56718 verts=1447758 texStalls=0 recompiles=828 underruns=0 overruns=0 sleep_us=5234435 queue_ms=149
fps: 60.0
vis: 60.0
cpu: exceptions=13925 cacheResets=1 batches=60348 verts=1546038 texStalls=0 recompiles=828 underruns=0 overruns=0 sleep_us=5451304 queue_ms=145
fps: 60.0
vis: 60.0
cpu: exceptions=14187 cacheResets=1 batches=63978 verts=1644318 texStalls=0 recompiles=842 underruns=0 overruns=0 sleep_us=5649555 queue_ms=151
fps: 60.0
vis: 60.0
cpu: exceptions=14442 cacheResets=1 batches=67608 verts=1742598 texStalls=0 recompiles=842 underruns=0 overruns=0 sleep_us=5856535 queue_ms=147
fps: 60.0
vis: 60.0
cpu: exceptions=14718 cacheResets=1 batches=71238 verts=1840878 texStalls=0 recompiles=842 underruns=0 overruns=0 sleep_us=6055457 queue_ms=143
fps: 60.0
vis: 60.0
cpu: exceptions=15001 cacheResets=1 batches=74868 verts=1939158 texStalls=0 recompiles=842 underruns=0 overruns=0 sleep_us=6240137 queue_ms=148
fps: 59.9
vis: 60.0
cpu: exceptions=15278 cacheResets=1 batches=78498 verts=2037438 texStalls=0 recompiles=842 underruns=0 overruns=0 sleep_us=6420295 queue_ms=145
fps: 60.0
vis: 60.0
cpu: exceptions=15551 cacheResets=1 batches=82726 verts=2160444 texStalls=0 recompiles=848 underruns=0 overruns=0 sleep_us=6571539 queue_ms=150
fps: 59.9
mark: stop reason: chain guest VI limit
mark: stop_it requested
vis: 55.4
cpu: exceptions=15805 cacheResets=1 batches=86902 verts=2283027 texStalls=0 recompiles=848 underruns=0 overruns=0 sleep_us=6720339 queue_ms=111
audio: alist_resample_calls=16708 alist_resample_samples=3074272 alist_zoh_calls=0 alist_zoh_samples=0 musyx_subframes=0 musyx_voices=0 musyx_voice_peak=0
audio_stages: adpcm_calls=16369 adpcm_samples=2630912 envmix_calls=16708 envmix_samples=3074272 mix_calls=106152 mix_samples=19531968 musyx_fx_calls=0 musyx_fx_taps=0 output_calls=897 output_samples=478768
audio_envmix: exp_calls=0 ge_calls=0 lin_calls=16708 nead_calls=0 exp_steady=0 ge_steady=0 lin_steady=10599
audio_gaps: nead_mats=0 nead_efz=0 resample_flag2=0 musyx_ptr10=0
audio_output: stream_requests=3320 stream_fed=1651 input_hz=32006 playback_hz=32006 queue_peak_ms=190
vm_io: read_ahead=1 reads=0 hits=0 read_bytes=0 writes=0 write_bytes=0 errors=0
subsystem_time: stage=rsp_gfx calls=803 timed_calls=803 period=1 timed_us=2689119
subsystem_time: stage=rsp_audio calls=898 timed_calls=898 period=1 timed_us=974067
subsystem_time: stage=rsp_other calls=0 timed_calls=0 period=1 timed_us=0
subsystem_time: stage=lookup calls=3177848 timed_calls=25022 period=127 timed_us=3372
subsystem_time: stage=compile calls=848 timed_calls=848 period=1 timed_us=125539
subsystem_time: stage=dispatch calls=2945497 timed_calls=23192 period=127 timed_us=7400
subsystem_time: stage=execute_inclusive calls=2945497 timed_calls=23192 period=127 timed_us=122331
subsystem_time: stage=rom_copy calls=10558 timed_calls=10558 period=1 timed_us=28677
subsystem_time: stage=present calls=899 timed_calls=899 period=1 timed_us=37271
subsystem_time: stage=limiter calls=872 timed_calls=872 period=1 timed_us=6722829
subsystem_time: stage=vm_fault calls=0 timed_calls=0 period=1 timed_us=0
subsystem_time: stage=vm_victim calls=0 timed_calls=0 period=1 timed_us=0
subsystem_time: stage=vm_read calls=0 timed_calls=0 period=1 timed_us=0
subsystem_time: stage=vm_write calls=0 timed_calls=0 period=1 timed_us=0
subsystem_time: stage=tex_hash calls=50076 timed_calls=50076 period=1 timed_us=299438
subsystem_time: stage=tex_lookup calls=50076 timed_calls=50076 period=1 timed_us=23167
subsystem_time: stage=tex_load calls=75 timed_calls=75 period=1 timed_us=8925
subsystem_time: stage=tex_activate calls=50076 timed_calls=50076 period=1 timed_us=32948
subsystem_time: stage=draw_triangles calls=86902 timed_calls=86902 period=1 timed_us=506928
subsystem_time: stage=draw_rect calls=1845 timed_calls=1845 period=1 timed_us=28098
subsystem_time: stage=gfx_list calls=803 timed_calls=803 period=1 timed_us=2687575
subsystem_time: stage=gfx_command calls=2402158 timed_calls=18914 period=127 timed_us=20586
subsystem_time: stage=vertex calls=771304 timed_calls=6073 period=127 timed_us=1955
subsystem_time: stage=gfx_state calls=589254 timed_calls=4639 period=127 timed_us=7128
subsystem_time: stage=gx_wait calls=0 timed_calls=0 period=1 timed_us=0
subsystem_time: stage=dma_pi calls=10562 timed_calls=10562 period=1 timed_us=128574
subsystem_time: stage=dma_sp calls=3402 timed_calls=3402 period=1 timed_us=3313
subsystem_time: stage=dma_si calls=963 timed_calls=963 period=1 timed_us=18936
subsystem_time: stage=tlb_translate calls=0 timed_calls=0 period=127 timed_us=0
subsystem_time: stage=pif calls=964 timed_calls=964 period=1 timed_us=17823
subsystem_time: stage=input calls=3536 timed_calls=3536 period=1 timed_us=15537
subsystem_time: stage=guest_interrupt calls=21558 timed_calls=21558 period=1 timed_us=6830285
subsystem_time: stage=interpreter_inclusive calls=0 timed_calls=0 period=1 timed_us=0
subsystem_time: stage=audio_submit calls=898 timed_calls=898 period=1 timed_us=10266
subsystem_time: stage=audio_callback calls=9351 timed_calls=9351 period=1 timed_us=6182
subsystem_time: stage=memory_slow calls=947293 timed_calls=7459 period=127 timed_us=31452
subsystem_time: stage=jit_invalidate calls=10676748 timed_calls=84068 period=127 timed_us=4868
audio_time: stage=resample sampled_calls=131 sampled_samples=24104 sampled_us=1017
audio_time: stage=zoh sampled_calls=0 sampled_samples=0 sampled_us=0
audio_time: stage=adpcm sampled_calls=128 sampled_samples=21360 sampled_us=872
audio_time: stage=envmix_exp sampled_calls=0 sampled_samples=0 sampled_us=0
audio_time: stage=envmix_ge sampled_calls=0 sampled_samples=0 sampled_us=0
audio_time: stage=envmix_lin sampled_calls=131 sampled_samples=24104 sampled_us=2495
audio_time: stage=envmix_nead sampled_calls=0 sampled_samples=0 sampled_us=0
audio_time: stage=mix sampled_calls=835 sampled_samples=153640 sampled_us=2585
audio_time: stage=musyx_voice sampled_calls=0 sampled_samples=0 sampled_us=0
audio_time: stage=musyx_fx sampled_calls=0 sampled_samples=0 sampled_us=0
audio_time: stage=output sampled_calls=7 sampled_samples=3680 sampled_us=68
game: n=8/8 how=vis vis=900 vi_rate=60 vi0_retrace=18394 wall_us=15197740 sleep_us=6720339 avg_vis=57.88 avg_fps=54.47 exceptions=15806 cacheResets=1 recompiles=848 batches=86902 verts=2283027 texStalls=0 treeDepthMax=14 underruns=0 overruns=0 queue_peak_ms=170 dsp_avg=1.52 dsp_peak=1.80 pmc1=5826193296 pmc2=5721594428 pmc3=0 pmc4=0 mmcr0=00000042 mmcr1=00000000 heap_used=10845664 heap_free=152712 arena1_free=450560 arena2_free=577472 flushes=3 flush_us=42964 padtrace=0 rom=sd:/wii64/roms/Super Smash Bros. (U) [!].z64
=== chain 8/8 end vis=900 how=vis rom=sd:/wii64/roms/Super Smash Bros. (U) [!].z64 ===
