--- wii64 perf log ---
mark: diag config: wiiload arguments
mark: wiiload dynacore argument received
mark: diag received dynacore line
mark: diag requested core: dynarec
mark: pad replay records: 7
selftest:
  raw[0]=51288544298329644
  raw[1]=51288544298329645
  raw[2]=51288544298329663
  raw[3]=51288544298329675
  raw[4]=51288544298329688
  delta[0]=0us
  delta[1]=0us
  delta[2]=0us
  delta[3]=0us
mark: audio quality: accurate
mark: audio modes: n64=0 output=0 mixer=0 latency=2 sync=0
mark: diag applied core: dynarec
mark: HBC agent ready
mark: loadROM: enter
mark: loadROM: before rom_read
mark: ROMCache_load: enter
mark: ROMCache_load: before first read
mark: ROMCache_load: first read returned
mark: ROMCache_load: byte_swap_type set
mark: ROMCache_load: first byte_swap done
menufps: 10.3
menufps: 8.3
menufps: 7.8
mark: ROMCache_load: loop exited normally
mark: ROMCache_load: elapsed_us=1924223 bytes=8388608 vm=0
mark: loadROM: after rom_read
mark: loadROM: before init_memory
mark: loadROM: after init_memory
mark: loadROM: before romOpen_gfx
mark: loadROM: after romOpen_gfx / before romOpen_audio
mark: loadROM: after romOpen_audio / before romOpen_input
mark: loadROM: after romOpen_input / before cpu_init
mark: loadROM: after cpu_init
menufps: 2.9
menufps: 0.8
menufps: 1.0
fps: 0.0
first_vi: vi0_retrace=331
vis: 0.0
cpu: exceptions=0 cacheResets=0 batches=0 verts=0 texStalls=0 recompiles=0 underruns=0 overruns=0 sleep_us=0 queue_ms=0
mark: CPU core dispatch: dynarec
vis: 60.0
cpu: exceptions=240 cacheResets=1 batches=0 verts=0 texStalls=0 recompiles=189 underruns=1 overruns=0 sleep_us=222643 queue_ms=127
vis: 60.0
cpu: exceptions=540 cacheResets=1 batches=0 verts=0 texStalls=0 recompiles=198 underruns=1 overruns=0 sleep_us=700582 queue_ms=132
vis: 60.0
cpu: exceptions=840 cacheResets=1 batches=0 verts=0 texStalls=0 recompiles=204 underruns=1 overruns=0 sleep_us=1178726 queue_ms=129
vis: 60.0
cpu: exceptions=1135 cacheResets=1 batches=0 verts=0 texStalls=0 recompiles=204 underruns=1 overruns=0 sleep_us=1657630 queue_ms=124
fps: 0.5
vis: 60.0
cpu: exceptions=1431 cacheResets=1 batches=414 verts=9387 texStalls=0 recompiles=468 underruns=2 overruns=0 sleep_us=1966058 queue_ms=11
fps: 20.6
vis: 60.0
cpu: exceptions=1588 cacheResets=1 batches=2484 verts=56322 texStalls=0 recompiles=475 underruns=2 overruns=0 sleep_us=2382073 queue_ms=9
fps: 29.9
vis: 60.0
cpu: exceptions=1752 cacheResets=1 batches=4554 verts=103257 texStalls=0 recompiles=478 underruns=2 overruns=0 sleep_us=2797343 queue_ms=15
fps: 30.1
vis: 60.0
cpu: exceptions=1894 cacheResets=1 batches=6624 verts=150192 texStalls=0 recompiles=478 underruns=2 overruns=0 sleep_us=3222057 queue_ms=11
fps: 30.0
vis: 60.0
cpu: exceptions=2036 cacheResets=1 batches=8694 verts=197127 texStalls=0 recompiles=478 underruns=2 overruns=0 sleep_us=3646594 queue_ms=16
fps: 30.0
vis: 60.0
cpu: exceptions=2178 cacheResets=1 batches=10767 verts=244080 texStalls=0 recompiles=489 underruns=2 overruns=0 sleep_us=4069448 queue_ms=13
fps: 30.0
vis: 60.0
cpu: exceptions=2319 cacheResets=1 batches=12574 verts=284835 texStalls=0 recompiles=498 underruns=2 overruns=0 sleep_us=4497184 queue_ms=9
vis: 60.0
cpu: exceptions=2638 cacheResets=1 batches=12574 verts=284835 texStalls=0 recompiles=675 underruns=4 overruns=0 sleep_us=4689599 queue_ms=32
vis: 60.0
cpu: exceptions=2728 cacheResets=1 batches=12574 verts=284835 texStalls=0 recompiles=733 underruns=4 overruns=0 sleep_us=4899154 queue_ms=28
vis: 60.0
cpu: exceptions=2818 cacheResets=1 batches=12574 verts=284835 texStalls=0 recompiles=784 underruns=4 overruns=0 sleep_us=5207700 queue_ms=34
fps: 3.9
vis: 60.0
cpu: exceptions=2961 cacheResets=1 batches=13906 verts=302151 texStalls=0 recompiles=910 underruns=6 overruns=0 sleep_us=5443099 queue_ms=8
fps: 15.2
vis: 60.0
cpu: exceptions=3118 cacheResets=1 batches=18798 verts=366468 texStalls=0 recompiles=910 underruns=6 overruns=0 sleep_us=5619128 queue_ms=4
fps: 30.0
vis: 60.0
cpu: exceptions=3273 cacheResets=1 batches=23668 verts=430401 texStalls=0 recompiles=927 underruns=6 overruns=0 sleep_us=5795225 queue_ms=8
fps: 30.0
vis: 60.0
cpu: exceptions=3436 cacheResets=1 batches=28528 verts=494256 texStalls=0 recompiles=927 underruns=6 overruns=0 sleep_us=5972020 queue_ms=5
fps: 30.0
vis: 60.0
cpu: exceptions=3591 cacheResets=1 batches=33395 verts=558153 texStalls=0 recompiles=927 underruns=6 overruns=0 sleep_us=6159208 queue_ms=10
fps: 29.1
vis: 60.0
cpu: exceptions=3762 cacheResets=1 batches=38256 verts=622014 texStalls=0 recompiles=927 underruns=8 overruns=0 sleep_us=6331692 queue_ms=15
fps: 29.9
vis: 60.0
cpu: exceptions=3978 cacheResets=1 batches=43140 verts=686013 texStalls=0 recompiles=936 underruns=8 overruns=0 sleep_us=6483993 queue_ms=12
fps: 20.0
vis: 60.0
cpu: exceptions=4234 cacheResets=1 batches=43737 verts=693768 texStalls=0 recompiles=1065 underruns=10 overruns=0 sleep_us=6742649 queue_ms=4
fps: 31.7
vis: 60.0
cpu: exceptions=4401 cacheResets=1 batches=44543 verts=704184 texStalls=0 recompiles=1065 underruns=10 overruns=0 sleep_us=7129134 queue_ms=8
fps: 30.0
vis: 60.0
cpu: exceptions=4573 cacheResets=1 batches=45338 verts=714534 texStalls=0 recompiles=1065 underruns=10 overruns=0 sleep_us=7514940 queue_ms=4
fps: 30.0
vis: 60.0
cpu: exceptions=4738 cacheResets=1 batches=46133 verts=724884 texStalls=0 recompiles=1065 underruns=10 overruns=0 sleep_us=7911083 queue_ms=9
fps: 30.0
vis: 60.0
cpu: exceptions=4911 cacheResets=1 batches=46928 verts=735234 texStalls=0 recompiles=1065 underruns=10 overruns=0 sleep_us=8295331 queue_ms=6
fps: 30.0
vis: 60.0
cpu: exceptions=5090 cacheResets=1 batches=47723 verts=745584 texStalls=0 recompiles=1065 underruns=10 overruns=0 sleep_us=8674088 queue_ms=10
fps: 30.0
vis: 60.0
cpu: exceptions=5263 cacheResets=1 batches=48518 verts=755934 texStalls=0 recompiles=1065 underruns=10 overruns=0 sleep_us=9056644 queue_ms=7
fps: 30.0
vis: 60.0
cpu: exceptions=5432 cacheResets=1 batches=49313 verts=766284 texStalls=0 recompiles=1065 underruns=10 overruns=0 sleep_us=9445679 queue_ms=4
vis: 60.0
cpu: exceptions=5597 cacheResets=1 batches=50108 verts=776634 texStalls=0 recompiles=1065 underruns=10 overruns=0 sleep_us=9842054 queue_ms=8
fps: 30.0
vis: 60.0
cpu: exceptions=5779 cacheResets=1 batches=50623 verts=785304 texStalls=0 recompiles=1068 underruns=10 overruns=0 sleep_us=10239432 queue_ms=5
fps: 30.0
vis: 60.0
cpu: exceptions=5954 cacheResets=1 batches=51131 verts=793932 texStalls=0 recompiles=1071 underruns=10 overruns=0 sleep_us=10635953 queue_ms=10
fps: 30.0
vis: 60.0
cpu: exceptions=6203 cacheResets=1 batches=51233 verts=795660 texStalls=0 recompiles=1131 underruns=10 overruns=0 sleep_us=10925239 queue_ms=7
fps: 2.2
vis: 60.0
cpu: exceptions=6353 cacheResets=1 batches=51788 verts=806676 texStalls=0 recompiles=1530 underruns=11 overruns=0 sleep_us=11129861 queue_ms=41
fps: 32.8
vis: 60.0
cpu: exceptions=6488 cacheResets=1 batches=54698 verts=879306 texStalls=0 recompiles=1534 underruns=11 overruns=0 sleep_us=11473576 queue_ms=38
vis: 60.0
cpu: exceptions=6623 cacheResets=1 batches=57608 verts=951936 texStalls=0 recompiles=1534 underruns=11 overruns=0 sleep_us=11818317 queue_ms=35
fps: 30.0
vis: 60.0
cpu: exceptions=6758 cacheResets=1 batches=60518 verts=1024566 texStalls=0 recompiles=1534 underruns=11 overruns=0 sleep_us=12163231 queue_ms=41
fps: 30.0
vis: 60.0
cpu: exceptions=6893 cacheResets=1 batches=63428 verts=1097196 texStalls=0 recompiles=1534 underruns=11 overruns=0 sleep_us=12508091 queue_ms=36
fps: 30.0
vis: 60.0
cpu: exceptions=7045 cacheResets=1 batches=67346 verts=1175874 texStalls=0 recompiles=1544 underruns=11 overruns=0 sleep_us=12816499 queue_ms=42
fps: 29.2
vis: 60.0
cpu: exceptions=7220 cacheResets=1 batches=71513 verts=1256046 texStalls=0 recompiles=1545 underruns=11 overruns=0 sleep_us=13106107 queue_ms=29
fps: 30.0
vis: 60.0
cpu: exceptions=7400 cacheResets=1 batches=75668 verts=1336146 texStalls=0 recompiles=1545 underruns=11 overruns=0 sleep_us=13391574 queue_ms=25
fps: 30.0
vis: 60.0
cpu: exceptions=7581 cacheResets=1 batches=79823 verts=1416246 texStalls=0 recompiles=1545 underruns=11 overruns=0 sleep_us=13672368 queue_ms=31
fps: 30.0
vis: 60.0
cpu: exceptions=7776 cacheResets=1 batches=83978 verts=1496346 texStalls=0 recompiles=1545 underruns=11 overruns=0 sleep_us=13945386 queue_ms=27
fps: 29.9
vis: 60.0
cpu: exceptions=7989 cacheResets=1 batches=88133 verts=1576446 texStalls=0 recompiles=1545 underruns=11 overruns=0 sleep_us=14210368 queue_ms=32
fps: 30.0
vis: 60.0
cpu: exceptions=8197 cacheResets=1 batches=92288 verts=1656546 texStalls=0 recompiles=1545 underruns=11 overruns=0 sleep_us=14476534 queue_ms=28
fps: 30.0
vis: 60.0
cpu: exceptions=8416 cacheResets=1 batches=96443 verts=1736646 texStalls=0 recompiles=1545 underruns=11 overruns=0 sleep_us=14734410 queue_ms=25
fps: 30.0
vis: 60.0
cpu: exceptions=8621 cacheResets=1 batches=100598 verts=1816746 texStalls=0 recompiles=1545 underruns=11 overruns=0 sleep_us=15002113 queue_ms=29
fps: 30.0
vis: 60.0
cpu: exceptions=8815 cacheResets=1 batches=104753 verts=1896846 texStalls=0 recompiles=1545 underruns=11 overruns=0 sleep_us=15279297 queue_ms=26
fps: 30.0
vis: 60.0
cpu: exceptions=9007 cacheResets=1 batches=108908 verts=1976946 texStalls=0 recompiles=1545 underruns=11 overruns=0 sleep_us=15558804 queue_ms=31
fps: 30.0
vis: 60.0
cpu: exceptions=9171 cacheResets=1 batches=113063 verts=2057046 texStalls=0 recompiles=1547 underruns=11 overruns=0 sleep_us=15855451 queue_ms=27
fps: 30.0
vis: 60.0
cpu: exceptions=9315 cacheResets=1 batches=117218 verts=2137146 texStalls=0 recompiles=1547 underruns=11 overruns=0 sleep_us=16164075 queue_ms=33
fps: 30.0
vis: 60.0
cpu: exceptions=9455 cacheResets=1 batches=121373 verts=2217246 texStalls=0 recompiles=1547 underruns=11 overruns=0 sleep_us=16474699 queue_ms=29
fps: 30.0
vis: 60.0
cpu: exceptions=9595 cacheResets=1 batches=125528 verts=2297346 texStalls=0 recompiles=1547 underruns=11 overruns=0 sleep_us=16784991 queue_ms=34
fps: 30.0
vis: 60.0
cpu: exceptions=9733 cacheResets=1 batches=129683 verts=2377446 texStalls=0 recompiles=1547 underruns=11 overruns=0 sleep_us=17099238 queue_ms=30
fps: 30.0
vis: 60.0
cpu: exceptions=9868 cacheResets=1 batches=133838 verts=2457546 texStalls=0 recompiles=1547 underruns=11 overruns=0 sleep_us=17418362 queue_ms=27
fps: 30.0
vis: 60.0
cpu: exceptions=10003 cacheResets=1 batches=137993 verts=2537646 texStalls=0 recompiles=1547 underruns=11 overruns=0 sleep_us=17737556 queue_ms=32
fps: 30.1
vis: 60.0
cpu: exceptions=10138 cacheResets=1 batches=141308 verts=2612706 texStalls=0 recompiles=1548 underruns=11 overruns=0 sleep_us=18075917 queue_ms=29
fps: 30.0
vis: 60.0
cpu: exceptions=10273 cacheResets=1 batches=144203 verts=2685246 texStalls=0 recompiles=1548 underruns=11 overruns=0 sleep_us=18424474 queue_ms=34
fps: 30.0
vis: 60.0
cpu: exceptions=10414 cacheResets=1 batches=147127 verts=2758434 texStalls=0 recompiles=1568 underruns=11 overruns=0 sleep_us=18762550 queue_ms=30
fps: 29.0
vis: 60.0
cpu: exceptions=10579 cacheResets=1 batches=150442 verts=2840604 texStalls=0 recompiles=1568 underruns=11 overruns=0 sleep_us=19060168 queue_ms=18
fps: 30.1
vis: 60.0
cpu: exceptions=10740 cacheResets=1 batches=153277 verts=2903958 texStalls=0 recompiles=1569 underruns=11 overruns=0 sleep_us=19379852 queue_ms=13
fps: 30.0
vis: 60.0
cpu: exceptions=10898 cacheResets=1 batches=155692 verts=2950848 texStalls=0 recompiles=1569 underruns=11 overruns=0 sleep_us=19718764 queue_ms=19
fps: 30.0
vis: 60.0
cpu: exceptions=11062 cacheResets=1 batches=158107 verts=2997738 texStalls=0 recompiles=1572 underruns=11 overruns=0 sleep_us=20052012 queue_ms=15
fps: 30.0
vis: 60.0
cpu: exceptions=11258 cacheResets=1 batches=160522 verts=3044628 texStalls=0 recompiles=1572 underruns=11 overruns=0 sleep_us=20360958 queue_ms=20
fps: 30.0
vis: 60.0
cpu: exceptions=11446 cacheResets=1 batches=162943 verts=3091548 texStalls=0 recompiles=1572 underruns=11 overruns=0 sleep_us=20677677 queue_ms=17
fps: 30.0
vis: 60.0
cpu: exceptions=11613 cacheResets=1 batches=165448 verts=3138888 texStalls=0 recompiles=1572 underruns=11 overruns=0 sleep_us=21006244 queue_ms=13
fps: 30.0
vis: 60.0
cpu: exceptions=11794 cacheResets=1 batches=167977 verts=3186300 texStalls=0 recompiles=1572 underruns=11 overruns=0 sleep_us=21318923 queue_ms=18
fps: 29.9
vis: 60.0
cpu: exceptions=11988 cacheResets=1 batches=170631 verts=3235599 texStalls=0 recompiles=1572 underruns=11 overruns=0 sleep_us=21614297 queue_ms=14
fps: 30.1
vis: 60.0
cpu: exceptions=12182 cacheResets=1 batches=173365 verts=3286146 texStalls=0 recompiles=1572 underruns=11 overruns=0 sleep_us=21915235 queue_ms=20
fps: 30.0
vis: 60.0
cpu: exceptions=12352 cacheResets=1 batches=176141 verts=3336819 texStalls=0 recompiles=1572 underruns=11 overruns=0 sleep_us=22234766 queue_ms=15
fps: 30.0
vis: 60.0
cpu: exceptions=12529 cacheResets=1 batches=178979 verts=3387774 texStalls=0 recompiles=1572 underruns=11 overruns=0 sleep_us=22545890 queue_ms=21
fps: 30.0
vis: 60.0
cpu: exceptions=12717 cacheResets=1 batches=181859 verts=3438939 texStalls=0 recompiles=1572 underruns=11 overruns=0 sleep_us=22844043 queue_ms=18
fps: 30.0
vis: 60.0
cpu: exceptions=12923 cacheResets=1 batches=184739 verts=3490104 texStalls=0 recompiles=1572 underruns=11 overruns=0 sleep_us=23129503 queue_ms=13
fps: 30.0
vis: 60.0
cpu: exceptions=13105 cacheResets=1 batches=187657 verts=3542493 texStalls=0 recompiles=1572 underruns=11 overruns=0 sleep_us=23433665 queue_ms=19
fps: 30.0
vis: 60.0
cpu: exceptions=13273 cacheResets=1 batches=190687 verts=3598338 texStalls=0 recompiles=1572 underruns=11 overruns=0 sleep_us=23738774 queue_ms=15
fps: 30.0
vis: 60.0
cpu: exceptions=13459 cacheResets=1 batches=193717 verts=3654183 texStalls=0 recompiles=1572 underruns=11 overruns=0 sleep_us=24029667 queue_ms=21
vis: 60.0
cpu: exceptions=13661 cacheResets=1 batches=196747 verts=3710028 texStalls=0 recompiles=1572 underruns=11 overruns=0 sleep_us=24303263 queue_ms=16
fps: 30.0
vis: 60.0
cpu: exceptions=13851 cacheResets=1 batches=199779 verts=3766155 texStalls=0 recompiles=1572 underruns=11 overruns=0 sleep_us=24590001 queue_ms=22
fps: 30.0
vis: 60.0
cpu: exceptions=14021 cacheResets=1 batches=202781 verts=3822612 texStalls=0 recompiles=1572 underruns=11 overruns=0 sleep_us=24893629 queue_ms=18
fps: 29.2
mark: stop reason: chain guest VI limit
mark: stop_it requested
audio: alist_resample_calls=42763 alist_resample_samples=5572696 alist_zoh_calls=0 alist_zoh_samples=0 musyx_subframes=0 musyx_voices=0 musyx_voice_peak=0
audio_stages: adpcm_calls=41651 adpcm_samples=5505360 envmix_calls=40317 envmix_samples=5378800 mix_calls=9436 mix_samples=3019520 musyx_fx_calls=0 musyx_fx_taps=0 output_calls=2360 output_samples=1259104
audio_envmix: exp_calls=40317 ge_calls=0 lin_calls=0 nead_calls=0 exp_steady=33833 ge_steady=0 lin_steady=0
audio_gaps: nead_mats=0 nead_efz=0 resample_flag2=0 musyx_ptr10=0
audio_output: stream_requests=6240 stream_fed=4371 input_hz=32006 playback_hz=32006 queue_peak_ms=150
probe_schema: version=2 self=1 interval=127
vm_io: read_ahead=1 reads=0 hits=0 read_bytes=0 writes=0 write_bytes=0 errors=0
subsystem_time: stage=rsp_gfx calls=1046 timed_calls=1046 period=1 timed_us=3970539
subsystem_time: stage=rsp_audio calls=2359 timed_calls=2359 period=1 timed_us=1170510
subsystem_time: stage=rsp_other calls=0 timed_calls=0 period=1 timed_us=0
subsystem_time: stage=lookup calls=896575 timed_calls=7059 period=127 timed_us=2373
subsystem_time: stage=compile calls=1572 timed_calls=1572 period=1 timed_us=170623
subsystem_time: stage=dispatch calls=6520342 timed_calls=51341 period=127 timed_us=23190
subsystem_self: stage=dispatch calls=6520342 timed_calls=51341 self_us=18656 dropped=0
subsystem_time: stage=execute_inclusive calls=6520342 timed_calls=51341 period=127 timed_us=323103
subsystem_self: stage=execute_inclusive calls=6520342 timed_calls=51341 self_us=77367 dropped=0
subsystem_time: stage=rom_copy calls=3129 timed_calls=3129 period=1 timed_us=41737
subsystem_time: stage=present calls=2399 timed_calls=2399 period=1 timed_us=52365
subsystem_time: stage=limiter calls=2362 timed_calls=2362 period=1 timed_us=25181268
subsystem_time: stage=vm_fault calls=0 timed_calls=0 period=1 timed_us=0
subsystem_time: stage=vm_victim calls=0 timed_calls=0 period=1 timed_us=0
subsystem_time: stage=vm_read calls=0 timed_calls=0 period=1 timed_us=0
subsystem_time: stage=vm_write calls=0 timed_calls=0 period=1 timed_us=0
subsystem_time: stage=tex_hash calls=85143 timed_calls=85143 period=1 timed_us=588331
subsystem_time: stage=tex_lookup calls=85143 timed_calls=85143 period=1 timed_us=45764
subsystem_time: stage=tex_load calls=177 timed_calls=177 period=1 timed_us=7319
subsystem_time: stage=tex_activate calls=85143 timed_calls=85143 period=1 timed_us=48856
subsystem_time: stage=draw_triangles calls=205469 timed_calls=205469 period=1 timed_us=590993
subsystem_time: stage=draw_rect calls=8799 timed_calls=8799 period=1 timed_us=69174
subsystem_time: stage=gfx_list calls=1046 timed_calls=1046 period=1 timed_us=3968242
subsystem_time: stage=gfx_command calls=2786550 timed_calls=21941 period=127 timed_us=33726
gfx_ucodes: mask=00000001
gfx_opcode: op=01 calls=75425 timed_calls=624 timed_us=296
gfx_opcode: op=03 calls=73618 timed_calls=596 timed_us=284
gfx_opcode: op=04 calls=202047 timed_calls=1581 timed_us=5870
gfx_opcode: op=06 calls=145119 timed_calls=1141 timed_us=194
gfx_opcode: op=b4 calls=4451 timed_calls=29 timed_us=4
gfx_opcode: op=b6 calls=23951 timed_calls=180 timed_us=25
gfx_opcode: op=b7 calls=21046 timed_calls=179 timed_us=24
gfx_opcode: op=b8 calls=140311 timed_calls=1055 timed_us=139
gfx_opcode: op=b9 calls=30676 timed_calls=250 timed_us=46
gfx_opcode: op=ba calls=19636 timed_calls=156 timed_us=31
gfx_opcode: op=bb calls=51780 timed_calls=390 timed_us=70
gfx_opcode: op=bc calls=19397 timed_calls=153 timed_us=30
gfx_opcode: op=bd calls=3892 timed_calls=30 timed_us=4
gfx_opcode: op=bf calls=1291606 timed_calls=10179 timed_us=18770
gfx_opcode: op=e4 calls=6448 timed_calls=53 timed_us=478
gfx_opcode: op=e6 calls=85143 timed_calls=690 timed_us=84
gfx_opcode: op=e7 calls=100882 timed_calls=774 timed_us=95
gfx_opcode: op=e8 calls=34686 timed_calls=288 timed_us=36
gfx_opcode: op=e9 calls=1046 timed_calls=6 timed_us=7
gfx_opcode: op=ed calls=7377 timed_calls=59 timed_us=19
gfx_opcode: op=f2 calls=70825 timed_calls=558 timed_us=147
gfx_opcode: op=f3 calls=85143 timed_calls=665 timed_us=3174
gfx_opcode: op=f5 calls=132649 timed_calls=1013 timed_us=196
gfx_opcode: op=f6 calls=3397 timed_calls=25 timed_us=1131
gfx_opcode: op=f7 calls=2351 timed_calls=19 timed_us=9
gfx_opcode: op=f9 calls=38 timed_calls=0 timed_us=0
gfx_opcode: op=fa calls=5662 timed_calls=55 timed_us=11
gfx_opcode: op=fb calls=7254 timed_calls=54 timed_us=8
gfx_opcode: op=fc calls=52413 timed_calls=416 timed_us=60
gfx_opcode: op=fd calls=85143 timed_calls=699 timed_us=101
gfx_opcode: op=fe calls=1046 timed_calls=6 timed_us=4
gfx_opcode: op=ff calls=2092 timed_calls=18 timed_us=11
subsystem_time: stage=vertex calls=2212154 timed_calls=17418 period=127 timed_us=5401
subsystem_time: stage=gfx_state calls=314513 timed_calls=2476 period=127 timed_us=8852
subsystem_self: stage=gfx_state calls=314513 timed_calls=2476 self_us=3164 dropped=0
subsystem_time: stage=gx_wait calls=4 timed_calls=4 period=1 timed_us=2536
subsystem_time: stage=dma_pi calls=3129 timed_calls=3129 period=1 timed_us=95172
subsystem_time: stage=dma_sp calls=6810 timed_calls=6810 period=1 timed_us=6669
subsystem_time: stage=dma_si calls=1690 timed_calls=1690 period=1 timed_us=24907
subsystem_time: stage=tlb_translate calls=200897 timed_calls=1581 period=127 timed_us=188
subsystem_time: stage=pif calls=1691 timed_calls=1691 period=1 timed_us=23102
subsystem_time: stage=input calls=4180 timed_calls=4180 period=1 timed_us=19463
subsystem_time: stage=guest_interrupt calls=17256 timed_calls=17256 period=1 timed_us=25339550
subsystem_self: stage=guest_interrupt calls=17256 timed_calls=17256 self_us=41640 dropped=0
subsystem_time: stage=interpreter_inclusive calls=0 timed_calls=0 period=1 timed_us=0
subsystem_self: stage=interpreter_inclusive calls=0 timed_calls=0 self_us=0 dropped=0
subsystem_time: stage=audio_submit calls=2360 timed_calls=2360 period=1 timed_us=26547
subsystem_time: stage=audio_callback calls=24660 timed_calls=24660 period=1 timed_us=17762
subsystem_time: stage=memory_slow calls=1118349 timed_calls=8805 period=127 timed_us=58120
subsystem_self: stage=memory_slow calls=1118349 timed_calls=8805 self_us=4369 dropped=0
subsystem_time: stage=jit_invalidate calls=385672 timed_calls=3036 period=127 timed_us=623
subsystem_time: stage=cpu_helper calls=17896094 timed_calls=140914 period=127 timed_us=175710
subsystem_time: stage=storage_read calls=0 timed_calls=0 period=1 timed_us=0
subsystem_time: stage=storage_write calls=0 timed_calls=0 period=1 timed_us=0
subsystem_time: stage=save_load calls=0 timed_calls=0 period=1 timed_us=0
subsystem_time: stage=save_write calls=0 timed_calls=0 period=1 timed_us=0
subsystem_time: stage=state_load calls=0 timed_calls=0 period=1 timed_us=0
subsystem_time: stage=state_save calls=0 timed_calls=0 period=1 timed_us=0
subsystem_time: stage=probe_io calls=6 timed_calls=6 period=1 timed_us=73833
subsystem_time: stage=agent_poll calls=4810 timed_calls=4810 period=1 timed_us=1143
audio_time: stage=resample sampled_calls=336 sampled_samples=43888 sampled_us=1888
audio_time: stage=zoh sampled_calls=0 sampled_samples=0 sampled_us=0
audio_time: stage=adpcm sampled_calls=327 sampled_samples=42240 sampled_us=1769
audio_time: stage=envmix_exp sampled_calls=317 sampled_samples=42336 sampled_us=4103
audio_time: stage=envmix_ge sampled_calls=0 sampled_samples=0 sampled_us=0
audio_time: stage=envmix_lin sampled_calls=0 sampled_samples=0 sampled_us=0
audio_time: stage=envmix_nead sampled_calls=0 sampled_samples=0 sampled_us=0
audio_time: stage=mix sampled_calls=74 sampled_samples=23680 sampled_us=413
audio_time: stage=musyx_voice sampled_calls=0 sampled_samples=0 sampled_us=0
audio_time: stage=musyx_fx sampled_calls=0 sampled_samples=0 sampled_us=0
audio_time: stage=output sampled_calls=18 sampled_samples=9584 sampled_us=168
gpu_counters: clks=9773303170 tb_clks=9773303256 ras_busy=198171957 xf_wait_in=9326339223 xf_wait_out=283742108 ras_peak_permille=34 ztop_in=761474164 ztop_out=724563436 z_in=1416440 z_out=1344756 blend_in=726246436 copy_clks=118948526 fifo_overflows=489
game: n=1/9 how=vis vis=2400 vi_rate=60 vi0_retrace=331 wall_us=40219236 sleep_us=25174026 avg_vis=59.25 avg_fps=27.93 exceptions=14190 cacheResets=1 recompiles=1572 batches=205469 verts=3874818 texStalls=0 treeDepthMax=14 underruns=12 overruns=0 queue_peak_ms=132 dsp_avg=1.51 dsp_peak=1.85 dsp_samples=80 pmc1=10840220084 pmc2=10864381043 pmc3=0 pmc4=0 mmcr0=00000042 mmcr1=00000000 heap_used=10876792 heap_free=34984 arena1_free=294912 arena2_free=288704 flushes=6 flush_us=73832 padtrace=11 rom=sd:/wii64/roms/Super Mario 64.v64
=== chain 1/9 end vis=2400 how=vis rom=sd:/wii64/roms/Super Mario 64.v64 ===
mark: pad replay records: 22
mark: loadROM: enter
mark: loadROM: before rom_read
mark: ROMCache_load: enter
mark: ROMCache_load: before first read
mark: ROMCache_load: first read returned
mark: ROMCache_load: byte_swap_type set
mark: ROMCache_load: first byte_swap done
menufps: 0.0
menufps: 8.4
menufps: 8.3
menufps: 8.3
menufps: 8.1
menufps: 8.0
mark: ROMCache_load: loop exited normally
mark: ROMCache_load: elapsed_us=3140416 bytes=13893632 vm=0
mark: loadROM: after rom_read
mark: loadROM: before init_memory
mark: loadROM: after init_memory
mark: loadROM: before romOpen_gfx
mark: loadROM: after romOpen_gfx / before romOpen_audio
mark: loadROM: after romOpen_audio / before romOpen_input
mark: loadROM: after romOpen_input / before cpu_init
mark: loadROM: after cpu_init
menufps: 2.2
menufps: 1.0
menufps: 1.0
fps: 1.8
first_vi: vi0_retrace=3140
vis: 4.1
cpu: exceptions=0 cacheResets=0 batches=0 verts=0 texStalls=0 recompiles=0 underruns=0 overruns=0 sleep_us=0 queue_ms=0
mark: CPU core dispatch: dynarec
vis: 60.0
cpu: exceptions=1030 cacheResets=1 batches=0 verts=0 texStalls=0 recompiles=316 underruns=1 overruns=0 sleep_us=82811 queue_ms=106
vis: 60.0
cpu: exceptions=1330 cacheResets=1 batches=0 verts=0 texStalls=0 recompiles=316 underruns=1 overruns=0 sleep_us=555570 queue_ms=113
vis: 60.0
cpu: exceptions=1630 cacheResets=1 batches=0 verts=0 texStalls=0 recompiles=331 underruns=1 overruns=0 sleep_us=1026359 queue_ms=109
vis: 60.0
cpu: exceptions=1930 cacheResets=1 batches=0 verts=0 texStalls=0 recompiles=331 underruns=1 overruns=0 sleep_us=1499053 queue_ms=116
vis: 60.0
cpu: exceptions=2230 cacheResets=1 batches=0 verts=0 texStalls=0 recompiles=331 underruns=1 overruns=0 sleep_us=1971563 queue_ms=113
vis: 60.0
cpu: exceptions=2529 cacheResets=1 batches=0 verts=0 texStalls=0 recompiles=331 underruns=1 overruns=0 sleep_us=2444169 queue_ms=120
vis: 60.0
cpu: exceptions=2865 cacheResets=1 batches=0 verts=0 texStalls=0 recompiles=344 underruns=1 overruns=0 sleep_us=2908566 queue_ms=116
fps: 0.8
vis: 60.0
cpu: exceptions=3439 cacheResets=1 batches=64 verts=4140 texStalls=0 recompiles=468 underruns=1 overruns=0 sleep_us=3333353 queue_ms=111
fps: 1.6
vis: 60.0
cpu: exceptions=3544 cacheResets=1 batches=576 verts=37260 texStalls=0 recompiles=528 underruns=1 overruns=0 sleep_us=3619695 queue_ms=17
fps: 31.1
vis: 60.0
cpu: exceptions=3685 cacheResets=1 batches=1536 verts=99360 texStalls=0 recompiles=528 underruns=1 overruns=0 sleep_us=3910218 queue_ms=14
fps: 30.0
vis: 60.0
cpu: exceptions=3821 cacheResets=1 batches=2304 verts=149040 texStalls=0 recompiles=566 underruns=1 overruns=0 sleep_us=4179560 queue_ms=20
vis: 60.0
cpu: exceptions=3917 cacheResets=1 batches=2304 verts=149040 texStalls=0 recompiles=566 underruns=1 overruns=0 sleep_us=4392444 queue_ms=17
fps: 3.9
vis: 60.0
cpu: exceptions=4016 cacheResets=1 batches=2424 verts=149760 texStalls=0 recompiles=598 underruns=1 overruns=0 sleep_us=4690824 queue_ms=23
fps: 1.7
vis: 59.6
cpu: exceptions=4118 cacheResets=1 batches=2904 verts=152640 texStalls=0 recompiles=610 underruns=2 overruns=0 sleep_us=5023375 queue_ms=7
fps: 30.8
vis: 59.7
cpu: exceptions=4334 cacheResets=1 batches=4704 verts=163440 texStalls=0 recompiles=611 underruns=3 overruns=0 sleep_us=5194919 queue_ms=11
fps: 29.9
vis: 59.7
cpu: exceptions=4534 cacheResets=1 batches=6504 verts=174240 texStalls=0 recompiles=614 underruns=3 overruns=0 sleep_us=5364010 queue_ms=7
fps: 29.8
vis: 59.7
cpu: exceptions=4727 cacheResets=1 batches=8304 verts=185040 texStalls=0 recompiles=614 underruns=3 overruns=0 sleep_us=5528934 queue_ms=4
fps: 29.9
vis: 59.7
cpu: exceptions=4918 cacheResets=1 batches=10104 verts=195840 texStalls=0 recompiles=614 underruns=3 overruns=0 sleep_us=5694712 queue_ms=10
fps: 29.9
vis: 59.8
cpu: exceptions=5099 cacheResets=1 batches=11904 verts=206640 texStalls=0 recompiles=614 underruns=4 overruns=0 sleep_us=5864575 queue_ms=16
fps: 29.0
vis: 59.7
cpu: exceptions=5273 cacheResets=1 batches=13704 verts=217440 texStalls=0 recompiles=618 underruns=5 overruns=0 sleep_us=6034873 queue_ms=13
vis: 60.0
cpu: exceptions=5446 cacheResets=1 batches=15024 verts=225360 texStalls=0 recompiles=625 underruns=5 overruns=0 sleep_us=6201176 queue_ms=8
vis: 60.0
cpu: exceptions=5597 cacheResets=1 batches=15024 verts=225360 texStalls=0 recompiles=625 underruns=5 overruns=0 sleep_us=6382684 queue_ms=14
vis: 60.0
cpu: exceptions=5704 cacheResets=1 batches=15024 verts=225360 texStalls=0 recompiles=631 underruns=5 overruns=0 sleep_us=6626356 queue_ms=10
fps: 7.0
vis: 60.0
cpu: exceptions=5827 cacheResets=1 batches=15024 verts=225360 texStalls=0 recompiles=674 underruns=5 overruns=0 sleep_us=6880230 queue_ms=17
fps: 31.8
vis: 59.9
cpu: exceptions=6033 cacheResets=1 batches=15024 verts=225360 texStalls=0 recompiles=674 underruns=5 overruns=0 sleep_us=7085497 queue_ms=13
fps: 30.0
vis: 60.0
cpu: exceptions=6221 cacheResets=1 batches=15024 verts=225360 texStalls=0 recompiles=674 underruns=5 overruns=0 sleep_us=7292100 queue_ms=19
fps: 30.0
vis: 60.0
cpu: exceptions=6396 cacheResets=1 batches=15024 verts=225360 texStalls=0 recompiles=674 underruns=5 overruns=0 sleep_us=7504174 queue_ms=16
fps: 30.0
vis: 60.0
cpu: exceptions=6577 cacheResets=1 batches=15024 verts=225360 texStalls=0 recompiles=674 underruns=5 overruns=0 sleep_us=7717138 queue_ms=22
fps: 30.0
vis: 60.0
cpu: exceptions=6746 cacheResets=1 batches=15024 verts=225360 texStalls=0 recompiles=674 underruns=5 overruns=0 sleep_us=7930910 queue_ms=19
fps: 30.0
vis: 59.5
cpu: exceptions=6915 cacheResets=1 batches=15024 verts=225360 texStalls=0 recompiles=681 underruns=5 overruns=0 sleep_us=8143968 queue_ms=15
fps: 29.7
vis: 60.0
cpu: exceptions=7089 cacheResets=1 batches=15024 verts=225360 texStalls=0 recompiles=686 underruns=5 overruns=0 sleep_us=8341490 queue_ms=10
fps: 30.1
vis: 60.0
cpu: exceptions=7257 cacheResets=1 batches=15024 verts=225360 texStalls=0 recompiles=686 underruns=5 overruns=0 sleep_us=8552654 queue_ms=17
fps: 30.0
vis: 60.0
cpu: exceptions=7433 cacheResets=1 batches=15024 verts=225360 texStalls=0 recompiles=686 underruns=5 overruns=0 sleep_us=8772602 queue_ms=13
vis: 60.0
cpu: exceptions=7601 cacheResets=1 batches=15024 verts=225360 texStalls=0 recompiles=686 underruns=5 overruns=0 sleep_us=8995244 queue_ms=20
fps: 30.0
vis: 60.0
cpu: exceptions=7783 cacheResets=1 batches=15024 verts=225360 texStalls=0 recompiles=686 underruns=5 overruns=0 sleep_us=9215023 queue_ms=17
fps: 30.0
vis: 60.0
cpu: exceptions=7958 cacheResets=1 batches=15024 verts=225360 texStalls=0 recompiles=686 underruns=5 overruns=0 sleep_us=9436798 queue_ms=24
fps: 30.0
vis: 60.0
cpu: exceptions=8124 cacheResets=1 batches=15024 verts=225360 texStalls=0 recompiles=686 underruns=5 overruns=0 sleep_us=9659421 queue_ms=20
fps: 30.0
vis: 60.0
cpu: exceptions=8292 cacheResets=1 batches=15024 verts=225360 texStalls=0 recompiles=686 underruns=5 overruns=0 sleep_us=9881942 queue_ms=26
fps: 30.0
vis: 60.0
cpu: exceptions=8464 cacheResets=1 batches=15024 verts=225360 texStalls=0 recompiles=686 underruns=5 overruns=0 sleep_us=10106041 queue_ms=22
fps: 29.1
vis: 59.9
cpu: exceptions=8626 cacheResets=1 batches=15024 verts=225360 texStalls=0 recompiles=688 underruns=5 overruns=0 sleep_us=10349841 queue_ms=8
fps: 30.0
vis: 60.0
cpu: exceptions=8787 cacheResets=1 batches=15024 verts=225360 texStalls=0 recompiles=688 underruns=5 overruns=0 sleep_us=10592253 queue_ms=4
fps: 30.0
vis: 60.0
cpu: exceptions=8957 cacheResets=1 batches=15024 verts=225360 texStalls=0 recompiles=688 underruns=5 overruns=0 sleep_us=10830209 queue_ms=11
fps: 30.0
vis: 60.0
cpu: exceptions=9140 cacheResets=1 batches=15024 verts=225360 texStalls=0 recompiles=688 underruns=5 overruns=0 sleep_us=11047067 queue_ms=7
fps: 29.9
vis: 60.0
cpu: exceptions=9316 cacheResets=1 batches=15024 verts=225360 texStalls=0 recompiles=688 underruns=5 overruns=0 sleep_us=11271526 queue_ms=14
fps: 30.1
vis: 60.0
cpu: exceptions=9477 cacheResets=1 batches=15024 verts=225360 texStalls=0 recompiles=688 underruns=5 overruns=0 sleep_us=11508105 queue_ms=10
fps: 30.0
vis: 60.0
cpu: exceptions=9631 cacheResets=1 batches=15024 verts=225360 texStalls=0 recompiles=688 underruns=5 overruns=0 sleep_us=11745195 queue_ms=17
fps: 30.0
vis: 60.0
cpu: exceptions=9788 cacheResets=1 batches=15024 verts=225360 texStalls=0 recompiles=688 underruns=5 overruns=0 sleep_us=11982790 queue_ms=13
fps: 30.0
vis: 60.0
cpu: exceptions=9946 cacheResets=1 batches=15024 verts=225360 texStalls=0 recompiles=688 underruns=5 overruns=0 sleep_us=12224136 queue_ms=20
fps: 30.0
vis: 60.0
cpu: exceptions=10106 cacheResets=1 batches=15024 verts=225360 texStalls=0 recompiles=688 underruns=5 overruns=0 sleep_us=12467020 queue_ms=15
fps: 30.0
vis: 60.0
cpu: exceptions=10268 cacheResets=1 batches=15024 verts=225360 texStalls=0 recompiles=688 underruns=5 overruns=0 sleep_us=12710632 queue_ms=21
fps: 30.0
vis: 60.0
cpu: exceptions=10421 cacheResets=1 batches=15024 verts=225360 texStalls=0 recompiles=688 underruns=5 overruns=0 sleep_us=12951827 queue_ms=17
fps: 30.0
vis: 60.0
cpu: exceptions=10575 cacheResets=1 batches=15024 verts=225360 texStalls=0 recompiles=688 underruns=5 overruns=0 sleep_us=13189688 queue_ms=24
fps: 30.0
vis: 60.0
cpu: exceptions=10726 cacheResets=1 batches=15024 verts=225360 texStalls=0 recompiles=688 underruns=5 overruns=0 sleep_us=13440987 queue_ms=20
fps: 29.9
vis: 60.0
cpu: exceptions=10928 cacheResets=1 batches=15024 verts=225360 texStalls=0 recompiles=688 underruns=5 overruns=0 sleep_us=13658708 queue_ms=17
fps: 30.0
vis: 60.0
cpu: exceptions=11123 cacheResets=1 batches=15024 verts=225360 texStalls=0 recompiles=688 underruns=5 overruns=0 sleep_us=13868492 queue_ms=23
fps: 30.0
vis: 60.0
cpu: exceptions=11302 cacheResets=1 batches=15024 verts=225360 texStalls=0 recompiles=688 underruns=5 overruns=0 sleep_us=14086481 queue_ms=18
fps: 30.0
vis: 60.0
cpu: exceptions=11480 cacheResets=1 batches=15024 verts=225360 texStalls=0 recompiles=688 underruns=5 overruns=0 sleep_us=14308609 queue_ms=24
fps: 30.0
vis: 60.0
cpu: exceptions=11653 cacheResets=1 batches=15024 verts=225360 texStalls=0 recompiles=688 underruns=5 overruns=0 sleep_us=14531232 queue_ms=20
fps: 30.0
vis: 60.0
cpu: exceptions=11827 cacheResets=1 batches=15024 verts=225360 texStalls=0 recompiles=688 underruns=5 overruns=0 sleep_us=14753024 queue_ms=27
fps: 28.5
vis: 60.0
cpu: exceptions=11995 cacheResets=1 batches=15024 verts=225360 texStalls=0 recompiles=692 underruns=6 overruns=0 sleep_us=14974115 queue_ms=13
fps: 30.0
vis: 60.0
cpu: exceptions=12152 cacheResets=1 batches=15024 verts=225360 texStalls=0 recompiles=692 underruns=6 overruns=0 sleep_us=15186086 queue_ms=9
vis: 60.0
cpu: exceptions=12281 cacheResets=1 batches=15024 verts=225360 texStalls=0 recompiles=692 underruns=6 overruns=0 sleep_us=15371700 queue_ms=15
vis: 60.0
cpu: exceptions=12405 cacheResets=1 batches=15024 verts=225360 texStalls=0 recompiles=692 underruns=6 overruns=0 sleep_us=15604290 queue_ms=11
fps: 2.4
vis: 60.0
cpu: exceptions=12597 cacheResets=1 batches=15024 verts=225360 texStalls=0 recompiles=720 underruns=7 overruns=0 sleep_us=15832341 queue_ms=18
fps: 31.8
vis: 59.3
cpu: exceptions=12786 cacheResets=1 batches=15024 verts=225360 texStalls=0 recompiles=721 underruns=7 overruns=0 sleep_us=16016574 queue_ms=14
fps: 29.4
vis: 60.0
cpu: exceptions=13015 cacheResets=1 batches=15024 verts=225360 texStalls=0 recompiles=721 underruns=7 overruns=0 sleep_us=16155845 queue_ms=21
fps: 30.2
vis: 59.8
cpu: exceptions=13221 cacheResets=1 batches=15024 verts=225360 texStalls=0 recompiles=721 underruns=7 overruns=0 sleep_us=16302164 queue_ms=16
fps: 29.8
vis: 59.5
cpu: exceptions=13432 cacheResets=1 batches=15024 verts=225360 texStalls=0 recompiles=721 underruns=7 overruns=0 sleep_us=16453545 queue_ms=13
fps: 29.7
vis: 59.7
cpu: exceptions=13620 cacheResets=1 batches=15024 verts=225360 texStalls=0 recompiles=721 underruns=7 overruns=0 sleep_us=16653466 queue_ms=9
fps: 29.9
vis: 59.3
cpu: exceptions=13807 cacheResets=1 batches=15024 verts=225360 texStalls=0 recompiles=724 underruns=7 overruns=0 sleep_us=16847094 queue_ms=5
fps: 29.6
vis: 60.0
cpu: exceptions=13996 cacheResets=1 batches=15024 verts=225360 texStalls=0 recompiles=731 underruns=7 overruns=0 sleep_us=17035055 queue_ms=13
fps: 30.2
vis: 59.9
cpu: exceptions=14177 cacheResets=1 batches=15024 verts=225360 texStalls=0 recompiles=731 underruns=7 overruns=0 sleep_us=17249895 queue_ms=9
fps: 29.2
vis: 59.6
cpu: exceptions=14366 cacheResets=1 batches=15024 verts=225360 texStalls=0 recompiles=731 underruns=7 overruns=0 sleep_us=17450483 queue_ms=5
fps: 30.6
vis: 60.0
cpu: exceptions=14553 cacheResets=1 batches=15024 verts=225360 texStalls=0 recompiles=731 underruns=7 overruns=0 sleep_us=17656360 queue_ms=11
vis: 60.0
cpu: exceptions=14731 cacheResets=1 batches=15024 verts=225360 texStalls=0 recompiles=731 underruns=7 overruns=0 sleep_us=17872074 queue_ms=7
fps: 30.0
vis: 60.0
cpu: exceptions=14897 cacheResets=1 batches=15024 verts=225360 texStalls=0 recompiles=731 underruns=7 overruns=0 sleep_us=18102681 queue_ms=14
fps: 30.0
vis: 60.0
cpu: exceptions=15072 cacheResets=1 batches=15024 verts=225360 texStalls=0 recompiles=731 underruns=7 overruns=0 sleep_us=18323889 queue_ms=11
fps: 30.0
vis: 60.0
cpu: exceptions=15231 cacheResets=1 batches=15024 verts=225360 texStalls=0 recompiles=731 underruns=7 overruns=0 sleep_us=18567782 queue_ms=18
fps: 30.1
vis: 60.0
cpu: exceptions=15393 cacheResets=1 batches=15024 verts=225360 texStalls=0 recompiles=731 underruns=7 overruns=0 sleep_us=18811563 queue_ms=14
fps: 29.1
vis: 59.9
cpu: exceptions=15578 cacheResets=1 batches=15024 verts=225360 texStalls=0 recompiles=732 underruns=8 overruns=0 sleep_us=19017400 queue_ms=10
fps: 29.8
vis: 60.0
cpu: exceptions=15747 cacheResets=1 batches=15024 verts=225360 texStalls=0 recompiles=732 underruns=8 overruns=0 sleep_us=19215451 queue_ms=16
vis: 60.0
cpu: exceptions=15852 cacheResets=1 batches=15024 verts=225360 texStalls=0 recompiles=732 underruns=8 overruns=0 sleep_us=19413378 queue_ms=13
vis: 60.0
cpu: exceptions=16003 cacheResets=1 batches=15024 verts=225360 texStalls=0 recompiles=733 underruns=8 overruns=0 sleep_us=19657334 queue_ms=8
vis: 60.0
cpu: exceptions=16168 cacheResets=1 batches=15024 verts=225360 texStalls=0 recompiles=734 underruns=8 overruns=0 sleep_us=19898978 queue_ms=14
fps: 4.1
vis: 60.0
cpu: exceptions=16352 cacheResets=1 batches=15024 verts=225360 texStalls=0 recompiles=761 underruns=10 overruns=0 sleep_us=20060176 queue_ms=32
fps: 32.2
vis: 60.0
cpu: exceptions=16531 cacheResets=1 batches=15024 verts=225360 texStalls=0 recompiles=761 underruns=10 overruns=0 sleep_us=20263896 queue_ms=38
fps: 30.0
vis: 60.0
cpu: exceptions=16706 cacheResets=1 batches=15024 verts=225360 texStalls=0 recompiles=761 underruns=10 overruns=0 sleep_us=20469830 queue_ms=34
fps: 30.0
vis: 60.0
cpu: exceptions=16883 cacheResets=1 batches=15024 verts=225360 texStalls=0 recompiles=761 underruns=10 overruns=0 sleep_us=20674767 queue_ms=41
fps: 30.0
vis: 60.0
cpu: exceptions=17055 cacheResets=1 batches=15024 verts=225360 texStalls=0 recompiles=761 underruns=10 overruns=0 sleep_us=20884674 queue_ms=38
fps: 29.9
vis: 59.1
cpu: exceptions=17227 cacheResets=1 batches=15024 verts=225360 texStalls=0 recompiles=765 underruns=10 overruns=0 sleep_us=21091405 queue_ms=33
fps: 29.5
vis: 59.8
cpu: exceptions=17401 cacheResets=1 batches=15024 verts=225360 texStalls=0 recompiles=767 underruns=10 overruns=0 sleep_us=21275560 queue_ms=28
fps: 29.9
vis: 59.9
cpu: exceptions=17568 cacheResets=1 batches=15024 verts=225360 texStalls=0 recompiles=767 underruns=10 overruns=0 sleep_us=21464061 queue_ms=35
fps: 30.0
vis: 59.9
cpu: exceptions=17743 cacheResets=1 batches=15024 verts=225360 texStalls=0 recompiles=767 underruns=10 overruns=0 sleep_us=21666211 queue_ms=31
fps: 29.9
vis: 59.5
cpu: exceptions=17919 cacheResets=1 batches=15024 verts=225360 texStalls=0 recompiles=767 underruns=10 overruns=0 sleep_us=21865391 queue_ms=26
fps: 29.8
vis: 59.9
cpu: exceptions=18100 cacheResets=1 batches=15024 verts=225360 texStalls=0 recompiles=767 underruns=10 overruns=0 sleep_us=22058707 queue_ms=23
fps: 30.0
vis: 60.0
cpu: exceptions=18279 cacheResets=1 batches=15024 verts=225360 texStalls=0 recompiles=767 underruns=10 overruns=0 sleep_us=22255115 queue_ms=30
fps: 30.0
vis: 60.0
cpu: exceptions=18448 cacheResets=1 batches=15024 verts=225360 texStalls=0 recompiles=767 underruns=10 overruns=0 sleep_us=22460400 queue_ms=25
fps: 29.8
vis: 59.6
cpu: exceptions=18620 cacheResets=1 batches=15024 verts=225360 texStalls=0 recompiles=767 underruns=10 overruns=0 sleep_us=22682574 queue_ms=32
fps: 30.0
vis: 60.0
cpu: exceptions=18775 cacheResets=1 batches=15024 verts=225360 texStalls=0 recompiles=767 underruns=10 overruns=0 sleep_us=22909806 queue_ms=28
fps: 29.2
vis: 60.0
cpu: exceptions=18933 cacheResets=1 batches=15024 verts=225360 texStalls=0 recompiles=767 underruns=10 overruns=0 sleep_us=23134571 queue_ms=14
fps: 29.9
vis: 60.0
cpu: exceptions=20085 cacheResets=1 batches=15024 verts=225360 texStalls=0 recompiles=776 underruns=10 overruns=0 sleep_us=23309005 queue_ms=20
vis: 60.0
cpu: exceptions=20254 cacheResets=1 batches=15024 verts=225360 texStalls=0 recompiles=829 underruns=10 overruns=0 sleep_us=23597401 queue_ms=17
vis: 60.0
cpu: exceptions=20352 cacheResets=1 batches=15024 verts=225360 texStalls=0 recompiles=829 underruns=10 overruns=0 sleep_us=23956860 queue_ms=23
vis: 60.0
cpu: exceptions=20541 cacheResets=1 batches=15024 verts=225360 texStalls=0 recompiles=1016 underruns=11 overruns=0 sleep_us=24269438 queue_ms=30
vis: 60.0
cpu: exceptions=20620 cacheResets=1 batches=15024 verts=225360 texStalls=0 recompiles=1016 underruns=12 overruns=0 sleep_us=24717312 queue_ms=5
fps: 1.3
vis: 60.0
cpu: exceptions=20826 cacheResets=1 batches=19639 verts=268494 texStalls=0 recompiles=1373 underruns=14 overruns=0 sleep_us=24797000 queue_ms=36
fps: 32.0
vis: 59.8
cpu: exceptions=21063 cacheResets=1 batches=25239 verts=319914 texStalls=0 recompiles=1405 underruns=14 overruns=0 sleep_us=24879550 queue_ms=32
fps: 29.6
vis: 59.4
cpu: exceptions=21360 cacheResets=1 batches=31151 verts=373206 texStalls=0 recompiles=1410 underruns=14 overruns=0 sleep_us=24924433 queue_ms=29
fps: 29.6
vis: 59.2
cpu: exceptions=21703 cacheResets=1 batches=37274 verts=427764 texStalls=0 recompiles=1410 underruns=14 overruns=0 sleep_us=24945290 queue_ms=25
fps: 29.4
vis: 59.5
cpu: exceptions=22064 cacheResets=1 batches=43472 verts=482772 texStalls=0 recompiles=1416 underruns=14 overruns=0 sleep_us=24953507 queue_ms=22
fps: 29.9
vis: 60.0
cpu: exceptions=22395 cacheResets=1 batches=48637 verts=531582 texStalls=0 recompiles=1417 underruns=14 overruns=0 sleep_us=25032538 queue_ms=28
fps: 30.9
vis: 60.0
cpu: exceptions=22696 cacheResets=1 batches=52720 verts=573900 texStalls=0 recompiles=1417 underruns=14 overruns=0 sleep_us=25170272 queue_ms=23
fps: 29.2
vis: 60.0
cpu: exceptions=23016 cacheResets=1 batches=56184 verts=612504 texStalls=0 recompiles=1421 underruns=14 overruns=0 sleep_us=25292239 queue_ms=20
fps: 30.9
vis: 60.0
cpu: exceptions=23326 cacheResets=1 batches=59247 verts=648702 texStalls=0 recompiles=1422 underruns=14 overruns=0 sleep_us=25444479 queue_ms=27
fps: 30.0
vis: 60.0
cpu: exceptions=23636 cacheResets=1 batches=62264 verts=684624 texStalls=0 recompiles=1435 underruns=14 overruns=0 sleep_us=25587751 queue_ms=23
fps: 30.0
vis: 60.0
cpu: exceptions=23933 cacheResets=1 batches=65183 verts=719958 texStalls=0 recompiles=1502 underruns=14 overruns=0 sleep_us=25713705 queue_ms=30
fps: 29.9
vis: 60.0
cpu: exceptions=24249 cacheResets=1 batches=68086 verts=755196 texStalls=0 recompiles=1504 underruns=14 overruns=0 sleep_us=25849580 queue_ms=25
fps: 30.1
vis: 60.0
cpu: exceptions=24560 cacheResets=1 batches=70983 verts=790398 texStalls=0 recompiles=1504 underruns=14 overruns=0 sleep_us=26007524 queue_ms=32
fps: 30.0
vis: 60.0
cpu: exceptions=24852 cacheResets=1 batches=73865 verts=825510 texStalls=0 recompiles=1504 underruns=14 overruns=0 sleep_us=26173584 queue_ms=28
fps: 29.2
mark: stop reason: chain guest VI limit
vis: 57.9
cpu: exceptions=25134 cacheResets=1 batches=76811 verts=861006 texStalls=0 recompiles=1504 underruns=15 overruns=0 sleep_us=26332449 queue_ms=7
mark: stop_it requested
audio: alist_resample_calls=124133 alist_resample_samples=18521568 alist_zoh_calls=0 alist_zoh_samples=0 musyx_subframes=0 musyx_voices=0 musyx_voice_peak=0
audio_stages: adpcm_calls=128104 adpcm_samples=19591152 envmix_calls=124133 envmix_samples=18521568 mix_calls=21240 mix_samples=8156160 musyx_fx_calls=0 musyx_fx_taps=0 output_calls=3566 output_samples=1595440
audio_envmix: exp_calls=0 ge_calls=0 lin_calls=0 nead_calls=124133 exp_steady=0 ge_steady=0 lin_steady=0
audio_gaps: nead_mats=0 nead_efz=0 resample_flag2=0 musyx_ptr10=0
audio_output: stream_requests=7365 stream_fed=5539 input_hz=26807 playback_hz=26807 queue_peak_ms=138
probe_schema: version=2 self=1 interval=127
vm_io: read_ahead=1 reads=0 hits=0 read_bytes=0 writes=0 write_bytes=0 errors=0
subsystem_time: stage=rsp_gfx calls=1428 timed_calls=1428 period=1 timed_us=17058351
subsystem_time: stage=rsp_audio calls=3540 timed_calls=3540 period=1 timed_us=3010528
subsystem_time: stage=rsp_other calls=0 timed_calls=0 period=1 timed_us=0
subsystem_time: stage=lookup calls=417119 timed_calls=3284 period=127 timed_us=1875
subsystem_time: stage=compile calls=1504 timed_calls=1504 period=1 timed_us=208729
subsystem_time: stage=dispatch calls=8654454 timed_calls=68145 period=127 timed_us=24807
subsystem_self: stage=dispatch calls=8654454 timed_calls=68145 self_us=21843 dropped=0
subsystem_time: stage=execute_inclusive calls=8654454 timed_calls=68145 period=127 timed_us=439297
subsystem_self: stage=execute_inclusive calls=8654454 timed_calls=68145 self_us=122013 dropped=0
subsystem_time: stage=rom_copy calls=8341 timed_calls=8341 period=1 timed_us=71918
subsystem_time: stage=present calls=3599 timed_calls=3599 period=1 timed_us=67090
subsystem_time: stage=limiter calls=2851 timed_calls=2851 period=1 timed_us=26341473
subsystem_time: stage=vm_fault calls=0 timed_calls=0 period=1 timed_us=0
subsystem_time: stage=vm_victim calls=0 timed_calls=0 period=1 timed_us=0
subsystem_time: stage=vm_read calls=0 timed_calls=0 period=1 timed_us=0
subsystem_time: stage=vm_write calls=0 timed_calls=0 period=1 timed_us=0
subsystem_time: stage=tex_hash calls=231269 timed_calls=231269 period=1 timed_us=1481721
subsystem_time: stage=tex_lookup calls=231269 timed_calls=231269 period=1 timed_us=353134
subsystem_time: stage=tex_load calls=1733 timed_calls=1733 period=1 timed_us=128170
subsystem_time: stage=tex_activate calls=231269 timed_calls=231269 period=1 timed_us=59311
subsystem_time: stage=draw_triangles calls=76811 timed_calls=76811 period=1 timed_us=167423
subsystem_time: stage=draw_rect calls=199209 timed_calls=199209 period=1 timed_us=2437639
subsystem_time: stage=gfx_list calls=1428 timed_calls=1428 period=1 timed_us=17055175
subsystem_time: stage=gfx_command calls=3052105 timed_calls=24032 period=127 timed_us=138444
gfx_ucodes: mask=00040000
gfx_opcode: op=01 calls=39357 timed_calls=314 timed_us=141
gfx_opcode: op=03 calls=4732 timed_calls=44 timed_us=50
gfx_opcode: op=04 calls=74849 timed_calls=554 timed_us=1379
gfx_opcode: op=06 calls=126570 timed_calls=947 timed_us=159
gfx_opcode: op=b1 calls=89645 timed_calls=765 timed_us=5884
gfx_opcode: op=b4 calls=811 timed_calls=8 timed_us=1
gfx_opcode: op=b5 calls=21636 timed_calls=179 timed_us=272
gfx_opcode: op=b6 calls=21527 timed_calls=177 timed_us=32
gfx_opcode: op=b7 calls=13822 timed_calls=106 timed_us=14
gfx_opcode: op=b8 calls=127998 timed_calls=986 timed_us=136
gfx_opcode: op=b9 calls=89659 timed_calls=704 timed_us=115
gfx_opcode: op=ba calls=160056 timed_calls=1283 timed_us=225
gfx_opcode: op=bb calls=35718 timed_calls=296 timed_us=60
gfx_opcode: op=bc calls=34815 timed_calls=258 timed_us=43
gfx_opcode: op=bd calls=36 timed_calls=0 timed_us=0
gfx_opcode: op=bf calls=64440 timed_calls=456 timed_us=1946
gfx_opcode: op=c0 calls=16873 timed_calls=139 timed_us=19
gfx_opcode: op=e4 calls=190158 timed_calls=1505 timed_us=19818
gfx_opcode: op=e6 calls=236572 timed_calls=1861 timed_us=256
gfx_opcode: op=e7 calls=327789 timed_calls=2617 timed_us=343
gfx_opcode: op=e8 calls=41869 timed_calls=342 timed_us=40
gfx_opcode: op=e9 calls=1428 timed_calls=10 timed_us=15
gfx_opcode: op=ed calls=8043 timed_calls=63 timed_us=30
gfx_opcode: op=f0 calls=4851 timed_calls=38 timed_us=119
gfx_opcode: op=f2 calls=227707 timed_calls=1790 timed_us=452
gfx_opcode: op=f3 calls=40772 timed_calls=309 timed_us=1906
gfx_opcode: op=f4 calls=190949 timed_calls=1508 timed_us=6317
gfx_opcode: op=f5 calls=464279 timed_calls=3643 timed_us=674
gfx_opcode: op=f6 calls=10516 timed_calls=95 timed_us=2752
gfx_opcode: op=f7 calls=10090 timed_calls=83 timed_us=33
gfx_opcode: op=fa calls=40837 timed_calls=309 timed_us=55
gfx_opcode: op=fb calls=23942 timed_calls=183 timed_us=28
gfx_opcode: op=fc calls=67479 timed_calls=531 timed_us=77
gfx_opcode: op=fd calls=236572 timed_calls=1881 timed_us=279
gfx_opcode: op=fe calls=1427 timed_calls=12 timed_us=9
gfx_opcode: op=ff calls=4281 timed_calls=36 timed_us=91935
subsystem_time: stage=vertex calls=544112 timed_calls=4284 period=127 timed_us=1289
subsystem_time: stage=gfx_state calls=287905 timed_calls=2266 period=127 timed_us=20809
subsystem_self: stage=gfx_state calls=287905 timed_calls=2266 self_us=4823 dropped=0
subsystem_time: stage=gx_wait calls=4 timed_calls=4 period=1 timed_us=2560
subsystem_time: stage=dma_pi calls=8341 timed_calls=8341 period=1 timed_us=147070
subsystem_time: stage=dma_sp calls=9936 timed_calls=9936 period=1 timed_us=10313
subsystem_time: stage=dma_si calls=2986 timed_calls=2986 period=1 timed_us=34649
subsystem_time: stage=tlb_translate calls=0 timed_calls=0 period=127 timed_us=0
subsystem_time: stage=pif calls=2987 timed_calls=2987 period=1 timed_us=32180
subsystem_time: stage=input calls=5712 timed_calls=5712 period=1 timed_us=26005
subsystem_time: stage=guest_interrupt calls=33579 timed_calls=33579 period=1 timed_us=26575531
subsystem_self: stage=guest_interrupt calls=33579 timed_calls=33579 self_us=61060 dropped=0
subsystem_time: stage=interpreter_inclusive calls=0 timed_calls=0 period=1 timed_us=0
subsystem_self: stage=interpreter_inclusive calls=0 timed_calls=0 self_us=0 dropped=0
subsystem_time: stage=audio_submit calls=3566 timed_calls=3566 period=1 timed_us=35834
subsystem_time: stage=audio_callback calls=35937 timed_calls=35937 period=1 timed_us=24272
subsystem_time: stage=memory_slow calls=1360588 timed_calls=10713 period=127 timed_us=166362
subsystem_self: stage=memory_slow calls=1360588 timed_calls=10713 self_us=6062 dropped=0
subsystem_time: stage=jit_invalidate calls=26265 timed_calls=206 period=127 timed_us=48
subsystem_time: stage=cpu_helper calls=35819610 timed_calls=282044 period=127 timed_us=194300
subsystem_time: stage=storage_read calls=0 timed_calls=0 period=1 timed_us=0
subsystem_time: stage=storage_write calls=0 timed_calls=0 period=1 timed_us=0
subsystem_time: stage=save_load calls=0 timed_calls=0 period=1 timed_us=0
subsystem_time: stage=save_write calls=0 timed_calls=0 period=1 timed_us=0
subsystem_time: stage=state_load calls=0 timed_calls=0 period=1 timed_us=0
subsystem_time: stage=state_save calls=0 timed_calls=0 period=1 timed_us=0
subsystem_time: stage=probe_io calls=8 timed_calls=8 period=1 timed_us=112840
subsystem_time: stage=agent_poll calls=7216 timed_calls=7216 period=1 timed_us=1795
audio_time: stage=resample sampled_calls=977 sampled_samples=145568 sampled_us=6198
audio_time: stage=zoh sampled_calls=0 sampled_samples=0 sampled_us=0
audio_time: stage=adpcm sampled_calls=1008 sampled_samples=154816 sampled_us=6415
audio_time: stage=envmix_exp sampled_calls=0 sampled_samples=0 sampled_us=0
audio_time: stage=envmix_ge sampled_calls=0 sampled_samples=0 sampled_us=0
audio_time: stage=envmix_lin sampled_calls=0 sampled_samples=0 sampled_us=0
audio_time: stage=envmix_nead sampled_calls=977 sampled_samples=145568 sampled_us=8756
audio_time: stage=mix sampled_calls=167 sampled_samples=64128 sampled_us=1049
audio_time: stage=musyx_voice sampled_calls=0 sampled_samples=0 sampled_us=0
audio_time: stage=musyx_fx sampled_calls=0 sampled_samples=0 sampled_us=0
audio_time: stage=output sampled_calls=28 sampled_samples=12496 sampled_us=224
gpu_counters: clks=14662447931 tb_clks=14662448004 ras_busy=376793114 xf_wait_in=14229621801 xf_wait_out=207116989 ras_peak_permille=40 ztop_in=1452519492 ztop_out=1423884072 z_in=5198904 z_out=4386100 blend_in=1429405508 copy_clks=145988204 fifo_overflows=0
game: n=2/9 how=vis vis=3600 vi_rate=60 vi0_retrace=3140 wall_us=60339156 sleep_us=26332449 avg_vis=59.43 avg_fps=27.52 exceptions=25135 cacheResets=1 recompiles=1504 batches=76811 verts=861006 texStalls=0 treeDepthMax=14 underruns=15 overruns=0 queue_peak_ms=120 dsp_avg=1.50 dsp_peak=1.85 dsp_samples=121 pmc1=24671837072 pmc2=26164439261 pmc3=0 pmc4=0 mmcr0=00000042 mmcr1=00000000 heap_used=10895544 heap_free=36712 arena1_free=274432 arena2_free=288704 flushes=8 flush_us=112838 padtrace=21 rom=sd:/wii64/roms/Mario Kart 64.v64
=== chain 2/9 end vis=3600 how=vis rom=sd:/wii64/roms/Mario Kart 64.v64 ===
mark: pad replay records: 1
mark: loadROM: enter
mark: loadROM: before rom_read
mark: ROMCache_load: enter
mark: ROMCache_load: before first read
mark: ROMCache_load: first read returned
mark: ROMCache_load: byte_swap_type set
mark: ROMCache_load: first byte_swap done
menufps: 0.0
menufps: 8.4
menufps: 8.1
menufps: 8.0
menufps: 8.1
menufps: 8.1
menufps: 7.5
mark: ROMCache_load: loop exited normally
mark: ROMCache_load: elapsed_us=3829597 bytes=16777216 vm=0
mark: loadROM: after rom_read
mark: loadROM: before init_memory
mark: loadROM: after init_memory
mark: loadROM: before romOpen_gfx
mark: loadROM: after romOpen_gfx / before romOpen_audio
mark: loadROM: after romOpen_audio / before romOpen_input
mark: loadROM: after romOpen_input / before cpu_init
mark: loadROM: after cpu_init
menufps: 3.3
menufps: 1.0
menufps: 1.0
fps: 0.7
first_vi: vi0_retrace=7196
vis: 0.1
cpu: exceptions=0 cacheResets=0 batches=0 verts=0 texStalls=0 recompiles=0 underruns=0 overruns=0 sleep_us=0 queue_ms=0
mark: CPU core dispatch: dynarec
vis: 41.9
cpu: exceptions=28 cacheResets=1 batches=0 verts=0 texStalls=0 recompiles=138 underruns=0 overruns=0 sleep_us=0 queue_ms=0
vis: 60.0
cpu: exceptions=58 cacheResets=1 batches=0 verts=0 texStalls=0 recompiles=138 underruns=0 overruns=0 sleep_us=278533 queue_ms=0
vis: 56.7
cpu: exceptions=106 cacheResets=1 batches=0 verts=0 texStalls=0 recompiles=217 underruns=0 overruns=0 sleep_us=533458 queue_ms=0
vis: 60.0
cpu: exceptions=510 cacheResets=1 batches=0 verts=0 texStalls=0 recompiles=616 underruns=2 overruns=0 sleep_us=792063 queue_ms=40
fps: 0.4
vis: 59.2
cpu: exceptions=717 cacheResets=1 batches=44 verts=2262 texStalls=0 recompiles=1896 underruns=4 overruns=0 sleep_us=904255 queue_ms=58
vis: 60.0
cpu: exceptions=872 cacheResets=1 batches=44 verts=2262 texStalls=0 recompiles=1901 underruns=4 overruns=0 sleep_us=1198598 queue_ms=62
fps: 1.3
vis: 60.0
cpu: exceptions=1052 cacheResets=1 batches=344 verts=12750 texStalls=0 recompiles=1990 underruns=4 overruns=0 sleep_us=1456419 queue_ms=66
fps: 30.0
vis: 60.0
cpu: exceptions=1240 cacheResets=1 batches=1116 verts=33672 texStalls=0 recompiles=2006 underruns=4 overruns=0 sleep_us=1736594 queue_ms=71
fps: 30.0
vis: 60.0
cpu: exceptions=1423 cacheResets=1 batches=2132 verts=56058 texStalls=0 recompiles=2009 underruns=4 overruns=0 sleep_us=2009168 queue_ms=62
fps: 30.0
vis: 60.0
cpu: exceptions=1606 cacheResets=1 batches=3187 verts=78678 texStalls=0 recompiles=2009 underruns=4 overruns=0 sleep_us=2280039 queue_ms=66
fps: 30.0
vis: 60.0
cpu: exceptions=1783 cacheResets=1 batches=4252 verts=101190 texStalls=0 recompiles=2012 underruns=4 overruns=0 sleep_us=2548963 queue_ms=71
fps: 30.0
vis: 60.0
cpu: exceptions=1978 cacheResets=1 batches=5312 verts=123210 texStalls=0 recompiles=2012 underruns=4 overruns=0 sleep_us=2819790 queue_ms=67
fps: 30.0
vis: 60.0
cpu: exceptions=2160 cacheResets=1 batches=6349 verts=145092 texStalls=0 recompiles=2029 underruns=4 overruns=0 sleep_us=3089539 queue_ms=71
fps: 30.0
vis: 60.0
cpu: exceptions=2344 cacheResets=1 batches=7488 verts=172146 texStalls=0 recompiles=2029 underruns=4 overruns=0 sleep_us=3347480 queue_ms=62
fps: 29.9
vis: 60.0
cpu: exceptions=2543 cacheResets=1 batches=9054 verts=210882 texStalls=0 recompiles=2036 underruns=4 overruns=0 sleep_us=3556161 queue_ms=67
fps: 30.0
vis: 60.0
cpu: exceptions=2734 cacheResets=1 batches=10744 verts=245802 texStalls=0 recompiles=2036 underruns=4 overruns=0 sleep_us=3768389 queue_ms=71
fps: 30.0
vis: 60.0
cpu: exceptions=2909 cacheResets=1 batches=12278 verts=270666 texStalls=0 recompiles=2063 underruns=4 overruns=0 sleep_us=4009098 queue_ms=67
fps: 30.0
vis: 60.0
cpu: exceptions=3085 cacheResets=1 batches=13584 verts=294162 texStalls=0 recompiles=2063 underruns=4 overruns=0 sleep_us=4278828 queue_ms=72
fps: 29.4
vis: 60.0
cpu: exceptions=3256 cacheResets=1 batches=14675 verts=316368 texStalls=0 recompiles=2064 underruns=4 overruns=0 sleep_us=4558450 queue_ms=63
fps: 30.0
vis: 60.0
cpu: exceptions=3444 cacheResets=1 batches=15715 verts=338268 texStalls=0 recompiles=2064 underruns=4 overruns=0 sleep_us=4835201 queue_ms=54
fps: 30.0
vis: 60.0
cpu: exceptions=3627 cacheResets=1 batches=16738 verts=360066 texStalls=0 recompiles=2064 underruns=4 overruns=0 sleep_us=5113685 queue_ms=50
fps: 29.9
vis: 60.0
cpu: exceptions=3821 cacheResets=1 batches=18016 verts=395250 texStalls=0 recompiles=2064 underruns=4 overruns=0 sleep_us=5346579 queue_ms=54
fps: 30.0
vis: 60.0
cpu: exceptions=4020 cacheResets=1 batches=19353 verts=432612 texStalls=0 recompiles=2065 underruns=4 overruns=0 sleep_us=5578630 queue_ms=59
fps: 29.9
vis: 60.0
cpu: exceptions=4221 cacheResets=1 batches=21449 verts=468564 texStalls=0 recompiles=2081 underruns=4 overruns=0 sleep_us=5785231 queue_ms=63
fps: 29.8
vis: 60.0
cpu: exceptions=4411 cacheResets=1 batches=26214 verts=508404 texStalls=0 recompiles=2081 underruns=4 overruns=0 sleep_us=5947738 queue_ms=68
fps: 30.0
vis: 60.0
cpu: exceptions=4605 cacheResets=1 batches=31572 verts=551802 texStalls=0 recompiles=2081 underruns=4 overruns=0 sleep_us=6101846 queue_ms=50
fps: 30.0
vis: 60.0
cpu: exceptions=4796 cacheResets=1 batches=36692 verts=593772 texStalls=0 recompiles=2082 underruns=4 overruns=0 sleep_us=6269538 queue_ms=55
fps: 30.0
vis: 60.0
cpu: exceptions=4993 cacheResets=1 batches=41733 verts=635268 texStalls=0 recompiles=2083 underruns=4 overruns=0 sleep_us=6438565 queue_ms=59
fps: 30.0
vis: 60.0
cpu: exceptions=5188 cacheResets=1 batches=46908 verts=677568 texStalls=0 recompiles=2083 underruns=4 overruns=0 sleep_us=6605277 queue_ms=64
fps: 30.1
vis: 60.0
cpu: exceptions=5400 cacheResets=1 batches=51679 verts=730212 texStalls=0 recompiles=2083 underruns=4 overruns=0 sleep_us=6747058 queue_ms=60
mark: stop reason: chain guest VI limit
mark: stop_it requested
audio: alist_resample_calls=7273 alist_resample_samples=1338232 alist_zoh_calls=0 alist_zoh_samples=0 musyx_subframes=0 musyx_voices=0 musyx_voice_peak=0
audio_stages: adpcm_calls=5684 adpcm_samples=629344 envmix_calls=5654 envmix_samples=1040336 mix_calls=32380 mix_samples=5957920 musyx_fx_calls=0 musyx_fx_taps=0 output_calls=405 output_samples=297160
audio_envmix: exp_calls=0 ge_calls=0 lin_calls=5654 nead_calls=0 exp_steady=0 ge_steady=0 lin_steady=5208
audio_gaps: nead_mats=0 nead_efz=0 resample_flag2=0 musyx_ptr10=0
audio_output: stream_requests=3466 stream_fed=1029 input_hz=21998 playback_hz=21998 queue_peak_ms=89
probe_schema: version=2 self=1 interval=127
vm_io: read_ahead=1 reads=0 hits=0 read_bytes=0 writes=0 write_bytes=0 errors=0
subsystem_time: stage=rsp_gfx calls=358 timed_calls=358 period=1 timed_us=1493006
subsystem_time: stage=rsp_audio calls=406 timed_calls=406 period=1 timed_us=306918
subsystem_time: stage=rsp_other calls=0 timed_calls=0 period=1 timed_us=0
subsystem_time: stage=lookup calls=838254 timed_calls=6600 period=127 timed_us=2600
subsystem_time: stage=compile calls=2084 timed_calls=2084 period=1 timed_us=182991
subsystem_time: stage=dispatch calls=4132119 timed_calls=32536 period=127 timed_us=16273
subsystem_self: stage=dispatch calls=4132119 timed_calls=32536 self_us=12877 dropped=0
subsystem_time: stage=execute_inclusive calls=4132119 timed_calls=32536 period=127 timed_us=113027
subsystem_self: stage=execute_inclusive calls=4132119 timed_calls=32536 self_us=42803 dropped=0
subsystem_time: stage=rom_copy calls=640 timed_calls=640 period=1 timed_us=14375
subsystem_time: stage=present calls=899 timed_calls=899 period=1 timed_us=62089
subsystem_time: stage=limiter calls=856 timed_calls=856 period=1 timed_us=6801589
subsystem_time: stage=vm_fault calls=0 timed_calls=0 period=1 timed_us=0
subsystem_time: stage=vm_victim calls=0 timed_calls=0 period=1 timed_us=0
subsystem_time: stage=vm_read calls=0 timed_calls=0 period=1 timed_us=0
subsystem_time: stage=vm_write calls=0 timed_calls=0 period=1 timed_us=0
subsystem_time: stage=tex_hash calls=48848 timed_calls=48848 period=1 timed_us=405013
subsystem_time: stage=tex_lookup calls=48848 timed_calls=48848 period=1 timed_us=13122
subsystem_time: stage=tex_load calls=28 timed_calls=28 period=1 timed_us=1998
subsystem_time: stage=tex_activate calls=48848 timed_calls=48848 period=1 timed_us=27558
subsystem_time: stage=draw_triangles calls=52520 timed_calls=52520 period=1 timed_us=239105
subsystem_time: stage=draw_rect calls=0 timed_calls=0 period=1 timed_us=0
subsystem_time: stage=gfx_list calls=358 timed_calls=358 period=1 timed_us=1492190
subsystem_time: stage=gfx_command calls=1088190 timed_calls=8568 period=127 timed_us=13205
gfx_ucodes: mask=00000002
gfx_opcode: op=01 calls=45295 timed_calls=363 timed_us=186
gfx_opcode: op=03 calls=1920 timed_calls=16 timed_us=8
gfx_opcode: op=04 calls=38254 timed_calls=315 timed_us=963
gfx_opcode: op=06 calls=56222 timed_calls=453 timed_us=71
gfx_opcode: op=b1 calls=122759 timed_calls=950 timed_us=7928
gfx_opcode: op=b6 calls=23590 timed_calls=186 timed_us=25
gfx_opcode: op=b7 calls=20998 timed_calls=159 timed_us=20
gfx_opcode: op=b8 calls=56580 timed_calls=447 timed_us=63
gfx_opcode: op=b9 calls=20685 timed_calls=148 timed_us=21
gfx_opcode: op=ba calls=59170 timed_calls=468 timed_us=69
gfx_opcode: op=bb calls=19239 timed_calls=161 timed_us=29
gfx_opcode: op=bc calls=44452 timed_calls=340 timed_us=49
gfx_opcode: op=bd calls=39275 timed_calls=306 timed_us=41
gfx_opcode: op=bf calls=1784 timed_calls=14 timed_us=99
gfx_opcode: op=e6 calls=44251 timed_calls=347 timed_us=42
gfx_opcode: op=e7 calls=155667 timed_calls=1211 timed_us=150
gfx_opcode: op=e9 calls=358 timed_calls=3 timed_us=3
gfx_opcode: op=ed calls=358 timed_calls=4 timed_us=3
gfx_opcode: op=f0 calls=4597 timed_calls=37 timed_us=22
gfx_opcode: op=f2 calls=46899 timed_calls=370 timed_us=92
gfx_opcode: op=f3 calls=48848 timed_calls=395 timed_us=1470
gfx_opcode: op=f5 calls=97281 timed_calls=769 timed_us=149
gfx_opcode: op=f6 calls=716 timed_calls=9 timed_us=661
gfx_opcode: op=f7 calls=716 timed_calls=3 timed_us=1
gfx_opcode: op=f9 calls=5752 timed_calls=38 timed_us=6
gfx_opcode: op=fa calls=41646 timed_calls=332 timed_us=56
gfx_opcode: op=fb calls=17478 timed_calls=137 timed_us=23
gfx_opcode: op=fc calls=18523 timed_calls=141 timed_us=18
gfx_opcode: op=fd calls=53445 timed_calls=437 timed_us=64
gfx_opcode: op=fe calls=358 timed_calls=4 timed_us=3
gfx_opcode: op=ff calls=1074 timed_calls=5 timed_us=1
subsystem_time: stage=vertex calls=360552 timed_calls=2838 period=127 timed_us=859
subsystem_time: stage=gfx_state calls=84009 timed_calls=661 period=127 timed_us=5093
subsystem_self: stage=gfx_state calls=84009 timed_calls=661 self_us=1506 dropped=0
subsystem_time: stage=gx_wait calls=4 timed_calls=4 period=1 timed_us=2560
subsystem_time: stage=dma_pi calls=640 timed_calls=640 period=1 timed_us=27514
subsystem_time: stage=dma_sp calls=1528 timed_calls=1528 period=1 timed_us=1707
subsystem_time: stage=dma_si calls=1147 timed_calls=1147 period=1 timed_us=12113
subsystem_time: stage=tlb_translate calls=0 timed_calls=0 period=127 timed_us=0
subsystem_time: stage=pif calls=1149 timed_calls=1149 period=1 timed_us=11134
subsystem_time: stage=input calls=807 timed_calls=807 period=1 timed_us=8897
subsystem_time: stage=guest_interrupt calls=6620 timed_calls=6620 period=1 timed_us=6910385
subsystem_self: stage=guest_interrupt calls=6620 timed_calls=6620 self_us=22709 dropped=0
subsystem_time: stage=interpreter_inclusive calls=0 timed_calls=0 period=1 timed_us=0
subsystem_self: stage=interpreter_inclusive calls=0 timed_calls=0 self_us=0 dropped=0
subsystem_time: stage=audio_submit calls=405 timed_calls=405 period=1 timed_us=6694
subsystem_time: stage=audio_callback calls=9551 timed_calls=9551 period=1 timed_us=5327
subsystem_time: stage=memory_slow calls=487922 timed_calls=3841 period=127 timed_us=18584
subsystem_self: stage=memory_slow calls=487922 timed_calls=3841 self_us=1775 dropped=0
subsystem_time: stage=jit_invalidate calls=283441 timed_calls=2231 period=127 timed_us=609
subsystem_time: stage=cpu_helper calls=12620418 timed_calls=99373 period=127 timed_us=21929
subsystem_time: stage=storage_read calls=0 timed_calls=0 period=1 timed_us=0
subsystem_time: stage=storage_write calls=0 timed_calls=0 period=1 timed_us=0
subsystem_time: stage=save_load calls=0 timed_calls=0 period=1 timed_us=0
subsystem_time: stage=save_write calls=0 timed_calls=0 period=1 timed_us=0
subsystem_time: stage=state_load calls=0 timed_calls=0 period=1 timed_us=0
subsystem_time: stage=state_save calls=0 timed_calls=0 period=1 timed_us=0
subsystem_time: stage=probe_io calls=3 timed_calls=3 period=1 timed_us=39824
subsystem_time: stage=agent_poll calls=1820 timed_calls=1820 period=1 timed_us=468
audio_time: stage=resample sampled_calls=57 sampled_samples=10488 sampled_us=412
audio_time: stage=zoh sampled_calls=0 sampled_samples=0 sampled_us=0
audio_time: stage=adpcm sampled_calls=44 sampled_samples=4752 sampled_us=210
audio_time: stage=envmix_exp sampled_calls=0 sampled_samples=0 sampled_us=0
audio_time: stage=envmix_ge sampled_calls=0 sampled_samples=0 sampled_us=0
audio_time: stage=envmix_lin sampled_calls=44 sampled_samples=8096 sampled_us=707
audio_time: stage=envmix_nead sampled_calls=0 sampled_samples=0 sampled_us=0
audio_time: stage=mix sampled_calls=254 sampled_samples=46736 sampled_us=769
audio_time: stage=musyx_voice sampled_calls=0 sampled_samples=0 sampled_us=0
audio_time: stage=musyx_fx sampled_calls=0 sampled_samples=0 sampled_us=0
audio_time: stage=output sampled_calls=3 sampled_samples=2208 sampled_us=39
gpu_counters: clks=3731090720 tb_clks=3731090804 ras_busy=138669920 xf_wait_in=3292725373 xf_wait_out=388779504 ras_peak_permille=49 ztop_in=544529992 ztop_out=521106432 z_in=0 z_out=0 blend_in=521168916 copy_clks=50707796 fifo_overflows=849
game: n=3/9 how=vis vis=900 vi_rate=60 vi0_retrace=7196 wall_us=15354104 sleep_us=6798722 avg_vis=57.35 avg_fps=26.59 exceptions=5450 cacheResets=1 recompiles=2084 batches=52520 verts=741906 texStalls=0 treeDepthMax=31 underruns=4 overruns=0 queue_peak_ms=72 dsp_avg=1.38 dsp_peak=1.60 dsp_samples=31 pmc1=5988167200 pmc2=5962528215 pmc3=0 pmc4=0 mmcr0=00000042 mmcr1=00000000 heap_used=10930456 heap_free=34568 arena1_free=241664 arena2_free=288704 flushes=3 flush_us=39822 padtrace=0 rom=sd:/wii64/roms/Banjo-Kazooie.V64
=== chain 3/9 end vis=900 how=vis rom=sd:/wii64/roms/Banjo-Kazooie.V64 ===
mark: pad replay records: 1
mark: loadROM: enter
mark: loadROM: before rom_read
mark: ROMCache_load: enter
mark: ROMCache_load: before first read
mark: ROMCache_load: first read returned
mark: ROMCache_load: byte_swap_type set
mark: ROMCache_load: first byte_swap done
menufps: 0.1
menufps: 8.4
menufps: 7.7
menufps: 8.3
menufps: 8.3
menufps: 8.3
menufps: 8.3
mark: ROMCache_load: loop exited normally
mark: ROMCache_load: elapsed_us=3741069 bytes=16777216 vm=0
mark: loadROM: after rom_read
mark: loadROM: before init_memory
mark: loadROM: after init_memory
mark: loadROM: before romOpen_gfx
mark: loadROM: after romOpen_gfx / before romOpen_audio
mark: loadROM: after romOpen_audio / before romOpen_input
mark: loadROM: after romOpen_input / before cpu_init
mark: loadROM: after cpu_init
menufps: 2.9
menufps: 1.0
menufps: 1.0
fps: 0.7
first_vi: vi0_retrace=8550
vis: 1.2
cpu: exceptions=0 cacheResets=0 batches=0 verts=0 texStalls=0 recompiles=0 underruns=0 overruns=0 sleep_us=0 queue_ms=0
mark: CPU core dispatch: dynarec
vis: 60.0
cpu: exceptions=1471 cacheResets=1 batches=0 verts=0 texStalls=0 recompiles=421 underruns=0 overruns=0 sleep_us=86526 queue_ms=166
fps: 3.1
vis: 60.0
cpu: exceptions=2355 cacheResets=1 batches=0 verts=0 texStalls=0 recompiles=425 underruns=0 overruns=0 sleep_us=437151 queue_ms=169
fps: 60.9
vis: 60.0
cpu: exceptions=2625 cacheResets=1 batches=0 verts=0 texStalls=0 recompiles=425 underruns=0 overruns=0 sleep_us=857019 queue_ms=165
fps: 60.0
vis: 60.0
cpu: exceptions=2918 cacheResets=1 batches=0 verts=0 texStalls=0 recompiles=468 underruns=0 overruns=0 sleep_us=1263027 queue_ms=162
vis: 60.0
cpu: exceptions=3298 cacheResets=1 batches=0 verts=0 texStalls=0 recompiles=468 underruns=0 overruns=0 sleep_us=1617668 queue_ms=166
fps: 14.7
vis: 52.3
cpu: exceptions=3627 cacheResets=1 batches=1934 verts=51708 texStalls=0 recompiles=742 underruns=0 overruns=0 sleep_us=1793324 queue_ms=96
fps: 57.9
vis: 60.0
cpu: exceptions=3918 cacheResets=1 batches=8714 verts=229188 texStalls=0 recompiles=763 underruns=0 overruns=0 sleep_us=1846608 queue_ms=100
fps: 58.9
vis: 60.0
cpu: exceptions=4213 cacheResets=1 batches=15486 verts=406620 texStalls=0 recompiles=771 underruns=0 overruns=0 sleep_us=1901482 queue_ms=87
fps: 60.0
vis: 60.0
cpu: exceptions=4512 cacheResets=1 batches=22236 verts=583920 texStalls=0 recompiles=775 underruns=0 overruns=0 sleep_us=1958886 queue_ms=93
fps: 60.0
vis: 60.0
cpu: exceptions=4803 cacheResets=1 batches=28986 verts=761220 texStalls=0 recompiles=775 underruns=0 overruns=0 sleep_us=2019371 queue_ms=88
fps: 60.0
vis: 60.0
cpu: exceptions=5092 cacheResets=1 batches=35736 verts=938520 texStalls=0 recompiles=775 underruns=0 overruns=0 sleep_us=2081226 queue_ms=95
fps: 60.0
vis: 60.0
cpu: exceptions=5386 cacheResets=1 batches=42486 verts=1115820 texStalls=0 recompiles=775 underruns=0 overruns=0 sleep_us=2139822 queue_ms=90
fps: 60.0
vis: 60.0
cpu: exceptions=5673 cacheResets=1 batches=49236 verts=1293120 texStalls=0 recompiles=777 underruns=0 overruns=0 sleep_us=2202873 queue_ms=87
fps: 60.0
vis: 60.0
cpu: exceptions=5967 cacheResets=1 batches=55986 verts=1470420 texStalls=0 recompiles=777 underruns=0 overruns=0 sleep_us=2256709 queue_ms=92
fps: 60.0
vis: 60.0
cpu: exceptions=6265 cacheResets=1 batches=62736 verts=1647720 texStalls=0 recompiles=777 underruns=0 overruns=0 sleep_us=2309469 queue_ms=89
fps: 60.0
vis: 60.0
cpu: exceptions=6559 cacheResets=1 batches=69486 verts=1825020 texStalls=0 recompiles=777 underruns=0 overruns=0 sleep_us=2361175 queue_ms=93
fps: 60.0
vis: 60.0
cpu: exceptions=6857 cacheResets=1 batches=76236 verts=2002320 texStalls=0 recompiles=777 underruns=0 overruns=0 sleep_us=2411851 queue_ms=90
fps: 60.0
vis: 60.0
cpu: exceptions=7150 cacheResets=1 batches=82986 verts=2179620 texStalls=0 recompiles=777 underruns=0 overruns=0 sleep_us=2464082 queue_ms=86
fps: 60.0
vis: 60.0
cpu: exceptions=7441 cacheResets=1 batches=89736 verts=2356920 texStalls=0 recompiles=777 underruns=0 overruns=0 sleep_us=2519261 queue_ms=91
fps: 60.0
vis: 60.0
cpu: exceptions=7731 cacheResets=1 batches=96486 verts=2534220 texStalls=0 recompiles=777 underruns=0 overruns=0 sleep_us=2575055 queue_ms=88
fps: 60.0
vis: 60.0
cpu: exceptions=8020 cacheResets=1 batches=103236 verts=2711520 texStalls=0 recompiles=777 underruns=0 overruns=0 sleep_us=2635551 queue_ms=92
fps: 59.9
vis: 60.0
cpu: exceptions=8317 cacheResets=1 batches=109986 verts=2888820 texStalls=0 recompiles=777 underruns=0 overruns=0 sleep_us=2687136 queue_ms=89
fps: 60.0
vis: 60.0
cpu: exceptions=8610 cacheResets=1 batches=116736 verts=3066120 texStalls=0 recompiles=777 underruns=0 overruns=0 sleep_us=2728751 queue_ms=94
fps: 60.0
vis: 60.0
cpu: exceptions=8923 cacheResets=1 batches=123486 verts=3243420 texStalls=0 recompiles=777 underruns=0 overruns=0 sleep_us=2756123 queue_ms=91
fps: 60.0
vis: 60.0
cpu: exceptions=9241 cacheResets=1 batches=130236 verts=3420720 texStalls=0 recompiles=777 underruns=0 overruns=0 sleep_us=2780915 queue_ms=86
fps: 60.0
vis: 60.0
cpu: exceptions=9559 cacheResets=1 batches=136986 verts=3598020 texStalls=0 recompiles=777 underruns=0 overruns=0 sleep_us=2808175 queue_ms=92
fps: 60.0
vis: 60.0
cpu: exceptions=9872 cacheResets=1 batches=143736 verts=3775320 texStalls=0 recompiles=777 underruns=0 overruns=0 sleep_us=2836315 queue_ms=88
fps: 58.6
vis: 60.0
cpu: exceptions=10181 cacheResets=1 batches=150486 verts=3952620 texStalls=0 recompiles=777 underruns=0 overruns=0 sleep_us=2866567 queue_ms=75
fps: 59.8
vis: 59.4
cpu: exceptions=10493 cacheResets=1 batches=157588 verts=4141185 texStalls=0 recompiles=777 underruns=0 overruns=0 sleep_us=2897071 queue_ms=72
fps: 57.2
vis: 57.6
cpu: exceptions=10792 cacheResets=1 batches=166143 verts=4377912 texStalls=0 recompiles=777 underruns=0 overruns=0 sleep_us=2897071 queue_ms=51
mark: stop reason: chain guest VI limit
mark: stop_it requested
audio: alist_resample_calls=10077 alist_resample_samples=1250096 alist_zoh_calls=0 alist_zoh_samples=0 musyx_subframes=0 musyx_voices=0 musyx_voice_peak=0
audio_stages: adpcm_calls=9759 adpcm_samples=1154016 envmix_calls=10077 envmix_samples=1250096 mix_calls=79024 mix_samples=10544864 musyx_fx_calls=0 musyx_fx_taps=0 output_calls=897 output_samples=478768
audio_envmix: exp_calls=10077 ge_calls=0 lin_calls=0 nead_calls=0 exp_steady=5510 ge_steady=0 lin_steady=0
audio_gaps: nead_mats=0 nead_efz=0 resample_flag2=0 musyx_ptr10=0
audio_output: stream_requests=3349 stream_fed=1660 input_hz=32006 playback_hz=32006 queue_peak_ms=188
probe_schema: version=2 self=1 interval=127
vm_io: read_ahead=1 reads=0 hits=0 read_bytes=0 writes=0 write_bytes=0 errors=0
subsystem_time: stage=rsp_gfx calls=810 timed_calls=810 period=1 timed_us=6092402
subsystem_time: stage=rsp_audio calls=898 timed_calls=898 period=1 timed_us=592476
subsystem_time: stage=rsp_other calls=0 timed_calls=0 period=1 timed_us=0
subsystem_time: stage=lookup calls=295836 timed_calls=2329 period=127 timed_us=1056
subsystem_time: stage=compile calls=777 timed_calls=777 period=1 timed_us=109278
subsystem_time: stage=dispatch calls=3517118 timed_calls=27693 period=127 timed_us=11098
subsystem_self: stage=dispatch calls=3517118 timed_calls=27693 self_us=9320 dropped=0
subsystem_time: stage=execute_inclusive calls=3517118 timed_calls=27693 period=127 timed_us=133858
subsystem_self: stage=execute_inclusive calls=3517118 timed_calls=27693 self_us=43585 dropped=0
subsystem_time: stage=rom_copy calls=1024 timed_calls=1024 period=1 timed_us=14793
subsystem_time: stage=present calls=899 timed_calls=899 period=1 timed_us=42148
subsystem_time: stage=limiter calls=830 timed_calls=830 period=1 timed_us=2899862
subsystem_time: stage=vm_fault calls=0 timed_calls=0 period=1 timed_us=0
subsystem_time: stage=vm_victim calls=0 timed_calls=0 period=1 timed_us=0
subsystem_time: stage=vm_read calls=0 timed_calls=0 period=1 timed_us=0
subsystem_time: stage=vm_write calls=0 timed_calls=0 period=1 timed_us=0
subsystem_time: stage=tex_hash calls=147492 timed_calls=147492 period=1 timed_us=1425410
subsystem_time: stage=tex_lookup calls=147492 timed_calls=147492 period=1 timed_us=58207
subsystem_time: stage=tex_load calls=136 timed_calls=136 period=1 timed_us=18956
subsystem_time: stage=tex_activate calls=147492 timed_calls=147492 period=1 timed_us=94441
subsystem_time: stage=draw_triangles calls=167028 timed_calls=167028 period=1 timed_us=621608
subsystem_time: stage=draw_rect calls=5440 timed_calls=5440 period=1 timed_us=119808
subsystem_time: stage=gfx_list calls=810 timed_calls=810 period=1 timed_us=6090672
subsystem_time: stage=gfx_command calls=5319454 timed_calls=41885 period=127 timed_us=53461
gfx_ucodes: mask=00000004
gfx_opcode: op=01 calls=343835 timed_calls=2738 timed_us=6220
gfx_opcode: op=02 calls=4507 timed_calls=41 timed_us=9
gfx_opcode: op=03 calls=108045 timed_calls=828 timed_us=112
gfx_opcode: op=05 calls=40387 timed_calls=324 timed_us=2138
gfx_opcode: op=06 calls=713540 timed_calls=5582 timed_us=26102
gfx_opcode: op=d5 calls=3 timed_calls=0 timed_us=0
gfx_opcode: op=d7 calls=105143 timed_calls=838 timed_us=153
gfx_opcode: op=d8 calls=109877 timed_calls=852 timed_us=110
gfx_opcode: op=d9 calls=416576 timed_calls=3292 timed_us=427
gfx_opcode: op=da calls=172226 timed_calls=1359 timed_us=878
gfx_opcode: op=db calls=73735 timed_calls=589 timed_us=106
gfx_opcode: op=dc calls=7700 timed_calls=64 timed_us=44
gfx_opcode: op=de calls=136822 timed_calls=1083 timed_us=183
gfx_opcode: op=df calls=130819 timed_calls=1038 timed_us=141
gfx_opcode: op=e2 calls=331942 timed_calls=2627 timed_us=362
gfx_opcode: op=e3 calls=238410 timed_calls=1849 timed_us=272
gfx_opcode: op=e4 calls=5440 timed_calls=44 timed_us=1070
gfx_opcode: op=e6 calls=248817 timed_calls=1944 timed_us=238
gfx_opcode: op=e7 calls=719043 timed_calls=5672 timed_us=697
gfx_opcode: op=e8 calls=93600 timed_calls=744 timed_us=89
gfx_opcode: op=e9 calls=810 timed_calls=6 timed_us=7
gfx_opcode: op=ed calls=6080 timed_calls=44 timed_us=14
gfx_opcode: op=f0 calls=104244 timed_calls=839 timed_us=512
gfx_opcode: op=f2 calls=146037 timed_calls=1138 timed_us=292
gfx_opcode: op=f3 calls=127782 timed_calls=994 timed_us=4911
gfx_opcode: op=f4 calls=13870 timed_calls=107 timed_us=584
gfx_opcode: op=f5 calls=342984 timed_calls=2662 timed_us=503
gfx_opcode: op=f6 calls=3080 timed_calls=29 timed_us=2207
gfx_opcode: op=f7 calls=3080 timed_calls=27 timed_us=8
gfx_opcode: op=f8 calls=6650 timed_calls=51 timed_us=11
gfx_opcode: op=f9 calls=75228 timed_calls=583 timed_us=91
gfx_opcode: op=fa calls=118261 timed_calls=953 timed_us=162
gfx_opcode: op=fb calls=14604 timed_calls=117 timed_us=18
gfx_opcode: op=fc calls=112981 timed_calls=894 timed_us=138
gfx_opcode: op=fd calls=235676 timed_calls=1870 timed_us=259
gfx_opcode: op=fe calls=810 timed_calls=7 timed_us=6
gfx_opcode: op=ff calls=6810 timed_calls=56 timed_us=17
subsystem_time: stage=vertex calls=2761556 timed_calls=21744 period=127 timed_us=5570
subsystem_time: stage=gfx_state calls=147504 timed_calls=1161 period=127 timed_us=16248
subsystem_self: stage=gfx_state calls=147504 timed_calls=1161 self_us=3727 dropped=0
subsystem_time: stage=gx_wait calls=4 timed_calls=4 period=1 timed_us=2554
subsystem_time: stage=dma_pi calls=2023 timed_calls=2023 period=1 timed_us=30365
subsystem_time: stage=dma_sp calls=3416 timed_calls=3416 period=1 timed_us=3998
subsystem_time: stage=dma_si calls=4478 timed_calls=4478 period=1 timed_us=22879
subsystem_time: stage=tlb_translate calls=0 timed_calls=0 period=127 timed_us=0
subsystem_time: stage=pif calls=4479 timed_calls=4479 period=1 timed_us=21295
subsystem_time: stage=input calls=3508 timed_calls=3508 period=1 timed_us=15117
subsystem_time: stage=guest_interrupt calls=12487 timed_calls=12487 period=1 timed_us=3014657
subsystem_self: stage=guest_interrupt calls=12487 timed_calls=12487 self_us=28605 dropped=0
subsystem_time: stage=interpreter_inclusive calls=0 timed_calls=0 period=1 timed_us=0
subsystem_self: stage=interpreter_inclusive calls=0 timed_calls=0 self_us=0 dropped=0
subsystem_time: stage=audio_submit calls=898 timed_calls=898 period=1 timed_us=10875
subsystem_time: stage=audio_callback calls=9412 timed_calls=9412 period=1 timed_us=8176
subsystem_time: stage=memory_slow calls=833890 timed_calls=6566 period=127 timed_us=79526
subsystem_self: stage=memory_slow calls=833890 timed_calls=6566 self_us=3461 dropped=0
subsystem_time: stage=jit_invalidate calls=92899 timed_calls=731 period=127 timed_us=158
subsystem_time: stage=cpu_helper calls=10719401 timed_calls=84404 period=127 timed_us=37460
subsystem_time: stage=storage_read calls=0 timed_calls=0 period=1 timed_us=0
subsystem_time: stage=storage_write calls=0 timed_calls=0 period=1 timed_us=0
subsystem_time: stage=save_load calls=0 timed_calls=0 period=1 timed_us=0
subsystem_time: stage=save_write calls=0 timed_calls=0 period=1 timed_us=0
subsystem_time: stage=state_load calls=0 timed_calls=0 period=1 timed_us=0
subsystem_time: stage=state_save calls=0 timed_calls=0 period=1 timed_us=0
subsystem_time: stage=probe_io calls=4 timed_calls=4 period=1 timed_us=51554
subsystem_time: stage=agent_poll calls=1817 timed_calls=1817 period=1 timed_us=535
audio_time: stage=resample sampled_calls=79 sampled_samples=10240 sampled_us=457
audio_time: stage=zoh sampled_calls=0 sampled_samples=0 sampled_us=0
audio_time: stage=adpcm sampled_calls=76 sampled_samples=8016 sampled_us=361
audio_time: stage=envmix_exp sampled_calls=79 sampled_samples=10240 sampled_us=1210
audio_time: stage=envmix_ge sampled_calls=0 sampled_samples=0 sampled_us=0
audio_time: stage=envmix_lin sampled_calls=0 sampled_samples=0 sampled_us=0
audio_time: stage=envmix_nead sampled_calls=0 sampled_samples=0 sampled_us=0
audio_time: stage=mix sampled_calls=622 sampled_samples=83008 sampled_us=1385
audio_time: stage=musyx_voice sampled_calls=0 sampled_samples=0 sampled_us=0
audio_time: stage=musyx_fx sampled_calls=0 sampled_samples=0 sampled_us=0
audio_time: stage=output sampled_calls=7 sampled_samples=3712 sampled_us=70
gpu_counters: clks=3718887939 tb_clks=3718888020 ras_busy=223502173 xf_wait_in=3293045548 xf_wait_out=214588244 ras_peak_permille=103 ztop_in=699084888 ztop_out=566243068 z_in=119838284 z_out=102098716 blend_in=686448924 copy_clks=84779889 fifo_overflows=0
game: n=4/9 how=vis vis=900 vi_rate=60 vi0_retrace=8550 wall_us=15303988 sleep_us=2897071 avg_vis=57.76 avg_fps=54.19 exceptions=10823 cacheResets=1 recompiles=777 batches=167028 verts=4402401 texStalls=0 treeDepthMax=12 underruns=0 overruns=0 queue_peak_ms=169 dsp_avg=1.60 dsp_peak=1.90 dsp_samples=31 pmc1=8865831615 pmc2=8925956903 pmc3=0 pmc4=0 mmcr0=00000042 mmcr1=00000000 heap_used=10842648 heap_free=155144 arena1_free=208896 arena2_free=288704 flushes=4 flush_us=51553 padtrace=0 rom=sd:/wii64/roms/Pokemon Snap.rom
=== chain 4/9 end vis=900 how=vis rom=sd:/wii64/roms/Pokemon Snap.rom ===
mark: pad replay records: 1
mark: loadROM: enter
mark: loadROM: before rom_read
mark: ROMCache_load: enter
mark: ROMCache_load: before first read
mark: ROMCache_load: first read returned
mark: ROMCache_load: byte_swap_type set
mark: ROMCache_load: first byte_swap done
menufps: 0.1
menufps: 8.6
menufps: 8.3
menufps: 8.3
menufps: 8.4
menufps: 7.9
menufps: 8.3
mark: ROMCache_load: loop exited normally
mark: ROMCache_load: elapsed_us=3716218 bytes=16777216 vm=0
mark: loadROM: after rom_read
mark: loadROM: before init_memory
mark: loadROM: after init_memory
mark: loadROM: before romOpen_gfx
mark: loadROM: after romOpen_gfx / before romOpen_audio
mark: loadROM: after romOpen_audio / before romOpen_input
mark: loadROM: after romOpen_input / before cpu_init
mark: loadROM: after cpu_init
menufps: 2.9
menufps: 1.0
menufps: 1.0
fps: 1.1
first_vi: vi0_retrace=9897
vis: 0.5
cpu: exceptions=0 cacheResets=0 batches=0 verts=0 texStalls=0 recompiles=0 underruns=0 overruns=0 sleep_us=0 queue_ms=0
mark: CPU core dispatch: dynarec
vis: 60.0
cpu: exceptions=3976 cacheResets=1 batches=0 verts=0 texStalls=0 recompiles=223 underruns=0 overruns=0 sleep_us=49665 queue_ms=156
fps: 1.1
vis: 60.0
cpu: exceptions=8397 cacheResets=1 batches=0 verts=0 texStalls=0 recompiles=394 underruns=0 overruns=0 sleep_us=171420 queue_ms=161
fps: 61.3
vis: 60.0
cpu: exceptions=8580 cacheResets=1 batches=0 verts=0 texStalls=0 recompiles=410 underruns=0 overruns=0 sleep_us=598502 queue_ms=157
vis: 60.0
cpu: exceptions=8850 cacheResets=1 batches=0 verts=0 texStalls=0 recompiles=437 underruns=0 overruns=0 sleep_us=988031 queue_ms=154
vis: 58.2
cpu: exceptions=9593 cacheResets=1 batches=0 verts=0 texStalls=0 recompiles=592 underruns=0 overruns=0 sleep_us=1300636 queue_ms=141
fps: 19.7
vis: 60.0
cpu: exceptions=9794 cacheResets=1 batches=3074 verts=75342 texStalls=0 recompiles=766 underruns=0 overruns=0 sleep_us=1509316 queue_ms=146
fps: 63.5
vis: 60.0
cpu: exceptions=10006 cacheResets=1 batches=6254 verts=153282 texStalls=0 recompiles=766 underruns=0 overruns=0 sleep_us=1754000 queue_ms=142
fps: 60.0
vis: 60.0
cpu: exceptions=10217 cacheResets=1 batches=9434 verts=231222 texStalls=0 recompiles=768 underruns=0 overruns=0 sleep_us=1996211 queue_ms=148
fps: 60.0
vis: 60.0
cpu: exceptions=10454 cacheResets=1 batches=12557 verts=305742 texStalls=0 recompiles=785 underruns=0 overruns=0 sleep_us=2225704 queue_ms=144
fps: 60.0
vis: 60.0
cpu: exceptions=10678 cacheResets=1 batches=15647 verts=378282 texStalls=0 recompiles=785 underruns=0 overruns=0 sleep_us=2467310 queue_ms=149
fps: 60.1
vis: 60.0
cpu: exceptions=10900 cacheResets=1 batches=18737 verts=450822 texStalls=0 recompiles=785 underruns=0 overruns=0 sleep_us=2715161 queue_ms=145
fps: 60.0
vis: 60.0
cpu: exceptions=11120 cacheResets=1 batches=21827 verts=523362 texStalls=0 recompiles=785 underruns=0 overruns=0 sleep_us=2962996 queue_ms=142
fps: 60.0
vis: 60.0
cpu: exceptions=11344 cacheResets=1 batches=24917 verts=595902 texStalls=0 recompiles=785 underruns=0 overruns=0 sleep_us=3210381 queue_ms=147
fps: 60.0
vis: 60.0
cpu: exceptions=11567 cacheResets=1 batches=28007 verts=668442 texStalls=0 recompiles=785 underruns=0 overruns=0 sleep_us=3457492 queue_ms=143
fps: 60.0
vis: 60.0
cpu: exceptions=11817 cacheResets=1 batches=31277 verts=758682 texStalls=0 recompiles=826 underruns=0 overruns=0 sleep_us=3654599 queue_ms=139
fps: 59.9
vis: 60.0
cpu: exceptions=12071 cacheResets=1 batches=34637 verts=857772 texStalls=0 recompiles=826 underruns=0 overruns=0 sleep_us=3852480 queue_ms=145
fps: 58.8
vis: 60.0
cpu: exceptions=12302 cacheResets=1 batches=37997 verts=956862 texStalls=0 recompiles=826 underruns=0 overruns=0 sleep_us=4049146 queue_ms=132
fps: 59.9
vis: 60.0
cpu: exceptions=12572 cacheResets=1 batches=41357 verts=1055952 texStalls=0 recompiles=829 underruns=0 overruns=0 sleep_us=4222227 queue_ms=137
fps: 59.9
vis: 60.0
cpu: exceptions=12874 cacheResets=1 batches=44717 verts=1155042 texStalls=0 recompiles=829 underruns=0 overruns=0 sleep_us=4403584 queue_ms=133
fps: 60.2
vis: 60.0
cpu: exceptions=13152 cacheResets=1 batches=48077 verts=1254132 texStalls=0 recompiles=830 underruns=0 overruns=0 sleep_us=4601559 queue_ms=139
fps: 60.0
vis: 60.0
cpu: exceptions=13406 cacheResets=1 batches=51407 verts=1353042 texStalls=0 recompiles=832 underruns=0 overruns=0 sleep_us=4791262 queue_ms=135
fps: 60.0
vis: 60.0
cpu: exceptions=13689 cacheResets=1 batches=54757 verts=1452072 texStalls=0 recompiles=836 underruns=0 overruns=0 sleep_us=4972368 queue_ms=140
fps: 60.0
vis: 60.0
cpu: exceptions=13937 cacheResets=1 batches=58147 verts=1551342 texStalls=0 recompiles=836 underruns=0 overruns=0 sleep_us=5173658 queue_ms=136
fps: 60.0
vis: 60.0
cpu: exceptions=14197 cacheResets=1 batches=61537 verts=1650612 texStalls=0 recompiles=848 underruns=0 overruns=0 sleep_us=5358556 queue_ms=133
fps: 60.0
vis: 60.0
cpu: exceptions=14451 cacheResets=1 batches=64927 verts=1749882 texStalls=0 recompiles=848 underruns=0 overruns=0 sleep_us=5551961 queue_ms=138
fps: 60.0
vis: 60.0
cpu: exceptions=14727 cacheResets=1 batches=68317 verts=1849152 texStalls=0 recompiles=848 underruns=0 overruns=0 sleep_us=5737942 queue_ms=134
fps: 59.9
vis: 60.0
cpu: exceptions=15011 cacheResets=1 batches=71707 verts=1948422 texStalls=0 recompiles=848 underruns=0 overruns=0 sleep_us=5910472 queue_ms=139
fps: 60.0
vis: 60.0
cpu: exceptions=15288 cacheResets=1 batches=75097 verts=2047692 texStalls=0 recompiles=848 underruns=0 overruns=0 sleep_us=6078015 queue_ms=136
fps: 59.9
vis: 60.0
cpu: exceptions=15559 cacheResets=1 batches=79337 verts=2170962 texStalls=0 recompiles=849 underruns=0 overruns=0 sleep_us=6216585 queue_ms=132
fps: 60.0
mark: stop reason: chain guest VI limit
mark: stop_it requested
audio: alist_resample_calls=16686 alist_resample_samples=3070224 alist_zoh_calls=0 alist_zoh_samples=0 musyx_subframes=0 musyx_voices=0 musyx_voice_peak=0
audio_stages: adpcm_calls=16351 adpcm_samples=2627312 envmix_calls=16686 envmix_samples=3070224 mix_calls=106152 mix_samples=19531968 musyx_fx_calls=0 musyx_fx_taps=0 output_calls=897 output_samples=478768
audio_envmix: exp_calls=0 ge_calls=0 lin_calls=16686 nead_calls=0 exp_steady=0 ge_steady=0 lin_steady=10581
audio_gaps: nead_mats=0 nead_efz=0 resample_flag2=0 musyx_ptr10=0
audio_output: stream_requests=3336 stream_fed=1649 input_hz=32006 playback_hz=32006 queue_peak_ms=182
probe_schema: version=2 self=1 interval=127
vm_io: read_ahead=1 reads=0 hits=0 read_bytes=0 writes=0 write_bytes=0 errors=0
subsystem_time: stage=rsp_gfx calls=802 timed_calls=802 period=1 timed_us=2975068
subsystem_time: stage=rsp_audio calls=898 timed_calls=898 period=1 timed_us=972895
subsystem_time: stage=rsp_other calls=0 timed_calls=0 period=1 timed_us=0
subsystem_time: stage=lookup calls=447669 timed_calls=3524 period=127 timed_us=1170
subsystem_time: stage=compile calls=849 timed_calls=849 period=1 timed_us=131270
subsystem_time: stage=dispatch calls=2958381 timed_calls=23294 period=127 timed_us=10784
subsystem_self: stage=dispatch calls=2958381 timed_calls=23294 self_us=8469 dropped=0
subsystem_time: stage=execute_inclusive calls=2958381 timed_calls=23294 period=127 timed_us=93330
subsystem_self: stage=execute_inclusive calls=2958381 timed_calls=23294 self_us=35480 dropped=0
subsystem_time: stage=rom_copy calls=10573 timed_calls=10573 period=1 timed_us=30582
subsystem_time: stage=present calls=899 timed_calls=899 period=1 timed_us=37187
subsystem_time: stage=limiter calls=871 timed_calls=871 period=1 timed_us=6353150
subsystem_time: stage=vm_fault calls=0 timed_calls=0 period=1 timed_us=0
subsystem_time: stage=vm_victim calls=0 timed_calls=0 period=1 timed_us=0
subsystem_time: stage=vm_read calls=0 timed_calls=0 period=1 timed_us=0
subsystem_time: stage=vm_write calls=0 timed_calls=0 period=1 timed_us=0
subsystem_time: stage=tex_hash calls=51249 timed_calls=51249 period=1 timed_us=283402
subsystem_time: stage=tex_lookup calls=51249 timed_calls=51249 period=1 timed_us=31167
subsystem_time: stage=tex_load calls=73 timed_calls=73 period=1 timed_us=8762
subsystem_time: stage=tex_activate calls=51249 timed_calls=51249 period=1 timed_us=34901
subsystem_time: stage=draw_triangles calls=83600 timed_calls=83600 period=1 timed_us=384692
subsystem_time: stage=draw_rect calls=1843 timed_calls=1843 period=1 timed_us=27257
subsystem_time: stage=gfx_list calls=802 timed_calls=802 period=1 timed_us=2973289
subsystem_time: stage=gfx_command calls=2418183 timed_calls=19040 period=127 timed_us=26000
gfx_ucodes: mask=00000004
gfx_opcode: op=01 calls=127697 timed_calls=1003 timed_us=2615
gfx_opcode: op=02 calls=99343 timed_calls=792 timed_us=170
gfx_opcode: op=05 calls=11969 timed_calls=97 timed_us=862
gfx_opcode: op=06 calls=376476 timed_calls=2981 timed_us=13274
gfx_opcode: op=d7 calls=62446 timed_calls=489 timed_us=93
gfx_opcode: op=d8 calls=50646 timed_calls=402 timed_us=52
gfx_opcode: op=d9 calls=75306 timed_calls=575 timed_us=76
gfx_opcode: op=da calls=149717 timed_calls=1173 timed_us=698
gfx_opcode: op=db calls=164263 timed_calls=1286 timed_us=217
gfx_opcode: op=dc calls=9587 timed_calls=68 timed_us=44
gfx_opcode: op=de calls=114669 timed_calls=896 timed_us=152
gfx_opcode: op=df calls=91700 timed_calls=724 timed_us=97
gfx_opcode: op=e2 calls=104421 timed_calls=844 timed_us=127
gfx_opcode: op=e3 calls=89171 timed_calls=706 timed_us=109
gfx_opcode: op=e4 calls=432 timed_calls=4 timed_us=78
gfx_opcode: op=e6 calls=89346 timed_calls=693 timed_us=87
gfx_opcode: op=e7 calls=288866 timed_calls=2297 timed_us=284
gfx_opcode: op=e8 calls=32240 timed_calls=248 timed_us=34
gfx_opcode: op=e9 calls=802 timed_calls=5 timed_us=6
gfx_opcode: op=ed calls=5224 timed_calls=43 timed_us=15
gfx_opcode: op=f0 calls=39143 timed_calls=302 timed_us=239
gfx_opcode: op=f2 calls=48916 timed_calls=393 timed_us=102
gfx_opcode: op=f3 calls=46855 timed_calls=358 timed_us=1028
gfx_opcode: op=f4 calls=3348 timed_calls=26 timed_us=232
gfx_opcode: op=f5 calls=121842 timed_calls=976 timed_us=182
gfx_opcode: op=f6 calls=2159 timed_calls=18 timed_us=2799
gfx_opcode: op=f7 calls=1550 timed_calls=13 timed_us=8
gfx_opcode: op=f8 calls=1271 timed_calls=11 timed_us=3
gfx_opcode: op=f9 calls=21547 timed_calls=163 timed_us=27
gfx_opcode: op=fa calls=17702 timed_calls=137 timed_us=25
gfx_opcode: op=fb calls=2767 timed_calls=21 timed_us=4
gfx_opcode: op=fc calls=74513 timed_calls=589 timed_us=84
gfx_opcode: op=fd calls=86277 timed_calls=659 timed_us=92
gfx_opcode: op=fe calls=802 timed_calls=8 timed_us=6
gfx_opcode: op=ff calls=5170 timed_calls=40 timed_us=19
subsystem_time: stage=vertex calls=743123 timed_calls=5851 period=127 timed_us=2335
subsystem_time: stage=gfx_state calls=562196 timed_calls=4426 period=127 timed_us=8171
subsystem_self: stage=gfx_state calls=562196 timed_calls=4426 self_us=5344 dropped=0
subsystem_time: stage=gx_wait calls=4 timed_calls=4 period=1 timed_us=2556
subsystem_time: stage=dma_pi calls=10574 timed_calls=10574 period=1 timed_us=75843
subsystem_time: stage=dma_sp calls=3400 timed_calls=3400 period=1 timed_us=3753
subsystem_time: stage=dma_si calls=963 timed_calls=963 period=1 timed_us=18699
subsystem_time: stage=tlb_translate calls=0 timed_calls=0 period=127 timed_us=0
subsystem_time: stage=pif calls=964 timed_calls=964 period=1 timed_us=17432
subsystem_time: stage=input calls=3536 timed_calls=3536 period=1 timed_us=14674
subsystem_time: stage=guest_interrupt calls=21543 timed_calls=21543 period=1 timed_us=6440604
subsystem_self: stage=guest_interrupt calls=21543 timed_calls=21543 self_us=27291 dropped=0
subsystem_time: stage=interpreter_inclusive calls=0 timed_calls=0 period=1 timed_us=0
subsystem_self: stage=interpreter_inclusive calls=0 timed_calls=0 self_us=0 dropped=0
subsystem_time: stage=audio_submit calls=898 timed_calls=898 period=1 timed_us=13532
subsystem_time: stage=audio_callback calls=9334 timed_calls=9334 period=1 timed_us=7940
subsystem_time: stage=memory_slow calls=947350 timed_calls=7459 period=127 timed_us=46093
subsystem_self: stage=memory_slow calls=947350 timed_calls=7459 self_us=3635 dropped=0
subsystem_time: stage=jit_invalidate calls=231994 timed_calls=1826 period=127 timed_us=480
subsystem_time: stage=cpu_helper calls=8499887 timed_calls=66928 period=127 timed_us=81840
subsystem_time: stage=storage_read calls=0 timed_calls=0 period=1 timed_us=0
subsystem_time: stage=storage_write calls=0 timed_calls=0 period=1 timed_us=0
subsystem_time: stage=save_load calls=0 timed_calls=0 period=1 timed_us=0
subsystem_time: stage=save_write calls=0 timed_calls=0 period=1 timed_us=0
subsystem_time: stage=state_load calls=0 timed_calls=0 period=1 timed_us=0
subsystem_time: stage=state_save calls=0 timed_calls=0 period=1 timed_us=0
subsystem_time: stage=probe_io calls=3 timed_calls=3 period=1 timed_us=29467
subsystem_time: stage=agent_poll calls=1809 timed_calls=1809 period=1 timed_us=536
audio_time: stage=resample sampled_calls=131 sampled_samples=24104 sampled_us=973
audio_time: stage=zoh sampled_calls=0 sampled_samples=0 sampled_us=0
audio_time: stage=adpcm sampled_calls=128 sampled_samples=21280 sampled_us=880
audio_time: stage=envmix_exp sampled_calls=0 sampled_samples=0 sampled_us=0
audio_time: stage=envmix_ge sampled_calls=0 sampled_samples=0 sampled_us=0
audio_time: stage=envmix_lin sampled_calls=131 sampled_samples=24104 sampled_us=2399
audio_time: stage=envmix_nead sampled_calls=0 sampled_samples=0 sampled_us=0
audio_time: stage=mix sampled_calls=835 sampled_samples=153640 sampled_us=2532
audio_time: stage=musyx_voice sampled_calls=0 sampled_samples=0 sampled_us=0
audio_time: stage=musyx_fx sampled_calls=0 sampled_samples=0 sampled_us=0
audio_time: stage=output sampled_calls=7 sampled_samples=3680 sampled_us=87
gpu_counters: clks=3688037641 tb_clks=3688037720 ras_busy=237222021 xf_wait_in=3151462996 xf_wait_out=395833545 ras_peak_permille=92 ztop_in=688422584 ztop_out=659608900 z_in=187382696 z_out=124055160 blend_in=847264092 copy_clks=86593729 fifo_overflows=2285
game: n=5/9 how=vis vis=900 vi_rate=60 vi0_retrace=9897 wall_us=15177028 sleep_us=6350407 avg_vis=57.96 avg_fps=54.47 exceptions=15817 cacheResets=1 recompiles=849 batches=83600 verts=2294763 texStalls=0 treeDepthMax=14 underruns=0 overruns=0 queue_peak_ms=161 dsp_avg=1.49 dsp_peak=1.80 dsp_samples=30 pmc1=6111883562 pmc2=6051664684 pmc3=0 pmc4=0 mmcr0=00000042 mmcr1=00000000 heap_used=10849464 heap_free=148328 arena1_free=208896 arena2_free=288704 flushes=3 flush_us=29466 padtrace=0 rom=sd:/wii64/roms/Super Smash Bros. (U) [!].z64
=== chain 5/9 end vis=900 how=vis rom=sd:/wii64/roms/Super Smash Bros. (U) [!].z64 ===
mark: pad replay records: 1
mark: loadROM: enter
mark: loadROM: before rom_read
mark: ROMCache_load: enter
mark: ROMCache_load: before first read
mark: ROMCache_load: first read returned
mark: ROMCache_load: byte_swap_type set
mark: ROMCache_load: first byte_swap done
menufps: 0.1
menufps: 8.2
menufps: 8.0
menufps: 8.1
menufps: 7.9
mark: ROMCache_load: loop exited normally
mark: ROMCache_load: elapsed_us=2908278 bytes=12582912 vm=0
mark: loadROM: after rom_read
mark: loadROM: before init_memory
mark: loadROM: after init_memory
mark: loadROM: before romOpen_gfx
mark: loadROM: after romOpen_gfx / before romOpen_audio
mark: loadROM: after romOpen_audio / before romOpen_input
mark: loadROM: after romOpen_input / before cpu_init
mark: loadROM: after cpu_init
menufps: 6.5
menufps: 1.9
menufps: 1.0
menufps: 1.0
fps: 2.6
first_vi: vi0_retrace=11191
vis: 4.2
cpu: exceptions=0 cacheResets=0 batches=0 verts=0 texStalls=0 recompiles=0 underruns=0 overruns=0 sleep_us=0 queue_ms=0
mark: CPU core dispatch: dynarec
vis: 60.0
cpu: exceptions=100 cacheResets=1 batches=0 verts=0 texStalls=0 recompiles=296 underruns=0 overruns=0 sleep_us=22184 queue_ms=0
vis: 60.0
cpu: exceptions=267 cacheResets=1 batches=0 verts=0 texStalls=0 recompiles=472 underruns=2 overruns=0 sleep_us=254958 queue_ms=18
fps: 0.8
vis: 60.0
cpu: exceptions=428 cacheResets=1 batches=0 verts=0 texStalls=0 recompiles=675 underruns=2 overruns=0 sleep_us=586236 queue_ms=22
vis: 60.0
cpu: exceptions=698 cacheResets=1 batches=0 verts=0 texStalls=0 recompiles=675 underruns=2 overruns=0 sleep_us=1054156 queue_ms=13
vis: 60.0
cpu: exceptions=931 cacheResets=1 batches=0 verts=0 texStalls=0 recompiles=677 underruns=2 overruns=0 sleep_us=1522293 queue_ms=18
vis: 60.0
cpu: exceptions=1155 cacheResets=1 batches=0 verts=0 texStalls=0 recompiles=677 underruns=2 overruns=0 sleep_us=1991450 queue_ms=22
vis: 60.0
cpu: exceptions=1371 cacheResets=1 batches=0 verts=0 texStalls=0 recompiles=685 underruns=2 overruns=0 sleep_us=2459833 queue_ms=13
vis: 60.0
cpu: exceptions=1595 cacheResets=1 batches=0 verts=0 texStalls=0 recompiles=685 underruns=2 overruns=0 sleep_us=2929209 queue_ms=5
fps: 1.4
vis: 60.0
cpu: exceptions=1748 cacheResets=1 batches=348 verts=1044 texStalls=0 recompiles=713 underruns=2 overruns=0 sleep_us=3253086 queue_ms=9
fps: 60.2
vis: 60.0
cpu: exceptions=1898 cacheResets=1 batches=708 verts=2124 texStalls=0 recompiles=713 underruns=2 overruns=0 sleep_us=3581873 queue_ms=13
fps: 59.9
vis: 60.0
cpu: exceptions=2075 cacheResets=1 batches=4160 verts=45240 texStalls=0 recompiles=796 underruns=2 overruns=0 sleep_us=3922092 queue_ms=15
fps: 56.0
vis: 60.0
cpu: exceptions=2254 cacheResets=1 batches=11300 verts=136860 texStalls=0 recompiles=796 underruns=2 overruns=0 sleep_us=4275465 queue_ms=5
fps: 59.9
vis: 60.0
cpu: exceptions=2441 cacheResets=1 batches=18440 verts=228480 texStalls=0 recompiles=809 underruns=2 overruns=0 sleep_us=4614042 queue_ms=10
fps: 60.0
vis: 60.0
cpu: exceptions=2617 cacheResets=1 batches=25580 verts=320100 texStalls=0 recompiles=809 underruns=2 overruns=0 sleep_us=4956792 queue_ms=13
fps: 60.2
vis: 60.0
cpu: exceptions=2822 cacheResets=1 batches=32720 verts=411720 texStalls=0 recompiles=812 underruns=3 overruns=0 sleep_us=5296502 queue_ms=27
fps: 60.0
vis: 60.0
cpu: exceptions=3002 cacheResets=1 batches=39860 verts=503340 texStalls=0 recompiles=812 underruns=3 overruns=0 sleep_us=5636102 queue_ms=18
fps: 60.0
vis: 60.0
cpu: exceptions=3172 cacheResets=1 batches=47000 verts=594960 texStalls=0 recompiles=813 underruns=3 overruns=0 sleep_us=5979535 queue_ms=23
fps: 60.0
vis: 60.0
cpu: exceptions=3354 cacheResets=1 batches=54140 verts=686580 texStalls=0 recompiles=813 underruns=3 overruns=0 sleep_us=6319236 queue_ms=27
fps: 60.0
vis: 60.0
cpu: exceptions=3555 cacheResets=1 batches=61280 verts=778200 texStalls=0 recompiles=813 underruns=3 overruns=0 sleep_us=6657240 queue_ms=15
fps: 60.0
vis: 60.0
cpu: exceptions=3722 cacheResets=1 batches=68420 verts=869820 texStalls=0 recompiles=813 underruns=3 overruns=0 sleep_us=7002301 queue_ms=18
fps: 60.0
vis: 60.0
cpu: exceptions=3895 cacheResets=1 batches=75560 verts=961440 texStalls=0 recompiles=813 underruns=3 overruns=0 sleep_us=7342550 queue_ms=24
fps: 60.0
vis: 60.0
cpu: exceptions=4068 cacheResets=1 batches=82700 verts=1053060 texStalls=0 recompiles=813 underruns=3 overruns=0 sleep_us=7681872 queue_ms=27
fps: 60.0
vis: 60.0
cpu: exceptions=4264 cacheResets=1 batches=89840 verts=1144680 texStalls=0 recompiles=813 underruns=3 overruns=0 sleep_us=8025032 queue_ms=15
fps: 60.0
vis: 60.0
cpu: exceptions=4437 cacheResets=1 batches=96980 verts=1236300 texStalls=0 recompiles=813 underruns=3 overruns=0 sleep_us=8363375 queue_ms=19
fps: 60.0
vis: 60.0
cpu: exceptions=4608 cacheResets=1 batches=104120 verts=1327920 texStalls=0 recompiles=813 underruns=3 overruns=0 sleep_us=8704217 queue_ms=23
fps: 60.0
vis: 60.0
cpu: exceptions=4775 cacheResets=1 batches=111260 verts=1419540 texStalls=0 recompiles=813 underruns=3 overruns=0 sleep_us=9049040 queue_ms=28
fps: 56.9
vis: 60.0
cpu: exceptions=4974 cacheResets=1 batches=118400 verts=1511160 texStalls=0 recompiles=813 underruns=5 overruns=0 sleep_us=9386926 queue_ms=16
fps: 60.5
vis: 60.0
cpu: exceptions=5151 cacheResets=1 batches=119363 verts=1534314 texStalls=0 recompiles=835 underruns=5 overruns=0 sleep_us=9773840 queue_ms=19
fps: 59.9
vis: 60.0
cpu: exceptions=5340 cacheResets=1 batches=120233 verts=1558434 texStalls=0 recompiles=836 underruns=5 overruns=0 sleep_us=10162650 queue_ms=25
fps: 60.0
mark: stop reason: chain guest VI limit
mark: stop_it requested
audio: alist_resample_calls=18199 alist_resample_samples=2623744 alist_zoh_calls=0 alist_zoh_samples=0 musyx_subframes=0 musyx_voices=0 musyx_voice_peak=0
audio_stages: adpcm_calls=15527 adpcm_samples=620464 envmix_calls=16034 envmix_samples=2305456 mix_calls=41135 mix_samples=6047472 musyx_fx_calls=0 musyx_fx_taps=0 output_calls=433 output_samples=318288
audio_envmix: exp_calls=0 ge_calls=16034 lin_calls=0 nead_calls=0 exp_steady=0 ge_steady=14219 lin_steady=0
audio_gaps: nead_mats=0 nead_efz=0 resample_flag2=0 musyx_ptr10=0
audio_output: stream_requests=2991 stream_fed=1103 input_hz=22047 playback_hz=22047 queue_peak_ms=61
probe_schema: version=2 self=1 interval=127
vm_io: read_ahead=1 reads=0 hits=0 read_bytes=0 writes=0 write_bytes=0 errors=0
subsystem_time: stage=rsp_gfx calls=660 timed_calls=660 period=1 timed_us=1226720
subsystem_time: stage=rsp_audio calls=433 timed_calls=433 period=1 timed_us=573906
subsystem_time: stage=rsp_other calls=0 timed_calls=0 period=1 timed_us=0
subsystem_time: stage=lookup calls=188358 timed_calls=1483 period=127 timed_us=521
subsystem_time: stage=compile calls=837 timed_calls=837 period=1 timed_us=98039
subsystem_time: stage=dispatch calls=1558056 timed_calls=12268 period=127 timed_us=5234
subsystem_self: stage=dispatch calls=1558056 timed_calls=12268 self_us=4358 dropped=0
subsystem_time: stage=execute_inclusive calls=1558056 timed_calls=12268 period=127 timed_us=97907
subsystem_self: stage=execute_inclusive calls=1558056 timed_calls=12268 self_us=16375 dropped=0
subsystem_time: stage=rom_copy calls=620 timed_calls=620 period=1 timed_us=11844
subsystem_time: stage=present calls=899 timed_calls=899 period=1 timed_us=35877
subsystem_time: stage=limiter calls=868 timed_calls=868 period=1 timed_us=10520345
subsystem_time: stage=vm_fault calls=0 timed_calls=0 period=1 timed_us=0
subsystem_time: stage=vm_victim calls=0 timed_calls=0 period=1 timed_us=0
subsystem_time: stage=vm_read calls=0 timed_calls=0 period=1 timed_us=0
subsystem_time: stage=vm_write calls=0 timed_calls=0 period=1 timed_us=0
subsystem_time: stage=tex_hash calls=29691 timed_calls=29691 period=1 timed_us=80670
subsystem_time: stage=tex_lookup calls=29691 timed_calls=29691 period=1 timed_us=10476
subsystem_time: stage=tex_load calls=69 timed_calls=69 period=1 timed_us=1379
subsystem_time: stage=tex_activate calls=29691 timed_calls=29691 period=1 timed_us=11722
subsystem_time: stage=draw_triangles calls=121074 timed_calls=121074 period=1 timed_us=258828
subsystem_time: stage=draw_rect calls=17457 timed_calls=17457 period=1 timed_us=107536
subsystem_time: stage=gfx_list calls=660 timed_calls=660 period=1 timed_us=1225272
subsystem_time: stage=gfx_command calls=653190 timed_calls=5143 period=127 timed_us=10190
gfx_ucodes: mask=00001000
gfx_opcode: op=01 calls=12366 timed_calls=106 timed_us=41
gfx_opcode: op=03 calls=1818 timed_calls=16 timed_us=16
gfx_opcode: op=04 calls=48525 timed_calls=374 timed_us=2349
gfx_opcode: op=06 calls=13110 timed_calls=110 timed_us=21
gfx_opcode: op=b1 calls=138519 timed_calls=1076 timed_us=4843
gfx_opcode: op=b6 calls=12297 timed_calls=106 timed_us=16
gfx_opcode: op=b7 calls=12450 timed_calls=104 timed_us=14
gfx_opcode: op=b8 calls=13770 timed_calls=116 timed_us=21
gfx_opcode: op=b9 calls=13164 timed_calls=94 timed_us=16
gfx_opcode: op=ba calls=71856 timed_calls=584 timed_us=96
gfx_opcode: op=bb calls=12945 timed_calls=104 timed_us=20
gfx_opcode: op=bc calls=14745 timed_calls=117 timed_us=19
gfx_opcode: op=bf calls=26967 timed_calls=206 timed_us=360
gfx_opcode: op=e4 calls=17457 timed_calls=143 timed_us=1027
gfx_opcode: op=e6 calls=29691 timed_calls=225 timed_us=30
gfx_opcode: op=e7 calls=43050 timed_calls=323 timed_us=41
gfx_opcode: op=e9 calls=660 timed_calls=6 timed_us=5
gfx_opcode: op=ed calls=1320 timed_calls=12 timed_us=6
gfx_opcode: op=f2 calls=31455 timed_calls=248 timed_us=64
gfx_opcode: op=f3 calls=29691 timed_calls=224 timed_us=387
gfx_opcode: op=f5 calls=60855 timed_calls=477 timed_us=93
gfx_opcode: op=f6 calls=660 timed_calls=6 timed_us=6
gfx_opcode: op=f7 calls=660 timed_calls=6 timed_us=3
gfx_opcode: op=fa calls=996 timed_calls=6 timed_us=1
gfx_opcode: op=fc calls=13152 timed_calls=96 timed_us=15
gfx_opcode: op=fd calls=29691 timed_calls=249 timed_us=38
gfx_opcode: op=ff calls=1320 timed_calls=9 timed_us=5
subsystem_time: stage=vertex calls=712209 timed_calls=5607 period=127 timed_us=2288
subsystem_time: stage=gfx_state calls=32799 timed_calls=258 period=127 timed_us=1546
subsystem_self: stage=gfx_state calls=32799 timed_calls=258 self_us=709 dropped=0
subsystem_time: stage=gx_wait calls=4 timed_calls=4 period=1 timed_us=2562
subsystem_time: stage=dma_pi calls=620 timed_calls=620 period=1 timed_us=26001
subsystem_time: stage=dma_sp calls=2186 timed_calls=2186 period=1 timed_us=2287
subsystem_time: stage=dma_si calls=1681 timed_calls=1681 period=1 timed_us=16072
subsystem_time: stage=tlb_translate calls=749169 timed_calls=5898 period=127 timed_us=713
subsystem_time: stage=pif calls=1682 timed_calls=1682 period=1 timed_us=14716
subsystem_time: stage=input calls=2972 timed_calls=2972 period=1 timed_us=11773
subsystem_time: stage=guest_interrupt calls=7043 timed_calls=7043 period=1 timed_us=10626331
subsystem_self: stage=guest_interrupt calls=7043 timed_calls=7043 self_us=21161 dropped=0
subsystem_time: stage=interpreter_inclusive calls=0 timed_calls=0 period=1 timed_us=0
subsystem_self: stage=interpreter_inclusive calls=0 timed_calls=0 self_us=0 dropped=0
subsystem_time: stage=audio_submit calls=433 timed_calls=433 period=1 timed_us=6423
subsystem_time: stage=audio_callback calls=8981 timed_calls=8981 period=1 timed_us=4676
subsystem_time: stage=memory_slow calls=997457 timed_calls=7853 period=127 timed_us=19138
subsystem_self: stage=memory_slow calls=997457 timed_calls=7853 self_us=4091 dropped=0
subsystem_time: stage=jit_invalidate calls=98566 timed_calls=776 period=127 timed_us=158
subsystem_time: stage=cpu_helper calls=4641784 timed_calls=36549 period=127 timed_us=80596
subsystem_time: stage=storage_read calls=0 timed_calls=0 period=1 timed_us=0
subsystem_time: stage=storage_write calls=0 timed_calls=0 period=1 timed_us=0
subsystem_time: stage=save_load calls=0 timed_calls=0 period=1 timed_us=0
subsystem_time: stage=save_write calls=0 timed_calls=0 period=1 timed_us=0
subsystem_time: stage=state_load calls=0 timed_calls=0 period=1 timed_us=0
subsystem_time: stage=state_save calls=0 timed_calls=0 period=1 timed_us=0
subsystem_time: stage=probe_io calls=4 timed_calls=4 period=1 timed_us=55611
subsystem_time: stage=agent_poll calls=1809 timed_calls=1809 period=1 timed_us=450
audio_time: stage=resample sampled_calls=143 sampled_samples=20368 sampled_us=872
audio_time: stage=zoh sampled_calls=0 sampled_samples=0 sampled_us=0
audio_time: stage=adpcm sampled_calls=122 sampled_samples=4912 sampled_us=222
audio_time: stage=envmix_exp sampled_calls=0 sampled_samples=0 sampled_us=0
audio_time: stage=envmix_ge sampled_calls=126 sampled_samples=18352 sampled_us=1798
audio_time: stage=envmix_lin sampled_calls=0 sampled_samples=0 sampled_us=0
audio_time: stage=envmix_nead sampled_calls=0 sampled_samples=0 sampled_us=0
audio_time: stage=mix sampled_calls=323 sampled_samples=47968 sampled_us=790
audio_time: stage=musyx_voice sampled_calls=0 sampled_samples=0 sampled_us=0
audio_time: stage=musyx_fx sampled_calls=0 sampled_samples=0 sampled_us=0
audio_time: stage=output sampled_calls=3 sampled_samples=2192 sampled_us=39
gpu_counters: clks=3688834594 tb_clks=3688834680 ras_busy=47586335 xf_wait_in=3569393296 xf_wait_out=36280280 ras_peak_permille=20 ztop_in=183984492 ztop_out=181452848 z_in=0 z_out=0 blend_in=181632068 copy_clks=74496072 fifo_overflows=0
game: n=6/9 how=vis vis=900 vi_rate=60 vi0_retrace=11191 wall_us=15180300 sleep_us=10517597 avg_vis=58.14 avg_fps=52.43 exceptions=5543 cacheResets=1 recompiles=837 batches=121074 verts=1581750 texStalls=0 treeDepthMax=15 underruns=5 overruns=0 queue_peak_ms=28 dsp_avg=1.38 dsp_peak=1.60 dsp_samples=30 pmc1=3257303643 pmc2=3525007855 pmc3=0 pmc4=0 mmcr0=00000042 mmcr1=00000000 heap_used=10846552 heap_free=151240 arena1_free=208896 arena2_free=288704 flushes=4 flush_us=55610 padtrace=0 rom=sd:/wii64/roms/GoldenEye 007 (USA).z64
=== chain 6/9 end vis=900 how=vis rom=sd:/wii64/roms/GoldenEye 007 (USA).z64 ===
mark: pad replay records: 1
mark: loadROM: enter
mark: loadROM: before rom_read
mark: ROMCache_load: enter
mark: ROMCache_load: before first read
mark: ROMCache_load: first read returned
mark: ROMCache_load: byte_swap_type set
mark: ROMCache_load: first byte_swap done
menufps: 0.1
menufps: 8.4
menufps: 8.0
menufps: 8.1
mark: ROMCache_load: loop exited normally
mark: ROMCache_load: elapsed_us=1985750 bytes=8388608 vm=0
mark: loadROM: after rom_read
mark: loadROM: before init_memory
mark: loadROM: after init_memory
mark: loadROM: before romOpen_gfx
mark: loadROM: after romOpen_gfx / before romOpen_audio
mark: loadROM: after romOpen_audio / before romOpen_input
mark: loadROM: after romOpen_input / before cpu_init
mark: loadROM: after cpu_init
menufps: 2.7
menufps: 1.0
menufps: 1.0
fps: 4.1
first_vi: vi0_retrace=12433
vis: 4.9
cpu: exceptions=0 cacheResets=0 batches=0 verts=0 texStalls=0 recompiles=0 underruns=0 overruns=0 sleep_us=0 queue_ms=0
mark: CPU core dispatch: dynarec
vis: 60.0
cpu: exceptions=60 cacheResets=1 batches=0 verts=0 texStalls=0 recompiles=163 underruns=1 overruns=0 sleep_us=89799 queue_ms=30
fps: 1.2
vis: 60.0
cpu: exceptions=216 cacheResets=1 batches=0 verts=0 texStalls=0 recompiles=207 underruns=1 overruns=0 sleep_us=543246 queue_ms=25
vis: 60.0
cpu: exceptions=516 cacheResets=1 batches=0 verts=0 texStalls=0 recompiles=207 underruns=1 overruns=0 sleep_us=1011888 queue_ms=30
vis: 60.0
cpu: exceptions=816 cacheResets=1 batches=0 verts=0 texStalls=0 recompiles=233 underruns=1 overruns=0 sleep_us=1477799 queue_ms=26
vis: 60.0
cpu: exceptions=1069 cacheResets=1 batches=0 verts=0 texStalls=0 recompiles=287 underruns=1 overruns=0 sleep_us=1936119 queue_ms=32
vis: 60.0
cpu: exceptions=1140 cacheResets=1 batches=0 verts=0 texStalls=0 recompiles=288 underruns=2 overruns=0 sleep_us=2345279 queue_ms=0
fps: 0.4
vis: 59.2
cpu: exceptions=1283 cacheResets=1 batches=0 verts=0 texStalls=0 recompiles=508 underruns=4 overruns=0 sleep_us=2573183 queue_ms=20
vis: 52.4
cpu: exceptions=1425 cacheResets=1 batches=0 verts=0 texStalls=0 recompiles=732 underruns=6 overruns=0 sleep_us=2802751 queue_ms=3
fps: 1.6
vis: 60.0
cpu: exceptions=1613 cacheResets=1 batches=3470 verts=86430 texStalls=0 recompiles=834 underruns=8 overruns=0 sleep_us=2954660 queue_ms=52
fps: 21.5
vis: 60.0
cpu: exceptions=1797 cacheResets=1 batches=6940 verts=172860 texStalls=0 recompiles=835 underruns=8 overruns=0 sleep_us=3163860 queue_ms=50
fps: 20.0
vis: 60.0
cpu: exceptions=1992 cacheResets=1 batches=10410 verts=259290 texStalls=0 recompiles=836 underruns=8 overruns=0 sleep_us=3367946 queue_ms=54
fps: 20.0
vis: 60.0
cpu: exceptions=2190 cacheResets=1 batches=13932 verts=345876 texStalls=0 recompiles=837 underruns=8 overruns=0 sleep_us=3570572 queue_ms=51
fps: 20.0
vis: 60.0
cpu: exceptions=2384 cacheResets=1 batches=17630 verts=432990 texStalls=0 recompiles=838 underruns=8 overruns=0 sleep_us=3776957 queue_ms=55
fps: 20.0
vis: 60.0
cpu: exceptions=2603 cacheResets=1 batches=21424 verts=520392 texStalls=0 recompiles=841 underruns=8 overruns=0 sleep_us=3962759 queue_ms=52
fps: 20.0
vis: 60.0
cpu: exceptions=2839 cacheResets=1 batches=25295 verts=608025 texStalls=0 recompiles=844 underruns=8 overruns=0 sleep_us=4143967 queue_ms=57
fps: 20.0
vis: 60.0
cpu: exceptions=3090 cacheResets=1 batches=29227 verts=695841 texStalls=0 recompiles=844 underruns=8 overruns=0 sleep_us=4320348 queue_ms=53
fps: 19.8
vis: 60.0
cpu: exceptions=3369 cacheResets=1 batches=33211 verts=786165 texStalls=0 recompiles=845 underruns=8 overruns=0 sleep_us=4479262 queue_ms=40
fps: 19.7
vis: 60.0
cpu: exceptions=3652 cacheResets=1 batches=37127 verts=877293 texStalls=0 recompiles=845 underruns=8 overruns=0 sleep_us=4642523 queue_ms=46
fps: 20.0
vis: 60.0
cpu: exceptions=3926 cacheResets=1 batches=40784 verts=968244 texStalls=0 recompiles=845 underruns=8 overruns=0 sleep_us=4811858 queue_ms=42
fps: 20.0
vis: 60.0
cpu: exceptions=4190 cacheResets=1 batches=44354 verts=1058934 texStalls=0 recompiles=845 underruns=8 overruns=0 sleep_us=4986316 queue_ms=47
fps: 20.0
vis: 60.0
cpu: exceptions=4461 cacheResets=1 batches=47924 verts=1149624 texStalls=0 recompiles=845 underruns=8 overruns=0 sleep_us=5156707 queue_ms=44
fps: 20.0
vis: 60.0
cpu: exceptions=4732 cacheResets=1 batches=51496 verts=1240320 texStalls=0 recompiles=845 underruns=8 overruns=0 sleep_us=5323943 queue_ms=48
fps: 20.0
vis: 60.0
cpu: exceptions=5012 cacheResets=1 batches=55121 verts=1331796 texStalls=0 recompiles=846 underruns=8 overruns=0 sleep_us=5484026 queue_ms=46
fps: 19.9
vis: 60.0
cpu: exceptions=5321 cacheResets=1 batches=58815 verts=1423758 texStalls=0 recompiles=848 underruns=8 overruns=0 sleep_us=5623783 queue_ms=41
fps: 20.0
vis: 60.0
cpu: exceptions=5613 cacheResets=1 batches=62611 verts=1515987 texStalls=0 recompiles=858 underruns=8 overruns=0 sleep_us=5766885 queue_ms=46
fps: 20.1
vis: 60.0
cpu: exceptions=5840 cacheResets=1 batches=66615 verts=1609086 texStalls=0 recompiles=863 underruns=8 overruns=0 sleep_us=5940076 queue_ms=43
fps: 20.1
vis: 60.0
cpu: exceptions=6045 cacheResets=1 batches=70630 verts=1702542 texStalls=0 recompiles=864 underruns=8 overruns=0 sleep_us=6125802 queue_ms=49
fps: 20.0
vis: 60.0
cpu: exceptions=6213 cacheResets=1 batches=74603 verts=1796244 texStalls=0 recompiles=866 underruns=8 overruns=0 sleep_us=6317738 queue_ms=44
fps: 20.0
vis: 60.0
cpu: exceptions=6456 cacheResets=1 batches=78317 verts=1888818 texStalls=0 recompiles=866 underruns=8 overruns=0 sleep_us=6488483 queue_ms=41
fps: 20.0
vis: 60.0
cpu: exceptions=6635 cacheResets=1 batches=81968 verts=1980639 texStalls=0 recompiles=866 underruns=8 overruns=0 sleep_us=6681378 queue_ms=46
mark: stop reason: chain guest VI limit
mark: stop_it requested
audio: alist_resample_calls=31161 alist_resample_samples=4158040 alist_zoh_calls=0 alist_zoh_samples=0 musyx_subframes=0 musyx_voices=0 musyx_voice_peak=0
audio_stages: adpcm_calls=24532 adpcm_samples=3305024 envmix_calls=24329 envmix_samples=3246392 mix_calls=22482 mix_samples=6834208 musyx_fx_calls=0 musyx_fx_taps=0 output_calls=862 output_samples=459344
audio_envmix: exp_calls=24329 ge_calls=0 lin_calls=0 nead_calls=0 exp_steady=20470 ge_steady=0 lin_steady=0
audio_gaps: nead_mats=0 nead_efz=0 resample_flag2=0 musyx_ptr10=0
audio_output: stream_requests=3428 stream_fed=1593 input_hz=32006 playback_hz=32006 queue_peak_ms=74
probe_schema: version=2 self=1 interval=127
vm_io: read_ahead=1 reads=0 hits=0 read_bytes=0 writes=0 write_bytes=0 errors=0
subsystem_time: stage=rsp_gfx calls=224 timed_calls=224 period=1 timed_us=2749648
subsystem_time: stage=rsp_audio calls=854 timed_calls=854 period=1 timed_us=854191
subsystem_time: stage=rsp_other calls=0 timed_calls=0 period=1 timed_us=0
subsystem_time: stage=lookup calls=122486 timed_calls=964 period=127 timed_us=502
subsystem_time: stage=compile calls=866 timed_calls=866 period=1 timed_us=223723
subsystem_time: stage=dispatch calls=2011387 timed_calls=15837 period=127 timed_us=9102
subsystem_self: stage=dispatch calls=2011387 timed_calls=15837 self_us=5935 dropped=0
subsystem_time: stage=execute_inclusive calls=2011387 timed_calls=15837 period=127 timed_us=101319
subsystem_self: stage=execute_inclusive calls=2011387 timed_calls=15837 self_us=34142 dropped=0
subsystem_time: stage=rom_copy calls=2723 timed_calls=2723 period=1 timed_us=26568
subsystem_time: stage=present calls=899 timed_calls=899 period=1 timed_us=29625
subsystem_time: stage=limiter calls=641 timed_calls=641 period=1 timed_us=6690401
subsystem_time: stage=vm_fault calls=0 timed_calls=0 period=1 timed_us=0
subsystem_time: stage=vm_victim calls=0 timed_calls=0 period=1 timed_us=0
subsystem_time: stage=vm_read calls=0 timed_calls=0 period=1 timed_us=0
subsystem_time: stage=vm_write calls=0 timed_calls=0 period=1 timed_us=0
subsystem_time: stage=tex_hash calls=65312 timed_calls=65312 period=1 timed_us=882061
subsystem_time: stage=tex_lookup calls=65312 timed_calls=65312 period=1 timed_us=60170
subsystem_time: stage=tex_load calls=178 timed_calls=178 period=1 timed_us=12095
subsystem_time: stage=tex_activate calls=65312 timed_calls=65312 period=1 timed_us=37875
subsystem_time: stage=draw_triangles calls=82331 timed_calls=82331 period=1 timed_us=266872
subsystem_time: stage=draw_rect calls=2288 timed_calls=2288 period=1 timed_us=24052
subsystem_time: stage=gfx_list calls=224 timed_calls=224 period=1 timed_us=2749136
subsystem_time: stage=gfx_command calls=1458119 timed_calls=11481 period=127 timed_us=22210
gfx_ucodes: mask=00010000
gfx_opcode: op=01 calls=15721 timed_calls=117 timed_us=54
gfx_opcode: op=03 calls=1768 timed_calls=16 timed_us=13
gfx_opcode: op=04 calls=88089 timed_calls=655 timed_us=2425
gfx_opcode: op=06 calls=36444 timed_calls=290 timed_us=57
gfx_opcode: op=b4 calls=221 timed_calls=4 timed_us=0
gfx_opcode: op=b5 calls=118542 timed_calls=973 timed_us=5850
gfx_opcode: op=b6 calls=8621 timed_calls=59 timed_us=8
gfx_opcode: op=b7 calls=8620 timed_calls=70 timed_us=9
gfx_opcode: op=b8 calls=36668 timed_calls=313 timed_us=43
gfx_opcode: op=b9 calls=9521 timed_calls=73 timed_us=11
gfx_opcode: op=ba calls=24763 timed_calls=188 timed_us=31
gfx_opcode: op=bb calls=28947 timed_calls=239 timed_us=43
gfx_opcode: op=bc calls=5246 timed_calls=54 timed_us=11
gfx_opcode: op=bd calls=1105 timed_calls=7 timed_us=1
gfx_opcode: op=be calls=4199 timed_calls=27 timed_us=3
gfx_opcode: op=bf calls=426194 timed_calls=3303 timed_us=7903
gfx_opcode: op=c0 calls=223 timed_calls=3 timed_us=0
gfx_opcode: op=e4 calls=1846 timed_calls=8 timed_us=91
gfx_opcode: op=e6 calls=79901 timed_calls=661 timed_us=80
gfx_opcode: op=e7 calls=68674 timed_calls=517 timed_us=65
gfx_opcode: op=e8 calls=115386 timed_calls=929 timed_us=113
gfx_opcode: op=e9 calls=224 timed_calls=2 timed_us=3
gfx_opcode: op=ed calls=446 timed_calls=3 timed_us=1
gfx_opcode: op=f0 calls=9945 timed_calls=85 timed_us=231
gfx_opcode: op=f2 calls=53401 timed_calls=432 timed_us=108
gfx_opcode: op=f3 calls=69735 timed_calls=531 timed_us=3091
gfx_opcode: op=f4 calls=221 timed_calls=1 timed_us=24
gfx_opcode: op=f5 calls=133302 timed_calls=1051 timed_us=203
gfx_opcode: op=f6 calls=669 timed_calls=2 timed_us=346
gfx_opcode: op=f7 calls=448 timed_calls=2 timed_us=1
gfx_opcode: op=f8 calls=884 timed_calls=2 timed_us=0
gfx_opcode: op=fa calls=934 timed_calls=11 timed_us=1
gfx_opcode: op=fb calls=5423 timed_calls=43 timed_us=7
gfx_opcode: op=fc calls=21214 timed_calls=173 timed_us=22
gfx_opcode: op=fd calls=79901 timed_calls=632 timed_us=92
gfx_opcode: op=fe calls=223 timed_calls=1 timed_us=0
gfx_opcode: op=ff calls=450 timed_calls=4 timed_us=0
subsystem_time: stage=vertex calls=943553 timed_calls=7429 period=127 timed_us=2436
subsystem_time: stage=gfx_state calls=68497 timed_calls=539 period=127 timed_us=8906
subsystem_self: stage=gfx_state calls=68497 timed_calls=539 self_us=1152 dropped=0
subsystem_time: stage=gx_wait calls=4 timed_calls=4 period=1 timed_us=2562
subsystem_time: stage=dma_pi calls=2723 timed_calls=2723 period=1 timed_us=51984
subsystem_time: stage=dma_sp calls=2156 timed_calls=2156 period=1 timed_us=2228
subsystem_time: stage=dma_si calls=741 timed_calls=741 period=1 timed_us=5450
subsystem_time: stage=tlb_translate calls=0 timed_calls=0 period=127 timed_us=0
subsystem_time: stage=pif calls=742 timed_calls=742 period=1 timed_us=4815
subsystem_time: stage=input calls=896 timed_calls=896 period=1 timed_us=3870
subsystem_time: stage=guest_interrupt calls=9580 timed_calls=9580 period=1 timed_us=6764414
subsystem_self: stage=guest_interrupt calls=9580 timed_calls=9580 self_us=20938 dropped=0
subsystem_time: stage=interpreter_inclusive calls=0 timed_calls=0 period=1 timed_us=0
subsystem_self: stage=interpreter_inclusive calls=0 timed_calls=0 self_us=0 dropped=0
subsystem_time: stage=audio_submit calls=862 timed_calls=862 period=1 timed_us=10072
subsystem_time: stage=audio_callback calls=9445 timed_calls=9445 period=1 timed_us=6861
subsystem_time: stage=memory_slow calls=580598 timed_calls=4571 period=127 timed_us=34428
subsystem_self: stage=memory_slow calls=580598 timed_calls=4571 self_us=1847 dropped=0
subsystem_time: stage=jit_invalidate calls=37 timed_calls=0 period=127 timed_us=0
subsystem_time: stage=cpu_helper calls=8989599 timed_calls=70784 period=127 timed_us=45314
subsystem_time: stage=storage_read calls=0 timed_calls=0 period=1 timed_us=0
subsystem_time: stage=storage_write calls=0 timed_calls=0 period=1 timed_us=0
subsystem_time: stage=save_load calls=0 timed_calls=0 period=1 timed_us=0
subsystem_time: stage=save_write calls=0 timed_calls=0 period=1 timed_us=0
subsystem_time: stage=state_load calls=0 timed_calls=0 period=1 timed_us=0
subsystem_time: stage=state_save calls=0 timed_calls=0 period=1 timed_us=0
subsystem_time: stage=probe_io calls=3 timed_calls=3 period=1 timed_us=30192
subsystem_time: stage=agent_poll calls=1813 timed_calls=1813 period=1 timed_us=475
audio_time: stage=resample sampled_calls=245 sampled_samples=32672 sampled_us=1404
audio_time: stage=zoh sampled_calls=0 sampled_samples=0 sampled_us=0
audio_time: stage=adpcm sampled_calls=193 sampled_samples=25984 sampled_us=1087
audio_time: stage=envmix_exp sampled_calls=191 sampled_samples=25496 sampled_us=2601
audio_time: stage=envmix_ge sampled_calls=0 sampled_samples=0 sampled_us=0
audio_time: stage=envmix_lin sampled_calls=0 sampled_samples=0 sampled_us=0
audio_time: stage=envmix_nead sampled_calls=0 sampled_samples=0 sampled_us=0
audio_time: stage=mix sampled_calls=177 sampled_samples=53184 sampled_us=866
audio_time: stage=musyx_voice sampled_calls=0 sampled_samples=0 sampled_us=0
audio_time: stage=musyx_fx sampled_calls=0 sampled_samples=0 sampled_us=0
audio_time: stage=output sampled_calls=6 sampled_samples=3216 sampled_us=55
gpu_counters: clks=3701787052 tb_clks=3701787136 ras_busy=46441270 xf_wait_in=3571547699 xf_wait_out=53210016 ras_peak_permille=22 ztop_in=173980072 ztop_out=166599624 z_in=1208696 z_out=654152 blend_in=168053020 copy_clks=28225153 fifo_overflows=0
game: n=7/9 how=vis vis=900 vi_rate=60 vi0_retrace=12433 wall_us=15233599 sleep_us=6688369 avg_vis=57.95 avg_fps=17.13 exceptions=6648 cacheResets=1 recompiles=866 batches=82331 verts=1989798 texStalls=0 treeDepthMax=12 underruns=8 overruns=0 queue_peak_ms=57 dsp_avg=1.51 dsp_peak=1.85 dsp_samples=31 pmc1=6098531230 pmc2=6184903923 pmc3=0 pmc4=0 mmcr0=00000042 mmcr1=00000000 heap_used=10851704 heap_free=146088 arena1_free=208896 arena2_free=288704 flushes=3 flush_us=30191 padtrace=0 rom=sd:/wii64/roms/Wave Race 64 - Kawasaki Jet Ski (USA) (Rev 1).z64
=== chain 7/9 end vis=900 how=vis rom=sd:/wii64/roms/Wave Race 64 - Kawasaki Jet Ski (USA) (Rev 1).z64 ===
mark: pad replay records: 1
mark: loadROM: enter
mark: loadROM: before rom_read
mark: ROMCache_load: enter
mark: ROMCache_load: before first read
mark: ROMCache_load: first read returned
mark: ROMCache_load: byte_swap_type set
mark: ROMCache_load: first byte_swap done
menufps: 0.1
menufps: 8.5
menufps: 8.3
menufps: 8.0
menufps: 8.2
mark: ROMCache_load: loop exited normally
mark: ROMCache_load: elapsed_us=2835552 bytes=12582912 vm=0
mark: loadROM: after rom_read
mark: loadROM: before init_memory
mark: loadROM: after init_memory
mark: loadROM: before romOpen_gfx
mark: loadROM: after romOpen_gfx / before romOpen_audio
mark: loadROM: after romOpen_audio / before romOpen_input
mark: loadROM: after romOpen_input / before cpu_init
mark: loadROM: after cpu_init
menufps: 5.7
menufps: 1.9
menufps: 1.0
menufps: 1.0
fps: 0.6
first_vi: vi0_retrace=13724
vis: 0.5
cpu: exceptions=0 cacheResets=0 batches=0 verts=0 texStalls=0 recompiles=0 underruns=0 overruns=0 sleep_us=0 queue_ms=0
mark: CPU core dispatch: dynarec
vis: 60.0
cpu: exceptions=922 cacheResets=1 batches=0 verts=0 texStalls=0 recompiles=327 underruns=0 overruns=0 sleep_us=187346 queue_ms=125
fps: 1.8
vis: 60.0
cpu: exceptions=1662 cacheResets=1 batches=0 verts=0 texStalls=0 recompiles=534 underruns=0 overruns=0 sleep_us=503173 queue_ms=116
fps: 12.1
vis: 60.0
cpu: exceptions=1966 cacheResets=1 batches=40 verts=960 texStalls=0 recompiles=683 underruns=0 overruns=0 sleep_us=834125 queue_ms=121
vis: 60.0
cpu: exceptions=2843 cacheResets=1 batches=70 verts=1680 texStalls=0 recompiles=692 underruns=0 overruns=0 sleep_us=1187076 queue_ms=125
fps: 18.7
vis: 60.0
cpu: exceptions=2948 cacheResets=1 batches=145 verts=3480 texStalls=0 recompiles=692 underruns=0 overruns=0 sleep_us=1620276 queue_ms=129
fps: 29.4
vis: 60.0
cpu: exceptions=3056 cacheResets=1 batches=225 verts=5400 texStalls=0 recompiles=692 underruns=0 overruns=0 sleep_us=2050932 queue_ms=121
fps: 31.1
vis: 60.0
cpu: exceptions=3161 cacheResets=1 batches=300 verts=7200 texStalls=0 recompiles=692 underruns=0 overruns=0 sleep_us=2483977 queue_ms=112
fps: 30.0
vis: 60.0
cpu: exceptions=3266 cacheResets=1 batches=375 verts=9000 texStalls=0 recompiles=697 underruns=0 overruns=0 sleep_us=2920866 queue_ms=116
vis: 60.0
cpu: exceptions=3610 cacheResets=1 batches=380 verts=9120 texStalls=0 recompiles=765 underruns=0 overruns=0 sleep_us=3189005 queue_ms=121
fps: 13.1
vis: 60.0
cpu: exceptions=3924 cacheResets=1 batches=759 verts=17781 texStalls=0 recompiles=890 underruns=0 overruns=0 sleep_us=3477520 queue_ms=125
fps: 29.8
vis: 60.0
cpu: exceptions=4041 cacheResets=1 batches=1743 verts=38949 texStalls=0 recompiles=905 underruns=0 overruns=0 sleep_us=3834944 queue_ms=116
fps: 31.1
vis: 60.0
cpu: exceptions=4177 cacheResets=1 batches=2680 verts=58968 texStalls=0 recompiles=907 underruns=0 overruns=0 sleep_us=4193580 queue_ms=121
fps: 30.0
vis: 60.0
cpu: exceptions=4298 cacheResets=1 batches=3610 verts=78903 texStalls=0 recompiles=919 underruns=0 overruns=0 sleep_us=4546400 queue_ms=125
fps: 30.0
vis: 60.0
cpu: exceptions=4416 cacheResets=1 batches=4540 verts=98838 texStalls=0 recompiles=919 underruns=0 overruns=0 sleep_us=4903529 queue_ms=116
fps: 30.0
vis: 60.0
cpu: exceptions=4533 cacheResets=1 batches=5470 verts=118773 texStalls=0 recompiles=925 underruns=0 overruns=0 sleep_us=5260303 queue_ms=121
fps: 30.0
vis: 60.0
cpu: exceptions=4651 cacheResets=1 batches=6400 verts=138708 texStalls=0 recompiles=925 underruns=0 overruns=0 sleep_us=5620325 queue_ms=125
fps: 30.0
vis: 60.0
cpu: exceptions=4764 cacheResets=1 batches=7330 verts=158643 texStalls=0 recompiles=926 underruns=0 overruns=0 sleep_us=5985104 queue_ms=129
fps: 30.0
vis: 60.0
cpu: exceptions=4875 cacheResets=1 batches=8260 verts=178578 texStalls=0 recompiles=926 underruns=0 overruns=0 sleep_us=6351826 queue_ms=121
fps: 30.0
vis: 60.0
cpu: exceptions=4986 cacheResets=1 batches=9190 verts=198513 texStalls=0 recompiles=926 underruns=0 overruns=0 sleep_us=6717659 queue_ms=125
fps: 30.0
vis: 60.0
cpu: exceptions=5099 cacheResets=1 batches=10120 verts=218448 texStalls=0 recompiles=926 underruns=0 overruns=0 sleep_us=7081562 queue_ms=129
fps: 30.0
vis: 60.0
cpu: exceptions=5212 cacheResets=1 batches=10924 verts=234561 texStalls=0 recompiles=926 underruns=0 overruns=0 sleep_us=7451958 queue_ms=121
fps: 30.0
vis: 60.0
cpu: exceptions=5337 cacheResets=1 batches=11448 verts=246147 texStalls=0 recompiles=935 underruns=0 overruns=0 sleep_us=7816253 queue_ms=125
fps: 30.0
vis: 60.0
cpu: exceptions=5464 cacheResets=1 batches=12239 verts=261468 texStalls=0 recompiles=935 underruns=0 overruns=0 sleep_us=8161708 queue_ms=129
fps: 30.0
vis: 60.0
cpu: exceptions=5589 cacheResets=1 batches=13268 verts=278217 texStalls=0 recompiles=935 underruns=0 overruns=0 sleep_us=8494010 queue_ms=134
fps: 30.0
vis: 60.0
cpu: exceptions=5707 cacheResets=1 batches=14399 verts=295578 texStalls=0 recompiles=946 underruns=0 overruns=0 sleep_us=8815685 queue_ms=125
fps: 29.2
vis: 60.0
cpu: exceptions=5827 cacheResets=1 batches=15194 verts=310923 texStalls=0 recompiles=947 underruns=0 overruns=0 sleep_us=9139380 queue_ms=116
fps: 30.0
vis: 60.0
cpu: exceptions=5948 cacheResets=1 batches=15934 verts=325938 texStalls=0 recompiles=947 underruns=0 overruns=0 sleep_us=9471108 queue_ms=121
fps: 30.1
vis: 60.0
cpu: exceptions=6069 cacheResets=1 batches=16588 verts=340437 texStalls=0 recompiles=947 underruns=0 overruns=0 sleep_us=9824686 queue_ms=112
fps: 30.0
vis: 60.0
cpu: exceptions=6190 cacheResets=1 batches=17048 verts=353772 texStalls=0 recompiles=947 underruns=0 overruns=0 sleep_us=10195675 queue_ms=116
mark: stop reason: chain guest VI limit
mark: stop_it requested
audio: alist_resample_calls=9757 alist_resample_samples=1397968 alist_zoh_calls=0 alist_zoh_samples=0 musyx_subframes=0 musyx_voices=0 musyx_voice_peak=0
audio_stages: adpcm_calls=7520 adpcm_samples=460832 envmix_calls=7516 envmix_samples=1068128 mix_calls=67230 mix_samples=9895200 musyx_fx_calls=0 musyx_fx_taps=0 output_calls=448 output_samples=329840
audio_envmix: exp_calls=0 ge_calls=7516 lin_calls=0 nead_calls=0 exp_steady=0 ge_steady=7194 lin_steady=0
audio_gaps: nead_mats=0 nead_efz=0 resample_flag2=0 musyx_ptr10=0
audio_output: stream_requests=2840 stream_fed=1145 input_hz=22047 playback_hz=22047 queue_peak_ms=166
probe_schema: version=2 self=1 interval=127
vm_io: read_ahead=1 reads=0 hits=0 read_bytes=0 writes=0 write_bytes=0 errors=0
subsystem_time: stage=rsp_gfx calls=393 timed_calls=393 period=1 timed_us=739037
subsystem_time: stage=rsp_audio calls=448 timed_calls=448 period=1 timed_us=481125
subsystem_time: stage=rsp_other calls=0 timed_calls=0 period=1 timed_us=0
subsystem_time: stage=lookup calls=138779 timed_calls=1092 period=127 timed_us=537
subsystem_time: stage=compile calls=947 timed_calls=947 period=1 timed_us=146184
subsystem_time: stage=dispatch calls=1666006 timed_calls=13118 period=127 timed_us=6246
subsystem_self: stage=dispatch calls=1666006 timed_calls=13118 self_us=4904 dropped=0
subsystem_time: stage=execute_inclusive calls=1666006 timed_calls=13118 period=127 timed_us=133389
subsystem_self: stage=execute_inclusive calls=1666006 timed_calls=13118 self_us=26802 dropped=0
subsystem_time: stage=rom_copy calls=1133 timed_calls=1133 period=1 timed_us=12096
subsystem_time: stage=present calls=899 timed_calls=899 period=1 timed_us=21618
subsystem_time: stage=limiter calls=880 timed_calls=880 period=1 timed_us=10549363
subsystem_time: stage=vm_fault calls=0 timed_calls=0 period=1 timed_us=0
subsystem_time: stage=vm_victim calls=0 timed_calls=0 period=1 timed_us=0
subsystem_time: stage=vm_read calls=0 timed_calls=0 period=1 timed_us=0
subsystem_time: stage=vm_write calls=0 timed_calls=0 period=1 timed_us=0
subsystem_time: stage=tex_hash calls=12379 timed_calls=12379 period=1 timed_us=118515
subsystem_time: stage=tex_lookup calls=12379 timed_calls=12379 period=1 timed_us=6699
subsystem_time: stage=tex_load calls=103 timed_calls=103 period=1 timed_us=4282
subsystem_time: stage=tex_activate calls=12379 timed_calls=12379 period=1 timed_us=7169
subsystem_time: stage=draw_triangles calls=17454 timed_calls=17454 period=1 timed_us=56661
subsystem_time: stage=draw_rect calls=5382 timed_calls=5382 period=1 timed_us=49406
subsystem_time: stage=gfx_list calls=393 timed_calls=393 period=1 timed_us=738257
subsystem_time: stage=gfx_command calls=269016 timed_calls=2118 period=127 timed_us=5226
gfx_ucodes: mask=00000200
gfx_opcode: op=01 calls=5357 timed_calls=45 timed_us=25
gfx_opcode: op=03 calls=1414 timed_calls=8 timed_us=6
gfx_opcode: op=04 calls=21288 timed_calls=175 timed_us=580
gfx_opcode: op=05 calls=18264 timed_calls=145 timed_us=2600
gfx_opcode: op=06 calls=6379 timed_calls=54 timed_us=10
gfx_opcode: op=07 calls=16101 timed_calls=115 timed_us=22
gfx_opcode: op=b4 calls=707 timed_calls=6 timed_us=1
gfx_opcode: op=b6 calls=1567 timed_calls=8 timed_us=1
gfx_opcode: op=b7 calls=4373 timed_calls=38 timed_us=5
gfx_opcode: op=b8 calls=6599 timed_calls=48 timed_us=6
gfx_opcode: op=b9 calls=4709 timed_calls=35 timed_us=6
gfx_opcode: op=ba calls=18621 timed_calls=151 timed_us=26
gfx_opcode: op=bb calls=390 timed_calls=4 timed_us=2
gfx_opcode: op=bc calls=15575 timed_calls=111 timed_us=21
gfx_opcode: op=e4 calls=4751 timed_calls=35 timed_us=278
gfx_opcode: op=e6 calls=13189 timed_calls=101 timed_us=13
gfx_opcode: op=e7 calls=25108 timed_calls=214 timed_us=27
gfx_opcode: op=e9 calls=393 timed_calls=2 timed_us=2
gfx_opcode: op=ed calls=2260 timed_calls=9 timed_us=3
gfx_opcode: op=ef calls=2973 timed_calls=24 timed_us=4
gfx_opcode: op=f2 calls=13189 timed_calls=107 timed_us=27
gfx_opcode: op=f3 calls=13189 timed_calls=100 timed_us=641
gfx_opcode: op=f5 calls=26378 timed_calls=209 timed_us=40
gfx_opcode: op=f6 calls=1411 timed_calls=10 timed_us=485
gfx_opcode: op=f7 calls=1163 timed_calls=11 timed_us=4
gfx_opcode: op=f8 calls=383 timed_calls=1 timed_us=0
gfx_opcode: op=f9 calls=383 timed_calls=1 timed_us=0
gfx_opcode: op=fa calls=13791 timed_calls=120 timed_us=21
gfx_opcode: op=fb calls=7666 timed_calls=53 timed_us=8
gfx_opcode: op=fc calls=5150 timed_calls=38 timed_us=5
gfx_opcode: op=fd calls=13189 timed_calls=112 timed_us=17
gfx_opcode: op=fe calls=1163 timed_calls=11 timed_us=5
gfx_opcode: op=ff calls=1943 timed_calls=17 timed_us=8
subsystem_time: stage=vertex calls=183788 timed_calls=1447 period=127 timed_us=371
subsystem_time: stage=gfx_state calls=127408 timed_calls=1003 period=127 timed_us=1877
subsystem_self: stage=gfx_state calls=127408 timed_calls=1003 self_us=816 dropped=0
subsystem_time: stage=gx_wait calls=4 timed_calls=4 period=1 timed_us=2554
subsystem_time: stage=dma_pi calls=1133 timed_calls=1133 period=1 timed_us=23823
subsystem_time: stage=dma_sp calls=1682 timed_calls=1682 period=1 timed_us=1701
subsystem_time: stage=dma_si calls=2587 timed_calls=2587 period=1 timed_us=11154
subsystem_time: stage=tlb_translate calls=0 timed_calls=0 period=127 timed_us=0
subsystem_time: stage=pif calls=2588 timed_calls=2588 period=1 timed_us=11692
subsystem_time: stage=input calls=1600 timed_calls=1600 period=1 timed_us=7002
subsystem_time: stage=guest_interrupt calls=7072 timed_calls=7072 period=1 timed_us=10626865
subsystem_self: stage=guest_interrupt calls=7072 timed_calls=7072 self_us=23180 dropped=0
subsystem_time: stage=interpreter_inclusive calls=0 timed_calls=0 period=1 timed_us=0
subsystem_self: stage=interpreter_inclusive calls=0 timed_calls=0 self_us=0 dropped=0
subsystem_time: stage=audio_submit calls=448 timed_calls=448 period=1 timed_us=5562
subsystem_time: stage=audio_callback calls=8824 timed_calls=8824 period=1 timed_us=5068
subsystem_time: stage=memory_slow calls=807214 timed_calls=6356 period=127 timed_us=10943
subsystem_self: stage=memory_slow calls=807214 timed_calls=6356 self_us=2482 dropped=0
subsystem_time: stage=jit_invalidate calls=1574 timed_calls=12 period=127 timed_us=2
subsystem_time: stage=cpu_helper calls=6796092 timed_calls=53512 period=127 timed_us=108051
subsystem_time: stage=storage_read calls=0 timed_calls=0 period=1 timed_us=0
subsystem_time: stage=storage_write calls=0 timed_calls=0 period=1 timed_us=0
subsystem_time: stage=save_load calls=0 timed_calls=0 period=1 timed_us=0
subsystem_time: stage=save_write calls=0 timed_calls=0 period=1 timed_us=0
subsystem_time: stage=state_load calls=0 timed_calls=0 period=1 timed_us=0
subsystem_time: stage=state_save calls=0 timed_calls=0 period=1 timed_us=0
subsystem_time: stage=probe_io calls=4 timed_calls=4 period=1 timed_us=40249
subsystem_time: stage=agent_poll calls=1808 timed_calls=1808 period=1 timed_us=420
audio_time: stage=resample sampled_calls=76 sampled_samples=10832 sampled_us=483
audio_time: stage=zoh sampled_calls=0 sampled_samples=0 sampled_us=0
audio_time: stage=adpcm sampled_calls=59 sampled_samples=3808 sampled_us=169
audio_time: stage=envmix_exp sampled_calls=0 sampled_samples=0 sampled_us=0
audio_time: stage=envmix_ge sampled_calls=59 sampled_samples=8240 sampled_us=747
audio_time: stage=envmix_lin sampled_calls=0 sampled_samples=0 sampled_us=0
audio_time: stage=envmix_nead sampled_calls=0 sampled_samples=0 sampled_us=0
audio_time: stage=mix sampled_calls=529 sampled_samples=77792 sampled_us=1271
audio_time: stage=musyx_voice sampled_calls=0 sampled_samples=0 sampled_us=0
audio_time: stage=musyx_fx sampled_calls=0 sampled_samples=0 sampled_us=0
audio_time: stage=output sampled_calls=3 sampled_samples=2176 sampled_us=30
gpu_counters: clks=3684293825 tb_clks=3684293908 ras_busy=70884673 xf_wait_in=3575828973 xf_wait_out=83519974 ras_peak_permille=28 ztop_in=276332276 ztop_out=267706780 z_in=78532 z_out=45532 blend_in=267855468 copy_clks=43450747 fifo_overflows=0
game: n=8/9 how=vis vis=900 vi_rate=60 vi0_retrace=13724 wall_us=15161606 sleep_us=10546759 avg_vis=58.02 avg_fps=26.19 exceptions=6302 cacheResets=1 recompiles=947 batches=17454 verts=366078 texStalls=0 treeDepthMax=13 underruns=1 overruns=0 queue_peak_ms=134 dsp_avg=1.33 dsp_peak=1.65 dsp_samples=30 pmc1=3234153142 pmc2=3312259725 pmc3=0 pmc4=0 mmcr0=00000042 mmcr1=00000000 heap_used=10855928 heap_free=141864 arena1_free=208896 arena2_free=288704 flushes=4 flush_us=40248 padtrace=0 rom=sd:/wii64/roms/Diddy Kong Racing (USA) (En,Fr) (Rev 1).z64
=== chain 8/9 end vis=900 how=vis rom=sd:/wii64/roms/Diddy Kong Racing (USA) (En,Fr) (Rev 1).z64 ===
mark: pad replay records: 1
mark: loadROM: enter
mark: loadROM: before rom_read
mark: ROMCache_load: enter
menufps: 0.1
menufps: 0.2
mark: ROMCache_load: before first read
mark: ROMCache_load: first read returned
mark: ROMCache_load: byte_swap_type set
mark: ROMCache_load: first byte_swap done
menufps: 0.2
menufps: 8.6
menufps: 8.1
menufps: 8.0
menufps: 7.7
menufps: 8.0
menufps: 8.1
menufps: 3.5
menufps: 1.3
menufps: 1.3
menufps: 1.3
menufps: 1.2
menufps: 1.3
menufps: 1.3
menufps: 3.7
menufps: 8.4
menufps: 8.3
menufps: 8.3
menufps: 7.8
mark: ROMCache_load: loop exited normally
menufps: 3.5
menufps: 1.2
menufps: 1.2
menufps: 1.1
menufps: 1.1
menufps: 1.1
menufps: 1.2
menufps: 1.1
menufps: 1.1
menufps: 1.2
menufps: 1.2
menufps: 1.1
menufps: 1.1
menufps: 1.1
menufps: 1.2
menufps: 1.1
menufps: 1.1
menufps: 1.1
menufps: 1.1
menufps: 1.1
mark: ROMCache_load: preflush_us=17530219 writes=2040 bytes=16711680
mark: ROMCache_load: elapsed_us=39498095 bytes=33554432 vm=1
mark: loadROM: after rom_read
mark: loadROM: before init_memory
mark: loadROM: after init_memory
mark: loadROM: before romOpen_gfx
mark: loadROM: after romOpen_gfx / before romOpen_audio
mark: loadROM: after romOpen_audio / before romOpen_input
mark: loadROM: after romOpen_input / before cpu_init
mark: loadROM: after cpu_init
menufps: 3.1
menufps: 1.0
menufps: 1.0
fps: 0.4
first_vi: vi0_retrace=17209
vis: 0.7
cpu: exceptions=0 cacheResets=0 batches=0 verts=0 texStalls=0 recompiles=0 underruns=0 overruns=0 sleep_us=0 queue_ms=0
mark: CPU core dispatch: dynarec
vis: 56.0
cpu: exceptions=31 cacheResets=1 batches=0 verts=0 texStalls=0 recompiles=82 underruns=0 overruns=0 sleep_us=0 queue_ms=0
vis: 60.0
cpu: exceptions=61 cacheResets=1 batches=0 verts=0 texStalls=0 recompiles=82 underruns=0 overruns=0 sleep_us=332379 queue_ms=0
vis: 60.0
cpu: exceptions=91 cacheResets=1 batches=0 verts=0 texStalls=0 recompiles=82 underruns=0 overruns=0 sleep_us=664156 queue_ms=0
vis: 60.0
cpu: exceptions=199 cacheResets=1 batches=0 verts=0 texStalls=0 recompiles=182 underruns=0 overruns=0 sleep_us=941935 queue_ms=0
vis: 60.0
cpu: exceptions=244 cacheResets=1 batches=0 verts=0 texStalls=0 recompiles=188 underruns=0 overruns=0 sleep_us=1279742 queue_ms=0
vis: 60.0
cpu: exceptions=286 cacheResets=1 batches=0 verts=0 texStalls=0 recompiles=188 underruns=0 overruns=0 sleep_us=1614628 queue_ms=0
vis: 60.0
cpu: exceptions=316 cacheResets=1 batches=0 verts=0 texStalls=0 recompiles=188 underruns=0 overruns=0 sleep_us=1947178 queue_ms=0
vis: 60.0
cpu: exceptions=390 cacheResets=1 batches=0 verts=0 texStalls=0 recompiles=314 underruns=2 overruns=0 sleep_us=2357810 queue_ms=30
vis: 60.0
cpu: exceptions=467 cacheResets=1 batches=0 verts=0 texStalls=0 recompiles=323 underruns=2 overruns=0 sleep_us=2807681 queue_ms=34
vis: 60.0
cpu: exceptions=542 cacheResets=1 batches=0 verts=0 texStalls=0 recompiles=323 underruns=2 overruns=0 sleep_us=3262010 queue_ms=38
vis: 60.0
cpu: exceptions=733 cacheResets=1 batches=0 verts=0 texStalls=0 recompiles=434 underruns=3 overruns=0 sleep_us=3477480 queue_ms=56
vis: 60.0
cpu: exceptions=949 cacheResets=1 batches=0 verts=0 texStalls=0 recompiles=434 underruns=3 overruns=0 sleep_us=3666350 queue_ms=47
vis: 60.0
cpu: exceptions=1139 cacheResets=1 batches=0 verts=0 texStalls=0 recompiles=448 underruns=3 overruns=0 sleep_us=3872156 queue_ms=51
vis: 60.0
cpu: exceptions=1381 cacheResets=1 batches=0 verts=0 texStalls=0 recompiles=484 underruns=3 overruns=0 sleep_us=4056780 queue_ms=56
fps: 0.1
vis: 60.0
cpu: exceptions=1669 cacheResets=1 batches=532 verts=7602 texStalls=0 recompiles=1251 underruns=4 overruns=0 sleep_us=4156024 queue_ms=112
fps: 30.7
vis: 60.0
cpu: exceptions=1943 cacheResets=1 batches=1417 verts=19932 texStalls=0 recompiles=1255 underruns=4 overruns=0 sleep_us=4491028 queue_ms=104
fps: 30.0
vis: 60.0
cpu: exceptions=2220 cacheResets=1 batches=2302 verts=32262 texStalls=0 recompiles=1276 underruns=4 overruns=0 sleep_us=4815533 queue_ms=108
fps: 30.0
vis: 60.0
cpu: exceptions=2497 cacheResets=1 batches=3187 verts=44592 texStalls=0 recompiles=1279 underruns=4 overruns=0 sleep_us=5160396 queue_ms=112
fps: 30.0
vis: 60.0
cpu: exceptions=2771 cacheResets=1 batches=4072 verts=56922 texStalls=0 recompiles=1280 underruns=4 overruns=0 sleep_us=5506374 queue_ms=104
fps: 30.0
vis: 60.0
cpu: exceptions=3058 cacheResets=1 batches=4957 verts=69252 texStalls=0 recompiles=1300 underruns=4 overruns=0 sleep_us=5837077 queue_ms=108
fps: 30.0
vis: 60.0
cpu: exceptions=3338 cacheResets=1 batches=5842 verts=81582 texStalls=0 recompiles=1300 underruns=4 overruns=0 sleep_us=6168192 queue_ms=112
fps: 30.0
vis: 60.0
cpu: exceptions=3619 cacheResets=1 batches=6727 verts=93912 texStalls=0 recompiles=1302 underruns=4 overruns=0 sleep_us=6503363 queue_ms=117
fps: 30.0
vis: 60.0
cpu: exceptions=3902 cacheResets=1 batches=7612 verts=106242 texStalls=0 recompiles=1351 underruns=4 overruns=0 sleep_us=6835763 queue_ms=108
fps: 30.1
vis: 60.0
cpu: exceptions=4187 cacheResets=1 batches=7951 verts=111852 texStalls=0 recompiles=1366 underruns=4 overruns=0 sleep_us=7193068 queue_ms=112
fps: 30.0
vis: 60.0
cpu: exceptions=4341 cacheResets=1 batches=8071 verts=113904 texStalls=0 recompiles=1383 underruns=4 overruns=0 sleep_us=7542179 queue_ms=117
fps: 29.9
vis: 60.0
cpu: exceptions=4489 cacheResets=1 batches=8449 verts=139314 texStalls=0 recompiles=1384 underruns=4 overruns=0 sleep_us=7885935 queue_ms=121
fps: 30.0
vis: 60.0
cpu: exceptions=4636 cacheResets=1 batches=8854 verts=166539 texStalls=0 recompiles=1386 underruns=4 overruns=0 sleep_us=8231979 queue_ms=112
fps: 30.0
vis: 60.0
cpu: exceptions=4781 cacheResets=1 batches=9259 verts=193764 texStalls=0 recompiles=1387 underruns=4 overruns=0 sleep_us=8587939 queue_ms=117
fps: 30.0
vis: 60.0
cpu: exceptions=4931 cacheResets=1 batches=9664 verts=220989 texStalls=0 recompiles=1387 underruns=4 overruns=0 sleep_us=8940763 queue_ms=121
fps: 30.0
vis: 60.0
cpu: exceptions=5081 cacheResets=1 batches=10069 verts=248214 texStalls=0 recompiles=1389 underruns=4 overruns=0 sleep_us=9290530 queue_ms=112
mark: stop reason: chain guest VI limit
mark: stop_it requested
audio: alist_resample_calls=11186 alist_resample_samples=2058224 alist_zoh_calls=0 alist_zoh_samples=0 musyx_subframes=0 musyx_voices=0 musyx_voice_peak=0
audio_stages: adpcm_calls=6590 adpcm_samples=722912 envmix_calls=8440 envmix_samples=1552960 mix_calls=54920 mix_samples=10105280 musyx_fx_calls=0 musyx_fx_taps=0 output_calls=342 output_samples=251896
audio_envmix: exp_calls=0 ge_calls=0 lin_calls=8440 nead_calls=0 exp_steady=0 ge_steady=0 lin_steady=7902
audio_gaps: nead_mats=0 nead_efz=0 resample_flag2=0 musyx_ptr10=0
audio_output: stream_requests=4275 stream_fed=868 input_hz=22047 playback_hz=22047 queue_peak_ms=137
probe_schema: version=2 self=1 interval=127
vm_io: read_ahead=1 reads=58 hits=277 read_bytes=1900544 writes=0 write_bytes=0 errors=0
subsystem_time: stage=rsp_gfx calls=238 timed_calls=238 period=1 timed_us=442928
subsystem_time: stage=rsp_audio calls=343 timed_calls=343 period=1 timed_us=471905
subsystem_time: stage=rsp_other calls=1 timed_calls=1 period=1 timed_us=4
subsystem_time: stage=lookup calls=166851 timed_calls=1313 period=127 timed_us=682
subsystem_time: stage=compile calls=1389 timed_calls=1389 period=1 timed_us=209350
subsystem_time: stage=dispatch calls=1604169 timed_calls=12631 period=127 timed_us=7748
subsystem_self: stage=dispatch calls=1604169 timed_calls=12631 self_us=5069 dropped=0
subsystem_time: stage=execute_inclusive calls=1604169 timed_calls=12631 period=127 timed_us=97689
subsystem_self: stage=execute_inclusive calls=1604169 timed_calls=12631 self_us=29924 dropped=0
subsystem_time: stage=rom_copy calls=1048 timed_calls=1048 period=1 timed_us=252383
subsystem_time: stage=present calls=899 timed_calls=899 period=1 timed_us=237610
subsystem_time: stage=limiter calls=842 timed_calls=842 period=1 timed_us=9293015
subsystem_time: stage=vm_fault calls=335 timed_calls=335 period=1 timed_us=234625
subsystem_time: stage=vm_victim calls=335 timed_calls=335 period=1 timed_us=390
subsystem_time: stage=vm_read calls=58 timed_calls=58 period=1 timed_us=218693
subsystem_time: stage=vm_write calls=0 timed_calls=0 period=1 timed_us=0
subsystem_time: stage=tex_hash calls=7634 timed_calls=7634 period=1 timed_us=69010
subsystem_time: stage=tex_lookup calls=7634 timed_calls=7634 period=1 timed_us=2763
subsystem_time: stage=tex_load calls=24 timed_calls=24 period=1 timed_us=3630
subsystem_time: stage=tex_activate calls=7634 timed_calls=7634 period=1 timed_us=4575
subsystem_time: stage=draw_triangles calls=10096 timed_calls=10096 period=1 timed_us=33224
subsystem_time: stage=draw_rect calls=1687 timed_calls=1687 period=1 timed_us=8913
subsystem_time: stage=gfx_list calls=238 timed_calls=238 period=1 timed_us=442420
subsystem_time: stage=gfx_command calls=176157 timed_calls=1387 period=127 timed_us=4092
gfx_ucodes: mask=00000004
gfx_opcode: op=00 calls=237 timed_calls=1 timed_us=0
gfx_opcode: op=01 calls=5860 timed_calls=51 timed_us=402
gfx_opcode: op=05 calls=17853 timed_calls=141 timed_us=761
gfx_opcode: op=06 calls=32745 timed_calls=254 timed_us=945
gfx_opcode: op=d7 calls=979 timed_calls=6 timed_us=1
gfx_opcode: op=d9 calls=7439 timed_calls=61 timed_us=8
gfx_opcode: op=da calls=6173 timed_calls=51 timed_us=19
gfx_opcode: op=db calls=5265 timed_calls=41 timed_us=8
gfx_opcode: op=dc calls=1858 timed_calls=16 timed_us=13
gfx_opcode: op=de calls=1346 timed_calls=12 timed_us=3
gfx_opcode: op=df calls=1584 timed_calls=11 timed_us=1
gfx_opcode: op=e2 calls=2119 timed_calls=18 timed_us=3
gfx_opcode: op=e3 calls=11276 timed_calls=82 timed_us=14
gfx_opcode: op=e6 calls=10066 timed_calls=87 timed_us=10
gfx_opcode: op=e7 calls=30043 timed_calls=248 timed_us=31
gfx_opcode: op=e8 calls=2432 timed_calls=16 timed_us=1
gfx_opcode: op=e9 calls=238 timed_calls=1 timed_us=0
gfx_opcode: op=ed calls=2162 timed_calls=11 timed_us=3
gfx_opcode: op=f0 calls=2432 timed_calls=21 timed_us=10
gfx_opcode: op=f2 calls=3086 timed_calls=23 timed_us=6
gfx_opcode: op=f3 calls=7634 timed_calls=59 timed_us=339
gfx_opcode: op=f5 calls=8229 timed_calls=62 timed_us=12
gfx_opcode: op=f6 calls=1925 timed_calls=14 timed_us=1286
gfx_opcode: op=f7 calls=948 timed_calls=8 timed_us=2
gfx_opcode: op=f8 calls=237 timed_calls=3 timed_us=1
gfx_opcode: op=fa calls=234 timed_calls=0 timed_us=0
gfx_opcode: op=fc calls=979 timed_calls=11 timed_us=2
gfx_opcode: op=fd calls=10066 timed_calls=73 timed_us=10
gfx_opcode: op=fe calls=237 timed_calls=2 timed_us=1
gfx_opcode: op=ff calls=475 timed_calls=3 timed_us=1
subsystem_time: stage=vertex calls=98130 timed_calls=772 period=127 timed_us=330
subsystem_time: stage=gfx_state calls=11689 timed_calls=92 period=127 timed_us=772
subsystem_self: stage=gfx_state calls=11689 timed_calls=92 self_us=194 dropped=0
subsystem_time: stage=gx_wait calls=4 timed_calls=4 period=1 timed_us=2556
subsystem_time: stage=dma_pi calls=1048 timed_calls=1048 period=1 timed_us=272043
subsystem_time: stage=dma_sp calls=1162 timed_calls=1162 period=1 timed_us=1448
subsystem_time: stage=dma_si calls=1351 timed_calls=1351 period=1 timed_us=3475
subsystem_time: stage=tlb_translate calls=0 timed_calls=0 period=127 timed_us=0
subsystem_time: stage=pif calls=1352 timed_calls=1352 period=1 timed_us=2869
subsystem_time: stage=input calls=388 timed_calls=388 period=1 timed_us=1653
subsystem_time: stage=guest_interrupt calls=5861 timed_calls=5861 period=1 timed_us=9576382
subsystem_self: stage=guest_interrupt calls=5861 timed_calls=5861 self_us=20340 dropped=0
subsystem_time: stage=interpreter_inclusive calls=0 timed_calls=0 period=1 timed_us=0
subsystem_self: stage=interpreter_inclusive calls=0 timed_calls=0 self_us=0 dropped=0
subsystem_time: stage=audio_submit calls=343 timed_calls=343 period=1 timed_us=5606
subsystem_time: stage=audio_callback calls=10294 timed_calls=10294 period=1 timed_us=4480
subsystem_time: stage=memory_slow calls=1084141 timed_calls=8536 period=127 timed_us=5414
subsystem_self: stage=memory_slow calls=1084141 timed_calls=8536 self_us=2875 dropped=0
subsystem_time: stage=jit_invalidate calls=1575 timed_calls=12 period=127 timed_us=2
subsystem_time: stage=cpu_helper calls=10246175 timed_calls=80678 period=127 timed_us=62881
subsystem_time: stage=storage_read calls=0 timed_calls=0 period=1 timed_us=0
subsystem_time: stage=storage_write calls=0 timed_calls=0 period=1 timed_us=0
subsystem_time: stage=save_load calls=0 timed_calls=0 period=1 timed_us=0
subsystem_time: stage=save_write calls=0 timed_calls=0 period=1 timed_us=0
subsystem_time: stage=state_load calls=0 timed_calls=0 period=1 timed_us=0
subsystem_time: stage=state_save calls=0 timed_calls=0 period=1 timed_us=0
subsystem_time: stage=probe_io calls=3 timed_calls=3 period=1 timed_us=32116
subsystem_time: stage=agent_poll calls=1812 timed_calls=1812 period=1 timed_us=452
audio_time: stage=resample sampled_calls=88 sampled_samples=16192 sampled_us=635
audio_time: stage=zoh sampled_calls=0 sampled_samples=0 sampled_us=0
audio_time: stage=adpcm sampled_calls=51 sampled_samples=5680 sampled_us=241
audio_time: stage=envmix_exp sampled_calls=0 sampled_samples=0 sampled_us=0
audio_time: stage=envmix_ge sampled_calls=0 sampled_samples=0 sampled_us=0
audio_time: stage=envmix_lin sampled_calls=66 sampled_samples=12144 sampled_us=1007
audio_time: stage=envmix_nead sampled_calls=0 sampled_samples=0 sampled_us=0
audio_time: stage=mix sampled_calls=432 sampled_samples=79488 sampled_us=1287
audio_time: stage=musyx_voice sampled_calls=0 sampled_samples=0 sampled_us=0
audio_time: stage=musyx_fx sampled_calls=0 sampled_samples=0 sampled_us=0
audio_time: stage=output sampled_calls=2 sampled_samples=1472 sampled_us=27
gpu_counters: clks=3697900942 tb_clks=3697901012 ras_busy=49119006 xf_wait_in=3620849144 xf_wait_out=65971385 ras_peak_permille=24 ztop_in=195038992 ztop_out=194054296 z_in=0 z_out=0 blend_in=194104528 copy_clks=67340643 fifo_overflows=0
game: n=9/9 how=vis vis=900 vi_rate=60 vi0_retrace=17209 wall_us=15217570 sleep_us=9290530 avg_vis=57.96 avg_fps=26.54 exceptions=5086 cacheResets=1 recompiles=1389 batches=10096 verts=250029 texStalls=0 treeDepthMax=15 underruns=4 overruns=0 queue_peak_ms=121 dsp_avg=1.38 dsp_peak=1.60 dsp_samples=31 pmc1=4014221167 pmc2=4374034001 pmc3=0 pmc4=0 mmcr0=00000042 mmcr1=00000000 heap_used=10885624 heap_free=112168 arena1_free=208896 arena2_free=288704 flushes=3 flush_us=32116 padtrace=0 rom=sd:/wii64/roms/Donkey Kong 64 (USA).z64
=== chain 9/9 end vis=900 how=vis rom=sd:/wii64/roms/Donkey Kong 64 (USA).z64 ===
