--- wii64 perf log ---
mark: diag config: wiiload arguments
mark: wiiload dynacore argument received
mark: diag received dynacore line
mark: diag requested core: dynarec
mark: pad replay records: 7
selftest:
  raw[0]=51288173116204238
  raw[1]=51288173116204239
  raw[2]=51288173116204255
  raw[3]=51288173116204266
  raw[4]=51288173116204277
  delta[0]=0us
  delta[1]=0us
  delta[2]=0us
  delta[3]=0us
mark: audio quality: accurate
mark: audio modes: n64=0 output=0 mixer=0 latency=2 sync=0
mark: diag applied core: dynarec
mark: HBC agent ready
mark: loadROM: enter
mark: loadROM: before rom_read
mark: ROMCache_load: enter
mark: ROMCache_load: before first read
mark: ROMCache_load: first read returned
mark: ROMCache_load: byte_swap_type set
mark: ROMCache_load: first byte_swap done
menufps: 10.3
menufps: 8.1
menufps: 7.7
mark: ROMCache_load: loop exited normally
mark: ROMCache_load: elapsed_us=2014485 bytes=8388608 vm=0
mark: loadROM: after rom_read
mark: loadROM: before init_memory
mark: loadROM: after init_memory
mark: loadROM: before romOpen_gfx
mark: loadROM: after romOpen_gfx / before romOpen_audio
mark: loadROM: after romOpen_audio / before romOpen_input
mark: loadROM: after romOpen_input / before cpu_init
mark: loadROM: after cpu_init
menufps: 2.7
menufps: 1.0
menufps: 1.0
fps: 0.0
first_vi: vi0_retrace=331
vis: 0.0
cpu: exceptions=0 cacheResets=0 batches=0 verts=0 texStalls=0 recompiles=0 underruns=0 overruns=0 sleep_us=0 queue_ms=0
mark: CPU core dispatch: dynarec
vis: 60.0
cpu: exceptions=240 cacheResets=1 batches=0 verts=0 texStalls=0 recompiles=189 underruns=1 overruns=0 sleep_us=224934 queue_ms=127
vis: 60.0
cpu: exceptions=540 cacheResets=1 batches=0 verts=0 texStalls=0 recompiles=198 underruns=1 overruns=0 sleep_us=702807 queue_ms=123
vis: 60.0
cpu: exceptions=840 cacheResets=1 batches=0 verts=0 texStalls=0 recompiles=204 underruns=1 overruns=0 sleep_us=1180862 queue_ms=129
vis: 60.0
cpu: exceptions=1135 cacheResets=1 batches=0 verts=0 texStalls=0 recompiles=204 underruns=1 overruns=0 sleep_us=1659680 queue_ms=124
fps: 0.5
vis: 60.0
cpu: exceptions=1431 cacheResets=1 batches=414 verts=9387 texStalls=0 recompiles=468 underruns=2 overruns=0 sleep_us=1967226 queue_ms=2
fps: 20.6
vis: 60.0
cpu: exceptions=1588 cacheResets=1 batches=2484 verts=56322 texStalls=0 recompiles=475 underruns=2 overruns=0 sleep_us=2382692 queue_ms=9
fps: 29.9
vis: 60.0
cpu: exceptions=1752 cacheResets=1 batches=4554 verts=103257 texStalls=0 recompiles=478 underruns=2 overruns=0 sleep_us=2797281 queue_ms=6
fps: 30.1
vis: 60.0
cpu: exceptions=1894 cacheResets=1 batches=6624 verts=150192 texStalls=0 recompiles=478 underruns=2 overruns=0 sleep_us=3221898 queue_ms=11
fps: 30.0
vis: 60.0
cpu: exceptions=2036 cacheResets=1 batches=8694 verts=197127 texStalls=0 recompiles=478 underruns=2 overruns=0 sleep_us=3646153 queue_ms=7
fps: 30.0
vis: 60.0
cpu: exceptions=2178 cacheResets=1 batches=10767 verts=244080 texStalls=0 recompiles=489 underruns=2 overruns=0 sleep_us=4068959 queue_ms=13
fps: 30.0
vis: 60.0
cpu: exceptions=2319 cacheResets=1 batches=12574 verts=284835 texStalls=0 recompiles=498 underruns=2 overruns=0 sleep_us=4496223 queue_ms=9
vis: 60.0
cpu: exceptions=2638 cacheResets=1 batches=12574 verts=284835 texStalls=0 recompiles=675 underruns=3 overruns=0 sleep_us=4689054 queue_ms=23
vis: 60.0
cpu: exceptions=2728 cacheResets=1 batches=12574 verts=284835 texStalls=0 recompiles=733 underruns=3 overruns=0 sleep_us=4901423 queue_ms=28
vis: 60.0
cpu: exceptions=2818 cacheResets=1 batches=12574 verts=284835 texStalls=0 recompiles=784 underruns=3 overruns=0 sleep_us=5209053 queue_ms=25
fps: 3.9
vis: 60.0
cpu: exceptions=2961 cacheResets=1 batches=13906 verts=302151 texStalls=0 recompiles=910 underruns=5 overruns=0 sleep_us=5445106 queue_ms=17
fps: 15.2
vis: 60.0
cpu: exceptions=3118 cacheResets=1 batches=18791 verts=366426 texStalls=0 recompiles=910 underruns=5 overruns=0 sleep_us=5620486 queue_ms=13
fps: 30.0
vis: 60.0
cpu: exceptions=3273 cacheResets=1 batches=23667 verts=430395 texStalls=0 recompiles=927 underruns=5 overruns=0 sleep_us=5794621 queue_ms=17
fps: 30.0
vis: 60.0
cpu: exceptions=3436 cacheResets=1 batches=28534 verts=494292 texStalls=0 recompiles=927 underruns=5 overruns=0 sleep_us=5968843 queue_ms=14
fps: 30.0
vis: 60.0
cpu: exceptions=3591 cacheResets=1 batches=33393 verts=558141 texStalls=0 recompiles=927 underruns=5 overruns=0 sleep_us=6154777 queue_ms=10
fps: 29.2
vis: 60.0
cpu: exceptions=3762 cacheResets=1 batches=38262 verts=622050 texStalls=0 recompiles=927 underruns=6 overruns=0 sleep_us=6324762 queue_ms=6
fps: 29.9
vis: 60.0
cpu: exceptions=3978 cacheResets=1 batches=43141 verts=686019 texStalls=0 recompiles=936 underruns=6 overruns=0 sleep_us=6474686 queue_ms=12
fps: 19.4
vis: 60.0
cpu: exceptions=4234 cacheResets=1 batches=43736 verts=693762 texStalls=0 recompiles=1065 underruns=9 overruns=0 sleep_us=6729260 queue_ms=13
fps: 31.7
vis: 60.0
cpu: exceptions=4401 cacheResets=1 batches=44542 verts=704178 texStalls=0 recompiles=1065 underruns=9 overruns=0 sleep_us=7115319 queue_ms=17
fps: 30.0
vis: 60.0
cpu: exceptions=4573 cacheResets=1 batches=45337 verts=714528 texStalls=0 recompiles=1065 underruns=9 overruns=0 sleep_us=7501102 queue_ms=13
fps: 30.0
vis: 60.0
cpu: exceptions=4738 cacheResets=1 batches=46132 verts=724878 texStalls=0 recompiles=1065 underruns=9 overruns=0 sleep_us=7896937 queue_ms=9
fps: 30.0
vis: 60.0
cpu: exceptions=4911 cacheResets=1 batches=46927 verts=735228 texStalls=0 recompiles=1065 underruns=9 overruns=0 sleep_us=8280868 queue_ms=15
fps: 30.0
vis: 60.0
cpu: exceptions=5090 cacheResets=1 batches=47722 verts=745578 texStalls=0 recompiles=1065 underruns=9 overruns=0 sleep_us=8659317 queue_ms=10
fps: 30.0
vis: 60.0
cpu: exceptions=5263 cacheResets=1 batches=48517 verts=755928 texStalls=0 recompiles=1065 underruns=9 overruns=0 sleep_us=9041303 queue_ms=16
fps: 30.0
vis: 60.0
cpu: exceptions=5432 cacheResets=1 batches=49312 verts=766278 texStalls=0 recompiles=1065 underruns=9 overruns=0 sleep_us=9430363 queue_ms=13
fps: 30.0
vis: 60.0
cpu: exceptions=5597 cacheResets=1 batches=50107 verts=776628 texStalls=0 recompiles=1065 underruns=9 overruns=0 sleep_us=9826355 queue_ms=17
vis: 60.0
cpu: exceptions=5779 cacheResets=1 batches=50622 verts=785298 texStalls=0 recompiles=1068 underruns=9 overruns=0 sleep_us=10222878 queue_ms=14
fps: 30.0
vis: 60.0
cpu: exceptions=5954 cacheResets=1 batches=51130 verts=793926 texStalls=0 recompiles=1071 underruns=9 overruns=0 sleep_us=10618447 queue_ms=19
fps: 30.0
vis: 60.0
cpu: exceptions=6203 cacheResets=1 batches=51232 verts=795654 texStalls=0 recompiles=1131 underruns=9 overruns=0 sleep_us=10906844 queue_ms=16
fps: 4.1
vis: 60.0
cpu: exceptions=6353 cacheResets=1 batches=51787 verts=806670 texStalls=0 recompiles=1530 underruns=10 overruns=0 sleep_us=11110853 queue_ms=32
fps: 32.8
vis: 60.0
cpu: exceptions=6488 cacheResets=1 batches=54697 verts=879300 texStalls=0 recompiles=1534 underruns=10 overruns=0 sleep_us=11454060 queue_ms=38
vis: 60.0
cpu: exceptions=6623 cacheResets=1 batches=57607 verts=951930 texStalls=0 recompiles=1534 underruns=10 overruns=0 sleep_us=11798038 queue_ms=35
fps: 30.0
vis: 60.0
cpu: exceptions=6758 cacheResets=1 batches=60517 verts=1024560 texStalls=0 recompiles=1534 underruns=10 overruns=0 sleep_us=12142046 queue_ms=41
fps: 30.0
vis: 60.0
cpu: exceptions=6893 cacheResets=1 batches=63427 verts=1097190 texStalls=0 recompiles=1534 underruns=10 overruns=0 sleep_us=12485656 queue_ms=36
fps: 30.0
vis: 60.0
cpu: exceptions=7045 cacheResets=1 batches=67345 verts=1175868 texStalls=0 recompiles=1544 underruns=10 overruns=0 sleep_us=12793252 queue_ms=42
fps: 29.3
vis: 60.0
cpu: exceptions=7220 cacheResets=1 batches=71512 verts=1256040 texStalls=0 recompiles=1545 underruns=10 overruns=0 sleep_us=13081502 queue_ms=29
fps: 30.0
vis: 60.0
cpu: exceptions=7400 cacheResets=1 batches=75667 verts=1336140 texStalls=0 recompiles=1545 underruns=10 overruns=0 sleep_us=13365461 queue_ms=25
fps: 30.0
vis: 60.0
cpu: exceptions=7581 cacheResets=1 batches=79822 verts=1416240 texStalls=0 recompiles=1545 underruns=10 overruns=0 sleep_us=13645770 queue_ms=31
fps: 30.0
vis: 60.0
cpu: exceptions=7776 cacheResets=1 batches=83977 verts=1496340 texStalls=0 recompiles=1545 underruns=10 overruns=0 sleep_us=13917723 queue_ms=27
fps: 29.9
vis: 60.0
cpu: exceptions=7989 cacheResets=1 batches=88132 verts=1576440 texStalls=0 recompiles=1545 underruns=10 overruns=0 sleep_us=14181558 queue_ms=23
fps: 30.0
vis: 60.0
cpu: exceptions=8197 cacheResets=1 batches=92287 verts=1656540 texStalls=0 recompiles=1545 underruns=10 overruns=0 sleep_us=14447175 queue_ms=28
fps: 30.0
vis: 60.0
cpu: exceptions=8416 cacheResets=1 batches=96442 verts=1736640 texStalls=0 recompiles=1545 underruns=10 overruns=0 sleep_us=14703412 queue_ms=25
fps: 30.0
vis: 60.0
cpu: exceptions=8621 cacheResets=1 batches=100597 verts=1816740 texStalls=0 recompiles=1545 underruns=10 overruns=0 sleep_us=14970632 queue_ms=29
fps: 30.0
vis: 60.0
cpu: exceptions=8815 cacheResets=1 batches=104752 verts=1896840 texStalls=0 recompiles=1545 underruns=10 overruns=0 sleep_us=15246185 queue_ms=26
fps: 30.0
vis: 60.0
cpu: exceptions=9007 cacheResets=1 batches=108907 verts=1976940 texStalls=0 recompiles=1545 underruns=10 overruns=0 sleep_us=15524886 queue_ms=31
fps: 30.0
vis: 60.0
cpu: exceptions=9171 cacheResets=1 batches=113062 verts=2057040 texStalls=0 recompiles=1547 underruns=10 overruns=0 sleep_us=15820604 queue_ms=27
fps: 30.0
vis: 60.0
cpu: exceptions=9315 cacheResets=1 batches=117217 verts=2137140 texStalls=0 recompiles=1547 underruns=10 overruns=0 sleep_us=16128531 queue_ms=24
fps: 30.0
vis: 60.0
cpu: exceptions=9455 cacheResets=1 batches=121372 verts=2217240 texStalls=0 recompiles=1547 underruns=10 overruns=0 sleep_us=16438928 queue_ms=29
fps: 30.0
vis: 60.0
cpu: exceptions=9595 cacheResets=1 batches=125527 verts=2297340 texStalls=0 recompiles=1547 underruns=10 overruns=0 sleep_us=16749052 queue_ms=25
fps: 30.0
vis: 60.0
cpu: exceptions=9733 cacheResets=1 batches=129682 verts=2377440 texStalls=0 recompiles=1547 underruns=10 overruns=0 sleep_us=17062551 queue_ms=30
fps: 30.0
vis: 60.0
cpu: exceptions=9868 cacheResets=1 batches=133837 verts=2457540 texStalls=0 recompiles=1547 underruns=10 overruns=0 sleep_us=17381550 queue_ms=27
fps: 30.0
vis: 60.0
cpu: exceptions=10003 cacheResets=1 batches=137992 verts=2537640 texStalls=0 recompiles=1547 underruns=10 overruns=0 sleep_us=17700043 queue_ms=32
fps: 30.1
vis: 60.0
cpu: exceptions=10138 cacheResets=1 batches=141307 verts=2612700 texStalls=0 recompiles=1548 underruns=10 overruns=0 sleep_us=18037906 queue_ms=29
fps: 30.0
vis: 60.0
cpu: exceptions=10273 cacheResets=1 batches=144202 verts=2685240 texStalls=0 recompiles=1548 underruns=10 overruns=0 sleep_us=18384927 queue_ms=25
fps: 30.0
vis: 60.0
cpu: exceptions=10414 cacheResets=1 batches=147126 verts=2758428 texStalls=0 recompiles=1568 underruns=10 overruns=0 sleep_us=18722375 queue_ms=30
fps: 29.1
vis: 60.0
cpu: exceptions=10579 cacheResets=1 batches=150441 verts=2840598 texStalls=0 recompiles=1568 underruns=10 overruns=0 sleep_us=19018740 queue_ms=18
fps: 30.2
vis: 60.0
cpu: exceptions=10740 cacheResets=1 batches=153276 verts=2903952 texStalls=0 recompiles=1569 underruns=10 overruns=0 sleep_us=19337366 queue_ms=13
fps: 30.0
vis: 60.0
cpu: exceptions=10898 cacheResets=1 batches=155691 verts=2950842 texStalls=0 recompiles=1569 underruns=10 overruns=0 sleep_us=19675845 queue_ms=19
fps: 30.0
vis: 60.0
cpu: exceptions=11062 cacheResets=1 batches=158106 verts=2997732 texStalls=0 recompiles=1572 underruns=10 overruns=0 sleep_us=20008529 queue_ms=15
fps: 29.9
vis: 60.0
cpu: exceptions=11258 cacheResets=1 batches=160521 verts=3044622 texStalls=0 recompiles=1572 underruns=10 overruns=0 sleep_us=20316814 queue_ms=20
fps: 30.0
vis: 60.0
cpu: exceptions=11446 cacheResets=1 batches=162942 verts=3091542 texStalls=0 recompiles=1572 underruns=10 overruns=0 sleep_us=20632593 queue_ms=17
fps: 30.0
vis: 60.0
cpu: exceptions=11613 cacheResets=1 batches=165447 verts=3138882 texStalls=0 recompiles=1572 underruns=10 overruns=0 sleep_us=20960650 queue_ms=13
fps: 29.9
vis: 60.0
cpu: exceptions=11794 cacheResets=1 batches=167976 verts=3186294 texStalls=0 recompiles=1572 underruns=10 overruns=0 sleep_us=21272388 queue_ms=18
fps: 29.9
vis: 60.0
cpu: exceptions=11988 cacheResets=1 batches=170630 verts=3235593 texStalls=0 recompiles=1572 underruns=10 overruns=0 sleep_us=21566780 queue_ms=14
fps: 30.1
vis: 60.0
cpu: exceptions=12182 cacheResets=1 batches=173364 verts=3286140 texStalls=0 recompiles=1572 underruns=10 overruns=0 sleep_us=21866512 queue_ms=20
fps: 30.0
vis: 60.0
cpu: exceptions=12352 cacheResets=1 batches=176140 verts=3336813 texStalls=0 recompiles=1572 underruns=10 overruns=0 sleep_us=22185244 queue_ms=15
fps: 29.9
vis: 60.0
cpu: exceptions=12529 cacheResets=1 batches=178978 verts=3387768 texStalls=0 recompiles=1572 underruns=10 overruns=0 sleep_us=22495736 queue_ms=21
fps: 30.0
vis: 60.0
cpu: exceptions=12717 cacheResets=1 batches=181858 verts=3438933 texStalls=0 recompiles=1572 underruns=10 overruns=0 sleep_us=22792869 queue_ms=18
fps: 30.0
vis: 60.0
cpu: exceptions=12923 cacheResets=1 batches=184738 verts=3490098 texStalls=0 recompiles=1572 underruns=10 overruns=0 sleep_us=23077076 queue_ms=13
fps: 30.0
vis: 60.0
cpu: exceptions=13105 cacheResets=1 batches=187656 verts=3542487 texStalls=0 recompiles=1572 underruns=10 overruns=0 sleep_us=23380612 queue_ms=19
fps: 30.0
vis: 60.0
cpu: exceptions=13273 cacheResets=1 batches=190686 verts=3598332 texStalls=0 recompiles=1572 underruns=10 overruns=0 sleep_us=23684792 queue_ms=15
fps: 30.0
vis: 60.0
cpu: exceptions=13459 cacheResets=1 batches=193716 verts=3654177 texStalls=0 recompiles=1572 underruns=10 overruns=0 sleep_us=23974639 queue_ms=21
vis: 60.0
cpu: exceptions=13661 cacheResets=1 batches=196746 verts=3710022 texStalls=0 recompiles=1572 underruns=10 overruns=0 sleep_us=24246715 queue_ms=16
fps: 30.0
vis: 60.0
cpu: exceptions=13851 cacheResets=1 batches=199778 verts=3766149 texStalls=0 recompiles=1572 underruns=10 overruns=0 sleep_us=24532718 queue_ms=22
fps: 30.0
vis: 60.0
cpu: exceptions=14021 cacheResets=1 batches=202780 verts=3822606 texStalls=0 recompiles=1572 underruns=10 overruns=0 sleep_us=24835597 queue_ms=18
fps: 29.3
mark: stop reason: chain guest VI limit
mark: stop_it requested
audio: alist_resample_calls=42763 alist_resample_samples=5572696 alist_zoh_calls=0 alist_zoh_samples=0 musyx_subframes=0 musyx_voices=0 musyx_voice_peak=0
audio_stages: adpcm_calls=41651 adpcm_samples=5505360 envmix_calls=40317 envmix_samples=5378800 mix_calls=9436 mix_samples=3019520 musyx_fx_calls=0 musyx_fx_taps=0 output_calls=2360 output_samples=1259104
audio_envmix: exp_calls=40317 ge_calls=0 lin_calls=0 nead_calls=0 exp_steady=33833 ge_steady=0 lin_steady=0
audio_gaps: nead_mats=0 nead_efz=0 resample_flag2=0 musyx_ptr10=0
audio_output: stream_requests=6234 stream_fed=4371 input_hz=32006 playback_hz=32006 queue_peak_ms=147
probe_schema: version=2 self=1 interval=127
vm_io: read_ahead=1 reads=0 hits=0 read_bytes=0 writes=0 write_bytes=0 errors=0
subsystem_time: stage=rsp_gfx calls=1046 timed_calls=1046 period=1 timed_us=4008150
subsystem_time: stage=rsp_audio calls=2359 timed_calls=2359 period=1 timed_us=1168943
subsystem_time: stage=rsp_other calls=0 timed_calls=0 period=1 timed_us=0
subsystem_time: stage=lookup calls=896574 timed_calls=7059 period=127 timed_us=2408
subsystem_time: stage=compile calls=1572 timed_calls=1572 period=1 timed_us=171096
subsystem_time: stage=dispatch calls=6520393 timed_calls=51341 period=127 timed_us=23311
subsystem_self: stage=dispatch calls=6520393 timed_calls=51341 self_us=18801 dropped=0
subsystem_time: stage=execute_inclusive calls=6520393 timed_calls=51341 period=127 timed_us=289640
subsystem_self: stage=execute_inclusive calls=6520393 timed_calls=51341 self_us=75519 dropped=0
subsystem_time: stage=rom_copy calls=3129 timed_calls=3129 period=1 timed_us=41842
subsystem_time: stage=present calls=2399 timed_calls=2399 period=1 timed_us=51533
subsystem_time: stage=limiter calls=2365 timed_calls=2365 period=1 timed_us=25122266
subsystem_time: stage=vm_fault calls=0 timed_calls=0 period=1 timed_us=0
subsystem_time: stage=vm_victim calls=0 timed_calls=0 period=1 timed_us=0
subsystem_time: stage=vm_read calls=0 timed_calls=0 period=1 timed_us=0
subsystem_time: stage=vm_write calls=0 timed_calls=0 period=1 timed_us=0
subsystem_time: stage=tex_hash calls=85142 timed_calls=85142 period=1 timed_us=584612
subsystem_time: stage=tex_lookup calls=85142 timed_calls=85142 period=1 timed_us=44160
subsystem_time: stage=tex_load calls=177 timed_calls=177 period=1 timed_us=7251
subsystem_time: stage=tex_activate calls=85142 timed_calls=85142 period=1 timed_us=49153
subsystem_time: stage=draw_triangles calls=205468 timed_calls=205468 period=1 timed_us=590736
subsystem_time: stage=draw_rect calls=8799 timed_calls=8799 period=1 timed_us=67870
subsystem_time: stage=gfx_list calls=1046 timed_calls=1046 period=1 timed_us=4006010
subsystem_time: stage=gfx_command calls=2786525 timed_calls=21941 period=127 timed_us=33620
gfx_ucodes: mask=00000001
gfx_opcode: op=01 calls=75424 timed_calls=587 timed_us=281
gfx_opcode: op=03 calls=73618 timed_calls=560 timed_us=275
gfx_opcode: op=04 calls=202046 timed_calls=1574 timed_us=5802
gfx_opcode: op=06 calls=145116 timed_calls=1136 timed_us=196
gfx_opcode: op=b4 calls=4451 timed_calls=26 timed_us=5
gfx_opcode: op=b6 calls=23950 timed_calls=197 timed_us=28
gfx_opcode: op=b7 calls=21046 timed_calls=176 timed_us=24
gfx_opcode: op=b8 calls=140309 timed_calls=1093 timed_us=141
gfx_opcode: op=b9 calls=30673 timed_calls=257 timed_us=46
gfx_opcode: op=ba calls=19636 timed_calls=157 timed_us=34
gfx_opcode: op=bb calls=51778 timed_calls=400 timed_us=72
gfx_opcode: op=bc calls=19397 timed_calls=142 timed_us=34
gfx_opcode: op=bd calls=3892 timed_calls=26 timed_us=3
gfx_opcode: op=bf calls=1291604 timed_calls=10187 timed_us=19280
gfx_opcode: op=e4 calls=6448 timed_calls=57 timed_us=509
gfx_opcode: op=e6 calls=85142 timed_calls=693 timed_us=87
gfx_opcode: op=e7 calls=100881 timed_calls=782 timed_us=108
gfx_opcode: op=e8 calls=34686 timed_calls=287 timed_us=37
gfx_opcode: op=e9 calls=1046 timed_calls=11 timed_us=13
gfx_opcode: op=ed calls=7377 timed_calls=55 timed_us=22
gfx_opcode: op=f2 calls=70824 timed_calls=570 timed_us=145
gfx_opcode: op=f3 calls=85142 timed_calls=669 timed_us=3216
gfx_opcode: op=f5 calls=132647 timed_calls=1033 timed_us=193
gfx_opcode: op=f6 calls=3397 timed_calls=22 timed_us=1130
gfx_opcode: op=f7 calls=2351 timed_calls=18 timed_us=9
gfx_opcode: op=f9 calls=38 timed_calls=0 timed_us=0
gfx_opcode: op=fa calls=5661 timed_calls=51 timed_us=8
gfx_opcode: op=fb calls=7254 timed_calls=52 timed_us=9
gfx_opcode: op=fc calls=52411 timed_calls=433 timed_us=58
gfx_opcode: op=fd calls=85142 timed_calls=669 timed_us=94
gfx_opcode: op=fe calls=1046 timed_calls=4 timed_us=3
gfx_opcode: op=ff calls=2092 timed_calls=17 timed_us=11
subsystem_time: stage=vertex calls=2212150 timed_calls=17418 period=127 timed_us=5540
subsystem_time: stage=gfx_state calls=314512 timed_calls=2476 period=127 timed_us=8737
subsystem_self: stage=gfx_state calls=314512 timed_calls=2476 self_us=3209 dropped=0
subsystem_time: stage=gx_wait calls=4 timed_calls=4 period=1 timed_us=2538
subsystem_time: stage=dma_pi calls=3129 timed_calls=3129 period=1 timed_us=95144
subsystem_time: stage=dma_sp calls=6810 timed_calls=6810 period=1 timed_us=6501
subsystem_time: stage=dma_si calls=1690 timed_calls=1690 period=1 timed_us=24804
subsystem_time: stage=tlb_translate calls=200897 timed_calls=1581 period=127 timed_us=184
subsystem_time: stage=pif calls=1691 timed_calls=1691 period=1 timed_us=23140
subsystem_time: stage=input calls=4180 timed_calls=4180 period=1 timed_us=19584
subsystem_time: stage=guest_interrupt calls=17248 timed_calls=17248 period=1 timed_us=25273711
subsystem_self: stage=guest_interrupt calls=17248 timed_calls=17248 self_us=40336 dropped=0
subsystem_time: stage=interpreter_inclusive calls=0 timed_calls=0 period=1 timed_us=0
subsystem_self: stage=interpreter_inclusive calls=0 timed_calls=0 self_us=0 dropped=0
subsystem_time: stage=audio_submit calls=2360 timed_calls=2360 period=1 timed_us=26659
subsystem_time: stage=audio_callback calls=24736 timed_calls=24736 period=1 timed_us=17255
subsystem_time: stage=memory_slow calls=1118223 timed_calls=8804 period=127 timed_us=44046
subsystem_self: stage=memory_slow calls=1118223 timed_calls=8804 self_us=4847 dropped=0
subsystem_time: stage=jit_invalidate calls=385672 timed_calls=3036 period=127 timed_us=625
subsystem_time: stage=cpu_helper calls=17896020 timed_calls=140913 period=127 timed_us=257533
subsystem_time: stage=storage_read calls=0 timed_calls=0 period=1 timed_us=0
subsystem_time: stage=storage_write calls=0 timed_calls=0 period=1 timed_us=0
subsystem_time: stage=save_load calls=0 timed_calls=0 period=1 timed_us=0
subsystem_time: stage=save_write calls=0 timed_calls=0 period=1 timed_us=0
subsystem_time: stage=state_load calls=0 timed_calls=0 period=1 timed_us=0
subsystem_time: stage=state_save calls=0 timed_calls=0 period=1 timed_us=0
subsystem_time: stage=probe_io calls=6 timed_calls=6 period=1 timed_us=67605
subsystem_time: stage=agent_poll calls=4810 timed_calls=4810 period=1 timed_us=1012
audio_time: stage=resample sampled_calls=336 sampled_samples=43888 sampled_us=1856
audio_time: stage=zoh sampled_calls=0 sampled_samples=0 sampled_us=0
audio_time: stage=adpcm sampled_calls=327 sampled_samples=42240 sampled_us=1782
audio_time: stage=envmix_exp sampled_calls=317 sampled_samples=42336 sampled_us=4079
audio_time: stage=envmix_ge sampled_calls=0 sampled_samples=0 sampled_us=0
audio_time: stage=envmix_lin sampled_calls=0 sampled_samples=0 sampled_us=0
audio_time: stage=envmix_nead sampled_calls=0 sampled_samples=0 sampled_us=0
audio_time: stage=mix sampled_calls=74 sampled_samples=23680 sampled_us=397
audio_time: stage=musyx_voice sampled_calls=0 sampled_samples=0 sampled_us=0
audio_time: stage=musyx_fx sampled_calls=0 sampled_samples=0 sampled_us=0
audio_time: stage=output sampled_calls=18 sampled_samples=9584 sampled_us=169
gpu_counters: clks=9770767423 tb_clks=9770767508 ras_busy=198172164 xf_wait_in=9323471296 xf_wait_out=283604477 ras_peak_permille=34 ztop_in=761475224 ztop_out=724562848 z_in=1416440 z_out=1344756 blend_in=726245196 copy_clks=118947766 fifo_overflows=368
game: n=1/9 how=vis vis=2400 vi_rate=60 vi0_retrace=331 wall_us=40208803 sleep_us=25115208 avg_vis=59.25 avg_fps=27.96 exceptions=14190 cacheResets=1 recompiles=1572 batches=205468 verts=3874812 texStalls=0 treeDepthMax=14 underruns=11 overruns=0 queue_peak_ms=129 dsp_avg=1.52 dsp_peak=1.80 dsp_samples=80 pmc1=10888310906 pmc2=10902311634 pmc3=0 pmc4=0 mmcr0=00000042 mmcr1=00000000 heap_used=10876792 heap_free=37000 arena1_free=294912 arena2_free=288704 flushes=6 flush_us=67603 padtrace=11 rom=sd:/wii64/roms/Super Mario 64.v64
=== chain 1/9 end vis=2400 how=vis rom=sd:/wii64/roms/Super Mario 64.v64 ===
mark: pad replay records: 22
mark: loadROM: enter
mark: loadROM: before rom_read
mark: ROMCache_load: enter
mark: ROMCache_load: before first read
mark: ROMCache_load: first read returned
mark: ROMCache_load: byte_swap_type set
mark: ROMCache_load: first byte_swap done
menufps: 0.0
menufps: 8.4
menufps: 8.3
menufps: 8.3
menufps: 8.0
menufps: 8.3
mark: ROMCache_load: loop exited normally
mark: ROMCache_load: elapsed_us=3119956 bytes=13893632 vm=0
mark: loadROM: after rom_read
mark: loadROM: before init_memory
mark: loadROM: after init_memory
mark: loadROM: before romOpen_gfx
mark: loadROM: after romOpen_gfx / before romOpen_audio
mark: loadROM: after romOpen_audio / before romOpen_input
mark: loadROM: after romOpen_input / before cpu_init
mark: loadROM: after cpu_init
menufps: 2.2
menufps: 1.0
menufps: 1.0
fps: 1.8
first_vi: vi0_retrace=3139
vis: 4.1
cpu: exceptions=0 cacheResets=0 batches=0 verts=0 texStalls=0 recompiles=0 underruns=0 overruns=0 sleep_us=0 queue_ms=0
mark: CPU core dispatch: dynarec
vis: 60.0
cpu: exceptions=1028 cacheResets=1 batches=0 verts=0 texStalls=0 recompiles=316 underruns=2 overruns=0 sleep_us=83414 queue_ms=116
vis: 60.0
cpu: exceptions=1328 cacheResets=1 batches=0 verts=0 texStalls=0 recompiles=316 underruns=2 overruns=0 sleep_us=556204 queue_ms=113
vis: 60.0
cpu: exceptions=1628 cacheResets=1 batches=0 verts=0 texStalls=0 recompiles=331 underruns=2 overruns=0 sleep_us=1027016 queue_ms=120
vis: 60.0
cpu: exceptions=1927 cacheResets=1 batches=0 verts=0 texStalls=0 recompiles=331 underruns=2 overruns=0 sleep_us=1499555 queue_ms=116
vis: 60.0
cpu: exceptions=2227 cacheResets=1 batches=0 verts=0 texStalls=0 recompiles=331 underruns=2 overruns=0 sleep_us=1972145 queue_ms=124
vis: 60.0
cpu: exceptions=2527 cacheResets=1 batches=0 verts=0 texStalls=0 recompiles=331 underruns=2 overruns=0 sleep_us=2444674 queue_ms=120
vis: 60.0
cpu: exceptions=2863 cacheResets=1 batches=0 verts=0 texStalls=0 recompiles=344 underruns=2 overruns=0 sleep_us=2909099 queue_ms=116
fps: 0.8
vis: 60.0
cpu: exceptions=3436 cacheResets=1 batches=64 verts=4140 texStalls=0 recompiles=468 underruns=2 overruns=0 sleep_us=3333851 queue_ms=122
fps: 1.6
vis: 60.0
cpu: exceptions=3541 cacheResets=1 batches=576 verts=37260 texStalls=0 recompiles=528 underruns=2 overruns=0 sleep_us=3619982 queue_ms=17
fps: 31.1
vis: 60.0
cpu: exceptions=3682 cacheResets=1 batches=1536 verts=99360 texStalls=0 recompiles=528 underruns=2 overruns=0 sleep_us=3909787 queue_ms=25
fps: 30.0
vis: 60.0
cpu: exceptions=3818 cacheResets=1 batches=2304 verts=149040 texStalls=0 recompiles=566 underruns=2 overruns=0 sleep_us=4178679 queue_ms=20
vis: 60.0
cpu: exceptions=3914 cacheResets=1 batches=2304 verts=149040 texStalls=0 recompiles=566 underruns=2 overruns=0 sleep_us=4391706 queue_ms=28
fps: 3.9
vis: 60.0
cpu: exceptions=4013 cacheResets=1 batches=2424 verts=149760 texStalls=0 recompiles=598 underruns=2 overruns=0 sleep_us=4690367 queue_ms=23
fps: 1.7
vis: 59.6
cpu: exceptions=4115 cacheResets=1 batches=2904 verts=152640 texStalls=0 recompiles=610 underruns=4 overruns=0 sleep_us=5022330 queue_ms=7
fps: 30.8
vis: 59.7
cpu: exceptions=4329 cacheResets=1 batches=4704 verts=163440 texStalls=0 recompiles=611 underruns=5 overruns=0 sleep_us=5192548 queue_ms=22
fps: 29.8
vis: 59.7
cpu: exceptions=4530 cacheResets=1 batches=6504 verts=174240 texStalls=0 recompiles=614 underruns=5 overruns=0 sleep_us=5359898 queue_ms=19
fps: 29.8
vis: 59.7
cpu: exceptions=4723 cacheResets=1 batches=8304 verts=185040 texStalls=0 recompiles=614 underruns=5 overruns=0 sleep_us=5524098 queue_ms=15
fps: 29.9
vis: 59.7
cpu: exceptions=4917 cacheResets=1 batches=10104 verts=195840 texStalls=0 recompiles=614 underruns=5 overruns=0 sleep_us=5689255 queue_ms=10
fps: 29.9
vis: 59.7
cpu: exceptions=5096 cacheResets=1 batches=11904 verts=206640 texStalls=0 recompiles=614 underruns=5 overruns=0 sleep_us=5858454 queue_ms=5
fps: 29.1
vis: 59.7
cpu: exceptions=5274 cacheResets=1 batches=13704 verts=217440 texStalls=0 recompiles=618 underruns=7 overruns=0 sleep_us=6026494 queue_ms=13
vis: 60.0
cpu: exceptions=5454 cacheResets=1 batches=15024 verts=225360 texStalls=0 recompiles=625 underruns=7 overruns=0 sleep_us=6191082 queue_ms=19
vis: 60.0
cpu: exceptions=5605 cacheResets=1 batches=15024 verts=225360 texStalls=0 recompiles=625 underruns=7 overruns=0 sleep_us=6371579 queue_ms=14
vis: 60.0
cpu: exceptions=5713 cacheResets=1 batches=15024 verts=225360 texStalls=0 recompiles=631 underruns=7 overruns=0 sleep_us=6615025 queue_ms=21
fps: 7.0
vis: 60.0
cpu: exceptions=5835 cacheResets=1 batches=15024 verts=225360 texStalls=0 recompiles=674 underruns=7 overruns=0 sleep_us=6869277 queue_ms=17
fps: 31.8
vis: 59.9
cpu: exceptions=6048 cacheResets=1 batches=15024 verts=225360 texStalls=0 recompiles=674 underruns=7 overruns=0 sleep_us=7073404 queue_ms=23
fps: 30.0
vis: 60.0
cpu: exceptions=6237 cacheResets=1 batches=15024 verts=225360 texStalls=0 recompiles=674 underruns=7 overruns=0 sleep_us=7280122 queue_ms=19
fps: 30.0
vis: 60.0
cpu: exceptions=6408 cacheResets=1 batches=15024 verts=225360 texStalls=0 recompiles=674 underruns=7 overruns=0 sleep_us=7490865 queue_ms=26
fps: 30.0
vis: 60.0
cpu: exceptions=6575 cacheResets=1 batches=15024 verts=225360 texStalls=0 recompiles=674 underruns=7 overruns=0 sleep_us=7703554 queue_ms=23
fps: 30.0
vis: 60.0
cpu: exceptions=6745 cacheResets=1 batches=15024 verts=225360 texStalls=0 recompiles=674 underruns=7 overruns=0 sleep_us=7916541 queue_ms=19
fps: 30.0
vis: 59.5
cpu: exceptions=6918 cacheResets=1 batches=15024 verts=225360 texStalls=0 recompiles=681 underruns=7 overruns=0 sleep_us=8128594 queue_ms=26
fps: 29.7
vis: 60.0
cpu: exceptions=7084 cacheResets=1 batches=15024 verts=225360 texStalls=0 recompiles=686 underruns=7 overruns=0 sleep_us=8325542 queue_ms=22
fps: 30.1
vis: 60.0
cpu: exceptions=7253 cacheResets=1 batches=15024 verts=225360 texStalls=0 recompiles=686 underruns=7 overruns=0 sleep_us=8535921 queue_ms=17
vis: 60.0
cpu: exceptions=7425 cacheResets=1 batches=15024 verts=225360 texStalls=0 recompiles=686 underruns=7 overruns=0 sleep_us=8756120 queue_ms=25
fps: 30.0
vis: 60.0
cpu: exceptions=7585 cacheResets=1 batches=15024 verts=225360 texStalls=0 recompiles=686 underruns=7 overruns=0 sleep_us=8979053 queue_ms=21
fps: 30.0
vis: 60.0
cpu: exceptions=7759 cacheResets=1 batches=15024 verts=225360 texStalls=0 recompiles=686 underruns=7 overruns=0 sleep_us=9198853 queue_ms=28
fps: 30.0
vis: 60.0
cpu: exceptions=7935 cacheResets=1 batches=15024 verts=225360 texStalls=0 recompiles=686 underruns=7 overruns=0 sleep_us=9419505 queue_ms=25
fps: 30.0
vis: 60.0
cpu: exceptions=8103 cacheResets=1 batches=15024 verts=225360 texStalls=0 recompiles=686 underruns=7 overruns=0 sleep_us=9641154 queue_ms=32
fps: 30.0
vis: 60.0
cpu: exceptions=8278 cacheResets=1 batches=15024 verts=225360 texStalls=0 recompiles=686 underruns=7 overruns=0 sleep_us=9861837 queue_ms=28
fps: 30.0
vis: 60.0
cpu: exceptions=8447 cacheResets=1 batches=15024 verts=225360 texStalls=0 recompiles=686 underruns=7 overruns=0 sleep_us=10086024 queue_ms=34
fps: 29.2
vis: 59.9
cpu: exceptions=8613 cacheResets=1 batches=15024 verts=225360 texStalls=0 recompiles=688 underruns=7 overruns=0 sleep_us=10328984 queue_ms=19
fps: 30.0
vis: 60.0
cpu: exceptions=8772 cacheResets=1 batches=15024 verts=225360 texStalls=0 recompiles=688 underruns=7 overruns=0 sleep_us=10571038 queue_ms=16
fps: 30.0
vis: 60.0
cpu: exceptions=8938 cacheResets=1 batches=15024 verts=225360 texStalls=0 recompiles=688 underruns=7 overruns=0 sleep_us=10808757 queue_ms=22
fps: 30.0
vis: 60.0
cpu: exceptions=9129 cacheResets=1 batches=15024 verts=225360 texStalls=0 recompiles=688 underruns=7 overruns=0 sleep_us=11024337 queue_ms=17
fps: 30.0
vis: 60.0
cpu: exceptions=9302 cacheResets=1 batches=15024 verts=225360 texStalls=0 recompiles=688 underruns=7 overruns=0 sleep_us=11248157 queue_ms=14
fps: 30.0
vis: 60.0
cpu: exceptions=9458 cacheResets=1 batches=15024 verts=225360 texStalls=0 recompiles=688 underruns=7 overruns=0 sleep_us=11484420 queue_ms=20
fps: 30.0
vis: 60.0
cpu: exceptions=9615 cacheResets=1 batches=15024 verts=225360 texStalls=0 recompiles=688 underruns=7 overruns=0 sleep_us=11720708 queue_ms=17
fps: 30.0
vis: 60.0
cpu: exceptions=9769 cacheResets=1 batches=15024 verts=225360 texStalls=0 recompiles=688 underruns=7 overruns=0 sleep_us=11958421 queue_ms=24
fps: 30.0
vis: 60.0
cpu: exceptions=9927 cacheResets=1 batches=15024 verts=225360 texStalls=0 recompiles=688 underruns=7 overruns=0 sleep_us=12199626 queue_ms=19
fps: 30.0
vis: 60.0
cpu: exceptions=10082 cacheResets=1 batches=15024 verts=225360 texStalls=0 recompiles=688 underruns=7 overruns=0 sleep_us=12442496 queue_ms=25
fps: 30.0
vis: 60.0
cpu: exceptions=10244 cacheResets=1 batches=15024 verts=225360 texStalls=0 recompiles=688 underruns=7 overruns=0 sleep_us=12686085 queue_ms=20
fps: 30.0
vis: 60.0
cpu: exceptions=10396 cacheResets=1 batches=15024 verts=225360 texStalls=0 recompiles=688 underruns=7 overruns=0 sleep_us=12927269 queue_ms=28
fps: 30.0
vis: 60.0
cpu: exceptions=10552 cacheResets=1 batches=15024 verts=225360 texStalls=0 recompiles=688 underruns=7 overruns=0 sleep_us=13164353 queue_ms=23
fps: 30.0
vis: 60.0
cpu: exceptions=10701 cacheResets=1 batches=15024 verts=225360 texStalls=0 recompiles=688 underruns=7 overruns=0 sleep_us=13415549 queue_ms=31
fps: 29.9
vis: 60.0
cpu: exceptions=10903 cacheResets=1 batches=15024 verts=225360 texStalls=0 recompiles=688 underruns=7 overruns=0 sleep_us=13632738 queue_ms=27
fps: 30.0
vis: 60.0
cpu: exceptions=11096 cacheResets=1 batches=15024 verts=225360 texStalls=0 recompiles=688 underruns=7 overruns=0 sleep_us=13841640 queue_ms=33
fps: 30.0
vis: 60.0
cpu: exceptions=11278 cacheResets=1 batches=15024 verts=225360 texStalls=0 recompiles=688 underruns=7 overruns=0 sleep_us=14058427 queue_ms=28
fps: 30.0
vis: 60.0
cpu: exceptions=11453 cacheResets=1 batches=15024 verts=225360 texStalls=0 recompiles=688 underruns=7 overruns=0 sleep_us=14279210 queue_ms=24
fps: 30.0
vis: 60.0
cpu: exceptions=11624 cacheResets=1 batches=15024 verts=225360 texStalls=0 recompiles=688 underruns=7 overruns=0 sleep_us=14501023 queue_ms=31
fps: 30.0
vis: 60.0
cpu: exceptions=11796 cacheResets=1 batches=15024 verts=225360 texStalls=0 recompiles=688 underruns=7 overruns=0 sleep_us=14721329 queue_ms=27
fps: 28.4
vis: 60.0
cpu: exceptions=11970 cacheResets=1 batches=15024 verts=225360 texStalls=0 recompiles=692 underruns=8 overruns=0 sleep_us=14940868 queue_ms=12
vis: 60.0
cpu: exceptions=12129 cacheResets=1 batches=15024 verts=225360 texStalls=0 recompiles=692 underruns=8 overruns=0 sleep_us=15151517 queue_ms=19
vis: 60.0
cpu: exceptions=12256 cacheResets=1 batches=15024 verts=225360 texStalls=0 recompiles=692 underruns=8 overruns=0 sleep_us=15336969 queue_ms=15
vis: 60.0
cpu: exceptions=12375 cacheResets=1 batches=15024 verts=225360 texStalls=0 recompiles=692 underruns=8 overruns=0 sleep_us=15568581 queue_ms=22
fps: 7.5
vis: 59.9
cpu: exceptions=12553 cacheResets=1 batches=15024 verts=225360 texStalls=0 recompiles=720 underruns=9 overruns=0 sleep_us=15794260 queue_ms=29
fps: 31.9
vis: 59.3
cpu: exceptions=12746 cacheResets=1 batches=15024 verts=225360 texStalls=0 recompiles=721 underruns=9 overruns=0 sleep_us=15976761 queue_ms=26
fps: 29.4
vis: 60.0
cpu: exceptions=12967 cacheResets=1 batches=15024 verts=225360 texStalls=0 recompiles=721 underruns=9 overruns=0 sleep_us=16114466 queue_ms=22
fps: 30.2
vis: 59.8
cpu: exceptions=13178 cacheResets=1 batches=15024 verts=225360 texStalls=0 recompiles=721 underruns=9 overruns=0 sleep_us=16259204 queue_ms=28
fps: 29.8
vis: 59.7
cpu: exceptions=13382 cacheResets=1 batches=15024 verts=225360 texStalls=0 recompiles=721 underruns=9 overruns=0 sleep_us=16411303 queue_ms=24
fps: 29.8
vis: 59.7
cpu: exceptions=13570 cacheResets=1 batches=15024 verts=225360 texStalls=0 recompiles=721 underruns=9 overruns=0 sleep_us=16610422 queue_ms=20
fps: 29.9
vis: 59.4
cpu: exceptions=13757 cacheResets=1 batches=15024 verts=225360 texStalls=0 recompiles=724 underruns=9 overruns=0 sleep_us=16803076 queue_ms=17
fps: 29.6
vis: 60.0
cpu: exceptions=13943 cacheResets=1 batches=15024 verts=225360 texStalls=0 recompiles=731 underruns=9 overruns=0 sleep_us=16985867 queue_ms=24
fps: 30.2
vis: 59.9
cpu: exceptions=14123 cacheResets=1 batches=15024 verts=225360 texStalls=0 recompiles=731 underruns=9 overruns=0 sleep_us=17200008 queue_ms=20
fps: 29.2
vis: 59.6
cpu: exceptions=14316 cacheResets=1 batches=15024 verts=225360 texStalls=0 recompiles=731 underruns=9 overruns=0 sleep_us=17399257 queue_ms=16
fps: 30.6
vis: 60.0
cpu: exceptions=14503 cacheResets=1 batches=15024 verts=225360 texStalls=0 recompiles=731 underruns=9 overruns=0 sleep_us=17602304 queue_ms=11
vis: 60.0
cpu: exceptions=14679 cacheResets=1 batches=15024 verts=225360 texStalls=0 recompiles=731 underruns=9 overruns=0 sleep_us=17817225 queue_ms=19
fps: 30.0
vis: 60.0
cpu: exceptions=14847 cacheResets=1 batches=15024 verts=225360 texStalls=0 recompiles=731 underruns=9 overruns=0 sleep_us=18046940 queue_ms=15
fps: 30.0
vis: 60.0
cpu: exceptions=15022 cacheResets=1 batches=15024 verts=225360 texStalls=0 recompiles=731 underruns=9 overruns=0 sleep_us=18267423 queue_ms=22
fps: 30.0
vis: 60.0
cpu: exceptions=15180 cacheResets=1 batches=15024 verts=225360 texStalls=0 recompiles=731 underruns=9 overruns=0 sleep_us=18510302 queue_ms=18
fps: 30.1
vis: 60.0
cpu: exceptions=15341 cacheResets=1 batches=15024 verts=225360 texStalls=0 recompiles=731 underruns=9 overruns=0 sleep_us=18753689 queue_ms=24
fps: 29.1
vis: 59.9
cpu: exceptions=15525 cacheResets=1 batches=15024 verts=225360 texStalls=0 recompiles=732 underruns=9 overruns=0 sleep_us=18960756 queue_ms=9
fps: 29.8
vis: 60.0
cpu: exceptions=15696 cacheResets=1 batches=15024 verts=225360 texStalls=0 recompiles=732 underruns=9 overruns=0 sleep_us=19155837 queue_ms=5
vis: 60.0
cpu: exceptions=15803 cacheResets=1 batches=15024 verts=225360 texStalls=0 recompiles=732 underruns=9 overruns=0 sleep_us=19353035 queue_ms=13
vis: 60.0
cpu: exceptions=15953 cacheResets=1 batches=15024 verts=225360 texStalls=0 recompiles=733 underruns=9 overruns=0 sleep_us=19596280 queue_ms=8
vis: 60.0
cpu: exceptions=16114 cacheResets=1 batches=15024 verts=225360 texStalls=0 recompiles=734 underruns=9 overruns=0 sleep_us=19840769 queue_ms=14
fps: 4.1
vis: 60.0
cpu: exceptions=16295 cacheResets=1 batches=15024 verts=225360 texStalls=0 recompiles=761 underruns=11 overruns=0 sleep_us=20000300 queue_ms=32
fps: 32.3
vis: 60.0
cpu: exceptions=16474 cacheResets=1 batches=15024 verts=225360 texStalls=0 recompiles=761 underruns=11 overruns=0 sleep_us=20202511 queue_ms=27
fps: 30.0
vis: 60.0
cpu: exceptions=16650 cacheResets=1 batches=15024 verts=225360 texStalls=0 recompiles=761 underruns=11 overruns=0 sleep_us=20407398 queue_ms=34
fps: 30.0
vis: 60.0
cpu: exceptions=16823 cacheResets=1 batches=15024 verts=225360 texStalls=0 recompiles=761 underruns=11 overruns=0 sleep_us=20612231 queue_ms=30
fps: 30.0
vis: 60.0
cpu: exceptions=16998 cacheResets=1 batches=15024 verts=225360 texStalls=0 recompiles=761 underruns=11 overruns=0 sleep_us=20820888 queue_ms=37
fps: 29.9
vis: 59.1
cpu: exceptions=17169 cacheResets=1 batches=15024 verts=225360 texStalls=0 recompiles=765 underruns=11 overruns=0 sleep_us=21026713 queue_ms=32
fps: 29.5
vis: 59.8
cpu: exceptions=17347 cacheResets=1 batches=15024 verts=225360 texStalls=0 recompiles=767 underruns=11 overruns=0 sleep_us=21209432 queue_ms=28
fps: 29.9
vis: 59.9
cpu: exceptions=17514 cacheResets=1 batches=15024 verts=225360 texStalls=0 recompiles=767 underruns=11 overruns=0 sleep_us=21396550 queue_ms=24
fps: 30.0
vis: 59.9
cpu: exceptions=17684 cacheResets=1 batches=15024 verts=225360 texStalls=0 recompiles=767 underruns=11 overruns=0 sleep_us=21597149 queue_ms=31
fps: 29.9
vis: 59.5
cpu: exceptions=17864 cacheResets=1 batches=15024 verts=225360 texStalls=0 recompiles=767 underruns=11 overruns=0 sleep_us=21794235 queue_ms=26
fps: 29.7
vis: 59.9
cpu: exceptions=18042 cacheResets=1 batches=15024 verts=225360 texStalls=0 recompiles=767 underruns=11 overruns=0 sleep_us=21986479 queue_ms=23
fps: 30.0
vis: 60.0
cpu: exceptions=18217 cacheResets=1 batches=15024 verts=225360 texStalls=0 recompiles=767 underruns=11 overruns=0 sleep_us=22181984 queue_ms=19
fps: 30.0
vis: 60.0
cpu: exceptions=18383 cacheResets=1 batches=15024 verts=225360 texStalls=0 recompiles=767 underruns=11 overruns=0 sleep_us=22386546 queue_ms=25
fps: 30.1
vis: 59.6
cpu: exceptions=18551 cacheResets=1 batches=15024 verts=225360 texStalls=0 recompiles=767 underruns=11 overruns=0 sleep_us=22607779 queue_ms=22
fps: 29.8
vis: 60.0
cpu: exceptions=18708 cacheResets=1 batches=15024 verts=225360 texStalls=0 recompiles=767 underruns=11 overruns=0 sleep_us=22833475 queue_ms=29
fps: 29.2
vis: 60.0
cpu: exceptions=18867 cacheResets=1 batches=15024 verts=225360 texStalls=0 recompiles=767 underruns=11 overruns=0 sleep_us=23056929 queue_ms=14
fps: 29.9
vis: 60.0
cpu: exceptions=20023 cacheResets=1 batches=15024 verts=225360 texStalls=0 recompiles=776 underruns=11 overruns=0 sleep_us=23229565 queue_ms=10
vis: 60.0
cpu: exceptions=20190 cacheResets=1 batches=15024 verts=225360 texStalls=0 recompiles=829 underruns=11 overruns=0 sleep_us=23517024 queue_ms=17
vis: 60.0
cpu: exceptions=20288 cacheResets=1 batches=15024 verts=225360 texStalls=0 recompiles=829 underruns=11 overruns=0 sleep_us=23876082 queue_ms=13
vis: 60.0
cpu: exceptions=20477 cacheResets=1 batches=15024 verts=225360 texStalls=0 recompiles=1016 underruns=12 overruns=0 sleep_us=24188266 queue_ms=31
vis: 60.0
cpu: exceptions=20556 cacheResets=1 batches=15024 verts=225360 texStalls=0 recompiles=1016 underruns=13 overruns=0 sleep_us=24636229 queue_ms=5
fps: 2.1
vis: 60.0
cpu: exceptions=20762 cacheResets=1 batches=19639 verts=268494 texStalls=0 recompiles=1373 underruns=16 overruns=0 sleep_us=24709923 queue_ms=35
fps: 32.0
vis: 59.8
cpu: exceptions=21000 cacheResets=1 batches=25239 verts=319914 texStalls=0 recompiles=1405 underruns=16 overruns=0 sleep_us=24790614 queue_ms=42
fps: 29.6
vis: 59.4
cpu: exceptions=21296 cacheResets=1 batches=31151 verts=373206 texStalls=0 recompiles=1410 underruns=16 overruns=0 sleep_us=24832927 queue_ms=38
fps: 29.6
vis: 59.3
cpu: exceptions=21639 cacheResets=1 batches=37274 verts=427764 texStalls=0 recompiles=1410 underruns=16 overruns=0 sleep_us=24850433 queue_ms=35
fps: 29.4
vis: 59.4
cpu: exceptions=22000 cacheResets=1 batches=43472 verts=482772 texStalls=0 recompiles=1416 underruns=16 overruns=0 sleep_us=24856624 queue_ms=31
fps: 29.9
vis: 60.0
cpu: exceptions=22331 cacheResets=1 batches=48637 verts=531582 texStalls=0 recompiles=1417 underruns=16 overruns=0 sleep_us=24932718 queue_ms=27
fps: 30.9
vis: 60.0
cpu: exceptions=22632 cacheResets=1 batches=52720 verts=573900 texStalls=0 recompiles=1417 underruns=16 overruns=0 sleep_us=25068632 queue_ms=22
fps: 29.2
vis: 60.0
cpu: exceptions=22952 cacheResets=1 batches=56184 verts=612504 texStalls=0 recompiles=1421 underruns=16 overruns=0 sleep_us=25190057 queue_ms=29
fps: 30.9
vis: 60.0
cpu: exceptions=23262 cacheResets=1 batches=59247 verts=648702 texStalls=0 recompiles=1422 underruns=16 overruns=0 sleep_us=25340727 queue_ms=26
fps: 30.0
vis: 60.0
cpu: exceptions=23572 cacheResets=1 batches=62264 verts=684624 texStalls=0 recompiles=1435 underruns=16 overruns=0 sleep_us=25482802 queue_ms=32
fps: 30.0
vis: 60.0
cpu: exceptions=23869 cacheResets=1 batches=65183 verts=719958 texStalls=0 recompiles=1502 underruns=16 overruns=0 sleep_us=25607324 queue_ms=29
fps: 29.9
vis: 60.0
cpu: exceptions=24184 cacheResets=1 batches=68086 verts=755196 texStalls=0 recompiles=1504 underruns=16 overruns=0 sleep_us=25741825 queue_ms=35
fps: 30.1
vis: 60.0
cpu: exceptions=24494 cacheResets=1 batches=70983 verts=790398 texStalls=0 recompiles=1504 underruns=16 overruns=0 sleep_us=25897948 queue_ms=31
fps: 30.0
vis: 60.0
cpu: exceptions=24786 cacheResets=1 batches=73865 verts=825510 texStalls=0 recompiles=1504 underruns=16 overruns=0 sleep_us=26062747 queue_ms=38
fps: 29.1
mark: stop reason: chain guest VI limit
vis: 57.9
cpu: exceptions=25068 cacheResets=1 batches=76811 verts=861006 texStalls=0 recompiles=1504 underruns=16 overruns=0 sleep_us=26220601 queue_ms=6
mark: stop_it requested
audio: alist_resample_calls=124134 alist_resample_samples=18520696 alist_zoh_calls=0 alist_zoh_samples=0 musyx_subframes=0 musyx_voices=0 musyx_voice_peak=0
audio_stages: adpcm_calls=128102 adpcm_samples=19590016 envmix_calls=124134 envmix_samples=18520696 mix_calls=21240 mix_samples=8156160 musyx_fx_calls=0 musyx_fx_taps=0 output_calls=3566 output_samples=1595408
audio_envmix: exp_calls=0 ge_calls=0 lin_calls=0 nead_calls=124134 exp_steady=0 ge_steady=0 lin_steady=0
audio_gaps: nead_mats=0 nead_efz=0 resample_flag2=0 musyx_ptr10=0
audio_output: stream_requests=7432 stream_fed=5539 input_hz=26807 playback_hz=26807 queue_peak_ms=144
probe_schema: version=2 self=1 interval=127
vm_io: read_ahead=1 reads=0 hits=0 read_bytes=0 writes=0 write_bytes=0 errors=0
subsystem_time: stage=rsp_gfx calls=1428 timed_calls=1428 period=1 timed_us=17102137
subsystem_time: stage=rsp_audio calls=3540 timed_calls=3540 period=1 timed_us=3010451
subsystem_time: stage=rsp_other calls=0 timed_calls=0 period=1 timed_us=0
subsystem_time: stage=lookup calls=416817 timed_calls=3282 period=127 timed_us=1875
subsystem_time: stage=compile calls=1504 timed_calls=1504 period=1 timed_us=208849
subsystem_time: stage=dispatch calls=8652038 timed_calls=68126 period=127 timed_us=26216
subsystem_self: stage=dispatch calls=8652038 timed_calls=68126 self_us=21693 dropped=0
subsystem_time: stage=execute_inclusive calls=8652038 timed_calls=68126 period=127 timed_us=475960
subsystem_self: stage=execute_inclusive calls=8652038 timed_calls=68126 self_us=123958 dropped=0
subsystem_time: stage=rom_copy calls=8289 timed_calls=8289 period=1 timed_us=71445
subsystem_time: stage=present calls=3599 timed_calls=3599 period=1 timed_us=65774
subsystem_time: stage=limiter calls=2833 timed_calls=2833 period=1 timed_us=26229712
subsystem_time: stage=vm_fault calls=0 timed_calls=0 period=1 timed_us=0
subsystem_time: stage=vm_victim calls=0 timed_calls=0 period=1 timed_us=0
subsystem_time: stage=vm_read calls=0 timed_calls=0 period=1 timed_us=0
subsystem_time: stage=vm_write calls=0 timed_calls=0 period=1 timed_us=0
subsystem_time: stage=tex_hash calls=231269 timed_calls=231269 period=1 timed_us=1481084
subsystem_time: stage=tex_lookup calls=231269 timed_calls=231269 period=1 timed_us=349872
subsystem_time: stage=tex_load calls=1733 timed_calls=1733 period=1 timed_us=127678
subsystem_time: stage=tex_activate calls=231269 timed_calls=231269 period=1 timed_us=59992
subsystem_time: stage=draw_triangles calls=76811 timed_calls=76811 period=1 timed_us=171078
subsystem_time: stage=draw_rect calls=199209 timed_calls=199209 period=1 timed_us=2464872
subsystem_time: stage=gfx_list calls=1428 timed_calls=1428 period=1 timed_us=17099084
subsystem_time: stage=gfx_command calls=3052105 timed_calls=24032 period=127 timed_us=138142
gfx_ucodes: mask=00040000
gfx_opcode: op=01 calls=39357 timed_calls=314 timed_us=144
gfx_opcode: op=03 calls=4732 timed_calls=44 timed_us=52
gfx_opcode: op=04 calls=74849 timed_calls=554 timed_us=1377
gfx_opcode: op=06 calls=126570 timed_calls=947 timed_us=160
gfx_opcode: op=b1 calls=89645 timed_calls=765 timed_us=5958
gfx_opcode: op=b4 calls=811 timed_calls=8 timed_us=1
gfx_opcode: op=b5 calls=21636 timed_calls=179 timed_us=291
gfx_opcode: op=b6 calls=21527 timed_calls=177 timed_us=30
gfx_opcode: op=b7 calls=13822 timed_calls=106 timed_us=15
gfx_opcode: op=b8 calls=127998 timed_calls=986 timed_us=130
gfx_opcode: op=b9 calls=89659 timed_calls=704 timed_us=113
gfx_opcode: op=ba calls=160056 timed_calls=1283 timed_us=222
gfx_opcode: op=bb calls=35718 timed_calls=296 timed_us=59
gfx_opcode: op=bc calls=34815 timed_calls=258 timed_us=53
gfx_opcode: op=bd calls=36 timed_calls=0 timed_us=0
gfx_opcode: op=bf calls=64440 timed_calls=456 timed_us=2010
gfx_opcode: op=c0 calls=16873 timed_calls=139 timed_us=19
gfx_opcode: op=e4 calls=190158 timed_calls=1505 timed_us=19995
gfx_opcode: op=e6 calls=236572 timed_calls=1861 timed_us=227
gfx_opcode: op=e7 calls=327789 timed_calls=2617 timed_us=346
gfx_opcode: op=e8 calls=41869 timed_calls=342 timed_us=41
gfx_opcode: op=e9 calls=1428 timed_calls=10 timed_us=17
gfx_opcode: op=ed calls=8043 timed_calls=63 timed_us=35
gfx_opcode: op=f0 calls=4851 timed_calls=38 timed_us=114
gfx_opcode: op=f2 calls=227707 timed_calls=1790 timed_us=452
gfx_opcode: op=f3 calls=40772 timed_calls=309 timed_us=1918
gfx_opcode: op=f4 calls=190949 timed_calls=1508 timed_us=6333
gfx_opcode: op=f5 calls=464279 timed_calls=3643 timed_us=652
gfx_opcode: op=f6 calls=10516 timed_calls=95 timed_us=2757
gfx_opcode: op=f7 calls=10090 timed_calls=83 timed_us=34
gfx_opcode: op=fa calls=40837 timed_calls=309 timed_us=55
gfx_opcode: op=fb calls=23942 timed_calls=183 timed_us=29
gfx_opcode: op=fc calls=67479 timed_calls=531 timed_us=73
gfx_opcode: op=fd calls=236572 timed_calls=1881 timed_us=268
gfx_opcode: op=fe calls=1427 timed_calls=12 timed_us=9
gfx_opcode: op=ff calls=4281 timed_calls=36 timed_us=91946
subsystem_time: stage=vertex calls=544112 timed_calls=4284 period=127 timed_us=1331
subsystem_time: stage=gfx_state calls=287905 timed_calls=2266 period=127 timed_us=21004
subsystem_self: stage=gfx_state calls=287905 timed_calls=2266 self_us=4973 dropped=0
subsystem_time: stage=gx_wait calls=4 timed_calls=4 period=1 timed_us=2559
subsystem_time: stage=dma_pi calls=8289 timed_calls=8289 period=1 timed_us=145614
subsystem_time: stage=dma_sp calls=9936 timed_calls=9936 period=1 timed_us=10756
subsystem_time: stage=dma_si calls=2986 timed_calls=2986 period=1 timed_us=34252
subsystem_time: stage=tlb_translate calls=0 timed_calls=0 period=127 timed_us=0
subsystem_time: stage=pif calls=2987 timed_calls=2987 period=1 timed_us=31935
subsystem_time: stage=input calls=5712 timed_calls=5712 period=1 timed_us=26014
subsystem_time: stage=guest_interrupt calls=33501 timed_calls=33501 period=1 timed_us=26463014
subsystem_self: stage=guest_interrupt calls=33501 timed_calls=33501 self_us=61086 dropped=0
subsystem_time: stage=interpreter_inclusive calls=0 timed_calls=0 period=1 timed_us=0
subsystem_self: stage=interpreter_inclusive calls=0 timed_calls=0 self_us=0 dropped=0
subsystem_time: stage=audio_submit calls=3566 timed_calls=3566 period=1 timed_us=36154
subsystem_time: stage=audio_callback calls=36002 timed_calls=36002 period=1 timed_us=23882
subsystem_time: stage=memory_slow calls=1357675 timed_calls=10690 period=127 timed_us=188819
subsystem_self: stage=memory_slow calls=1357675 timed_calls=10690 self_us=6013 dropped=0
subsystem_time: stage=jit_invalidate calls=26265 timed_calls=206 period=127 timed_us=44
subsystem_time: stage=cpu_helper calls=35813456 timed_calls=281995 period=127 timed_us=261828
subsystem_time: stage=storage_read calls=0 timed_calls=0 period=1 timed_us=0
subsystem_time: stage=storage_write calls=0 timed_calls=0 period=1 timed_us=0
subsystem_time: stage=save_load calls=0 timed_calls=0 period=1 timed_us=0
subsystem_time: stage=save_write calls=0 timed_calls=0 period=1 timed_us=0
subsystem_time: stage=state_load calls=0 timed_calls=0 period=1 timed_us=0
subsystem_time: stage=state_save calls=0 timed_calls=0 period=1 timed_us=0
subsystem_time: stage=probe_io calls=8 timed_calls=8 period=1 timed_us=113531
subsystem_time: stage=agent_poll calls=7216 timed_calls=7216 period=1 timed_us=1606
audio_time: stage=resample sampled_calls=977 sampled_samples=145512 sampled_us=6143
audio_time: stage=zoh sampled_calls=0 sampled_samples=0 sampled_us=0
audio_time: stage=adpcm sampled_calls=1008 sampled_samples=155232 sampled_us=6501
audio_time: stage=envmix_exp sampled_calls=0 sampled_samples=0 sampled_us=0
audio_time: stage=envmix_ge sampled_calls=0 sampled_samples=0 sampled_us=0
audio_time: stage=envmix_lin sampled_calls=0 sampled_samples=0 sampled_us=0
audio_time: stage=envmix_nead sampled_calls=977 sampled_samples=145512 sampled_us=8725
audio_time: stage=mix sampled_calls=167 sampled_samples=64128 sampled_us=1037
audio_time: stage=musyx_voice sampled_calls=0 sampled_samples=0 sampled_us=0
audio_time: stage=musyx_fx sampled_calls=0 sampled_samples=0 sampled_us=0
audio_time: stage=output sampled_calls=28 sampled_samples=12480 sampled_us=236
gpu_counters: clks=14660484186 tb_clks=14660484272 ras_busy=376792379 xf_wait_in=14229202108 xf_wait_out=205961959 ras_peak_permille=40 ztop_in=1452516552 ztop_out=1423882660 z_in=5198912 z_out=4386100 blend_in=1429402648 copy_clks=145972163 fifo_overflows=0
game: n=2/9 how=vis vis=3600 vi_rate=60 vi0_retrace=3139 wall_us=60331072 sleep_us=26220601 avg_vis=59.44 avg_fps=27.56 exceptions=25069 cacheResets=1 recompiles=1504 batches=76811 verts=861006 texStalls=0 treeDepthMax=14 underruns=17 overruns=0 queue_peak_ms=124 dsp_avg=1.50 dsp_peak=1.80 dsp_samples=121 pmc1=24752632139 pmc2=26178892849 pmc3=0 pmc4=0 mmcr0=00000042 mmcr1=00000000 heap_used=10895544 heap_free=34632 arena1_free=278528 arena2_free=288704 flushes=8 flush_us=113529 padtrace=21 rom=sd:/wii64/roms/Mario Kart 64.v64
=== chain 2/9 end vis=3600 how=vis rom=sd:/wii64/roms/Mario Kart 64.v64 ===
mark: pad replay records: 1
mark: loadROM: enter
mark: loadROM: before rom_read
mark: ROMCache_load: enter
mark: ROMCache_load: before first read
mark: ROMCache_load: first read returned
mark: ROMCache_load: byte_swap_type set
mark: ROMCache_load: first byte_swap done
menufps: 0.0
menufps: 8.5
menufps: 8.1
menufps: 8.0
menufps: 8.1
menufps: 7.8
menufps: 8.2
mark: ROMCache_load: loop exited normally
mark: ROMCache_load: elapsed_us=3839958 bytes=16777216 vm=0
mark: loadROM: after rom_read
mark: loadROM: before init_memory
mark: loadROM: after init_memory
mark: loadROM: before romOpen_gfx
mark: loadROM: after romOpen_gfx / before romOpen_audio
mark: loadROM: after romOpen_audio / before romOpen_input
mark: loadROM: after romOpen_input / before cpu_init
mark: loadROM: after cpu_init
menufps: 2.8
menufps: 1.0
menufps: 1.0
fps: 0.7
first_vi: vi0_retrace=7195
vis: 0.1
cpu: exceptions=0 cacheResets=0 batches=0 verts=0 texStalls=0 recompiles=0 underruns=0 overruns=0 sleep_us=0 queue_ms=0
mark: CPU core dispatch: dynarec
vis: 41.7
cpu: exceptions=28 cacheResets=1 batches=0 verts=0 texStalls=0 recompiles=138 underruns=0 overruns=0 sleep_us=0 queue_ms=0
vis: 60.0
cpu: exceptions=58 cacheResets=1 batches=0 verts=0 texStalls=0 recompiles=138 underruns=0 overruns=0 sleep_us=278638 queue_ms=0
vis: 56.6
cpu: exceptions=106 cacheResets=1 batches=0 verts=0 texStalls=0 recompiles=217 underruns=0 overruns=0 sleep_us=533739 queue_ms=0
vis: 60.0
cpu: exceptions=510 cacheResets=1 batches=0 verts=0 texStalls=0 recompiles=616 underruns=2 overruns=0 sleep_us=792101 queue_ms=27
fps: 0.4
vis: 59.1
cpu: exceptions=717 cacheResets=1 batches=44 verts=2262 texStalls=0 recompiles=1896 underruns=3 overruns=0 sleep_us=904466 queue_ms=58
vis: 60.0
cpu: exceptions=872 cacheResets=1 batches=44 verts=2262 texStalls=0 recompiles=1901 underruns=3 overruns=0 sleep_us=1198463 queue_ms=62
fps: 1.3
vis: 60.0
cpu: exceptions=1052 cacheResets=1 batches=344 verts=12750 texStalls=0 recompiles=1989 underruns=3 overruns=0 sleep_us=1456749 queue_ms=53
fps: 30.0
vis: 60.0
cpu: exceptions=1240 cacheResets=1 batches=1116 verts=33672 texStalls=0 recompiles=2005 underruns=3 overruns=0 sleep_us=1737165 queue_ms=58
fps: 30.0
vis: 60.0
cpu: exceptions=1423 cacheResets=1 batches=2132 verts=56058 texStalls=0 recompiles=2008 underruns=3 overruns=0 sleep_us=2010055 queue_ms=62
fps: 30.0
vis: 60.0
cpu: exceptions=1606 cacheResets=1 batches=3187 verts=78678 texStalls=0 recompiles=2008 underruns=3 overruns=0 sleep_us=2281121 queue_ms=66
fps: 30.0
vis: 60.0
cpu: exceptions=1783 cacheResets=1 batches=4252 verts=101190 texStalls=0 recompiles=2011 underruns=3 overruns=0 sleep_us=2550317 queue_ms=71
fps: 30.0
vis: 60.0
cpu: exceptions=1978 cacheResets=1 batches=5312 verts=123210 texStalls=0 recompiles=2011 underruns=3 overruns=0 sleep_us=2821702 queue_ms=54
fps: 30.0
vis: 60.0
cpu: exceptions=2160 cacheResets=1 batches=6349 verts=145092 texStalls=0 recompiles=2028 underruns=3 overruns=0 sleep_us=3091713 queue_ms=58
fps: 30.0
vis: 60.0
cpu: exceptions=2344 cacheResets=1 batches=7488 verts=172146 texStalls=0 recompiles=2028 underruns=3 overruns=0 sleep_us=3350054 queue_ms=62
fps: 29.9
vis: 60.0
cpu: exceptions=2543 cacheResets=1 batches=9054 verts=210882 texStalls=0 recompiles=2035 underruns=3 overruns=0 sleep_us=3558691 queue_ms=67
fps: 30.0
vis: 60.0
cpu: exceptions=2734 cacheResets=1 batches=10744 verts=245802 texStalls=0 recompiles=2035 underruns=3 overruns=0 sleep_us=3770989 queue_ms=71
fps: 30.0
vis: 60.0
cpu: exceptions=2909 cacheResets=1 batches=12278 verts=270666 texStalls=0 recompiles=2062 underruns=3 overruns=0 sleep_us=4012049 queue_ms=54
fps: 30.0
vis: 60.0
cpu: exceptions=3085 cacheResets=1 batches=13584 verts=294162 texStalls=0 recompiles=2062 underruns=3 overruns=0 sleep_us=4281993 queue_ms=58
fps: 29.5
vis: 60.0
cpu: exceptions=3256 cacheResets=1 batches=14675 verts=316368 texStalls=0 recompiles=2063 underruns=3 overruns=0 sleep_us=4561887 queue_ms=50
fps: 30.0
vis: 60.0
cpu: exceptions=3444 cacheResets=1 batches=15715 verts=338268 texStalls=0 recompiles=2063 underruns=3 overruns=0 sleep_us=4838842 queue_ms=54
fps: 30.0
vis: 60.0
cpu: exceptions=3627 cacheResets=1 batches=16738 verts=360066 texStalls=0 recompiles=2063 underruns=3 overruns=0 sleep_us=5117605 queue_ms=50
fps: 29.9
vis: 60.0
cpu: exceptions=3821 cacheResets=1 batches=18016 verts=395250 texStalls=0 recompiles=2063 underruns=3 overruns=0 sleep_us=5350262 queue_ms=54
fps: 30.0
vis: 60.0
cpu: exceptions=4020 cacheResets=1 batches=19353 verts=432612 texStalls=0 recompiles=2064 underruns=3 overruns=0 sleep_us=5582493 queue_ms=59
fps: 29.9
vis: 60.0
cpu: exceptions=4221 cacheResets=1 batches=21449 verts=468564 texStalls=0 recompiles=2080 underruns=3 overruns=0 sleep_us=5788259 queue_ms=50
fps: 29.8
vis: 60.0
cpu: exceptions=4411 cacheResets=1 batches=26214 verts=508404 texStalls=0 recompiles=2080 underruns=3 overruns=0 sleep_us=5950411 queue_ms=54
fps: 30.0
vis: 60.0
cpu: exceptions=4605 cacheResets=1 batches=31572 verts=551802 texStalls=0 recompiles=2080 underruns=3 overruns=0 sleep_us=6104842 queue_ms=50
fps: 30.0
vis: 60.0
cpu: exceptions=4796 cacheResets=1 batches=36692 verts=593772 texStalls=0 recompiles=2081 underruns=3 overruns=0 sleep_us=6271947 queue_ms=55
fps: 30.0
vis: 60.0
cpu: exceptions=4993 cacheResets=1 batches=41733 verts=635268 texStalls=0 recompiles=2082 underruns=3 overruns=0 sleep_us=6440455 queue_ms=59
vis: 60.0
cpu: exceptions=5188 cacheResets=1 batches=46908 verts=677568 texStalls=0 recompiles=2082 underruns=3 overruns=0 sleep_us=6606809 queue_ms=50
fps: 30.0
vis: 60.0
cpu: exceptions=5400 cacheResets=1 batches=51679 verts=730212 texStalls=0 recompiles=2082 underruns=3 overruns=0 sleep_us=6748074 queue_ms=46
fps: 30.1
mark: stop reason: chain guest VI limit
mark: stop_it requested
audio: alist_resample_calls=7273 alist_resample_samples=1338232 alist_zoh_calls=0 alist_zoh_samples=0 musyx_subframes=0 musyx_voices=0 musyx_voice_peak=0
audio_stages: adpcm_calls=5684 adpcm_samples=629344 envmix_calls=5654 envmix_samples=1040336 mix_calls=32380 mix_samples=5957920 musyx_fx_calls=0 musyx_fx_taps=0 output_calls=405 output_samples=297160
audio_envmix: exp_calls=0 ge_calls=0 lin_calls=5654 nead_calls=0 exp_steady=0 ge_steady=0 lin_steady=5208
audio_gaps: nead_mats=0 nead_efz=0 resample_flag2=0 musyx_ptr10=0
audio_output: stream_requests=3468 stream_fed=1029 input_hz=21998 playback_hz=21998 queue_peak_ms=82
probe_schema: version=2 self=1 interval=127
vm_io: read_ahead=1 reads=0 hits=0 read_bytes=0 writes=0 write_bytes=0 errors=0
subsystem_time: stage=rsp_gfx calls=358 timed_calls=358 period=1 timed_us=1495397
subsystem_time: stage=rsp_audio calls=406 timed_calls=406 period=1 timed_us=306543
subsystem_time: stage=rsp_other calls=0 timed_calls=0 period=1 timed_us=0
subsystem_time: stage=lookup calls=838280 timed_calls=6600 period=127 timed_us=2522
subsystem_time: stage=compile calls=2083 timed_calls=2083 period=1 timed_us=182903
subsystem_time: stage=dispatch calls=4132130 timed_calls=32536 period=127 timed_us=16060
subsystem_self: stage=dispatch calls=4132130 timed_calls=32536 self_us=13100 dropped=0
subsystem_time: stage=execute_inclusive calls=4132130 timed_calls=32536 period=127 timed_us=88893
subsystem_self: stage=execute_inclusive calls=4132130 timed_calls=32536 self_us=42664 dropped=0
subsystem_time: stage=rom_copy calls=640 timed_calls=640 period=1 timed_us=14359
subsystem_time: stage=present calls=899 timed_calls=899 period=1 timed_us=62237
subsystem_time: stage=limiter calls=856 timed_calls=856 period=1 timed_us=6802409
subsystem_time: stage=vm_fault calls=0 timed_calls=0 period=1 timed_us=0
subsystem_time: stage=vm_victim calls=0 timed_calls=0 period=1 timed_us=0
subsystem_time: stage=vm_read calls=0 timed_calls=0 period=1 timed_us=0
subsystem_time: stage=vm_write calls=0 timed_calls=0 period=1 timed_us=0
subsystem_time: stage=tex_hash calls=48848 timed_calls=48848 period=1 timed_us=402668
subsystem_time: stage=tex_lookup calls=48848 timed_calls=48848 period=1 timed_us=12194
subsystem_time: stage=tex_load calls=28 timed_calls=28 period=1 timed_us=1994
subsystem_time: stage=tex_activate calls=48848 timed_calls=48848 period=1 timed_us=28376
subsystem_time: stage=draw_triangles calls=52520 timed_calls=52520 period=1 timed_us=238433
subsystem_time: stage=draw_rect calls=0 timed_calls=0 period=1 timed_us=0
subsystem_time: stage=gfx_list calls=358 timed_calls=358 period=1 timed_us=1494689
subsystem_time: stage=gfx_command calls=1088190 timed_calls=8568 period=127 timed_us=12998
gfx_ucodes: mask=00000002
gfx_opcode: op=01 calls=45295 timed_calls=363 timed_us=184
gfx_opcode: op=03 calls=1920 timed_calls=16 timed_us=9
gfx_opcode: op=04 calls=38254 timed_calls=315 timed_us=944
gfx_opcode: op=06 calls=56222 timed_calls=453 timed_us=71
gfx_opcode: op=b1 calls=122759 timed_calls=950 timed_us=7950
gfx_opcode: op=b6 calls=23590 timed_calls=186 timed_us=25
gfx_opcode: op=b7 calls=20998 timed_calls=159 timed_us=20
gfx_opcode: op=b8 calls=56580 timed_calls=447 timed_us=56
gfx_opcode: op=b9 calls=20685 timed_calls=148 timed_us=27
gfx_opcode: op=ba calls=59170 timed_calls=468 timed_us=71
gfx_opcode: op=bb calls=19239 timed_calls=161 timed_us=28
gfx_opcode: op=bc calls=44452 timed_calls=340 timed_us=51
gfx_opcode: op=bd calls=39275 timed_calls=306 timed_us=39
gfx_opcode: op=bf calls=1784 timed_calls=14 timed_us=107
gfx_opcode: op=e6 calls=44251 timed_calls=347 timed_us=40
gfx_opcode: op=e7 calls=155667 timed_calls=1211 timed_us=143
gfx_opcode: op=e9 calls=358 timed_calls=3 timed_us=3
gfx_opcode: op=ed calls=358 timed_calls=4 timed_us=3
gfx_opcode: op=f0 calls=4597 timed_calls=37 timed_us=25
gfx_opcode: op=f2 calls=46899 timed_calls=370 timed_us=91
gfx_opcode: op=f3 calls=48848 timed_calls=395 timed_us=1468
gfx_opcode: op=f5 calls=97281 timed_calls=769 timed_us=142
gfx_opcode: op=f6 calls=716 timed_calls=9 timed_us=656
gfx_opcode: op=f7 calls=716 timed_calls=3 timed_us=1
gfx_opcode: op=f9 calls=5752 timed_calls=38 timed_us=5
gfx_opcode: op=fa calls=41646 timed_calls=332 timed_us=55
gfx_opcode: op=fb calls=17478 timed_calls=137 timed_us=22
gfx_opcode: op=fc calls=18523 timed_calls=141 timed_us=17
gfx_opcode: op=fd calls=53445 timed_calls=437 timed_us=64
gfx_opcode: op=fe calls=358 timed_calls=4 timed_us=3
gfx_opcode: op=ff calls=1074 timed_calls=5 timed_us=2
subsystem_time: stage=vertex calls=360552 timed_calls=2838 period=127 timed_us=890
subsystem_time: stage=gfx_state calls=84009 timed_calls=661 period=127 timed_us=4796
subsystem_self: stage=gfx_state calls=84009 timed_calls=661 self_us=1257 dropped=0
subsystem_time: stage=gx_wait calls=4 timed_calls=4 period=1 timed_us=2560
subsystem_time: stage=dma_pi calls=640 timed_calls=640 period=1 timed_us=27471
subsystem_time: stage=dma_sp calls=1528 timed_calls=1528 period=1 timed_us=1824
subsystem_time: stage=dma_si calls=1147 timed_calls=1147 period=1 timed_us=11795
subsystem_time: stage=tlb_translate calls=0 timed_calls=0 period=127 timed_us=0
subsystem_time: stage=pif calls=1149 timed_calls=1149 period=1 timed_us=10768
subsystem_time: stage=input calls=807 timed_calls=807 period=1 timed_us=8656
subsystem_time: stage=guest_interrupt calls=6620 timed_calls=6620 period=1 timed_us=6913811
subsystem_self: stage=guest_interrupt calls=6620 timed_calls=6620 self_us=24033 dropped=0
subsystem_time: stage=interpreter_inclusive calls=0 timed_calls=0 period=1 timed_us=0
subsystem_self: stage=interpreter_inclusive calls=0 timed_calls=0 self_us=0 dropped=0
subsystem_time: stage=audio_submit calls=405 timed_calls=405 period=1 timed_us=6559
subsystem_time: stage=audio_callback calls=9553 timed_calls=9553 period=1 timed_us=5216
subsystem_time: stage=memory_slow calls=487932 timed_calls=3841 period=127 timed_us=9795
subsystem_self: stage=memory_slow calls=487932 timed_calls=3841 self_us=1805 dropped=0
subsystem_time: stage=jit_invalidate calls=283441 timed_calls=2231 period=127 timed_us=563
subsystem_time: stage=cpu_helper calls=12620451 timed_calls=99373 period=127 timed_us=40760
subsystem_time: stage=storage_read calls=0 timed_calls=0 period=1 timed_us=0
subsystem_time: stage=storage_write calls=0 timed_calls=0 period=1 timed_us=0
subsystem_time: stage=save_load calls=0 timed_calls=0 period=1 timed_us=0
subsystem_time: stage=save_write calls=0 timed_calls=0 period=1 timed_us=0
subsystem_time: stage=state_load calls=0 timed_calls=0 period=1 timed_us=0
subsystem_time: stage=state_save calls=0 timed_calls=0 period=1 timed_us=0
subsystem_time: stage=probe_io calls=3 timed_calls=3 period=1 timed_us=43245
subsystem_time: stage=agent_poll calls=1820 timed_calls=1820 period=1 timed_us=447
audio_time: stage=resample sampled_calls=57 sampled_samples=10488 sampled_us=410
audio_time: stage=zoh sampled_calls=0 sampled_samples=0 sampled_us=0
audio_time: stage=adpcm sampled_calls=44 sampled_samples=4752 sampled_us=205
audio_time: stage=envmix_exp sampled_calls=0 sampled_samples=0 sampled_us=0
audio_time: stage=envmix_ge sampled_calls=0 sampled_samples=0 sampled_us=0
audio_time: stage=envmix_lin sampled_calls=44 sampled_samples=8096 sampled_us=686
audio_time: stage=envmix_nead sampled_calls=0 sampled_samples=0 sampled_us=0
audio_time: stage=mix sampled_calls=254 sampled_samples=46736 sampled_us=760
audio_time: stage=musyx_voice sampled_calls=0 sampled_samples=0 sampled_us=0
audio_time: stage=musyx_fx sampled_calls=0 sampled_samples=0 sampled_us=0
audio_time: stage=output sampled_calls=3 sampled_samples=2208 sampled_us=40
gpu_counters: clks=3731492716 tb_clks=3731492804 ras_busy=138669888 xf_wait_in=3293131603 xf_wait_out=388854424 ras_peak_permille=49 ztop_in=544529864 ztop_out=521106392 z_in=0 z_out=0 blend_in=521168624 copy_clks=50706290 fifo_overflows=849
game: n=3/9 how=vis vis=900 vi_rate=60 vi0_retrace=7195 wall_us=15355759 sleep_us=6799635 avg_vis=57.34 avg_fps=26.60 exceptions=5450 cacheResets=1 recompiles=2083 batches=52520 verts=741906 texStalls=0 treeDepthMax=31 underruns=3 overruns=0 queue_peak_ms=71 dsp_avg=1.41 dsp_peak=1.75 dsp_samples=31 pmc1=5990881497 pmc2=5968452166 pmc3=0 pmc4=0 mmcr0=00000042 mmcr1=00000000 heap_used=10930424 heap_free=36616 arena1_free=241664 arena2_free=288704 flushes=3 flush_us=43244 padtrace=0 rom=sd:/wii64/roms/Banjo-Kazooie.V64
=== chain 3/9 end vis=900 how=vis rom=sd:/wii64/roms/Banjo-Kazooie.V64 ===
mark: pad replay records: 1
mark: loadROM: enter
mark: loadROM: before rom_read
mark: ROMCache_load: enter
mark: ROMCache_load: before first read
mark: ROMCache_load: first read returned
mark: ROMCache_load: byte_swap_type set
mark: ROMCache_load: first byte_swap done
menufps: 0.1
menufps: 8.0
menufps: 8.0
menufps: 8.3
menufps: 8.1
menufps: 8.3
menufps: 8.4
mark: ROMCache_load: loop exited normally
mark: ROMCache_load: elapsed_us=3796480 bytes=16777216 vm=0
mark: loadROM: after rom_read
mark: loadROM: before init_memory
mark: loadROM: after init_memory
mark: loadROM: before romOpen_gfx
mark: loadROM: after romOpen_gfx / before romOpen_audio
mark: loadROM: after romOpen_audio / before romOpen_input
mark: loadROM: after romOpen_input / before cpu_init
mark: loadROM: after cpu_init
menufps: 3.4
menufps: 1.0
menufps: 1.0
fps: 0.4
first_vi: vi0_retrace=8553
vis: 1.2
cpu: exceptions=0 cacheResets=0 batches=0 verts=0 texStalls=0 recompiles=0 underruns=0 overruns=0 sleep_us=0 queue_ms=0
mark: CPU core dispatch: dynarec
vis: 60.0
cpu: exceptions=1473 cacheResets=1 batches=0 verts=0 texStalls=0 recompiles=421 underruns=0 overruns=0 sleep_us=87689 queue_ms=157
fps: 3.1
vis: 60.0
cpu: exceptions=2357 cacheResets=1 batches=0 verts=0 texStalls=0 recompiles=425 underruns=0 overruns=0 sleep_us=438266 queue_ms=151
fps: 60.9
vis: 60.0
cpu: exceptions=2627 cacheResets=1 batches=0 verts=0 texStalls=0 recompiles=425 underruns=0 overruns=0 sleep_us=858360 queue_ms=156
fps: 60.0
vis: 60.0
cpu: exceptions=2920 cacheResets=1 batches=0 verts=0 texStalls=0 recompiles=468 underruns=0 overruns=0 sleep_us=1264595 queue_ms=153
vis: 60.0
cpu: exceptions=3300 cacheResets=1 batches=0 verts=0 texStalls=0 recompiles=468 underruns=0 overruns=0 sleep_us=1619250 queue_ms=157
fps: 14.7
vis: 52.2
cpu: exceptions=3629 cacheResets=1 batches=1934 verts=51708 texStalls=0 recompiles=742 underruns=0 overruns=0 sleep_us=1794943 queue_ms=87
fps: 57.8
vis: 60.0
cpu: exceptions=3920 cacheResets=1 batches=8714 verts=229188 texStalls=0 recompiles=763 underruns=0 overruns=0 sleep_us=1845298 queue_ms=91
fps: 58.9
vis: 60.0
cpu: exceptions=4215 cacheResets=1 batches=15486 verts=406620 texStalls=0 recompiles=771 underruns=0 overruns=0 sleep_us=1897946 queue_ms=78
fps: 60.0
vis: 60.0
cpu: exceptions=4514 cacheResets=1 batches=22236 verts=583920 texStalls=0 recompiles=775 underruns=0 overruns=0 sleep_us=1951649 queue_ms=84
fps: 60.0
vis: 60.0
cpu: exceptions=4805 cacheResets=1 batches=28986 verts=761220 texStalls=0 recompiles=775 underruns=0 overruns=0 sleep_us=2008282 queue_ms=79
fps: 60.0
vis: 60.0
cpu: exceptions=5094 cacheResets=1 batches=35736 verts=938520 texStalls=0 recompiles=775 underruns=0 overruns=0 sleep_us=2067047 queue_ms=77
fps: 60.0
vis: 60.0
cpu: exceptions=5388 cacheResets=1 batches=42486 verts=1115820 texStalls=0 recompiles=775 underruns=0 overruns=0 sleep_us=2121993 queue_ms=81
fps: 60.0
vis: 60.0
cpu: exceptions=5675 cacheResets=1 batches=49236 verts=1293120 texStalls=0 recompiles=777 underruns=0 overruns=0 sleep_us=2180645 queue_ms=78
fps: 60.0
vis: 60.0
cpu: exceptions=5969 cacheResets=1 batches=55986 verts=1470420 texStalls=0 recompiles=777 underruns=0 overruns=0 sleep_us=2231226 queue_ms=83
fps: 60.0
vis: 60.0
cpu: exceptions=6267 cacheResets=1 batches=62736 verts=1647720 texStalls=0 recompiles=777 underruns=0 overruns=0 sleep_us=2280508 queue_ms=80
fps: 60.0
vis: 60.0
cpu: exceptions=6561 cacheResets=1 batches=69486 verts=1825020 texStalls=0 recompiles=777 underruns=0 overruns=0 sleep_us=2329365 queue_ms=84
fps: 60.0
vis: 60.0
cpu: exceptions=6859 cacheResets=1 batches=76236 verts=2002320 texStalls=0 recompiles=777 underruns=0 overruns=0 sleep_us=2375300 queue_ms=81
fps: 60.0
vis: 60.0
cpu: exceptions=7152 cacheResets=1 batches=82986 verts=2179620 texStalls=0 recompiles=777 underruns=0 overruns=0 sleep_us=2422999 queue_ms=86
fps: 60.0
vis: 60.0
cpu: exceptions=7443 cacheResets=1 batches=89736 verts=2356920 texStalls=0 recompiles=777 underruns=0 overruns=0 sleep_us=2474305 queue_ms=82
fps: 59.9
vis: 60.0
cpu: exceptions=7733 cacheResets=1 batches=96486 verts=2534220 texStalls=0 recompiles=777 underruns=0 overruns=0 sleep_us=2525439 queue_ms=79
fps: 60.1
vis: 60.0
cpu: exceptions=8022 cacheResets=1 batches=103236 verts=2711520 texStalls=0 recompiles=777 underruns=0 overruns=0 sleep_us=2582287 queue_ms=83
fps: 59.9
vis: 60.0
cpu: exceptions=8319 cacheResets=1 batches=109986 verts=2888820 texStalls=0 recompiles=777 underruns=0 overruns=0 sleep_us=2632661 queue_ms=80
fps: 60.0
vis: 60.0
cpu: exceptions=8612 cacheResets=1 batches=116736 verts=3066120 texStalls=0 recompiles=777 underruns=0 overruns=0 sleep_us=2669862 queue_ms=85
fps: 60.0
vis: 60.0
cpu: exceptions=8925 cacheResets=1 batches=123486 verts=3243420 texStalls=0 recompiles=777 underruns=0 overruns=0 sleep_us=2694308 queue_ms=82
fps: 60.0
vis: 60.0
cpu: exceptions=9243 cacheResets=1 batches=130236 verts=3420720 texStalls=0 recompiles=777 underruns=0 overruns=0 sleep_us=2716071 queue_ms=77
fps: 60.0
vis: 60.0
cpu: exceptions=9561 cacheResets=1 batches=136986 verts=3598020 texStalls=0 recompiles=777 underruns=0 overruns=0 sleep_us=2739166 queue_ms=83
fps: 60.0
vis: 60.0
cpu: exceptions=9874 cacheResets=1 batches=143736 verts=3775320 texStalls=0 recompiles=777 underruns=0 overruns=0 sleep_us=2763747 queue_ms=79
fps: 58.5
vis: 60.0
cpu: exceptions=10183 cacheResets=1 batches=150486 verts=3952620 texStalls=0 recompiles=777 underruns=0 overruns=0 sleep_us=2790383 queue_ms=66
fps: 60.0
vis: 59.3
cpu: exceptions=10495 cacheResets=1 batches=157588 verts=4141185 texStalls=0 recompiles=777 underruns=0 overruns=0 sleep_us=2816929 queue_ms=63
fps: 56.4
vis: 56.9
cpu: exceptions=10794 cacheResets=1 batches=166143 verts=4377912 texStalls=0 recompiles=777 underruns=0 overruns=0 sleep_us=2816929 queue_ms=33
mark: stop reason: chain guest VI limit
mark: stop_it requested
audio: alist_resample_calls=10077 alist_resample_samples=1250096 alist_zoh_calls=0 alist_zoh_samples=0 musyx_subframes=0 musyx_voices=0 musyx_voice_peak=0
audio_stages: adpcm_calls=9759 adpcm_samples=1154016 envmix_calls=10077 envmix_samples=1250096 mix_calls=79024 mix_samples=10544864 musyx_fx_calls=0 musyx_fx_taps=0 output_calls=897 output_samples=478768
audio_envmix: exp_calls=10077 ge_calls=0 lin_calls=0 nead_calls=0 exp_steady=5510 ge_steady=0 lin_steady=0
audio_gaps: nead_mats=0 nead_efz=0 resample_flag2=0 musyx_ptr10=0
audio_output: stream_requests=3348 stream_fed=1660 input_hz=32006 playback_hz=32006 queue_peak_ms=181
probe_schema: version=2 self=1 interval=127
vm_io: read_ahead=1 reads=0 hits=0 read_bytes=0 writes=0 write_bytes=0 errors=0
subsystem_time: stage=rsp_gfx calls=810 timed_calls=810 period=1 timed_us=6212898
subsystem_time: stage=rsp_audio calls=898 timed_calls=898 period=1 timed_us=593218
subsystem_time: stage=rsp_other calls=0 timed_calls=0 period=1 timed_us=0
subsystem_time: stage=lookup calls=295740 timed_calls=2328 period=127 timed_us=1046
subsystem_time: stage=compile calls=777 timed_calls=777 period=1 timed_us=109235
subsystem_time: stage=dispatch calls=3517109 timed_calls=27693 period=127 timed_us=11026
subsystem_self: stage=dispatch calls=3517109 timed_calls=27693 self_us=9414 dropped=0
subsystem_time: stage=execute_inclusive calls=3517109 timed_calls=27693 period=127 timed_us=159493
subsystem_self: stage=execute_inclusive calls=3517109 timed_calls=27693 self_us=42744 dropped=0
subsystem_time: stage=rom_copy calls=1024 timed_calls=1024 period=1 timed_us=14763
subsystem_time: stage=present calls=899 timed_calls=899 period=1 timed_us=42548
subsystem_time: stage=limiter calls=829 timed_calls=829 period=1 timed_us=2819709
subsystem_time: stage=vm_fault calls=0 timed_calls=0 period=1 timed_us=0
subsystem_time: stage=vm_victim calls=0 timed_calls=0 period=1 timed_us=0
subsystem_time: stage=vm_read calls=0 timed_calls=0 period=1 timed_us=0
subsystem_time: stage=vm_write calls=0 timed_calls=0 period=1 timed_us=0
subsystem_time: stage=tex_hash calls=147492 timed_calls=147492 period=1 timed_us=1423251
subsystem_time: stage=tex_lookup calls=147492 timed_calls=147492 period=1 timed_us=56037
subsystem_time: stage=tex_load calls=136 timed_calls=136 period=1 timed_us=18876
subsystem_time: stage=tex_activate calls=147492 timed_calls=147492 period=1 timed_us=102610
subsystem_time: stage=draw_triangles calls=167028 timed_calls=167028 period=1 timed_us=640053
subsystem_time: stage=draw_rect calls=5440 timed_calls=5440 period=1 timed_us=120318
subsystem_time: stage=gfx_list calls=810 timed_calls=810 period=1 timed_us=6211350
subsystem_time: stage=gfx_command calls=5319454 timed_calls=41885 period=127 timed_us=53614
gfx_ucodes: mask=00000004
gfx_opcode: op=01 calls=343835 timed_calls=2738 timed_us=6286
gfx_opcode: op=02 calls=4507 timed_calls=41 timed_us=9
gfx_opcode: op=03 calls=108045 timed_calls=828 timed_us=117
gfx_opcode: op=05 calls=40387 timed_calls=324 timed_us=2203
gfx_opcode: op=06 calls=713540 timed_calls=5582 timed_us=26827
gfx_opcode: op=d5 calls=3 timed_calls=0 timed_us=0
gfx_opcode: op=d7 calls=105143 timed_calls=838 timed_us=150
gfx_opcode: op=d8 calls=109877 timed_calls=852 timed_us=108
gfx_opcode: op=d9 calls=416576 timed_calls=3292 timed_us=425
gfx_opcode: op=da calls=172226 timed_calls=1359 timed_us=870
gfx_opcode: op=db calls=73735 timed_calls=589 timed_us=109
gfx_opcode: op=dc calls=7700 timed_calls=64 timed_us=48
gfx_opcode: op=de calls=136822 timed_calls=1083 timed_us=181
gfx_opcode: op=df calls=130819 timed_calls=1038 timed_us=144
gfx_opcode: op=e2 calls=331942 timed_calls=2627 timed_us=350
gfx_opcode: op=e3 calls=238410 timed_calls=1849 timed_us=269
gfx_opcode: op=e4 calls=5440 timed_calls=44 timed_us=1078
gfx_opcode: op=e6 calls=248817 timed_calls=1944 timed_us=229
gfx_opcode: op=e7 calls=719043 timed_calls=5672 timed_us=684
gfx_opcode: op=e8 calls=93600 timed_calls=744 timed_us=90
gfx_opcode: op=e9 calls=810 timed_calls=6 timed_us=8
gfx_opcode: op=ed calls=6080 timed_calls=44 timed_us=15
gfx_opcode: op=f0 calls=104244 timed_calls=839 timed_us=578
gfx_opcode: op=f2 calls=146037 timed_calls=1138 timed_us=299
gfx_opcode: op=f3 calls=127782 timed_calls=994 timed_us=4948
gfx_opcode: op=f4 calls=13870 timed_calls=107 timed_us=576
gfx_opcode: op=f5 calls=342984 timed_calls=2662 timed_us=481
gfx_opcode: op=f6 calls=3080 timed_calls=29 timed_us=2194
gfx_opcode: op=f7 calls=3080 timed_calls=27 timed_us=18
gfx_opcode: op=f8 calls=6650 timed_calls=51 timed_us=11
gfx_opcode: op=f9 calls=75228 timed_calls=583 timed_us=89
gfx_opcode: op=fa calls=118261 timed_calls=953 timed_us=160
gfx_opcode: op=fb calls=14604 timed_calls=117 timed_us=18
gfx_opcode: op=fc calls=112981 timed_calls=894 timed_us=115
gfx_opcode: op=fd calls=235676 timed_calls=1870 timed_us=255
gfx_opcode: op=fe calls=810 timed_calls=7 timed_us=6
gfx_opcode: op=ff calls=6810 timed_calls=56 timed_us=18
subsystem_time: stage=vertex calls=2761556 timed_calls=21744 period=127 timed_us=5679
subsystem_time: stage=gfx_state calls=147504 timed_calls=1161 period=127 timed_us=16414
subsystem_self: stage=gfx_state calls=147504 timed_calls=1161 self_us=3882 dropped=0
subsystem_time: stage=gx_wait calls=4 timed_calls=4 period=1 timed_us=2556
subsystem_time: stage=dma_pi calls=2023 timed_calls=2023 period=1 timed_us=30442
subsystem_time: stage=dma_sp calls=3416 timed_calls=3416 period=1 timed_us=3946
subsystem_time: stage=dma_si calls=4478 timed_calls=4478 period=1 timed_us=22714
subsystem_time: stage=tlb_translate calls=0 timed_calls=0 period=127 timed_us=0
subsystem_time: stage=pif calls=4479 timed_calls=4479 period=1 timed_us=21270
subsystem_time: stage=input calls=3508 timed_calls=3508 period=1 timed_us=15004
subsystem_time: stage=guest_interrupt calls=12494 timed_calls=12494 period=1 timed_us=2923978
subsystem_self: stage=guest_interrupt calls=12494 timed_calls=12494 self_us=28425 dropped=0
subsystem_time: stage=interpreter_inclusive calls=0 timed_calls=0 period=1 timed_us=0
subsystem_self: stage=interpreter_inclusive calls=0 timed_calls=0 self_us=0 dropped=0
subsystem_time: stage=audio_submit calls=898 timed_calls=898 period=1 timed_us=10738
subsystem_time: stage=audio_callback calls=9403 timed_calls=9403 period=1 timed_us=7862
subsystem_time: stage=memory_slow calls=833887 timed_calls=6566 period=127 timed_us=57476
subsystem_self: stage=memory_slow calls=833887 timed_calls=6566 self_us=3627 dropped=0
subsystem_time: stage=jit_invalidate calls=92899 timed_calls=731 period=127 timed_us=170
subsystem_time: stage=cpu_helper calls=10719373 timed_calls=84404 period=127 timed_us=30028
subsystem_time: stage=storage_read calls=0 timed_calls=0 period=1 timed_us=0
subsystem_time: stage=storage_write calls=0 timed_calls=0 period=1 timed_us=0
subsystem_time: stage=save_load calls=0 timed_calls=0 period=1 timed_us=0
subsystem_time: stage=save_write calls=0 timed_calls=0 period=1 timed_us=0
subsystem_time: stage=state_load calls=0 timed_calls=0 period=1 timed_us=0
subsystem_time: stage=state_save calls=0 timed_calls=0 period=1 timed_us=0
subsystem_time: stage=probe_io calls=4 timed_calls=4 period=1 timed_us=39829
subsystem_time: stage=agent_poll calls=1816 timed_calls=1816 period=1 timed_us=495
audio_time: stage=resample sampled_calls=79 sampled_samples=10240 sampled_us=453
audio_time: stage=zoh sampled_calls=0 sampled_samples=0 sampled_us=0
audio_time: stage=adpcm sampled_calls=76 sampled_samples=8016 sampled_us=357
audio_time: stage=envmix_exp sampled_calls=79 sampled_samples=10240 sampled_us=1195
audio_time: stage=envmix_ge sampled_calls=0 sampled_samples=0 sampled_us=0
audio_time: stage=envmix_lin sampled_calls=0 sampled_samples=0 sampled_us=0
audio_time: stage=envmix_nead sampled_calls=0 sampled_samples=0 sampled_us=0
audio_time: stage=mix sampled_calls=622 sampled_samples=83008 sampled_us=1316
audio_time: stage=musyx_voice sampled_calls=0 sampled_samples=0 sampled_us=0
audio_time: stage=musyx_fx sampled_calls=0 sampled_samples=0 sampled_us=0
audio_time: stage=output sampled_calls=7 sampled_samples=3712 sampled_us=76
gpu_counters: clks=3715556113 tb_clks=3715556200 ras_busy=223500167 xf_wait_in=3293654186 xf_wait_out=209504566 ras_peak_permille=103 ztop_in=699076864 ztop_out=566235592 z_in=119838304 z_out=102098716 blend_in=686441380 copy_clks=84780566 fifo_overflows=0
game: n=4/9 how=vis vis=900 vi_rate=60 vi0_retrace=8553 wall_us=15290279 sleep_us=2816929 avg_vis=57.73 avg_fps=54.16 exceptions=10825 cacheResets=1 recompiles=777 batches=167028 verts=4402401 texStalls=0 treeDepthMax=12 underruns=0 overruns=0 queue_peak_ms=157 dsp_avg=1.59 dsp_peak=1.90 dsp_samples=31 pmc1=8930975073 pmc2=8973381653 pmc3=0 pmc4=0 mmcr0=00000042 mmcr1=00000000 heap_used=10842648 heap_free=157160 arena1_free=208896 arena2_free=288704 flushes=4 flush_us=39828 padtrace=0 rom=sd:/wii64/roms/Pokemon Snap.rom
=== chain 4/9 end vis=900 how=vis rom=sd:/wii64/roms/Pokemon Snap.rom ===
mark: pad replay records: 1
mark: loadROM: enter
mark: loadROM: before rom_read
mark: ROMCache_load: enter
mark: ROMCache_load: before first read
mark: ROMCache_load: first read returned
mark: ROMCache_load: byte_swap_type set
mark: ROMCache_load: first byte_swap done
menufps: 0.1
menufps: 8.5
menufps: 8.3
menufps: 8.1
menufps: 8.3
menufps: 7.9
menufps: 8.3
mark: ROMCache_load: loop exited normally
mark: ROMCache_load: elapsed_us=3749967 bytes=16777216 vm=0
mark: loadROM: after rom_read
mark: loadROM: before init_memory
mark: loadROM: after init_memory
mark: loadROM: before romOpen_gfx
mark: loadROM: after romOpen_gfx / before romOpen_audio
mark: loadROM: after romOpen_audio / before romOpen_input
mark: loadROM: after romOpen_input / before cpu_init
mark: loadROM: after cpu_init
menufps: 2.9
menufps: 1.0
menufps: 1.0
fps: 1.2
first_vi: vi0_retrace=9901
vis: 0.5
cpu: exceptions=0 cacheResets=0 batches=0 verts=0 texStalls=0 recompiles=0 underruns=0 overruns=0 sleep_us=0 queue_ms=0
mark: CPU core dispatch: dynarec
vis: 60.0
cpu: exceptions=3975 cacheResets=1 batches=0 verts=0 texStalls=0 recompiles=223 underruns=0 overruns=0 sleep_us=50581 queue_ms=156
fps: 1.1
vis: 60.0
cpu: exceptions=8404 cacheResets=1 batches=0 verts=0 texStalls=0 recompiles=394 underruns=0 overruns=0 sleep_us=173433 queue_ms=161
fps: 61.3
vis: 60.0
cpu: exceptions=8587 cacheResets=1 batches=0 verts=0 texStalls=0 recompiles=410 underruns=0 overruns=0 sleep_us=600426 queue_ms=157
vis: 60.0
cpu: exceptions=8857 cacheResets=1 batches=0 verts=0 texStalls=0 recompiles=437 underruns=0 overruns=0 sleep_us=989746 queue_ms=163
vis: 58.1
cpu: exceptions=9644 cacheResets=1 batches=0 verts=0 texStalls=0 recompiles=597 underruns=0 overruns=0 sleep_us=1299995 queue_ms=141
fps: 19.7
vis: 60.0
cpu: exceptions=9840 cacheResets=1 batches=3074 verts=75342 texStalls=0 recompiles=765 underruns=0 overruns=0 sleep_us=1513772 queue_ms=146
fps: 63.5
vis: 60.0
cpu: exceptions=10052 cacheResets=1 batches=6254 verts=153282 texStalls=0 recompiles=765 underruns=0 overruns=0 sleep_us=1759066 queue_ms=142
fps: 60.0
vis: 60.0
cpu: exceptions=10263 cacheResets=1 batches=9434 verts=231222 texStalls=0 recompiles=767 underruns=0 overruns=0 sleep_us=2001901 queue_ms=139
fps: 60.0
vis: 60.0
cpu: exceptions=10500 cacheResets=1 batches=12557 verts=305742 texStalls=0 recompiles=784 underruns=0 overruns=0 sleep_us=2231502 queue_ms=144
fps: 60.0
vis: 60.0
cpu: exceptions=10724 cacheResets=1 batches=15647 verts=378282 texStalls=0 recompiles=784 underruns=0 overruns=0 sleep_us=2472566 queue_ms=140
fps: 60.1
vis: 60.0
cpu: exceptions=10946 cacheResets=1 batches=18737 verts=450822 texStalls=0 recompiles=784 underruns=0 overruns=0 sleep_us=2719968 queue_ms=145
fps: 60.0
vis: 60.0
cpu: exceptions=11166 cacheResets=1 batches=21827 verts=523362 texStalls=0 recompiles=784 underruns=0 overruns=0 sleep_us=2967195 queue_ms=142
fps: 60.0
vis: 60.0
cpu: exceptions=11390 cacheResets=1 batches=24917 verts=595902 texStalls=0 recompiles=784 underruns=0 overruns=0 sleep_us=3214118 queue_ms=147
fps: 60.0
vis: 60.0
cpu: exceptions=11613 cacheResets=1 batches=28007 verts=668442 texStalls=0 recompiles=784 underruns=0 overruns=0 sleep_us=3460487 queue_ms=143
fps: 60.0
vis: 60.0
cpu: exceptions=11863 cacheResets=1 batches=31497 verts=758742 texStalls=0 recompiles=815 underruns=0 overruns=0 sleep_us=3662587 queue_ms=139
fps: 59.9
vis: 60.0
cpu: exceptions=12117 cacheResets=1 batches=35187 verts=857922 texStalls=0 recompiles=815 underruns=0 overruns=0 sleep_us=3859038 queue_ms=145
fps: 58.8
vis: 60.0
cpu: exceptions=12349 cacheResets=1 batches=38877 verts=957102 texStalls=0 recompiles=815 underruns=0 overruns=0 sleep_us=4054758 queue_ms=132
fps: 59.9
vis: 60.0
cpu: exceptions=12618 cacheResets=1 batches=42567 verts=1056282 texStalls=0 recompiles=818 underruns=0 overruns=0 sleep_us=4225930 queue_ms=137
fps: 59.9
vis: 60.0
cpu: exceptions=12920 cacheResets=1 batches=46257 verts=1155462 texStalls=0 recompiles=818 underruns=0 overruns=0 sleep_us=4407115 queue_ms=133
fps: 60.2
vis: 60.0
cpu: exceptions=13198 cacheResets=1 batches=49947 verts=1254642 texStalls=0 recompiles=819 underruns=0 overruns=0 sleep_us=4605409 queue_ms=139
fps: 59.9
vis: 60.0
cpu: exceptions=13452 cacheResets=1 batches=53607 verts=1353642 texStalls=0 recompiles=821 underruns=0 overruns=0 sleep_us=4795391 queue_ms=135
fps: 60.0
vis: 60.0
cpu: exceptions=13735 cacheResets=1 batches=57287 verts=1452762 texStalls=0 recompiles=825 underruns=0 overruns=0 sleep_us=4978064 queue_ms=131
fps: 60.0
vis: 60.0
cpu: exceptions=13983 cacheResets=1 batches=61007 verts=1552122 texStalls=0 recompiles=825 underruns=0 overruns=0 sleep_us=5183881 queue_ms=136
fps: 60.0
vis: 60.0
cpu: exceptions=14244 cacheResets=1 batches=64727 verts=1651482 texStalls=0 recompiles=839 underruns=0 overruns=0 sleep_us=5372066 queue_ms=133
fps: 60.0
vis: 60.0
cpu: exceptions=14499 cacheResets=1 batches=68447 verts=1750842 texStalls=0 recompiles=839 underruns=0 overruns=0 sleep_us=5569584 queue_ms=138
fps: 60.1
vis: 60.0
cpu: exceptions=14774 cacheResets=1 batches=72167 verts=1850202 texStalls=0 recompiles=839 underruns=0 overruns=0 sleep_us=5760261 queue_ms=134
fps: 59.9
vis: 60.0
cpu: exceptions=15058 cacheResets=1 batches=75887 verts=1949562 texStalls=0 recompiles=839 underruns=0 overruns=0 sleep_us=5938458 queue_ms=139
fps: 60.0
vis: 60.0
cpu: exceptions=15335 cacheResets=1 batches=79607 verts=2048922 texStalls=0 recompiles=839 underruns=0 overruns=0 sleep_us=6111664 queue_ms=136
fps: 59.9
vis: 60.0
cpu: exceptions=15606 cacheResets=1 batches=84102 verts=2171232 texStalls=0 recompiles=842 underruns=0 overruns=0 sleep_us=6256464 queue_ms=132
fps: 60.0
mark: stop reason: chain guest VI limit
mark: stop_it requested
audio: alist_resample_calls=16686 alist_resample_samples=3070224 alist_zoh_calls=0 alist_zoh_samples=0 musyx_subframes=0 musyx_voices=0 musyx_voice_peak=0
audio_stages: adpcm_calls=16351 adpcm_samples=2627312 envmix_calls=16686 envmix_samples=3070224 mix_calls=106152 mix_samples=19531968 musyx_fx_calls=0 musyx_fx_taps=0 output_calls=897 output_samples=478768
audio_envmix: exp_calls=0 ge_calls=0 lin_calls=16686 nead_calls=0 exp_steady=0 ge_steady=0 lin_steady=10581
audio_gaps: nead_mats=0 nead_efz=0 resample_flag2=0 musyx_ptr10=0
audio_output: stream_requests=3336 stream_fed=1649 input_hz=32006 playback_hz=32006 queue_peak_ms=182
probe_schema: version=2 self=1 interval=127
vm_io: read_ahead=1 reads=0 hits=0 read_bytes=0 writes=0 write_bytes=0 errors=0
subsystem_time: stage=rsp_gfx calls=802 timed_calls=802 period=1 timed_us=2976491
subsystem_time: stage=rsp_audio calls=898 timed_calls=898 period=1 timed_us=973372
subsystem_time: stage=rsp_other calls=0 timed_calls=0 period=1 timed_us=0
subsystem_time: stage=lookup calls=445568 timed_calls=3508 period=127 timed_us=1202
subsystem_time: stage=compile calls=842 timed_calls=842 period=1 timed_us=126614
subsystem_time: stage=dispatch calls=2950325 timed_calls=23230 period=127 timed_us=9723
subsystem_self: stage=dispatch calls=2950325 timed_calls=23230 self_us=8449 dropped=0
subsystem_time: stage=execute_inclusive calls=2950325 timed_calls=23230 period=127 timed_us=117859
subsystem_self: stage=execute_inclusive calls=2950325 timed_calls=23230 self_us=37553 dropped=0
subsystem_time: stage=rom_copy calls=10613 timed_calls=10613 period=1 timed_us=30357
subsystem_time: stage=present calls=899 timed_calls=899 period=1 timed_us=36347
subsystem_time: stage=limiter calls=872 timed_calls=872 period=1 timed_us=6400696
subsystem_time: stage=vm_fault calls=0 timed_calls=0 period=1 timed_us=0
subsystem_time: stage=vm_victim calls=0 timed_calls=0 period=1 timed_us=0
subsystem_time: stage=vm_read calls=0 timed_calls=0 period=1 timed_us=0
subsystem_time: stage=vm_write calls=0 timed_calls=0 period=1 timed_us=0
subsystem_time: stage=tex_hash calls=58753 timed_calls=58753 period=1 timed_us=303788
subsystem_time: stage=tex_lookup calls=58753 timed_calls=58753 period=1 timed_us=34022
subsystem_time: stage=tex_load calls=83 timed_calls=83 period=1 timed_us=10690
subsystem_time: stage=tex_activate calls=58753 timed_calls=58753 period=1 timed_us=43668
subsystem_time: stage=draw_triangles calls=88597 timed_calls=88597 period=1 timed_us=405592
subsystem_time: stage=draw_rect calls=1843 timed_calls=1843 period=1 timed_us=27579
subsystem_time: stage=gfx_list calls=802 timed_calls=802 period=1 timed_us=2974857
subsystem_time: stage=gfx_command calls=2535664 timed_calls=19965 period=127 timed_us=26198
gfx_ucodes: mask=00000004
gfx_opcode: op=01 calls=130585 timed_calls=1027 timed_us=2677
gfx_opcode: op=02 calls=91140 timed_calls=715 timed_us=146
gfx_opcode: op=05 calls=15036 timed_calls=126 timed_us=1459
gfx_opcode: op=06 calls=374799 timed_calls=2966 timed_us=12839
gfx_opcode: op=d7 calls=66036 timed_calls=531 timed_us=97
gfx_opcode: op=d8 calls=49708 timed_calls=379 timed_us=49
gfx_opcode: op=d9 calls=75414 timed_calls=570 timed_us=76
gfx_opcode: op=da calls=149248 timed_calls=1183 timed_us=692
gfx_opcode: op=db calls=155210 timed_calls=1208 timed_us=208
gfx_opcode: op=dc calls=9587 timed_calls=71 timed_us=46
gfx_opcode: op=de calls=120047 timed_calls=981 timed_us=168
gfx_opcode: op=df calls=94335 timed_calls=732 timed_us=96
gfx_opcode: op=e2 calls=104313 timed_calls=828 timed_us=119
gfx_opcode: op=e3 calls=99489 timed_calls=783 timed_us=126
gfx_opcode: op=e4 calls=432 timed_calls=4 timed_us=85
gfx_opcode: op=e6 calls=105400 timed_calls=839 timed_us=102
gfx_opcode: op=e7 calls=317782 timed_calls=2464 timed_us=306
gfx_opcode: op=e8 calls=38175 timed_calls=300 timed_us=36
gfx_opcode: op=e9 calls=802 timed_calls=6 timed_us=9
gfx_opcode: op=ed calls=5224 timed_calls=38 timed_us=13
gfx_opcode: op=f0 calls=46647 timed_calls=366 timed_us=303
gfx_opcode: op=f2 calls=56420 timed_calls=468 timed_us=127
gfx_opcode: op=f3 calls=55405 timed_calls=427 timed_us=1144
gfx_opcode: op=f4 calls=3348 timed_calls=26 timed_us=229
gfx_opcode: op=f5 calls=144877 timed_calls=1111 timed_us=204
gfx_opcode: op=f6 calls=2159 timed_calls=17 timed_us=2770
gfx_opcode: op=f7 calls=1550 timed_calls=12 timed_us=8
gfx_opcode: op=f8 calls=1271 timed_calls=8 timed_us=1
gfx_opcode: op=f9 calls=21547 timed_calls=172 timed_us=28
gfx_opcode: op=fa calls=13535 timed_calls=104 timed_us=18
gfx_opcode: op=fb calls=2767 timed_calls=20 timed_us=4
gfx_opcode: op=fc calls=75073 timed_calls=615 timed_us=81
gfx_opcode: op=fd calls=102331 timed_calls=824 timed_us=114
gfx_opcode: op=fe calls=802 timed_calls=9 timed_us=7
gfx_opcode: op=ff calls=5170 timed_calls=35 timed_us=14
subsystem_time: stage=vertex calls=776010 timed_calls=6110 period=127 timed_us=2504
subsystem_time: stage=gfx_state calls=496795 timed_calls=3911 period=127 timed_us=8495
subsystem_self: stage=gfx_state calls=496795 timed_calls=3911 self_us=5270 dropped=0
subsystem_time: stage=gx_wait calls=4 timed_calls=4 period=1 timed_us=2556
subsystem_time: stage=dma_pi calls=10614 timed_calls=10614 period=1 timed_us=76848
subsystem_time: stage=dma_sp calls=3400 timed_calls=3400 period=1 timed_us=3957
subsystem_time: stage=dma_si calls=963 timed_calls=963 period=1 timed_us=18807
subsystem_time: stage=tlb_translate calls=0 timed_calls=0 period=127 timed_us=0
subsystem_time: stage=pif calls=964 timed_calls=964 period=1 timed_us=17565
subsystem_time: stage=input calls=3536 timed_calls=3536 period=1 timed_us=14798
subsystem_time: stage=guest_interrupt calls=21579 timed_calls=21579 period=1 timed_us=6487890
subsystem_self: stage=guest_interrupt calls=21579 timed_calls=21579 self_us=27578 dropped=0
subsystem_time: stage=interpreter_inclusive calls=0 timed_calls=0 period=1 timed_us=0
subsystem_self: stage=interpreter_inclusive calls=0 timed_calls=0 self_us=0 dropped=0
subsystem_time: stage=audio_submit calls=898 timed_calls=898 period=1 timed_us=14181
subsystem_time: stage=audio_callback calls=9337 timed_calls=9337 period=1 timed_us=7714
subsystem_time: stage=memory_slow calls=949359 timed_calls=7475 period=127 timed_us=34136
subsystem_self: stage=memory_slow calls=949359 timed_calls=7475 self_us=3797 dropped=0
subsystem_time: stage=jit_invalidate calls=230630 timed_calls=1815 period=127 timed_us=434
subsystem_time: stage=cpu_helper calls=8413216 timed_calls=66245 period=127 timed_us=74046
subsystem_time: stage=storage_read calls=0 timed_calls=0 period=1 timed_us=0
subsystem_time: stage=storage_write calls=0 timed_calls=0 period=1 timed_us=0
subsystem_time: stage=save_load calls=0 timed_calls=0 period=1 timed_us=0
subsystem_time: stage=save_write calls=0 timed_calls=0 period=1 timed_us=0
subsystem_time: stage=state_load calls=0 timed_calls=0 period=1 timed_us=0
subsystem_time: stage=state_save calls=0 timed_calls=0 period=1 timed_us=0
subsystem_time: stage=probe_io calls=3 timed_calls=3 period=1 timed_us=29791
subsystem_time: stage=agent_poll calls=1809 timed_calls=1809 period=1 timed_us=477
audio_time: stage=resample sampled_calls=131 sampled_samples=24104 sampled_us=979
audio_time: stage=zoh sampled_calls=0 sampled_samples=0 sampled_us=0
audio_time: stage=adpcm sampled_calls=128 sampled_samples=21280 sampled_us=890
audio_time: stage=envmix_exp sampled_calls=0 sampled_samples=0 sampled_us=0
audio_time: stage=envmix_ge sampled_calls=0 sampled_samples=0 sampled_us=0
audio_time: stage=envmix_lin sampled_calls=131 sampled_samples=24104 sampled_us=2382
audio_time: stage=envmix_nead sampled_calls=0 sampled_samples=0 sampled_us=0
audio_time: stage=mix sampled_calls=835 sampled_samples=153640 sampled_us=2500
audio_time: stage=musyx_voice sampled_calls=0 sampled_samples=0 sampled_us=0
audio_time: stage=musyx_fx sampled_calls=0 sampled_samples=0 sampled_us=0
audio_time: stage=output sampled_calls=7 sampled_samples=3680 sampled_us=95
gpu_counters: clks=3688730547 tb_clks=3688730628 ras_busy=238777044 xf_wait_in=3145585679 xf_wait_out=405463203 ras_peak_permille=94 ztop_in=698839424 ztop_out=664454420 z_in=187382712 z_out=123682004 blend_in=852091216 copy_clks=86593688 fifo_overflows=1615
game: n=5/9 how=vis vis=900 vi_rate=60 vi0_retrace=9901 wall_us=15179879 sleep_us=6397931 avg_vis=57.95 avg_fps=54.47 exceptions=15864 cacheResets=1 recompiles=842 batches=88597 verts=2293902 texStalls=0 treeDepthMax=14 underruns=0 overruns=0 queue_peak_ms=163 dsp_avg=1.54 dsp_peak=1.75 dsp_samples=30 pmc1=6150359946 pmc2=6087165147 pmc3=0 pmc4=0 mmcr0=00000042 mmcr1=00000000 heap_used=10849176 heap_free=150632 arena1_free=208896 arena2_free=288704 flushes=3 flush_us=29790 padtrace=0 rom=sd:/wii64/roms/Super Smash Bros. (U) [!].z64
=== chain 5/9 end vis=900 how=vis rom=sd:/wii64/roms/Super Smash Bros. (U) [!].z64 ===
mark: pad replay records: 1
mark: loadROM: enter
mark: loadROM: before rom_read
mark: ROMCache_load: enter
mark: ROMCache_load: before first read
mark: ROMCache_load: first read returned
mark: ROMCache_load: byte_swap_type set
mark: ROMCache_load: first byte_swap done
menufps: 0.1
menufps: 8.4
menufps: 8.0
menufps: 8.1
menufps: 7.5
mark: ROMCache_load: loop exited normally
mark: ROMCache_load: elapsed_us=2911894 bytes=12582912 vm=0
mark: loadROM: after rom_read
mark: loadROM: before init_memory
mark: loadROM: after init_memory
mark: loadROM: before romOpen_gfx
mark: loadROM: after romOpen_gfx / before romOpen_audio
mark: loadROM: after romOpen_audio / before romOpen_input
mark: loadROM: after romOpen_input / before cpu_init
mark: loadROM: after cpu_init
menufps: 6.7
menufps: 1.9
menufps: 1.0
menufps: 1.0
fps: 2.6
first_vi: vi0_retrace=11194
vis: 4.3
cpu: exceptions=0 cacheResets=0 batches=0 verts=0 texStalls=0 recompiles=0 underruns=0 overruns=0 sleep_us=0 queue_ms=0
mark: CPU core dispatch: dynarec
vis: 60.0
cpu: exceptions=100 cacheResets=1 batches=0 verts=0 texStalls=0 recompiles=296 underruns=0 overruns=0 sleep_us=22377 queue_ms=0
vis: 60.0
cpu: exceptions=267 cacheResets=1 batches=0 verts=0 texStalls=0 recompiles=472 underruns=1 overruns=0 sleep_us=255417 queue_ms=18
fps: 0.8
vis: 60.0
cpu: exceptions=428 cacheResets=1 batches=0 verts=0 texStalls=0 recompiles=675 underruns=1 overruns=0 sleep_us=586460 queue_ms=9
vis: 60.0
cpu: exceptions=698 cacheResets=1 batches=0 verts=0 texStalls=0 recompiles=675 underruns=1 overruns=0 sleep_us=1054534 queue_ms=13
vis: 60.0
cpu: exceptions=931 cacheResets=1 batches=0 verts=0 texStalls=0 recompiles=677 underruns=1 overruns=0 sleep_us=1522879 queue_ms=18
vis: 60.0
cpu: exceptions=1155 cacheResets=1 batches=0 verts=0 texStalls=0 recompiles=677 underruns=1 overruns=0 sleep_us=1992074 queue_ms=9
vis: 60.0
cpu: exceptions=1371 cacheResets=1 batches=0 verts=0 texStalls=0 recompiles=685 underruns=2 overruns=0 sleep_us=2460410 queue_ms=13
vis: 60.0
cpu: exceptions=1595 cacheResets=1 batches=0 verts=0 texStalls=0 recompiles=685 underruns=2 overruns=0 sleep_us=2929771 queue_ms=18
fps: 1.4
vis: 60.0
cpu: exceptions=1748 cacheResets=1 batches=348 verts=1044 texStalls=0 recompiles=713 underruns=2 overruns=0 sleep_us=3253515 queue_ms=22
fps: 60.2
vis: 60.0
cpu: exceptions=1898 cacheResets=1 batches=708 verts=2124 texStalls=0 recompiles=713 underruns=2 overruns=0 sleep_us=3582815 queue_ms=26
fps: 60.0
vis: 60.0
cpu: exceptions=2075 cacheResets=1 batches=4160 verts=45240 texStalls=0 recompiles=796 underruns=2 overruns=0 sleep_us=3922253 queue_ms=15
fps: 56.0
vis: 60.0
cpu: exceptions=2254 cacheResets=1 batches=11300 verts=136860 texStalls=0 recompiles=796 underruns=2 overruns=0 sleep_us=4274006 queue_ms=18
fps: 59.9
vis: 60.0
cpu: exceptions=2442 cacheResets=1 batches=18440 verts=228480 texStalls=0 recompiles=809 underruns=2 overruns=0 sleep_us=4610561 queue_ms=23
fps: 60.0
vis: 60.0
cpu: exceptions=2618 cacheResets=1 batches=25580 verts=320100 texStalls=0 recompiles=809 underruns=2 overruns=0 sleep_us=4951420 queue_ms=26
fps: 60.2
vis: 60.0
cpu: exceptions=2823 cacheResets=1 batches=32720 verts=411720 texStalls=0 recompiles=812 underruns=2 overruns=0 sleep_us=5289516 queue_ms=14
fps: 60.0
vis: 60.0
cpu: exceptions=3003 cacheResets=1 batches=39860 verts=503340 texStalls=0 recompiles=812 underruns=2 overruns=0 sleep_us=5627261 queue_ms=18
fps: 60.0
vis: 60.0
cpu: exceptions=3173 cacheResets=1 batches=47000 verts=594960 texStalls=0 recompiles=813 underruns=2 overruns=0 sleep_us=5968943 queue_ms=23
fps: 60.0
vis: 60.0
cpu: exceptions=3355 cacheResets=1 batches=54140 verts=686580 texStalls=0 recompiles=813 underruns=2 overruns=0 sleep_us=6306876 queue_ms=14
fps: 60.0
vis: 60.0
cpu: exceptions=3556 cacheResets=1 batches=61280 verts=778200 texStalls=0 recompiles=813 underruns=2 overruns=0 sleep_us=6642935 queue_ms=15
fps: 60.0
vis: 60.0
cpu: exceptions=3723 cacheResets=1 batches=68420 verts=869820 texStalls=0 recompiles=813 underruns=2 overruns=0 sleep_us=6985804 queue_ms=18
fps: 59.8
vis: 60.0
cpu: exceptions=3896 cacheResets=1 batches=75560 verts=961440 texStalls=0 recompiles=813 underruns=2 overruns=0 sleep_us=7324371 queue_ms=24
fps: 60.0
vis: 60.0
cpu: exceptions=4069 cacheResets=1 batches=82700 verts=1053060 texStalls=0 recompiles=813 underruns=2 overruns=0 sleep_us=7662037 queue_ms=14
fps: 60.3
vis: 60.0
cpu: exceptions=4265 cacheResets=1 batches=89840 verts=1144680 texStalls=0 recompiles=813 underruns=2 overruns=0 sleep_us=8002943 queue_ms=15
fps: 60.0
vis: 60.0
cpu: exceptions=4438 cacheResets=1 batches=96980 verts=1236300 texStalls=0 recompiles=813 underruns=2 overruns=0 sleep_us=8338900 queue_ms=19
fps: 59.8
vis: 60.0
cpu: exceptions=4609 cacheResets=1 batches=104120 verts=1327920 texStalls=0 recompiles=813 underruns=2 overruns=0 sleep_us=8677866 queue_ms=10
fps: 60.2
vis: 60.0
cpu: exceptions=4776 cacheResets=1 batches=111260 verts=1419540 texStalls=0 recompiles=813 underruns=2 overruns=0 sleep_us=9020944 queue_ms=15
fps: 56.8
vis: 60.0
cpu: exceptions=4975 cacheResets=1 batches=118400 verts=1511160 texStalls=0 recompiles=813 underruns=4 overruns=0 sleep_us=9356818 queue_ms=16
fps: 60.4
vis: 60.0
cpu: exceptions=5152 cacheResets=1 batches=119363 verts=1534314 texStalls=0 recompiles=835 underruns=4 overruns=0 sleep_us=9743194 queue_ms=19
fps: 60.0
vis: 60.0
cpu: exceptions=5341 cacheResets=1 batches=120233 verts=1558434 texStalls=0 recompiles=836 underruns=4 overruns=0 sleep_us=10131319 queue_ms=12
fps: 59.7
mark: stop reason: chain guest VI limit
mark: stop_it requested
audio: alist_resample_calls=18199 alist_resample_samples=2623744 alist_zoh_calls=0 alist_zoh_samples=0 musyx_subframes=0 musyx_voices=0 musyx_voice_peak=0
audio_stages: adpcm_calls=15527 adpcm_samples=620464 envmix_calls=16034 envmix_samples=2305456 mix_calls=41135 mix_samples=6047472 musyx_fx_calls=0 musyx_fx_taps=0 output_calls=433 output_samples=318288
audio_envmix: exp_calls=0 ge_calls=16034 lin_calls=0 nead_calls=0 exp_steady=0 ge_steady=14219 lin_steady=0
audio_gaps: nead_mats=0 nead_efz=0 resample_flag2=0 musyx_ptr10=0
audio_output: stream_requests=2989 stream_fed=1103 input_hz=22047 playback_hz=22047 queue_peak_ms=59
probe_schema: version=2 self=1 interval=127
vm_io: read_ahead=1 reads=0 hits=0 read_bytes=0 writes=0 write_bytes=0 errors=0
subsystem_time: stage=rsp_gfx calls=660 timed_calls=660 period=1 timed_us=1254756
subsystem_time: stage=rsp_audio calls=433 timed_calls=433 period=1 timed_us=574080
subsystem_time: stage=rsp_other calls=0 timed_calls=0 period=1 timed_us=0
subsystem_time: stage=lookup calls=188435 timed_calls=1483 period=127 timed_us=513
subsystem_time: stage=compile calls=837 timed_calls=837 period=1 timed_us=98085
subsystem_time: stage=dispatch calls=1558216 timed_calls=12269 period=127 timed_us=6311
subsystem_self: stage=dispatch calls=1558216 timed_calls=12269 self_us=4242 dropped=0
subsystem_time: stage=execute_inclusive calls=1558216 timed_calls=12269 period=127 timed_us=108697
subsystem_self: stage=execute_inclusive calls=1558216 timed_calls=12269 self_us=16898 dropped=0
subsystem_time: stage=rom_copy calls=620 timed_calls=620 period=1 timed_us=11859
subsystem_time: stage=present calls=899 timed_calls=899 period=1 timed_us=35351
subsystem_time: stage=limiter calls=868 timed_calls=868 period=1 timed_us=10488382
subsystem_time: stage=vm_fault calls=0 timed_calls=0 period=1 timed_us=0
subsystem_time: stage=vm_victim calls=0 timed_calls=0 period=1 timed_us=0
subsystem_time: stage=vm_read calls=0 timed_calls=0 period=1 timed_us=0
subsystem_time: stage=vm_write calls=0 timed_calls=0 period=1 timed_us=0
subsystem_time: stage=tex_hash calls=29691 timed_calls=29691 period=1 timed_us=80097
subsystem_time: stage=tex_lookup calls=29691 timed_calls=29691 period=1 timed_us=9653
subsystem_time: stage=tex_load calls=69 timed_calls=69 period=1 timed_us=1401
subsystem_time: stage=tex_activate calls=29691 timed_calls=29691 period=1 timed_us=12069
subsystem_time: stage=draw_triangles calls=121074 timed_calls=121074 period=1 timed_us=262830
subsystem_time: stage=draw_rect calls=17457 timed_calls=17457 period=1 timed_us=107745
subsystem_time: stage=gfx_list calls=660 timed_calls=660 period=1 timed_us=1253428
subsystem_time: stage=gfx_command calls=653190 timed_calls=5143 period=127 timed_us=10244
gfx_ucodes: mask=00001000
gfx_opcode: op=01 calls=12366 timed_calls=106 timed_us=42
gfx_opcode: op=03 calls=1818 timed_calls=16 timed_us=17
gfx_opcode: op=04 calls=48525 timed_calls=374 timed_us=2325
gfx_opcode: op=06 calls=13110 timed_calls=110 timed_us=22
gfx_opcode: op=b1 calls=138519 timed_calls=1076 timed_us=5014
gfx_opcode: op=b6 calls=12297 timed_calls=106 timed_us=16
gfx_opcode: op=b7 calls=12450 timed_calls=104 timed_us=14
gfx_opcode: op=b8 calls=13770 timed_calls=116 timed_us=18
gfx_opcode: op=b9 calls=13164 timed_calls=94 timed_us=17
gfx_opcode: op=ba calls=71856 timed_calls=584 timed_us=107
gfx_opcode: op=bb calls=12945 timed_calls=104 timed_us=20
gfx_opcode: op=bc calls=14745 timed_calls=117 timed_us=22
gfx_opcode: op=bf calls=26967 timed_calls=206 timed_us=370
gfx_opcode: op=e4 calls=17457 timed_calls=143 timed_us=1028
gfx_opcode: op=e6 calls=29691 timed_calls=225 timed_us=29
gfx_opcode: op=e7 calls=43050 timed_calls=323 timed_us=42
gfx_opcode: op=e9 calls=660 timed_calls=6 timed_us=6
gfx_opcode: op=ed calls=1320 timed_calls=12 timed_us=6
gfx_opcode: op=f2 calls=31455 timed_calls=248 timed_us=64
gfx_opcode: op=f3 calls=29691 timed_calls=224 timed_us=397
gfx_opcode: op=f5 calls=60855 timed_calls=477 timed_us=92
gfx_opcode: op=f6 calls=660 timed_calls=6 timed_us=6
gfx_opcode: op=f7 calls=660 timed_calls=6 timed_us=4
gfx_opcode: op=fa calls=996 timed_calls=6 timed_us=1
gfx_opcode: op=fc calls=13152 timed_calls=96 timed_us=14
gfx_opcode: op=fd calls=29691 timed_calls=249 timed_us=35
gfx_opcode: op=ff calls=1320 timed_calls=9 timed_us=6
subsystem_time: stage=vertex calls=712209 timed_calls=5607 period=127 timed_us=2328
subsystem_time: stage=gfx_state calls=32799 timed_calls=258 period=127 timed_us=1563
subsystem_self: stage=gfx_state calls=32799 timed_calls=258 self_us=733 dropped=0
subsystem_time: stage=gx_wait calls=4 timed_calls=4 period=1 timed_us=2557
subsystem_time: stage=dma_pi calls=620 timed_calls=620 period=1 timed_us=26039
subsystem_time: stage=dma_sp calls=2186 timed_calls=2186 period=1 timed_us=2239
subsystem_time: stage=dma_si calls=1681 timed_calls=1681 period=1 timed_us=15989
subsystem_time: stage=tlb_translate calls=749247 timed_calls=5899 period=127 timed_us=708
subsystem_time: stage=pif calls=1682 timed_calls=1682 period=1 timed_us=14572
subsystem_time: stage=input calls=2972 timed_calls=2972 period=1 timed_us=11726
subsystem_time: stage=guest_interrupt calls=7051 timed_calls=7051 period=1 timed_us=10593305
subsystem_self: stage=guest_interrupt calls=7051 timed_calls=7051 self_us=20562 dropped=0
subsystem_time: stage=interpreter_inclusive calls=0 timed_calls=0 period=1 timed_us=0
subsystem_self: stage=interpreter_inclusive calls=0 timed_calls=0 self_us=0 dropped=0
subsystem_time: stage=audio_submit calls=433 timed_calls=433 period=1 timed_us=6191
subsystem_time: stage=audio_callback calls=8984 timed_calls=8984 period=1 timed_us=4577
subsystem_time: stage=memory_slow calls=997508 timed_calls=7854 period=127 timed_us=31822
subsystem_self: stage=memory_slow calls=997508 timed_calls=7854 self_us=4115 dropped=0
subsystem_time: stage=jit_invalidate calls=98566 timed_calls=776 period=127 timed_us=154
subsystem_time: stage=cpu_helper calls=4641969 timed_calls=36550 period=127 timed_us=94093
subsystem_time: stage=storage_read calls=0 timed_calls=0 period=1 timed_us=0
subsystem_time: stage=storage_write calls=0 timed_calls=0 period=1 timed_us=0
subsystem_time: stage=save_load calls=0 timed_calls=0 period=1 timed_us=0
subsystem_time: stage=save_write calls=0 timed_calls=0 period=1 timed_us=0
subsystem_time: stage=state_load calls=0 timed_calls=0 period=1 timed_us=0
subsystem_time: stage=state_save calls=0 timed_calls=0 period=1 timed_us=0
subsystem_time: stage=probe_io calls=4 timed_calls=4 period=1 timed_us=55489
subsystem_time: stage=agent_poll calls=1810 timed_calls=1810 period=1 timed_us=405
audio_time: stage=resample sampled_calls=143 sampled_samples=20368 sampled_us=871
audio_time: stage=zoh sampled_calls=0 sampled_samples=0 sampled_us=0
audio_time: stage=adpcm sampled_calls=122 sampled_samples=4912 sampled_us=225
audio_time: stage=envmix_exp sampled_calls=0 sampled_samples=0 sampled_us=0
audio_time: stage=envmix_ge sampled_calls=126 sampled_samples=18352 sampled_us=1790
audio_time: stage=envmix_lin sampled_calls=0 sampled_samples=0 sampled_us=0
audio_time: stage=envmix_nead sampled_calls=0 sampled_samples=0 sampled_us=0
audio_time: stage=mix sampled_calls=323 sampled_samples=47968 sampled_us=763
audio_time: stage=musyx_voice sampled_calls=0 sampled_samples=0 sampled_us=0
audio_time: stage=musyx_fx sampled_calls=0 sampled_samples=0 sampled_us=0
audio_time: stage=output sampled_calls=3 sampled_samples=2192 sampled_us=39
gpu_counters: clks=3689584673 tb_clks=3689584756 ras_busy=47584133 xf_wait_in=3569987368 xf_wait_out=36157843 ras_peak_permille=20 ztop_in=183975684 ztop_out=181443664 z_in=0 z_out=0 blend_in=181623620 copy_clks=74498905 fifo_overflows=0
game: n=6/9 how=vis vis=900 vi_rate=60 vi0_retrace=11194 wall_us=15183388 sleep_us=10485688 avg_vis=58.14 avg_fps=52.42 exceptions=5544 cacheResets=1 recompiles=837 batches=121074 verts=1581750 texStalls=0 treeDepthMax=15 underruns=4 overruns=0 queue_peak_ms=26 dsp_avg=1.38 dsp_peak=1.60 dsp_samples=30 pmc1=3280622396 pmc2=3542393140 pmc3=0 pmc4=0 mmcr0=00000042 mmcr1=00000000 heap_used=10846552 heap_free=153256 arena1_free=208896 arena2_free=288704 flushes=4 flush_us=55488 padtrace=0 rom=sd:/wii64/roms/GoldenEye 007 (USA).z64
=== chain 6/9 end vis=900 how=vis rom=sd:/wii64/roms/GoldenEye 007 (USA).z64 ===
mark: pad replay records: 1
mark: loadROM: enter
mark: loadROM: before rom_read
mark: ROMCache_load: enter
mark: ROMCache_load: before first read
mark: ROMCache_load: first read returned
mark: ROMCache_load: byte_swap_type set
mark: ROMCache_load: first byte_swap done
menufps: 0.1
menufps: 8.3
menufps: 8.0
menufps: 8.2
mark: ROMCache_load: loop exited normally
mark: ROMCache_load: elapsed_us=1967378 bytes=8388608 vm=0
mark: loadROM: after rom_read
mark: loadROM: before init_memory
mark: loadROM: after init_memory
mark: loadROM: before romOpen_gfx
mark: loadROM: after romOpen_gfx / before romOpen_audio
mark: loadROM: after romOpen_audio / before romOpen_input
mark: loadROM: after romOpen_input / before cpu_init
mark: loadROM: after cpu_init
menufps: 2.3
menufps: 1.0
menufps: 1.0
fps: 3.4
first_vi: vi0_retrace=12432
vis: 4.9
cpu: exceptions=0 cacheResets=0 batches=0 verts=0 texStalls=0 recompiles=0 underruns=0 overruns=0 sleep_us=0 queue_ms=0
mark: CPU core dispatch: dynarec
vis: 60.0
cpu: exceptions=60 cacheResets=1 batches=0 verts=0 texStalls=0 recompiles=163 underruns=2 overruns=0 sleep_us=89870 queue_ms=39
fps: 1.2
vis: 60.0
cpu: exceptions=216 cacheResets=1 batches=0 verts=0 texStalls=0 recompiles=207 underruns=2 overruns=0 sleep_us=543403 queue_ms=34
vis: 60.0
cpu: exceptions=516 cacheResets=1 batches=0 verts=0 texStalls=0 recompiles=207 underruns=2 overruns=0 sleep_us=1011965 queue_ms=30
vis: 60.0
cpu: exceptions=815 cacheResets=1 batches=0 verts=0 texStalls=0 recompiles=233 underruns=2 overruns=0 sleep_us=1478079 queue_ms=35
vis: 60.0
cpu: exceptions=1068 cacheResets=1 batches=0 verts=0 texStalls=0 recompiles=287 underruns=2 overruns=0 sleep_us=1936475 queue_ms=32
vis: 60.0
cpu: exceptions=1139 cacheResets=1 batches=0 verts=0 texStalls=0 recompiles=288 underruns=3 overruns=0 sleep_us=2346427 queue_ms=0
fps: 0.4
vis: 59.2
cpu: exceptions=1282 cacheResets=1 batches=0 verts=0 texStalls=0 recompiles=508 underruns=5 overruns=0 sleep_us=2571324 queue_ms=20
vis: 52.4
cpu: exceptions=1424 cacheResets=1 batches=0 verts=0 texStalls=0 recompiles=732 underruns=7 overruns=0 sleep_us=2800978 queue_ms=3
fps: 1.6
vis: 60.0
cpu: exceptions=1612 cacheResets=1 batches=3470 verts=86430 texStalls=0 recompiles=834 underruns=9 overruns=0 sleep_us=2949587 queue_ms=61
fps: 21.4
vis: 60.0
cpu: exceptions=1796 cacheResets=1 batches=6940 verts=172860 texStalls=0 recompiles=835 underruns=9 overruns=0 sleep_us=3155738 queue_ms=59
fps: 20.0
vis: 60.0
cpu: exceptions=1991 cacheResets=1 batches=10410 verts=259290 texStalls=0 recompiles=836 underruns=9 overruns=0 sleep_us=3358966 queue_ms=63
fps: 20.0
vis: 60.0
cpu: exceptions=2189 cacheResets=1 batches=13932 verts=345876 texStalls=0 recompiles=837 underruns=9 overruns=0 sleep_us=3560018 queue_ms=60
fps: 20.0
vis: 60.0
cpu: exceptions=2383 cacheResets=1 batches=17630 verts=432990 texStalls=0 recompiles=839 underruns=9 overruns=0 sleep_us=3764676 queue_ms=55
fps: 20.0
vis: 60.0
cpu: exceptions=2602 cacheResets=1 batches=21424 verts=520392 texStalls=0 recompiles=843 underruns=9 overruns=0 sleep_us=3944711 queue_ms=61
fps: 19.9
vis: 60.0
cpu: exceptions=2838 cacheResets=1 batches=25294 verts=608022 texStalls=0 recompiles=843 underruns=9 overruns=0 sleep_us=4126022 queue_ms=57
fps: 20.0
vis: 60.0
cpu: exceptions=3089 cacheResets=1 batches=29226 verts=695838 texStalls=0 recompiles=843 underruns=9 overruns=0 sleep_us=4299495 queue_ms=53
fps: 19.4
vis: 60.0
cpu: exceptions=3368 cacheResets=1 batches=33210 verts=786162 texStalls=0 recompiles=844 underruns=9 overruns=0 sleep_us=4453111 queue_ms=49
fps: 20.1
vis: 60.0
cpu: exceptions=3651 cacheResets=1 batches=37126 verts=877290 texStalls=0 recompiles=844 underruns=9 overruns=0 sleep_us=4612232 queue_ms=46
fps: 20.1
vis: 60.0
cpu: exceptions=3925 cacheResets=1 batches=40782 verts=968238 texStalls=0 recompiles=844 underruns=9 overruns=0 sleep_us=4778034 queue_ms=51
fps: 20.0
vis: 60.0
cpu: exceptions=4189 cacheResets=1 batches=44352 verts=1058928 texStalls=0 recompiles=844 underruns=9 overruns=0 sleep_us=4949818 queue_ms=47
fps: 19.9
vis: 60.0
cpu: exceptions=4460 cacheResets=1 batches=47922 verts=1149618 texStalls=0 recompiles=844 underruns=9 overruns=0 sleep_us=5118349 queue_ms=53
fps: 20.0
vis: 60.0
cpu: exceptions=4731 cacheResets=1 batches=51494 verts=1240314 texStalls=0 recompiles=845 underruns=9 overruns=0 sleep_us=5281831 queue_ms=48
fps: 20.0
vis: 60.0
cpu: exceptions=5005 cacheResets=1 batches=55119 verts=1331790 texStalls=0 recompiles=846 underruns=9 overruns=0 sleep_us=5443973 queue_ms=45
fps: 20.0
vis: 60.0
cpu: exceptions=5287 cacheResets=1 batches=58814 verts=1423755 texStalls=0 recompiles=848 underruns=9 overruns=0 sleep_us=5602527 queue_ms=50
fps: 20.0
vis: 60.0
cpu: exceptions=5572 cacheResets=1 batches=62573 verts=1515876 texStalls=0 recompiles=858 underruns=9 overruns=0 sleep_us=5748903 queue_ms=47
fps: 20.1
vis: 60.0
cpu: exceptions=5809 cacheResets=1 batches=66603 verts=1609038 texStalls=0 recompiles=863 underruns=9 overruns=0 sleep_us=5912442 queue_ms=51
fps: 19.9
vis: 60.0
cpu: exceptions=6012 cacheResets=1 batches=70626 verts=1702398 texStalls=0 recompiles=864 underruns=9 overruns=0 sleep_us=6095062 queue_ms=49
vis: 60.0
cpu: exceptions=6178 cacheResets=1 batches=74593 verts=1795674 texStalls=0 recompiles=866 underruns=9 overruns=0 sleep_us=6286774 queue_ms=53
fps: 20.0
vis: 60.0
cpu: exceptions=6398 cacheResets=1 batches=78279 verts=1887789 texStalls=0 recompiles=866 underruns=9 overruns=0 sleep_us=6469480 queue_ms=50
fps: 20.0
vis: 60.0
cpu: exceptions=6580 cacheResets=1 batches=81922 verts=1979496 texStalls=0 recompiles=866 underruns=9 overruns=0 sleep_us=6657238 queue_ms=46
mark: stop reason: chain guest VI limit
mark: stop_it requested
audio: alist_resample_calls=30582 alist_resample_samples=4080152 alist_zoh_calls=0 alist_zoh_samples=0 musyx_subframes=0 musyx_voices=0 musyx_voice_peak=0
audio_stages: adpcm_calls=23953 adpcm_samples=3233952 envmix_calls=23750 envmix_samples=3168504 mix_calls=21026 mix_samples=6632320 musyx_fx_calls=0 musyx_fx_taps=0 output_calls=862 output_samples=459344
audio_envmix: exp_calls=23750 ge_calls=0 lin_calls=0 nead_calls=0 exp_steady=20211 ge_steady=0 lin_steady=0
audio_gaps: nead_mats=0 nead_efz=0 resample_flag2=0 musyx_ptr10=0
audio_output: stream_requests=3424 stream_fed=1592 input_hz=32006 playback_hz=32006 queue_peak_ms=79
probe_schema: version=2 self=1 interval=127
vm_io: read_ahead=1 reads=0 hits=0 read_bytes=0 writes=0 write_bytes=0 errors=0
subsystem_time: stage=rsp_gfx calls=224 timed_calls=224 period=1 timed_us=2777638
subsystem_time: stage=rsp_audio calls=854 timed_calls=854 period=1 timed_us=831088
subsystem_time: stage=rsp_other calls=0 timed_calls=0 period=1 timed_us=0
subsystem_time: stage=lookup calls=122376 timed_calls=963 period=127 timed_us=499
subsystem_time: stage=compile calls=866 timed_calls=866 period=1 timed_us=223768
subsystem_time: stage=dispatch calls=2003139 timed_calls=15772 period=127 timed_us=8370
subsystem_self: stage=dispatch calls=2003139 timed_calls=15772 self_us=6282 dropped=0
subsystem_time: stage=execute_inclusive calls=2003139 timed_calls=15772 period=127 timed_us=75014
subsystem_self: stage=execute_inclusive calls=2003139 timed_calls=15772 self_us=35052 dropped=0
subsystem_time: stage=rom_copy calls=2674 timed_calls=2674 period=1 timed_us=26272
subsystem_time: stage=present calls=899 timed_calls=899 period=1 timed_us=29678
subsystem_time: stage=limiter calls=641 timed_calls=641 period=1 timed_us=6666101
subsystem_time: stage=vm_fault calls=0 timed_calls=0 period=1 timed_us=0
subsystem_time: stage=vm_victim calls=0 timed_calls=0 period=1 timed_us=0
subsystem_time: stage=vm_read calls=0 timed_calls=0 period=1 timed_us=0
subsystem_time: stage=vm_write calls=0 timed_calls=0 period=1 timed_us=0
subsystem_time: stage=tex_hash calls=65317 timed_calls=65317 period=1 timed_us=880176
subsystem_time: stage=tex_lookup calls=65317 timed_calls=65317 period=1 timed_us=58758
subsystem_time: stage=tex_load calls=178 timed_calls=178 period=1 timed_us=12013
subsystem_time: stage=tex_activate calls=65317 timed_calls=65317 period=1 timed_us=38282
subsystem_time: stage=draw_triangles calls=82285 timed_calls=82285 period=1 timed_us=268104
subsystem_time: stage=draw_rect calls=2289 timed_calls=2289 period=1 timed_us=24304
subsystem_time: stage=gfx_list calls=224 timed_calls=224 period=1 timed_us=2777139
subsystem_time: stage=gfx_command calls=1457583 timed_calls=11477 period=127 timed_us=24308
gfx_ucodes: mask=00010000
gfx_opcode: op=01 calls=15709 timed_calls=131 timed_us=65
gfx_opcode: op=03 calls=1768 timed_calls=13 timed_us=12
gfx_opcode: op=04 calls=88041 timed_calls=684 timed_us=2620
gfx_opcode: op=06 calls=36428 timed_calls=276 timed_us=54
gfx_opcode: op=b4 calls=221 timed_calls=3 timed_us=0
gfx_opcode: op=b5 calls=118541 timed_calls=928 timed_us=6035
gfx_opcode: op=b6 calls=8620 timed_calls=83 timed_us=12
gfx_opcode: op=b7 calls=8619 timed_calls=56 timed_us=7
gfx_opcode: op=b8 calls=36652 timed_calls=285 timed_us=37
gfx_opcode: op=b9 calls=9520 timed_calls=73 timed_us=12
gfx_opcode: op=ba calls=24763 timed_calls=216 timed_us=38
gfx_opcode: op=bb calls=28943 timed_calls=214 timed_us=37
gfx_opcode: op=bc calls=5246 timed_calls=35 timed_us=9
gfx_opcode: op=bd calls=1105 timed_calls=8 timed_us=1
gfx_opcode: op=be calls=4199 timed_calls=40 timed_us=4
gfx_opcode: op=bf calls=425813 timed_calls=3416 timed_us=8489
gfx_opcode: op=c0 calls=223 timed_calls=1 timed_us=0
gfx_opcode: op=e4 calls=1847 timed_calls=15 timed_us=195
gfx_opcode: op=e6 calls=79897 timed_calls=596 timed_us=71
gfx_opcode: op=e7 calls=68661 timed_calls=541 timed_us=67
gfx_opcode: op=e8 calls=115378 timed_calls=907 timed_us=107
gfx_opcode: op=e9 calls=224 timed_calls=1 timed_us=1
gfx_opcode: op=ed calls=446 timed_calls=4 timed_us=1
gfx_opcode: op=f0 calls=9945 timed_calls=85 timed_us=230
gfx_opcode: op=f2 calls=53397 timed_calls=413 timed_us=103
gfx_opcode: op=f3 calls=69731 timed_calls=566 timed_us=3404
gfx_opcode: op=f4 calls=221 timed_calls=3 timed_us=77
gfx_opcode: op=f5 calls=133294 timed_calls=1033 timed_us=181
gfx_opcode: op=f6 calls=669 timed_calls=9 timed_us=1430
gfx_opcode: op=f7 calls=448 timed_calls=5 timed_us=2
gfx_opcode: op=f8 calls=884 timed_calls=6 timed_us=1
gfx_opcode: op=fa calls=935 timed_calls=4 timed_us=0
gfx_opcode: op=fb calls=5415 timed_calls=46 timed_us=7
gfx_opcode: op=fc calls=21210 timed_calls=164 timed_us=21
gfx_opcode: op=fd calls=79897 timed_calls=613 timed_us=83
gfx_opcode: op=fe calls=223 timed_calls=2 timed_us=1
gfx_opcode: op=ff calls=450 timed_calls=2 timed_us=1
subsystem_time: stage=vertex calls=942406 timed_calls=7420 period=127 timed_us=2450
subsystem_time: stage=gfx_state calls=68494 timed_calls=539 period=127 timed_us=8898
subsystem_self: stage=gfx_state calls=68494 timed_calls=539 self_us=1199 dropped=0
subsystem_time: stage=gx_wait calls=4 timed_calls=4 period=1 timed_us=2561
subsystem_time: stage=dma_pi calls=2674 timed_calls=2674 period=1 timed_us=51307
subsystem_time: stage=dma_sp calls=2156 timed_calls=2156 period=1 timed_us=2368
subsystem_time: stage=dma_si calls=741 timed_calls=741 period=1 timed_us=5525
subsystem_time: stage=tlb_translate calls=0 timed_calls=0 period=127 timed_us=0
subsystem_time: stage=pif calls=742 timed_calls=742 period=1 timed_us=4896
subsystem_time: stage=input calls=896 timed_calls=896 period=1 timed_us=3949
subsystem_time: stage=guest_interrupt calls=9481 timed_calls=9481 period=1 timed_us=6739484
subsystem_self: stage=guest_interrupt calls=9481 timed_calls=9481 self_us=20722 dropped=0
subsystem_time: stage=interpreter_inclusive calls=0 timed_calls=0 period=1 timed_us=0
subsystem_self: stage=interpreter_inclusive calls=0 timed_calls=0 self_us=0 dropped=0
subsystem_time: stage=audio_submit calls=862 timed_calls=862 period=1 timed_us=9922
subsystem_time: stage=audio_callback calls=9447 timed_calls=9447 period=1 timed_us=6686
subsystem_time: stage=memory_slow calls=577538 timed_calls=4547 period=127 timed_us=99770
subsystem_self: stage=memory_slow calls=577538 timed_calls=4547 self_us=1842 dropped=0
subsystem_time: stage=jit_invalidate calls=37 timed_calls=0 period=127 timed_us=0
subsystem_time: stage=cpu_helper calls=8942546 timed_calls=70413 period=127 timed_us=34117
subsystem_time: stage=storage_read calls=0 timed_calls=0 period=1 timed_us=0
subsystem_time: stage=storage_write calls=0 timed_calls=0 period=1 timed_us=0
subsystem_time: stage=save_load calls=0 timed_calls=0 period=1 timed_us=0
subsystem_time: stage=save_write calls=0 timed_calls=0 period=1 timed_us=0
subsystem_time: stage=state_load calls=0 timed_calls=0 period=1 timed_us=0
subsystem_time: stage=state_save calls=0 timed_calls=0 period=1 timed_us=0
subsystem_time: stage=probe_io calls=3 timed_calls=3 period=1 timed_us=29685
subsystem_time: stage=agent_poll calls=1813 timed_calls=1813 period=1 timed_us=444
audio_time: stage=resample sampled_calls=240 sampled_samples=32032 sampled_us=1369
audio_time: stage=zoh sampled_calls=0 sampled_samples=0 sampled_us=0
audio_time: stage=adpcm sampled_calls=188 sampled_samples=25424 sampled_us=1077
audio_time: stage=envmix_exp sampled_calls=187 sampled_samples=24952 sampled_us=2485
audio_time: stage=envmix_ge sampled_calls=0 sampled_samples=0 sampled_us=0
audio_time: stage=envmix_lin sampled_calls=0 sampled_samples=0 sampled_us=0
audio_time: stage=envmix_nead sampled_calls=0 sampled_samples=0 sampled_us=0
audio_time: stage=mix sampled_calls=165 sampled_samples=51712 sampled_us=841
audio_time: stage=musyx_voice sampled_calls=0 sampled_samples=0 sampled_us=0
audio_time: stage=musyx_fx sampled_calls=0 sampled_samples=0 sampled_us=0
audio_time: stage=output sampled_calls=6 sampled_samples=3232 sampled_us=65
gpu_counters: clks=3702821212 tb_clks=3702821296 ras_busy=46404018 xf_wait_in=3572647128 xf_wait_out=52958260 ras_peak_permille=22 ztop_in=173832164 ztop_out=166496364 z_in=1208256 z_out=653616 blend_in=167953168 copy_clks=28224957 fifo_overflows=0
game: n=7/9 how=vis vis=900 vi_rate=60 vi0_retrace=12432 wall_us=15237856 sleep_us=6664087 avg_vis=57.95 avg_fps=16.98 exceptions=6594 cacheResets=1 recompiles=866 batches=82285 verts=1988655 texStalls=0 treeDepthMax=12 underruns=9 overruns=0 queue_peak_ms=63 dsp_avg=1.42 dsp_peak=1.65 dsp_samples=31 pmc1=6116487497 pmc2=6175882356 pmc3=0 pmc4=0 mmcr0=00000042 mmcr1=00000000 heap_used=10851704 heap_free=148104 arena1_free=208896 arena2_free=288704 flushes=3 flush_us=29684 padtrace=0 rom=sd:/wii64/roms/Wave Race 64 - Kawasaki Jet Ski (USA) (Rev 1).z64
=== chain 7/9 end vis=900 how=vis rom=sd:/wii64/roms/Wave Race 64 - Kawasaki Jet Ski (USA) (Rev 1).z64 ===
mark: pad replay records: 1
mark: loadROM: enter
mark: loadROM: before rom_read
mark: ROMCache_load: enter
mark: ROMCache_load: before first read
mark: ROMCache_load: first read returned
mark: ROMCache_load: byte_swap_type set
mark: ROMCache_load: first byte_swap done
menufps: 0.1
menufps: 8.4
menufps: 7.7
menufps: 8.2
menufps: 8.1
mark: ROMCache_load: loop exited normally
mark: ROMCache_load: elapsed_us=2886874 bytes=12582912 vm=0
mark: loadROM: after rom_read
mark: loadROM: before init_memory
mark: loadROM: after init_memory
mark: loadROM: before romOpen_gfx
mark: loadROM: after romOpen_gfx / before romOpen_audio
mark: loadROM: after romOpen_audio / before romOpen_input
mark: loadROM: after romOpen_input / before cpu_init
mark: loadROM: after cpu_init
menufps: 6.4
menufps: 1.9
menufps: 1.0
menufps: 1.0
fps: 1.4
first_vi: vi0_retrace=13727
vis: 0.5
cpu: exceptions=0 cacheResets=0 batches=0 verts=0 texStalls=0 recompiles=0 underruns=0 overruns=0 sleep_us=0 queue_ms=0
mark: CPU core dispatch: dynarec
vis: 60.0
cpu: exceptions=922 cacheResets=1 batches=0 verts=0 texStalls=0 recompiles=326 underruns=0 overruns=0 sleep_us=173529 queue_ms=138
fps: 1.8
vis: 60.0
cpu: exceptions=1661 cacheResets=1 batches=0 verts=0 texStalls=0 recompiles=533 underruns=0 overruns=0 sleep_us=488449 queue_ms=129
fps: 12.1
vis: 60.0
cpu: exceptions=1964 cacheResets=1 batches=40 verts=960 texStalls=0 recompiles=682 underruns=0 overruns=0 sleep_us=819042 queue_ms=134
vis: 60.0
cpu: exceptions=2841 cacheResets=1 batches=70 verts=1680 texStalls=0 recompiles=691 underruns=0 overruns=0 sleep_us=1171945 queue_ms=138
fps: 18.7
vis: 60.0
cpu: exceptions=2946 cacheResets=1 batches=145 verts=3480 texStalls=0 recompiles=691 underruns=0 overruns=0 sleep_us=1605064 queue_ms=129
fps: 29.4
vis: 60.0
cpu: exceptions=3054 cacheResets=1 batches=225 verts=5400 texStalls=0 recompiles=691 underruns=0 overruns=0 sleep_us=2035654 queue_ms=121
fps: 31.1
vis: 60.0
cpu: exceptions=3159 cacheResets=1 batches=300 verts=7200 texStalls=0 recompiles=691 underruns=0 overruns=0 sleep_us=2468633 queue_ms=125
fps: 30.0
vis: 60.0
cpu: exceptions=3264 cacheResets=1 batches=375 verts=9000 texStalls=0 recompiles=696 underruns=0 overruns=0 sleep_us=2905478 queue_ms=129
vis: 60.0
cpu: exceptions=3608 cacheResets=1 batches=380 verts=9120 texStalls=0 recompiles=764 underruns=0 overruns=0 sleep_us=3172474 queue_ms=134
fps: 13.1
vis: 60.0
cpu: exceptions=3922 cacheResets=1 batches=759 verts=17781 texStalls=0 recompiles=889 underruns=0 overruns=0 sleep_us=3459568 queue_ms=125
fps: 29.8
vis: 60.0
cpu: exceptions=4039 cacheResets=1 batches=1743 verts=38949 texStalls=0 recompiles=904 underruns=0 overruns=0 sleep_us=3816157 queue_ms=129
fps: 31.1
vis: 60.0
cpu: exceptions=4175 cacheResets=1 batches=2680 verts=58968 texStalls=0 recompiles=906 underruns=0 overruns=0 sleep_us=4174382 queue_ms=134
fps: 30.0
vis: 60.0
cpu: exceptions=4296 cacheResets=1 batches=3610 verts=78903 texStalls=0 recompiles=918 underruns=0 overruns=0 sleep_us=4526358 queue_ms=125
fps: 30.0
vis: 60.0
cpu: exceptions=4414 cacheResets=1 batches=4540 verts=98838 texStalls=0 recompiles=918 underruns=0 overruns=0 sleep_us=4882518 queue_ms=129
fps: 30.0
vis: 60.0
cpu: exceptions=4531 cacheResets=1 batches=5470 verts=118773 texStalls=0 recompiles=924 underruns=0 overruns=0 sleep_us=5238789 queue_ms=134
fps: 30.0
vis: 60.0
cpu: exceptions=4649 cacheResets=1 batches=6400 verts=138708 texStalls=0 recompiles=924 underruns=0 overruns=0 sleep_us=5597605 queue_ms=138
fps: 30.0
vis: 60.0
cpu: exceptions=4762 cacheResets=1 batches=7330 verts=158643 texStalls=0 recompiles=925 underruns=0 overruns=0 sleep_us=5961329 queue_ms=129
fps: 30.0
vis: 60.0
cpu: exceptions=4873 cacheResets=1 batches=8260 verts=178578 texStalls=0 recompiles=925 underruns=0 overruns=0 sleep_us=6328157 queue_ms=134
fps: 30.0
vis: 60.0
cpu: exceptions=4984 cacheResets=1 batches=9190 verts=198513 texStalls=0 recompiles=925 underruns=0 overruns=0 sleep_us=6693890 queue_ms=138
fps: 30.0
vis: 60.0
cpu: exceptions=5097 cacheResets=1 batches=10120 verts=218448 texStalls=0 recompiles=925 underruns=0 overruns=0 sleep_us=7057197 queue_ms=142
fps: 30.0
vis: 60.0
cpu: exceptions=5210 cacheResets=1 batches=10924 verts=234561 texStalls=0 recompiles=925 underruns=0 overruns=0 sleep_us=7427079 queue_ms=134
fps: 30.0
vis: 60.0
cpu: exceptions=5335 cacheResets=1 batches=11448 verts=246147 texStalls=0 recompiles=934 underruns=0 overruns=0 sleep_us=7790997 queue_ms=138
fps: 30.0
vis: 60.0
cpu: exceptions=5462 cacheResets=1 batches=12239 verts=261468 texStalls=0 recompiles=934 underruns=0 overruns=0 sleep_us=8136240 queue_ms=142
fps: 30.0
vis: 60.0
cpu: exceptions=5587 cacheResets=1 batches=13268 verts=278217 texStalls=0 recompiles=934 underruns=0 overruns=0 sleep_us=8467923 queue_ms=134
fps: 30.0
vis: 60.0
cpu: exceptions=5705 cacheResets=1 batches=14399 verts=295578 texStalls=0 recompiles=945 underruns=0 overruns=0 sleep_us=8788784 queue_ms=138
fps: 29.2
vis: 60.0
cpu: exceptions=5825 cacheResets=1 batches=15194 verts=310923 texStalls=0 recompiles=946 underruns=0 overruns=0 sleep_us=9111727 queue_ms=129
fps: 30.0
vis: 60.0
cpu: exceptions=5946 cacheResets=1 batches=15934 verts=325938 texStalls=0 recompiles=946 underruns=0 overruns=0 sleep_us=9442880 queue_ms=134
fps: 30.1
vis: 60.0
cpu: exceptions=6067 cacheResets=1 batches=16588 verts=340437 texStalls=0 recompiles=946 underruns=0 overruns=0 sleep_us=9795962 queue_ms=125
fps: 30.0
vis: 60.0
cpu: exceptions=6188 cacheResets=1 batches=17048 verts=353772 texStalls=0 recompiles=946 underruns=0 overruns=0 sleep_us=10166409 queue_ms=129
mark: stop reason: chain guest VI limit
mark: stop_it requested
audio: alist_resample_calls=9757 alist_resample_samples=1397968 alist_zoh_calls=0 alist_zoh_samples=0 musyx_subframes=0 musyx_voices=0 musyx_voice_peak=0
audio_stages: adpcm_calls=7520 adpcm_samples=460832 envmix_calls=7516 envmix_samples=1068128 mix_calls=67230 mix_samples=9895200 musyx_fx_calls=0 musyx_fx_taps=0 output_calls=448 output_samples=329840
audio_envmix: exp_calls=0 ge_calls=7516 lin_calls=0 nead_calls=0 exp_steady=0 ge_steady=7194 lin_steady=0
audio_gaps: nead_mats=0 nead_efz=0 resample_flag2=0 musyx_ptr10=0
audio_output: stream_requests=2833 stream_fed=1135 input_hz=22047 playback_hz=22047 queue_peak_ms=179
probe_schema: version=2 self=1 interval=127
vm_io: read_ahead=1 reads=0 hits=0 read_bytes=0 writes=0 write_bytes=0 errors=0
subsystem_time: stage=rsp_gfx calls=393 timed_calls=393 period=1 timed_us=747584
subsystem_time: stage=rsp_audio calls=448 timed_calls=448 period=1 timed_us=480964
subsystem_time: stage=rsp_other calls=0 timed_calls=0 period=1 timed_us=0
subsystem_time: stage=lookup calls=138769 timed_calls=1092 period=127 timed_us=549
subsystem_time: stage=compile calls=946 timed_calls=946 period=1 timed_us=146248
subsystem_time: stage=dispatch calls=1666248 timed_calls=13120 period=127 timed_us=6260
subsystem_self: stage=dispatch calls=1666248 timed_calls=13120 self_us=4750 dropped=0
subsystem_time: stage=execute_inclusive calls=1666248 timed_calls=13120 period=127 timed_us=162980
subsystem_self: stage=execute_inclusive calls=1666248 timed_calls=13120 self_us=26810 dropped=0
subsystem_time: stage=rom_copy calls=1133 timed_calls=1133 period=1 timed_us=12073
subsystem_time: stage=present calls=899 timed_calls=899 period=1 timed_us=21728
subsystem_time: stage=limiter calls=879 timed_calls=879 period=1 timed_us=10519829
subsystem_time: stage=vm_fault calls=0 timed_calls=0 period=1 timed_us=0
subsystem_time: stage=vm_victim calls=0 timed_calls=0 period=1 timed_us=0
subsystem_time: stage=vm_read calls=0 timed_calls=0 period=1 timed_us=0
subsystem_time: stage=vm_write calls=0 timed_calls=0 period=1 timed_us=0
subsystem_time: stage=tex_hash calls=12379 timed_calls=12379 period=1 timed_us=118325
subsystem_time: stage=tex_lookup calls=12379 timed_calls=12379 period=1 timed_us=6684
subsystem_time: stage=tex_load calls=103 timed_calls=103 period=1 timed_us=4255
subsystem_time: stage=tex_activate calls=12379 timed_calls=12379 period=1 timed_us=7526
subsystem_time: stage=draw_triangles calls=17454 timed_calls=17454 period=1 timed_us=57645
subsystem_time: stage=draw_rect calls=5382 timed_calls=5382 period=1 timed_us=49619
subsystem_time: stage=gfx_list calls=393 timed_calls=393 period=1 timed_us=746850
subsystem_time: stage=gfx_command calls=269016 timed_calls=2118 period=127 timed_us=5207
gfx_ucodes: mask=00000200
gfx_opcode: op=01 calls=5357 timed_calls=45 timed_us=26
gfx_opcode: op=03 calls=1414 timed_calls=8 timed_us=6
gfx_opcode: op=04 calls=21288 timed_calls=175 timed_us=583
gfx_opcode: op=05 calls=18264 timed_calls=145 timed_us=2642
gfx_opcode: op=06 calls=6379 timed_calls=54 timed_us=10
gfx_opcode: op=07 calls=16101 timed_calls=115 timed_us=24
gfx_opcode: op=b4 calls=707 timed_calls=6 timed_us=1
gfx_opcode: op=b6 calls=1567 timed_calls=8 timed_us=1
gfx_opcode: op=b7 calls=4373 timed_calls=38 timed_us=6
gfx_opcode: op=b8 calls=6599 timed_calls=48 timed_us=6
gfx_opcode: op=b9 calls=4709 timed_calls=35 timed_us=6
gfx_opcode: op=ba calls=18621 timed_calls=151 timed_us=28
gfx_opcode: op=bb calls=390 timed_calls=4 timed_us=2
gfx_opcode: op=bc calls=15575 timed_calls=111 timed_us=22
gfx_opcode: op=e4 calls=4751 timed_calls=35 timed_us=278
gfx_opcode: op=e6 calls=13189 timed_calls=101 timed_us=12
gfx_opcode: op=e7 calls=25108 timed_calls=214 timed_us=29
gfx_opcode: op=e9 calls=393 timed_calls=2 timed_us=2
gfx_opcode: op=ed calls=2260 timed_calls=9 timed_us=3
gfx_opcode: op=ef calls=2973 timed_calls=24 timed_us=5
gfx_opcode: op=f2 calls=13189 timed_calls=107 timed_us=28
gfx_opcode: op=f3 calls=13189 timed_calls=100 timed_us=629
gfx_opcode: op=f5 calls=26378 timed_calls=209 timed_us=39
gfx_opcode: op=f6 calls=1411 timed_calls=10 timed_us=484
gfx_opcode: op=f7 calls=1163 timed_calls=11 timed_us=4
gfx_opcode: op=f8 calls=383 timed_calls=1 timed_us=0
gfx_opcode: op=f9 calls=383 timed_calls=1 timed_us=0
gfx_opcode: op=fa calls=13791 timed_calls=120 timed_us=26
gfx_opcode: op=fb calls=7666 timed_calls=53 timed_us=9
gfx_opcode: op=fc calls=5150 timed_calls=38 timed_us=6
gfx_opcode: op=fd calls=13189 timed_calls=112 timed_us=16
gfx_opcode: op=fe calls=1163 timed_calls=11 timed_us=4
gfx_opcode: op=ff calls=1943 timed_calls=17 timed_us=8
subsystem_time: stage=vertex calls=183788 timed_calls=1447 period=127 timed_us=406
subsystem_time: stage=gfx_state calls=127408 timed_calls=1003 period=127 timed_us=1897
subsystem_self: stage=gfx_state calls=127408 timed_calls=1003 self_us=834 dropped=0
subsystem_time: stage=gx_wait calls=4 timed_calls=4 period=1 timed_us=2556
subsystem_time: stage=dma_pi calls=1133 timed_calls=1133 period=1 timed_us=23771
subsystem_time: stage=dma_sp calls=1682 timed_calls=1682 period=1 timed_us=1722
subsystem_time: stage=dma_si calls=2587 timed_calls=2587 period=1 timed_us=11020
subsystem_time: stage=tlb_translate calls=0 timed_calls=0 period=127 timed_us=0
subsystem_time: stage=pif calls=2588 timed_calls=2588 period=1 timed_us=11512
subsystem_time: stage=input calls=1600 timed_calls=1600 period=1 timed_us=6906
subsystem_time: stage=guest_interrupt calls=7111 timed_calls=7111 period=1 timed_us=10598364
subsystem_self: stage=guest_interrupt calls=7111 timed_calls=7111 self_us=22824 dropped=0
subsystem_time: stage=interpreter_inclusive calls=0 timed_calls=0 period=1 timed_us=0
subsystem_self: stage=interpreter_inclusive calls=0 timed_calls=0 self_us=0 dropped=0
subsystem_time: stage=audio_submit calls=448 timed_calls=448 period=1 timed_us=5667
subsystem_time: stage=audio_callback calls=8815 timed_calls=8815 period=1 timed_us=4916
subsystem_time: stage=memory_slow calls=807759 timed_calls=6360 period=127 timed_us=12917
subsystem_self: stage=memory_slow calls=807759 timed_calls=6360 self_us=2216 dropped=0
subsystem_time: stage=jit_invalidate calls=1574 timed_calls=12 period=127 timed_us=2
subsystem_time: stage=cpu_helper calls=6796942 timed_calls=53519 period=127 timed_us=98040
subsystem_time: stage=storage_read calls=0 timed_calls=0 period=1 timed_us=0
subsystem_time: stage=storage_write calls=0 timed_calls=0 period=1 timed_us=0
subsystem_time: stage=save_load calls=0 timed_calls=0 period=1 timed_us=0
subsystem_time: stage=save_write calls=0 timed_calls=0 period=1 timed_us=0
subsystem_time: stage=state_load calls=0 timed_calls=0 period=1 timed_us=0
subsystem_time: stage=state_save calls=0 timed_calls=0 period=1 timed_us=0
subsystem_time: stage=probe_io calls=4 timed_calls=4 period=1 timed_us=53097
subsystem_time: stage=agent_poll calls=1808 timed_calls=1808 period=1 timed_us=398
audio_time: stage=resample sampled_calls=76 sampled_samples=10832 sampled_us=461
audio_time: stage=zoh sampled_calls=0 sampled_samples=0 sampled_us=0
audio_time: stage=adpcm sampled_calls=59 sampled_samples=3808 sampled_us=170
audio_time: stage=envmix_exp sampled_calls=0 sampled_samples=0 sampled_us=0
audio_time: stage=envmix_ge sampled_calls=59 sampled_samples=8240 sampled_us=746
audio_time: stage=envmix_lin sampled_calls=0 sampled_samples=0 sampled_us=0
audio_time: stage=envmix_nead sampled_calls=0 sampled_samples=0 sampled_us=0
audio_time: stage=mix sampled_calls=529 sampled_samples=77792 sampled_us=1221
audio_time: stage=musyx_voice sampled_calls=0 sampled_samples=0 sampled_us=0
audio_time: stage=musyx_fx sampled_calls=0 sampled_samples=0 sampled_us=0
audio_time: stage=output sampled_calls=3 sampled_samples=2176 sampled_us=31
gpu_counters: clks=3682774035 tb_clks=3682774120 ras_busy=70883851 xf_wait_in=3574429467 xf_wait_out=83291060 ras_peak_permille=28 ztop_in=276328988 ztop_out=267704092 z_in=78532 z_out=45532 blend_in=267852736 copy_clks=43448083 fifo_overflows=0
game: n=8/9 how=vis vis=900 vi_rate=60 vi0_retrace=13727 wall_us=15155353 sleep_us=10517141 avg_vis=58.02 avg_fps=26.22 exceptions=6300 cacheResets=1 recompiles=946 batches=17454 verts=366078 texStalls=0 treeDepthMax=13 underruns=0 overruns=0 queue_peak_ms=142 dsp_avg=1.32 dsp_peak=1.60 dsp_samples=30 pmc1=3245321615 pmc2=3317223617 pmc3=0 pmc4=0 mmcr0=00000042 mmcr1=00000000 heap_used=10855896 heap_free=143912 arena1_free=208896 arena2_free=288704 flushes=4 flush_us=53096 padtrace=0 rom=sd:/wii64/roms/Diddy Kong Racing (USA) (En,Fr) (Rev 1).z64
=== chain 8/9 end vis=900 how=vis rom=sd:/wii64/roms/Diddy Kong Racing (USA) (En,Fr) (Rev 1).z64 ===
mark: pad replay records: 1
mark: loadROM: enter
mark: loadROM: before rom_read
mark: ROMCache_load: enter
menufps: 0.1
menufps: 0.2
mark: ROMCache_load: before first read
mark: ROMCache_load: first read returned
mark: ROMCache_load: byte_swap_type set
mark: ROMCache_load: first byte_swap done
menufps: 0.2
menufps: 8.5
menufps: 7.8
menufps: 8.3
menufps: 8.3
menufps: 8.1
menufps: 8.0
menufps: 2.8
menufps: 1.3
menufps: 1.3
menufps: 1.3
menufps: 1.2
menufps: 1.2
menufps: 1.3
menufps: 3.7
menufps: 8.4
menufps: 8.3
menufps: 7.7
menufps: 8.3
mark: ROMCache_load: loop exited normally
menufps: 3.4
menufps: 1.1
menufps: 1.2
menufps: 1.1
menufps: 1.1
menufps: 1.1
menufps: 1.1
menufps: 1.1
menufps: 1.1
menufps: 1.1
menufps: 1.1
menufps: 1.1
menufps: 1.1
menufps: 1.1
menufps: 1.1
menufps: 1.1
menufps: 1.1
menufps: 1.1
menufps: 1.1
menufps: 1.1
mark: ROMCache_load: preflush_us=17695633 writes=2040 bytes=16711680
mark: ROMCache_load: elapsed_us=39823053 bytes=33554432 vm=1
mark: loadROM: after rom_read
mark: loadROM: before init_memory
mark: loadROM: after init_memory
mark: loadROM: before romOpen_gfx
mark: loadROM: after romOpen_gfx / before romOpen_audio
mark: loadROM: after romOpen_audio / before romOpen_input
mark: loadROM: after romOpen_input / before cpu_init
mark: loadROM: after cpu_init
menufps: 3.1
menufps: 1.0
menufps: 1.0
fps: 0.3
first_vi: vi0_retrace=17231
vis: 0.7
cpu: exceptions=0 cacheResets=0 batches=0 verts=0 texStalls=0 recompiles=0 underruns=0 overruns=0 sleep_us=0 queue_ms=0
mark: CPU core dispatch: dynarec
vis: 55.8
cpu: exceptions=31 cacheResets=1 batches=0 verts=0 texStalls=0 recompiles=82 underruns=0 overruns=0 sleep_us=0 queue_ms=0
vis: 60.0
cpu: exceptions=61 cacheResets=1 batches=0 verts=0 texStalls=0 recompiles=82 underruns=0 overruns=0 sleep_us=326927 queue_ms=0
vis: 60.0
cpu: exceptions=91 cacheResets=1 batches=0 verts=0 texStalls=0 recompiles=82 underruns=0 overruns=0 sleep_us=658471 queue_ms=0
vis: 60.0
cpu: exceptions=199 cacheResets=1 batches=0 verts=0 texStalls=0 recompiles=182 underruns=0 overruns=0 sleep_us=936690 queue_ms=0
vis: 60.0
cpu: exceptions=244 cacheResets=1 batches=0 verts=0 texStalls=0 recompiles=188 underruns=0 overruns=0 sleep_us=1274856 queue_ms=0
vis: 60.0
cpu: exceptions=286 cacheResets=1 batches=0 verts=0 texStalls=0 recompiles=188 underruns=0 overruns=0 sleep_us=1610158 queue_ms=0
vis: 60.0
cpu: exceptions=316 cacheResets=1 batches=0 verts=0 texStalls=0 recompiles=188 underruns=0 overruns=0 sleep_us=1943080 queue_ms=0
vis: 60.0
cpu: exceptions=390 cacheResets=1 batches=0 verts=0 texStalls=0 recompiles=314 underruns=1 overruns=0 sleep_us=2353852 queue_ms=30
vis: 60.0
cpu: exceptions=467 cacheResets=1 batches=0 verts=0 texStalls=0 recompiles=323 underruns=1 overruns=0 sleep_us=2803872 queue_ms=34
vis: 60.0
cpu: exceptions=542 cacheResets=1 batches=0 verts=0 texStalls=0 recompiles=323 underruns=1 overruns=0 sleep_us=3258449 queue_ms=38
vis: 60.0
cpu: exceptions=732 cacheResets=1 batches=0 verts=0 texStalls=0 recompiles=434 underruns=2 overruns=0 sleep_us=3473014 queue_ms=56
vis: 60.0
cpu: exceptions=948 cacheResets=1 batches=0 verts=0 texStalls=0 recompiles=434 underruns=2 overruns=0 sleep_us=3663615 queue_ms=47
vis: 60.0
cpu: exceptions=1138 cacheResets=1 batches=0 verts=0 texStalls=0 recompiles=448 underruns=2 overruns=0 sleep_us=3868300 queue_ms=51
vis: 60.0
cpu: exceptions=1380 cacheResets=1 batches=0 verts=0 texStalls=0 recompiles=484 underruns=2 overruns=0 sleep_us=4051507 queue_ms=56
fps: 0.1
vis: 60.0
cpu: exceptions=1668 cacheResets=1 batches=532 verts=7602 texStalls=0 recompiles=1251 underruns=3 overruns=0 sleep_us=4150369 queue_ms=112
fps: 30.7
vis: 60.0
cpu: exceptions=1942 cacheResets=1 batches=1417 verts=19932 texStalls=0 recompiles=1255 underruns=3 overruns=0 sleep_us=4485492 queue_ms=104
fps: 30.0
vis: 60.0
cpu: exceptions=2219 cacheResets=1 batches=2302 verts=32262 texStalls=0 recompiles=1276 underruns=3 overruns=0 sleep_us=4810122 queue_ms=108
fps: 30.0
vis: 60.0
cpu: exceptions=2496 cacheResets=1 batches=3187 verts=44592 texStalls=0 recompiles=1279 underruns=3 overruns=0 sleep_us=5155050 queue_ms=112
fps: 30.0
vis: 60.0
cpu: exceptions=2770 cacheResets=1 batches=4072 verts=56922 texStalls=0 recompiles=1280 underruns=3 overruns=0 sleep_us=5501159 queue_ms=117
fps: 30.0
vis: 60.0
cpu: exceptions=3057 cacheResets=1 batches=4957 verts=69252 texStalls=0 recompiles=1300 underruns=3 overruns=0 sleep_us=5832161 queue_ms=108
fps: 30.0
vis: 60.0
cpu: exceptions=3337 cacheResets=1 batches=5842 verts=81582 texStalls=0 recompiles=1300 underruns=3 overruns=0 sleep_us=6163481 queue_ms=112
fps: 30.0
vis: 60.0
cpu: exceptions=3618 cacheResets=1 batches=6727 verts=93912 texStalls=0 recompiles=1302 underruns=3 overruns=0 sleep_us=6498982 queue_ms=117
fps: 30.0
vis: 60.0
cpu: exceptions=3901 cacheResets=1 batches=7612 verts=106242 texStalls=0 recompiles=1351 underruns=3 overruns=0 sleep_us=6831493 queue_ms=108
fps: 30.1
vis: 60.0
cpu: exceptions=4186 cacheResets=1 batches=7951 verts=111852 texStalls=0 recompiles=1366 underruns=3 overruns=0 sleep_us=7189170 queue_ms=112
fps: 30.0
vis: 60.0
cpu: exceptions=4340 cacheResets=1 batches=8071 verts=113904 texStalls=0 recompiles=1383 underruns=3 overruns=0 sleep_us=7538643 queue_ms=117
fps: 29.9
vis: 60.0
cpu: exceptions=4488 cacheResets=1 batches=8449 verts=139314 texStalls=0 recompiles=1384 underruns=3 overruns=0 sleep_us=7882609 queue_ms=121
fps: 30.0
vis: 60.0
cpu: exceptions=4635 cacheResets=1 batches=8854 verts=166539 texStalls=0 recompiles=1386 underruns=3 overruns=0 sleep_us=8228793 queue_ms=112
fps: 30.0
vis: 60.0
cpu: exceptions=4780 cacheResets=1 batches=9259 verts=193764 texStalls=0 recompiles=1387 underruns=3 overruns=0 sleep_us=8584641 queue_ms=117
fps: 30.0
vis: 60.0
cpu: exceptions=4930 cacheResets=1 batches=9664 verts=220989 texStalls=0 recompiles=1387 underruns=3 overruns=0 sleep_us=8937339 queue_ms=121
fps: 30.0
vis: 60.0
cpu: exceptions=5080 cacheResets=1 batches=10069 verts=248214 texStalls=0 recompiles=1389 underruns=3 overruns=0 sleep_us=9287270 queue_ms=125
mark: stop reason: chain guest VI limit
mark: stop_it requested
audio: alist_resample_calls=11186 alist_resample_samples=2058224 alist_zoh_calls=0 alist_zoh_samples=0 musyx_subframes=0 musyx_voices=0 musyx_voice_peak=0
audio_stages: adpcm_calls=6590 adpcm_samples=722912 envmix_calls=8440 envmix_samples=1552960 mix_calls=54920 mix_samples=10105280 musyx_fx_calls=0 musyx_fx_taps=0 output_calls=342 output_samples=251896
audio_envmix: exp_calls=0 ge_calls=0 lin_calls=8440 nead_calls=0 exp_steady=0 ge_steady=0 lin_steady=7902
audio_gaps: nead_mats=0 nead_efz=0 resample_flag2=0 musyx_ptr10=0
audio_output: stream_requests=4275 stream_fed=868 input_hz=22047 playback_hz=22047 queue_peak_ms=137
probe_schema: version=2 self=1 interval=127
vm_io: read_ahead=1 reads=58 hits=277 read_bytes=1900544 writes=0 write_bytes=0 errors=0
subsystem_time: stage=rsp_gfx calls=238 timed_calls=238 period=1 timed_us=445747
subsystem_time: stage=rsp_audio calls=343 timed_calls=343 period=1 timed_us=471946
subsystem_time: stage=rsp_other calls=1 timed_calls=1 period=1 timed_us=4
subsystem_time: stage=lookup calls=167134 timed_calls=1316 period=127 timed_us=648
subsystem_time: stage=compile calls=1389 timed_calls=1389 period=1 timed_us=209547
subsystem_time: stage=dispatch calls=1604054 timed_calls=12630 period=127 timed_us=7801
subsystem_self: stage=dispatch calls=1604054 timed_calls=12630 self_us=4873 dropped=0
subsystem_time: stage=execute_inclusive calls=1604054 timed_calls=12630 period=127 timed_us=111504
subsystem_self: stage=execute_inclusive calls=1604054 timed_calls=12630 self_us=37646 dropped=0
subsystem_time: stage=rom_copy calls=1048 timed_calls=1048 period=1 timed_us=251996
subsystem_time: stage=present calls=899 timed_calls=899 period=1 timed_us=240169
subsystem_time: stage=limiter calls=842 timed_calls=842 period=1 timed_us=9289838
subsystem_time: stage=vm_fault calls=335 timed_calls=335 period=1 timed_us=234410
subsystem_time: stage=vm_victim calls=335 timed_calls=335 period=1 timed_us=394
subsystem_time: stage=vm_read calls=58 timed_calls=58 period=1 timed_us=218490
subsystem_time: stage=vm_write calls=0 timed_calls=0 period=1 timed_us=0
subsystem_time: stage=tex_hash calls=7634 timed_calls=7634 period=1 timed_us=68723
subsystem_time: stage=tex_lookup calls=7634 timed_calls=7634 period=1 timed_us=2596
subsystem_time: stage=tex_load calls=24 timed_calls=24 period=1 timed_us=3639
subsystem_time: stage=tex_activate calls=7634 timed_calls=7634 period=1 timed_us=4619
subsystem_time: stage=draw_triangles calls=10096 timed_calls=10096 period=1 timed_us=33587
subsystem_time: stage=draw_rect calls=1687 timed_calls=1687 period=1 timed_us=8836
subsystem_time: stage=gfx_list calls=238 timed_calls=238 period=1 timed_us=445252
subsystem_time: stage=gfx_command calls=176157 timed_calls=1387 period=127 timed_us=4119
gfx_ucodes: mask=00000004
gfx_opcode: op=00 calls=237 timed_calls=1 timed_us=0
gfx_opcode: op=01 calls=5860 timed_calls=51 timed_us=399
gfx_opcode: op=05 calls=17853 timed_calls=141 timed_us=793
gfx_opcode: op=06 calls=32745 timed_calls=254 timed_us=959
gfx_opcode: op=d7 calls=979 timed_calls=6 timed_us=1
gfx_opcode: op=d9 calls=7439 timed_calls=61 timed_us=9
gfx_opcode: op=da calls=6173 timed_calls=51 timed_us=19
gfx_opcode: op=db calls=5265 timed_calls=41 timed_us=9
gfx_opcode: op=dc calls=1858 timed_calls=16 timed_us=13
gfx_opcode: op=de calls=1346 timed_calls=12 timed_us=3
gfx_opcode: op=df calls=1584 timed_calls=11 timed_us=1
gfx_opcode: op=e2 calls=2119 timed_calls=18 timed_us=4
gfx_opcode: op=e3 calls=11276 timed_calls=82 timed_us=15
gfx_opcode: op=e6 calls=10066 timed_calls=87 timed_us=10
gfx_opcode: op=e7 calls=30043 timed_calls=248 timed_us=33
gfx_opcode: op=e8 calls=2432 timed_calls=16 timed_us=2
gfx_opcode: op=e9 calls=238 timed_calls=1 timed_us=0
gfx_opcode: op=ed calls=2162 timed_calls=11 timed_us=3
gfx_opcode: op=f0 calls=2432 timed_calls=21 timed_us=11
gfx_opcode: op=f2 calls=3086 timed_calls=23 timed_us=6
gfx_opcode: op=f3 calls=7634 timed_calls=59 timed_us=338
gfx_opcode: op=f5 calls=8229 timed_calls=62 timed_us=12
gfx_opcode: op=f6 calls=1925 timed_calls=14 timed_us=1295
gfx_opcode: op=f7 calls=948 timed_calls=8 timed_us=4
gfx_opcode: op=f8 calls=237 timed_calls=3 timed_us=1
gfx_opcode: op=fa calls=234 timed_calls=0 timed_us=0
gfx_opcode: op=fc calls=979 timed_calls=11 timed_us=2
gfx_opcode: op=fd calls=10066 timed_calls=73 timed_us=10
gfx_opcode: op=fe calls=237 timed_calls=2 timed_us=1
gfx_opcode: op=ff calls=475 timed_calls=3 timed_us=2
subsystem_time: stage=vertex calls=98130 timed_calls=772 period=127 timed_us=346
subsystem_time: stage=gfx_state calls=11689 timed_calls=92 period=127 timed_us=769
subsystem_self: stage=gfx_state calls=11689 timed_calls=92 self_us=196 dropped=0
subsystem_time: stage=gx_wait calls=4 timed_calls=4 period=1 timed_us=2557
subsystem_time: stage=dma_pi calls=1048 timed_calls=1048 period=1 timed_us=271601
subsystem_time: stage=dma_sp calls=1162 timed_calls=1162 period=1 timed_us=1385
subsystem_time: stage=dma_si calls=1351 timed_calls=1351 period=1 timed_us=3513
subsystem_time: stage=tlb_translate calls=0 timed_calls=0 period=127 timed_us=0
subsystem_time: stage=pif calls=1352 timed_calls=1352 period=1 timed_us=2870
subsystem_time: stage=input calls=388 timed_calls=388 period=1 timed_us=1697
subsystem_time: stage=guest_interrupt calls=5833 timed_calls=5833 period=1 timed_us=9575628
subsystem_self: stage=guest_interrupt calls=5833 timed_calls=5833 self_us=20394 dropped=0
subsystem_time: stage=interpreter_inclusive calls=0 timed_calls=0 period=1 timed_us=0
subsystem_self: stage=interpreter_inclusive calls=0 timed_calls=0 self_us=0 dropped=0
subsystem_time: stage=audio_submit calls=343 timed_calls=343 period=1 timed_us=5542
subsystem_time: stage=audio_callback calls=10295 timed_calls=10295 period=1 timed_us=4319
subsystem_time: stage=memory_slow calls=1083714 timed_calls=8533 period=127 timed_us=11039
subsystem_self: stage=memory_slow calls=1083714 timed_calls=8533 self_us=2760 dropped=0
subsystem_time: stage=jit_invalidate calls=1575 timed_calls=12 period=127 timed_us=2
subsystem_time: stage=cpu_helper calls=10245541 timed_calls=80673 period=127 timed_us=66638
subsystem_time: stage=storage_read calls=0 timed_calls=0 period=1 timed_us=0
subsystem_time: stage=storage_write calls=0 timed_calls=0 period=1 timed_us=0
subsystem_time: stage=save_load calls=0 timed_calls=0 period=1 timed_us=0
subsystem_time: stage=save_write calls=0 timed_calls=0 period=1 timed_us=0
subsystem_time: stage=state_load calls=0 timed_calls=0 period=1 timed_us=0
subsystem_time: stage=state_save calls=0 timed_calls=0 period=1 timed_us=0
subsystem_time: stage=probe_io calls=3 timed_calls=3 period=1 timed_us=33534
subsystem_time: stage=agent_poll calls=1812 timed_calls=1812 period=1 timed_us=409
audio_time: stage=resample sampled_calls=88 sampled_samples=16192 sampled_us=638
audio_time: stage=zoh sampled_calls=0 sampled_samples=0 sampled_us=0
audio_time: stage=adpcm sampled_calls=51 sampled_samples=5680 sampled_us=243
audio_time: stage=envmix_exp sampled_calls=0 sampled_samples=0 sampled_us=0
audio_time: stage=envmix_ge sampled_calls=0 sampled_samples=0 sampled_us=0
audio_time: stage=envmix_lin sampled_calls=66 sampled_samples=12144 sampled_us=996
audio_time: stage=envmix_nead sampled_calls=0 sampled_samples=0 sampled_us=0
audio_time: stage=mix sampled_calls=432 sampled_samples=79488 sampled_us=1288
audio_time: stage=musyx_voice sampled_calls=0 sampled_samples=0 sampled_us=0
audio_time: stage=musyx_fx sampled_calls=0 sampled_samples=0 sampled_us=0
audio_time: stage=output sampled_calls=2 sampled_samples=1472 sampled_us=27
gpu_counters: clks=3698421725 tb_clks=3698421808 ras_busy=49114722 xf_wait_in=3621344332 xf_wait_out=65963239 ras_peak_permille=24 ztop_in=195021856 ztop_out=194041128 z_in=0 z_out=0 blend_in=194091136 copy_clks=67339076 fifo_overflows=0
game: n=9/9 how=vis vis=900 vi_rate=60 vi0_retrace=17231 wall_us=15219715 sleep_us=9287270 avg_vis=57.95 avg_fps=26.54 exceptions=5085 cacheResets=1 recompiles=1389 batches=10096 verts=250029 texStalls=0 treeDepthMax=15 underruns=3 overruns=0 queue_peak_ms=125 dsp_avg=1.34 dsp_peak=1.60 dsp_samples=31 pmc1=4017104697 pmc2=4381801412 pmc3=0 pmc4=0 mmcr0=00000042 mmcr1=00000000 heap_used=10885624 heap_free=114184 arena1_free=208896 arena2_free=288704 flushes=3 flush_us=33533 padtrace=0 rom=sd:/wii64/roms/Donkey Kong 64 (USA).z64
=== chain 9/9 end vis=900 how=vis rom=sd:/wii64/roms/Donkey Kong 64 (USA).z64 ===
