--- wii64 perf log ---
mark: diag config: wiiload arguments
mark: wiiload dynacore argument received
mark: diag received dynacore line
mark: diag requested core: dynarec
mark: pad replay records: 7
selftest:
  raw[0]=51288193405889849
  raw[1]=51288193405889850
  raw[2]=51288193405889865
  raw[3]=51288193405889876
  raw[4]=51288193405889887
  delta[0]=0us
  delta[1]=0us
  delta[2]=0us
  delta[3]=0us
mark: audio quality: accurate
mark: audio modes: n64=0 output=0 mixer=0 latency=2 sync=0
mark: diag applied core: dynarec
mark: HBC agent ready
mark: loadROM: enter
mark: loadROM: before rom_read
mark: ROMCache_load: enter
mark: ROMCache_load: before first read
mark: ROMCache_load: first read returned
mark: ROMCache_load: byte_swap_type set
mark: ROMCache_load: first byte_swap done
menufps: 10.2
menufps: 8.4
menufps: 7.9
mark: ROMCache_load: loop exited normally
mark: ROMCache_load: elapsed_us=1928405 bytes=8388608 vm=0
mark: loadROM: after rom_read
mark: loadROM: before init_memory
mark: loadROM: after init_memory
mark: loadROM: before romOpen_gfx
mark: loadROM: after romOpen_gfx / before romOpen_audio
mark: loadROM: after romOpen_audio / before romOpen_input
mark: loadROM: after romOpen_input / before cpu_init
mark: loadROM: after cpu_init
menufps: 2.9
menufps: 0.8
menufps: 1.0
fps: 0.0
first_vi: vi0_retrace=330
vis: 0.0
cpu: exceptions=0 cacheResets=0 batches=0 verts=0 texStalls=0 recompiles=0 underruns=0 overruns=0 sleep_us=0 queue_ms=0
mark: CPU core dispatch: dynarec
vis: 60.0
cpu: exceptions=240 cacheResets=1 batches=0 verts=0 texStalls=0 recompiles=189 underruns=2 overruns=0 sleep_us=226631 queue_ms=127
vis: 60.0
cpu: exceptions=540 cacheResets=1 batches=0 verts=0 texStalls=0 recompiles=198 underruns=2 overruns=0 sleep_us=703096 queue_ms=123
vis: 60.0
cpu: exceptions=840 cacheResets=1 batches=0 verts=0 texStalls=0 recompiles=204 underruns=2 overruns=0 sleep_us=1179655 queue_ms=129
vis: 60.0
cpu: exceptions=1134 cacheResets=1 batches=0 verts=0 texStalls=0 recompiles=204 underruns=2 overruns=0 sleep_us=1656808 queue_ms=124
fps: 0.5
vis: 60.0
cpu: exceptions=1430 cacheResets=1 batches=414 verts=9387 texStalls=0 recompiles=468 underruns=3 overruns=0 sleep_us=1967035 queue_ms=11
fps: 20.6
vis: 60.0
cpu: exceptions=1587 cacheResets=1 batches=2484 verts=56322 texStalls=0 recompiles=475 underruns=3 overruns=0 sleep_us=2380098 queue_ms=9
fps: 29.9
vis: 60.0
cpu: exceptions=1751 cacheResets=1 batches=4554 verts=103257 texStalls=0 recompiles=478 underruns=3 overruns=0 sleep_us=2792177 queue_ms=15
fps: 30.1
vis: 60.0
cpu: exceptions=1893 cacheResets=1 batches=6624 verts=150192 texStalls=0 recompiles=478 underruns=3 overruns=0 sleep_us=3213653 queue_ms=11
fps: 30.0
vis: 60.0
cpu: exceptions=2035 cacheResets=1 batches=8694 verts=197127 texStalls=0 recompiles=478 underruns=3 overruns=0 sleep_us=3634659 queue_ms=7
fps: 30.0
vis: 60.0
cpu: exceptions=2177 cacheResets=1 batches=10767 verts=244080 texStalls=0 recompiles=489 underruns=3 overruns=0 sleep_us=4054480 queue_ms=13
fps: 30.0
vis: 60.0
cpu: exceptions=2318 cacheResets=1 batches=12574 verts=284835 texStalls=0 recompiles=498 underruns=3 overruns=0 sleep_us=4478995 queue_ms=9
vis: 60.0
cpu: exceptions=2637 cacheResets=1 batches=12574 verts=284835 texStalls=0 recompiles=675 underruns=5 overruns=0 sleep_us=4639894 queue_ms=32
vis: 60.0
cpu: exceptions=2727 cacheResets=1 batches=12574 verts=284835 texStalls=0 recompiles=733 underruns=5 overruns=0 sleep_us=4822642 queue_ms=28
vis: 60.0
cpu: exceptions=2817 cacheResets=1 batches=12574 verts=284835 texStalls=0 recompiles=784 underruns=5 overruns=0 sleep_us=5087406 queue_ms=34
fps: 3.9
vis: 60.0
cpu: exceptions=2960 cacheResets=1 batches=13906 verts=302151 texStalls=0 recompiles=910 underruns=6 overruns=0 sleep_us=5311638 queue_ms=8
fps: 15.1
vis: 60.0
cpu: exceptions=3117 cacheResets=1 batches=18799 verts=366474 texStalls=0 recompiles=910 underruns=6 overruns=0 sleep_us=5460928 queue_ms=4
fps: 30.0
vis: 60.0
cpu: exceptions=3272 cacheResets=1 batches=23667 verts=430395 texStalls=0 recompiles=927 underruns=6 overruns=0 sleep_us=5610373 queue_ms=8
fps: 30.0
vis: 60.0
cpu: exceptions=3435 cacheResets=1 batches=28529 verts=494262 texStalls=0 recompiles=927 underruns=6 overruns=0 sleep_us=5759778 queue_ms=5
fps: 30.0
vis: 60.0
cpu: exceptions=3590 cacheResets=1 batches=33393 verts=558141 texStalls=0 recompiles=927 underruns=6 overruns=0 sleep_us=5919335 queue_ms=10
fps: 29.2
vis: 60.0
cpu: exceptions=3761 cacheResets=1 batches=38263 verts=622056 texStalls=0 recompiles=927 underruns=8 overruns=0 sleep_us=6063469 queue_ms=6
fps: 29.9
vis: 60.0
cpu: exceptions=3977 cacheResets=1 batches=43145 verts=686043 texStalls=0 recompiles=936 underruns=8 overruns=0 sleep_us=6187062 queue_ms=12
fps: 20.0
vis: 60.0
cpu: exceptions=4233 cacheResets=1 batches=43738 verts=693774 texStalls=0 recompiles=1065 underruns=11 overruns=0 sleep_us=6440686 queue_ms=13
fps: 31.6
vis: 60.0
cpu: exceptions=4400 cacheResets=1 batches=44544 verts=704190 texStalls=0 recompiles=1065 underruns=11 overruns=0 sleep_us=6821606 queue_ms=17
fps: 30.0
vis: 60.0
cpu: exceptions=4572 cacheResets=1 batches=45339 verts=714540 texStalls=0 recompiles=1065 underruns=11 overruns=0 sleep_us=7202048 queue_ms=13
fps: 30.0
vis: 60.0
cpu: exceptions=4737 cacheResets=1 batches=46134 verts=724890 texStalls=0 recompiles=1065 underruns=11 overruns=0 sleep_us=7592841 queue_ms=18
fps: 30.0
vis: 60.0
cpu: exceptions=4910 cacheResets=1 batches=46929 verts=735240 texStalls=0 recompiles=1065 underruns=11 overruns=0 sleep_us=7971785 queue_ms=15
fps: 30.0
vis: 60.0
cpu: exceptions=5089 cacheResets=1 batches=47724 verts=745590 texStalls=0 recompiles=1065 underruns=11 overruns=0 sleep_us=8344840 queue_ms=10
fps: 30.0
vis: 60.0
cpu: exceptions=5262 cacheResets=1 batches=48519 verts=755940 texStalls=0 recompiles=1065 underruns=11 overruns=0 sleep_us=8721742 queue_ms=16
fps: 30.0
vis: 60.0
cpu: exceptions=5431 cacheResets=1 batches=49314 verts=766290 texStalls=0 recompiles=1065 underruns=11 overruns=0 sleep_us=9105686 queue_ms=13
fps: 30.0
vis: 60.0
cpu: exceptions=5596 cacheResets=1 batches=50109 verts=776640 texStalls=0 recompiles=1065 underruns=11 overruns=0 sleep_us=9496580 queue_ms=17
vis: 60.0
cpu: exceptions=5778 cacheResets=1 batches=50624 verts=785310 texStalls=0 recompiles=1068 underruns=11 overruns=0 sleep_us=9888528 queue_ms=14
fps: 30.0
vis: 60.0
cpu: exceptions=5953 cacheResets=1 batches=51132 verts=793938 texStalls=0 recompiles=1071 underruns=11 overruns=0 sleep_us=10279585 queue_ms=19
fps: 30.0
vis: 60.0
cpu: exceptions=6202 cacheResets=1 batches=51234 verts=795666 texStalls=0 recompiles=1131 underruns=11 overruns=0 sleep_us=10562423 queue_ms=16
fps: 4.1
vis: 60.0
cpu: exceptions=6352 cacheResets=1 batches=51789 verts=806682 texStalls=0 recompiles=1530 underruns=12 overruns=0 sleep_us=10766276 queue_ms=32
fps: 32.4
vis: 60.0
cpu: exceptions=6487 cacheResets=1 batches=54699 verts=879312 texStalls=0 recompiles=1534 underruns=12 overruns=0 sleep_us=11101390 queue_ms=29
vis: 60.0
cpu: exceptions=6622 cacheResets=1 batches=57609 verts=951942 texStalls=0 recompiles=1534 underruns=12 overruns=0 sleep_us=11436366 queue_ms=26
fps: 30.0
vis: 60.0
cpu: exceptions=6757 cacheResets=1 batches=60519 verts=1024572 texStalls=0 recompiles=1534 underruns=12 overruns=0 sleep_us=11771564 queue_ms=32
fps: 30.0
vis: 60.0
cpu: exceptions=6892 cacheResets=1 batches=63429 verts=1097202 texStalls=0 recompiles=1534 underruns=12 overruns=0 sleep_us=12107090 queue_ms=27
fps: 30.0
vis: 60.0
cpu: exceptions=7044 cacheResets=1 batches=67347 verts=1175880 texStalls=0 recompiles=1544 underruns=12 overruns=0 sleep_us=12404035 queue_ms=33
fps: 29.2
vis: 60.0
cpu: exceptions=7219 cacheResets=1 batches=71514 verts=1256052 texStalls=0 recompiles=1545 underruns=12 overruns=0 sleep_us=12681611 queue_ms=20
fps: 30.0
vis: 60.0
cpu: exceptions=7399 cacheResets=1 batches=75669 verts=1336152 texStalls=0 recompiles=1545 underruns=12 overruns=0 sleep_us=12954603 queue_ms=16
fps: 30.0
vis: 60.0
cpu: exceptions=7580 cacheResets=1 batches=79824 verts=1416252 texStalls=0 recompiles=1545 underruns=12 overruns=0 sleep_us=13223172 queue_ms=22
fps: 30.0
vis: 60.0
cpu: exceptions=7775 cacheResets=1 batches=83979 verts=1496352 texStalls=0 recompiles=1545 underruns=12 overruns=0 sleep_us=13483068 queue_ms=18
fps: 29.9
vis: 60.0
cpu: exceptions=7988 cacheResets=1 batches=88134 verts=1576452 texStalls=0 recompiles=1545 underruns=12 overruns=0 sleep_us=13734352 queue_ms=23
fps: 30.0
vis: 60.0
cpu: exceptions=8196 cacheResets=1 batches=92289 verts=1656552 texStalls=0 recompiles=1545 underruns=12 overruns=0 sleep_us=13987587 queue_ms=19
fps: 30.0
vis: 60.0
cpu: exceptions=8415 cacheResets=1 batches=96444 verts=1736652 texStalls=0 recompiles=1545 underruns=12 overruns=0 sleep_us=14231063 queue_ms=25
fps: 30.0
vis: 60.0
cpu: exceptions=8620 cacheResets=1 batches=100599 verts=1816752 texStalls=0 recompiles=1545 underruns=12 overruns=0 sleep_us=14486026 queue_ms=20
fps: 30.0
vis: 60.0
cpu: exceptions=8814 cacheResets=1 batches=104754 verts=1896852 texStalls=0 recompiles=1545 underruns=12 overruns=0 sleep_us=14749901 queue_ms=17
fps: 30.0
vis: 60.0
cpu: exceptions=9006 cacheResets=1 batches=108909 verts=1976952 texStalls=0 recompiles=1545 underruns=12 overruns=0 sleep_us=15016386 queue_ms=22
fps: 30.1
vis: 60.0
cpu: exceptions=9170 cacheResets=1 batches=113064 verts=2057052 texStalls=0 recompiles=1547 underruns=12 overruns=0 sleep_us=15301529 queue_ms=18
fps: 30.0
vis: 60.0
cpu: exceptions=9314 cacheResets=1 batches=117219 verts=2137152 texStalls=0 recompiles=1547 underruns=12 overruns=0 sleep_us=15598932 queue_ms=24
fps: 30.0
vis: 60.0
cpu: exceptions=9454 cacheResets=1 batches=121374 verts=2217252 texStalls=0 recompiles=1547 underruns=12 overruns=0 sleep_us=15898041 queue_ms=20
fps: 30.0
vis: 60.0
cpu: exceptions=9594 cacheResets=1 batches=125529 verts=2297352 texStalls=0 recompiles=1547 underruns=12 overruns=0 sleep_us=16198142 queue_ms=16
fps: 30.0
vis: 60.0
cpu: exceptions=9732 cacheResets=1 batches=129684 verts=2377452 texStalls=0 recompiles=1547 underruns=12 overruns=0 sleep_us=16501079 queue_ms=21
fps: 30.0
vis: 60.0
cpu: exceptions=9867 cacheResets=1 batches=133839 verts=2457552 texStalls=0 recompiles=1547 underruns=12 overruns=0 sleep_us=16809908 queue_ms=18
fps: 30.0
vis: 60.0
cpu: exceptions=10002 cacheResets=1 batches=137994 verts=2537652 texStalls=0 recompiles=1547 underruns=12 overruns=0 sleep_us=17118664 queue_ms=23
fps: 30.1
vis: 60.0
cpu: exceptions=10137 cacheResets=1 batches=141309 verts=2612712 texStalls=0 recompiles=1548 underruns=12 overruns=0 sleep_us=17447939 queue_ms=20
fps: 30.0
vis: 60.0
cpu: exceptions=10272 cacheResets=1 batches=144204 verts=2685252 texStalls=0 recompiles=1548 underruns=12 overruns=0 sleep_us=17787858 queue_ms=25
fps: 30.0
vis: 60.0
cpu: exceptions=10413 cacheResets=1 batches=147128 verts=2758440 texStalls=0 recompiles=1568 underruns=12 overruns=0 sleep_us=18117525 queue_ms=21
fps: 29.0
vis: 60.0
cpu: exceptions=10578 cacheResets=1 batches=150443 verts=2840610 texStalls=0 recompiles=1568 underruns=12 overruns=0 sleep_us=18403845 queue_ms=9
fps: 30.2
vis: 60.0
cpu: exceptions=10739 cacheResets=1 batches=153278 verts=2903964 texStalls=0 recompiles=1569 underruns=12 overruns=0 sleep_us=18713375 queue_ms=4
fps: 30.0
vis: 60.0
cpu: exceptions=10897 cacheResets=1 batches=155693 verts=2950854 texStalls=0 recompiles=1569 underruns=12 overruns=0 sleep_us=19043221 queue_ms=10
fps: 30.0
vis: 60.0
cpu: exceptions=11061 cacheResets=1 batches=158108 verts=2997744 texStalls=0 recompiles=1572 underruns=12 overruns=0 sleep_us=19367246 queue_ms=6
fps: 29.9
vis: 60.0
cpu: exceptions=11257 cacheResets=1 batches=160523 verts=3044634 texStalls=0 recompiles=1572 underruns=12 overruns=0 sleep_us=19665483 queue_ms=11
fps: 30.1
vis: 60.0
cpu: exceptions=11445 cacheResets=1 batches=162944 verts=3091554 texStalls=0 recompiles=1572 underruns=12 overruns=0 sleep_us=19971908 queue_ms=8
fps: 30.0
vis: 60.0
cpu: exceptions=11612 cacheResets=1 batches=165449 verts=3138894 texStalls=0 recompiles=1572 underruns=12 overruns=0 sleep_us=20290901 queue_ms=13
fps: 29.9
vis: 60.0
cpu: exceptions=11793 cacheResets=1 batches=167978 verts=3186306 texStalls=0 recompiles=1572 underruns=12 overruns=0 sleep_us=20592759 queue_ms=9
fps: 29.9
vis: 60.0
cpu: exceptions=11987 cacheResets=1 batches=170632 verts=3235605 texStalls=0 recompiles=1572 underruns=12 overruns=0 sleep_us=20877014 queue_ms=5
fps: 30.1
vis: 60.0
cpu: exceptions=12181 cacheResets=1 batches=173366 verts=3286152 texStalls=0 recompiles=1572 underruns=12 overruns=0 sleep_us=21166652 queue_ms=11
fps: 30.0
vis: 60.0
cpu: exceptions=12351 cacheResets=1 batches=176142 verts=3336825 texStalls=0 recompiles=1572 underruns=12 overruns=0 sleep_us=21475967 queue_ms=6
fps: 29.9
vis: 60.0
cpu: exceptions=12528 cacheResets=1 batches=178980 verts=3387780 texStalls=0 recompiles=1572 underruns=12 overruns=0 sleep_us=21776798 queue_ms=12
fps: 29.9
vis: 60.0
cpu: exceptions=12716 cacheResets=1 batches=181860 verts=3438945 texStalls=0 recompiles=1572 underruns=12 overruns=0 sleep_us=22063286 queue_ms=9
fps: 30.0
vis: 60.0
cpu: exceptions=12922 cacheResets=1 batches=184740 verts=3490110 texStalls=0 recompiles=1572 underruns=12 overruns=0 sleep_us=22336270 queue_ms=13
fps: 30.0
vis: 60.0
cpu: exceptions=13104 cacheResets=1 batches=187658 verts=3542499 texStalls=0 recompiles=1572 underruns=12 overruns=0 sleep_us=22629582 queue_ms=10
fps: 30.0
vis: 60.0
cpu: exceptions=13272 cacheResets=1 batches=190688 verts=3598344 texStalls=0 recompiles=1572 underruns=12 overruns=0 sleep_us=22923156 queue_ms=6
fps: 30.0
vis: 60.0
cpu: exceptions=13458 cacheResets=1 batches=193718 verts=3654189 texStalls=0 recompiles=1572 underruns=12 overruns=0 sleep_us=23202519 queue_ms=12
fps: 30.0
vis: 60.0
cpu: exceptions=13660 cacheResets=1 batches=196748 verts=3710034 texStalls=0 recompiles=1572 underruns=12 overruns=0 sleep_us=23463538 queue_ms=7
fps: 30.0
vis: 60.0
cpu: exceptions=13850 cacheResets=1 batches=199780 verts=3766161 texStalls=0 recompiles=1572 underruns=12 overruns=0 sleep_us=23738835 queue_ms=4
vis: 60.0
cpu: exceptions=14020 cacheResets=1 batches=202782 verts=3822618 texStalls=0 recompiles=1572 underruns=12 overruns=0 sleep_us=24031846 queue_ms=9
fps: 30.0
mark: stop reason: chain guest VI limit
mark: stop_it requested
audio: alist_resample_calls=42763 alist_resample_samples=5572696 alist_zoh_calls=0 alist_zoh_samples=0 musyx_subframes=0 musyx_voices=0 musyx_voice_peak=0
audio_stages: adpcm_calls=41651 adpcm_samples=5505360 envmix_calls=40317 envmix_samples=5378800 mix_calls=9436 mix_samples=3019520 musyx_fx_calls=0 musyx_fx_taps=0 output_calls=2360 output_samples=1259104
audio_envmix: exp_calls=40317 ge_calls=0 lin_calls=0 nead_calls=0 exp_steady=33833 ge_steady=0 lin_steady=0
audio_gaps: nead_mats=0 nead_efz=0 resample_flag2=0 musyx_ptr10=0
audio_output: stream_requests=6230 stream_fed=4371 input_hz=32006 playback_hz=32006 queue_peak_ms=149
probe_schema: version=2 self=1 interval=127
vm_io: read_ahead=1 reads=0 hits=0 read_bytes=0 writes=0 write_bytes=0 errors=0
subsystem_time: stage=rsp_gfx calls=1046 timed_calls=1046 period=1 timed_us=4024113
subsystem_time: stage=rsp_audio calls=2359 timed_calls=2359 period=1 timed_us=1167812
subsystem_time: stage=rsp_other calls=0 timed_calls=0 period=1 timed_us=0
subsystem_time: stage=lookup calls=6905460 timed_calls=54373 period=127 timed_us=12715
subsystem_time: stage=compile calls=1572 timed_calls=1572 period=1 timed_us=165939
subsystem_time: stage=dispatch calls=6519788 timed_calls=51336 period=127 timed_us=48213
subsystem_self: stage=dispatch calls=6519788 timed_calls=51336 self_us=32348 dropped=0
subsystem_time: stage=execute_inclusive calls=6519788 timed_calls=51336 period=127 timed_us=268406
subsystem_self: stage=execute_inclusive calls=6519788 timed_calls=51336 self_us=74523 dropped=0
subsystem_time: stage=rom_copy calls=3129 timed_calls=3129 period=1 timed_us=41836
subsystem_time: stage=present calls=2399 timed_calls=2399 period=1 timed_us=51873
subsystem_time: stage=limiter calls=2365 timed_calls=2365 period=1 timed_us=24309291
subsystem_time: stage=vm_fault calls=0 timed_calls=0 period=1 timed_us=0
subsystem_time: stage=vm_victim calls=0 timed_calls=0 period=1 timed_us=0
subsystem_time: stage=vm_read calls=0 timed_calls=0 period=1 timed_us=0
subsystem_time: stage=vm_write calls=0 timed_calls=0 period=1 timed_us=0
subsystem_time: stage=tex_hash calls=85144 timed_calls=85144 period=1 timed_us=585577
subsystem_time: stage=tex_lookup calls=85144 timed_calls=85144 period=1 timed_us=45276
subsystem_time: stage=tex_load calls=177 timed_calls=177 period=1 timed_us=7239
subsystem_time: stage=tex_activate calls=85144 timed_calls=85144 period=1 timed_us=56516
subsystem_time: stage=draw_triangles calls=205470 timed_calls=205470 period=1 timed_us=594402
subsystem_time: stage=draw_rect calls=8799 timed_calls=8799 period=1 timed_us=66546
subsystem_time: stage=gfx_list calls=1046 timed_calls=1046 period=1 timed_us=4022053
subsystem_time: stage=gfx_command calls=2786575 timed_calls=21941 period=127 timed_us=33823
gfx_ucodes: mask=00000001
gfx_opcode: op=01 calls=75426 timed_calls=575 timed_us=276
gfx_opcode: op=03 calls=73618 timed_calls=584 timed_us=289
gfx_opcode: op=04 calls=202048 timed_calls=1586 timed_us=5896
gfx_opcode: op=06 calls=145122 timed_calls=1133 timed_us=200
gfx_opcode: op=b4 calls=4451 timed_calls=25 timed_us=5
gfx_opcode: op=b6 calls=23952 timed_calls=177 timed_us=25
gfx_opcode: op=b7 calls=21046 timed_calls=168 timed_us=23
gfx_opcode: op=b8 calls=140313 timed_calls=1111 timed_us=143
gfx_opcode: op=b9 calls=30679 timed_calls=255 timed_us=39
gfx_opcode: op=ba calls=19636 timed_calls=149 timed_us=30
gfx_opcode: op=bb calls=51782 timed_calls=408 timed_us=78
gfx_opcode: op=bc calls=19397 timed_calls=158 timed_us=38
gfx_opcode: op=bd calls=3892 timed_calls=29 timed_us=4
gfx_opcode: op=bf calls=1291608 timed_calls=10188 timed_us=19430
gfx_opcode: op=e4 calls=6448 timed_calls=51 timed_us=555
gfx_opcode: op=e6 calls=85144 timed_calls=655 timed_us=80
gfx_opcode: op=e7 calls=100883 timed_calls=790 timed_us=98
gfx_opcode: op=e8 calls=34686 timed_calls=291 timed_us=38
gfx_opcode: op=e9 calls=1046 timed_calls=7 timed_us=8
gfx_opcode: op=ed calls=7377 timed_calls=64 timed_us=27
gfx_opcode: op=f2 calls=70826 timed_calls=570 timed_us=152
gfx_opcode: op=f3 calls=85144 timed_calls=678 timed_us=3163
gfx_opcode: op=f5 calls=132651 timed_calls=1039 timed_us=191
gfx_opcode: op=f6 calls=3397 timed_calls=28 timed_us=1151
gfx_opcode: op=f7 calls=2351 timed_calls=18 timed_us=9
gfx_opcode: op=f9 calls=38 timed_calls=0 timed_us=0
gfx_opcode: op=fa calls=5663 timed_calls=47 timed_us=7
gfx_opcode: op=fb calls=7254 timed_calls=52 timed_us=9
gfx_opcode: op=fc calls=52415 timed_calls=414 timed_us=55
gfx_opcode: op=fd calls=85144 timed_calls=665 timed_us=96
gfx_opcode: op=fe calls=1046 timed_calls=5 timed_us=4
gfx_opcode: op=ff calls=2092 timed_calls=21 timed_us=14
subsystem_time: stage=vertex calls=2212158 timed_calls=17418 period=127 timed_us=5558
subsystem_time: stage=gfx_state calls=314514 timed_calls=2476 period=127 timed_us=8992
subsystem_self: stage=gfx_state calls=314514 timed_calls=2476 self_us=3246 dropped=0
subsystem_time: stage=gx_wait calls=4 timed_calls=4 period=1 timed_us=2533
subsystem_time: stage=dma_pi calls=3129 timed_calls=3129 period=1 timed_us=96225
subsystem_time: stage=dma_sp calls=6810 timed_calls=6810 period=1 timed_us=6751
subsystem_time: stage=dma_si calls=1690 timed_calls=1690 period=1 timed_us=24949
subsystem_time: stage=tlb_translate calls=200897 timed_calls=1581 period=127 timed_us=181
subsystem_time: stage=pif calls=1691 timed_calls=1691 period=1 timed_us=22983
subsystem_time: stage=input calls=4180 timed_calls=4180 period=1 timed_us=19441
subsystem_time: stage=guest_interrupt calls=17251 timed_calls=17251 period=1 timed_us=24467282
subsystem_self: stage=guest_interrupt calls=17251 timed_calls=17251 self_us=41752 dropped=0
subsystem_time: stage=interpreter_inclusive calls=0 timed_calls=0 period=1 timed_us=0
subsystem_self: stage=interpreter_inclusive calls=0 timed_calls=0 self_us=0 dropped=0
subsystem_time: stage=audio_submit calls=2360 timed_calls=2360 period=1 timed_us=26239
subsystem_time: stage=audio_callback calls=24656 timed_calls=24656 period=1 timed_us=17435
subsystem_time: stage=memory_slow calls=1118245 timed_calls=8805 period=127 timed_us=58746
subsystem_self: stage=memory_slow calls=1118245 timed_calls=8805 self_us=4453 dropped=0
subsystem_time: stage=jit_invalidate calls=385672 timed_calls=3036 period=127 timed_us=628
subsystem_time: stage=cpu_helper calls=17895102 timed_calls=140906 period=127 timed_us=114708
subsystem_time: stage=storage_read calls=0 timed_calls=0 period=1 timed_us=0
subsystem_time: stage=storage_write calls=0 timed_calls=0 period=1 timed_us=0
subsystem_time: stage=save_load calls=0 timed_calls=0 period=1 timed_us=0
subsystem_time: stage=save_write calls=0 timed_calls=0 period=1 timed_us=0
subsystem_time: stage=state_load calls=0 timed_calls=0 period=1 timed_us=0
subsystem_time: stage=state_save calls=0 timed_calls=0 period=1 timed_us=0
subsystem_time: stage=probe_io calls=6 timed_calls=6 period=1 timed_us=72614
subsystem_time: stage=agent_poll calls=4810 timed_calls=4810 period=1 timed_us=1117
audio_time: stage=resample sampled_calls=336 sampled_samples=43888 sampled_us=1849
audio_time: stage=zoh sampled_calls=0 sampled_samples=0 sampled_us=0
audio_time: stage=adpcm sampled_calls=327 sampled_samples=42240 sampled_us=1778
audio_time: stage=envmix_exp sampled_calls=317 sampled_samples=42336 sampled_us=4072
audio_time: stage=envmix_ge sampled_calls=0 sampled_samples=0 sampled_us=0
audio_time: stage=envmix_lin sampled_calls=0 sampled_samples=0 sampled_us=0
audio_time: stage=envmix_nead sampled_calls=0 sampled_samples=0 sampled_us=0
audio_time: stage=mix sampled_calls=74 sampled_samples=23680 sampled_us=399
audio_time: stage=musyx_voice sampled_calls=0 sampled_samples=0 sampled_us=0
audio_time: stage=musyx_fx sampled_calls=0 sampled_samples=0 sampled_us=0
audio_time: stage=output sampled_calls=18 sampled_samples=9584 sampled_us=169
gpu_counters: clks=9772362745 tb_clks=9772362840 ras_busy=198171735 xf_wait_in=9325618685 xf_wait_out=283390033 ras_peak_permille=34 ztop_in=761473044 ztop_out=724561976 z_in=1416440 z_out=1344756 blend_in=726244700 copy_clks=118878001 fifo_overflows=343
game: n=1/9 how=vis vis=2400 vi_rate=60 vi0_retrace=330 wall_us=40215372 sleep_us=24302341 avg_vis=59.25 avg_fps=27.97 exceptions=14189 cacheResets=1 recompiles=1572 batches=205470 verts=3874824 texStalls=0 treeDepthMax=14 underruns=14 overruns=0 queue_peak_ms=129 dsp_avg=1.52 dsp_peak=1.85 dsp_samples=80 pmc1=11477939306 pmc2=11668782334 pmc3=0 pmc4=0 mmcr0=00000042 mmcr1=00000000 heap_used=10876792 heap_free=37352 arena1_free=315392 arena2_free=288704 flushes=6 flush_us=72613 padtrace=11 rom=sd:/wii64/roms/Super Mario 64.v64
=== chain 1/9 end vis=2400 how=vis rom=sd:/wii64/roms/Super Mario 64.v64 ===
mark: pad replay records: 22
mark: loadROM: enter
mark: loadROM: before rom_read
mark: ROMCache_load: enter
mark: ROMCache_load: before first read
mark: ROMCache_load: first read returned
mark: ROMCache_load: byte_swap_type set
mark: ROMCache_load: first byte_swap done
menufps: 0.0
menufps: 8.4
menufps: 8.3
menufps: 8.3
menufps: 8.1
menufps: 8.0
mark: ROMCache_load: loop exited normally
mark: ROMCache_load: elapsed_us=3136953 bytes=13893632 vm=0
mark: loadROM: after rom_read
mark: loadROM: before init_memory
mark: loadROM: after init_memory
mark: loadROM: before romOpen_gfx
mark: loadROM: after romOpen_gfx / before romOpen_audio
mark: loadROM: after romOpen_audio / before romOpen_input
mark: loadROM: after romOpen_input / before cpu_init
mark: loadROM: after cpu_init
menufps: 2.2
menufps: 1.0
menufps: 1.0
fps: 1.9
first_vi: vi0_retrace=3137
vis: 4.1
cpu: exceptions=0 cacheResets=0 batches=0 verts=0 texStalls=0 recompiles=0 underruns=0 overruns=0 sleep_us=0 queue_ms=0
mark: CPU core dispatch: dynarec
vis: 60.0
cpu: exceptions=1029 cacheResets=1 batches=0 verts=0 texStalls=0 recompiles=316 underruns=1 overruns=0 sleep_us=62820 queue_ms=127
vis: 60.0
cpu: exceptions=1329 cacheResets=1 batches=0 verts=0 texStalls=0 recompiles=316 underruns=1 overruns=0 sleep_us=532839 queue_ms=134
vis: 60.0
cpu: exceptions=1629 cacheResets=1 batches=0 verts=0 texStalls=0 recompiles=331 underruns=1 overruns=0 sleep_us=1001362 queue_ms=131
vis: 60.0
cpu: exceptions=1928 cacheResets=1 batches=0 verts=0 texStalls=0 recompiles=331 underruns=1 overruns=0 sleep_us=1471446 queue_ms=138
vis: 60.0
cpu: exceptions=2228 cacheResets=1 batches=0 verts=0 texStalls=0 recompiles=331 underruns=1 overruns=0 sleep_us=1941524 queue_ms=134
vis: 60.0
cpu: exceptions=2527 cacheResets=1 batches=0 verts=0 texStalls=0 recompiles=331 underruns=1 overruns=0 sleep_us=2411310 queue_ms=131
vis: 60.0
cpu: exceptions=2863 cacheResets=1 batches=0 verts=0 texStalls=0 recompiles=344 underruns=1 overruns=0 sleep_us=2873129 queue_ms=137
fps: 0.8
vis: 60.0
cpu: exceptions=3436 cacheResets=1 batches=64 verts=4140 texStalls=0 recompiles=468 underruns=1 overruns=0 sleep_us=3297747 queue_ms=133
fps: 1.6
vis: 60.0
cpu: exceptions=3541 cacheResets=1 batches=576 verts=37260 texStalls=0 recompiles=528 underruns=1 overruns=0 sleep_us=3583265 queue_ms=39
fps: 31.0
vis: 60.0
cpu: exceptions=3682 cacheResets=1 batches=1536 verts=99360 texStalls=0 recompiles=528 underruns=1 overruns=0 sleep_us=3869263 queue_ms=35
fps: 30.0
vis: 60.0
cpu: exceptions=3818 cacheResets=1 batches=2304 verts=149040 texStalls=0 recompiles=566 underruns=1 overruns=0 sleep_us=4132549 queue_ms=42
vis: 60.0
cpu: exceptions=3914 cacheResets=1 batches=2304 verts=149040 texStalls=0 recompiles=566 underruns=1 overruns=0 sleep_us=4310107 queue_ms=38
fps: 3.9
vis: 60.0
cpu: exceptions=4013 cacheResets=1 batches=2424 verts=149760 texStalls=0 recompiles=598 underruns=1 overruns=0 sleep_us=4587755 queue_ms=44
fps: 1.7
vis: 59.6
cpu: exceptions=4115 cacheResets=1 batches=2904 verts=152640 texStalls=0 recompiles=610 underruns=3 overruns=0 sleep_us=4919047 queue_ms=17
fps: 30.8
vis: 59.7
cpu: exceptions=4329 cacheResets=1 batches=4704 verts=163440 texStalls=0 recompiles=611 underruns=3 overruns=0 sleep_us=5083529 queue_ms=11
fps: 29.8
vis: 59.7
cpu: exceptions=4530 cacheResets=1 batches=6504 verts=174240 texStalls=0 recompiles=614 underruns=3 overruns=0 sleep_us=5244898 queue_ms=8
fps: 29.8
vis: 59.7
cpu: exceptions=4723 cacheResets=1 batches=8304 verts=185040 texStalls=0 recompiles=614 underruns=4 overruns=0 sleep_us=5402769 queue_ms=15
fps: 29.9
vis: 59.7
cpu: exceptions=4917 cacheResets=1 batches=10104 verts=195840 texStalls=0 recompiles=614 underruns=4 overruns=0 sleep_us=5561912 queue_ms=21
fps: 29.9
vis: 59.7
cpu: exceptions=5096 cacheResets=1 batches=11904 verts=206640 texStalls=0 recompiles=614 underruns=4 overruns=0 sleep_us=5724869 queue_ms=16
fps: 28.9
vis: 59.7
cpu: exceptions=5274 cacheResets=1 batches=13704 verts=217440 texStalls=0 recompiles=618 underruns=5 overruns=0 sleep_us=5886760 queue_ms=13
vis: 60.0
cpu: exceptions=5454 cacheResets=1 batches=15024 verts=225360 texStalls=0 recompiles=625 underruns=5 overruns=0 sleep_us=6040072 queue_ms=8
vis: 60.0
cpu: exceptions=5605 cacheResets=1 batches=15024 verts=225360 texStalls=0 recompiles=625 underruns=5 overruns=0 sleep_us=6188142 queue_ms=3
vis: 60.0
cpu: exceptions=5713 cacheResets=1 batches=15024 verts=225360 texStalls=0 recompiles=631 underruns=5 overruns=0 sleep_us=6404588 queue_ms=10
fps: 7.0
vis: 60.0
cpu: exceptions=5835 cacheResets=1 batches=15024 verts=225360 texStalls=0 recompiles=674 underruns=5 overruns=0 sleep_us=6640583 queue_ms=7
fps: 31.8
vis: 59.9
cpu: exceptions=6048 cacheResets=1 batches=15024 verts=225360 texStalls=0 recompiles=674 underruns=5 overruns=0 sleep_us=6839809 queue_ms=13
fps: 30.0
vis: 60.0
cpu: exceptions=6237 cacheResets=1 batches=15024 verts=225360 texStalls=0 recompiles=674 underruns=5 overruns=0 sleep_us=7041223 queue_ms=8
fps: 30.0
vis: 60.0
cpu: exceptions=6408 cacheResets=1 batches=15024 verts=225360 texStalls=0 recompiles=674 underruns=5 overruns=0 sleep_us=7246765 queue_ms=16
fps: 30.0
vis: 60.0
cpu: exceptions=6575 cacheResets=1 batches=15024 verts=225360 texStalls=0 recompiles=674 underruns=5 overruns=0 sleep_us=7454432 queue_ms=12
fps: 30.0
vis: 60.0
cpu: exceptions=6745 cacheResets=1 batches=15024 verts=225360 texStalls=0 recompiles=674 underruns=5 overruns=0 sleep_us=7662569 queue_ms=19
fps: 30.0
vis: 59.5
cpu: exceptions=6918 cacheResets=1 batches=15024 verts=225360 texStalls=0 recompiles=681 underruns=5 overruns=0 sleep_us=7869713 queue_ms=16
fps: 29.7
vis: 59.9
cpu: exceptions=7084 cacheResets=1 batches=15024 verts=225360 texStalls=0 recompiles=686 underruns=5 overruns=0 sleep_us=8061907 queue_ms=11
fps: 30.0
vis: 60.0
cpu: exceptions=7253 cacheResets=1 batches=15024 verts=225360 texStalls=0 recompiles=686 underruns=5 overruns=0 sleep_us=8266800 queue_ms=17
vis: 60.0
cpu: exceptions=7425 cacheResets=1 batches=15024 verts=225360 texStalls=0 recompiles=686 underruns=5 overruns=0 sleep_us=8481714 queue_ms=14
fps: 30.0
vis: 60.0
cpu: exceptions=7585 cacheResets=1 batches=15024 verts=225360 texStalls=0 recompiles=686 underruns=5 overruns=0 sleep_us=8699285 queue_ms=10
fps: 30.0
vis: 60.0
cpu: exceptions=7759 cacheResets=1 batches=15024 verts=225360 texStalls=0 recompiles=686 underruns=5 overruns=0 sleep_us=8913778 queue_ms=17
fps: 30.0
vis: 60.0
cpu: exceptions=7935 cacheResets=1 batches=15024 verts=225360 texStalls=0 recompiles=686 underruns=5 overruns=0 sleep_us=9129419 queue_ms=14
fps: 30.0
vis: 60.0
cpu: exceptions=8103 cacheResets=1 batches=15024 verts=225360 texStalls=0 recompiles=686 underruns=5 overruns=0 sleep_us=9345551 queue_ms=21
fps: 30.0
vis: 60.0
cpu: exceptions=8278 cacheResets=1 batches=15024 verts=225360 texStalls=0 recompiles=686 underruns=5 overruns=0 sleep_us=9561043 queue_ms=17
fps: 30.0
vis: 60.0
cpu: exceptions=8447 cacheResets=1 batches=15024 verts=225360 texStalls=0 recompiles=686 underruns=5 overruns=0 sleep_us=9780143 queue_ms=23
fps: 29.1
vis: 59.9
cpu: exceptions=8613 cacheResets=1 batches=15024 verts=225360 texStalls=0 recompiles=688 underruns=6 overruns=0 sleep_us=10018370 queue_ms=19
fps: 30.0
vis: 60.0
cpu: exceptions=8772 cacheResets=1 batches=15024 verts=225360 texStalls=0 recompiles=688 underruns=6 overruns=0 sleep_us=10255931 queue_ms=16
fps: 30.0
vis: 60.0
cpu: exceptions=8938 cacheResets=1 batches=15024 verts=225360 texStalls=0 recompiles=688 underruns=6 overruns=0 sleep_us=10489061 queue_ms=22
fps: 30.0
vis: 60.0
cpu: exceptions=9129 cacheResets=1 batches=15024 verts=225360 texStalls=0 recompiles=688 underruns=6 overruns=0 sleep_us=10699214 queue_ms=17
fps: 30.0
vis: 60.0
cpu: exceptions=9302 cacheResets=1 batches=15024 verts=225360 texStalls=0 recompiles=688 underruns=6 overruns=0 sleep_us=10918230 queue_ms=25
fps: 30.0
vis: 60.0
cpu: exceptions=9458 cacheResets=1 batches=15024 verts=225360 texStalls=0 recompiles=688 underruns=6 overruns=0 sleep_us=11149970 queue_ms=20
fps: 30.0
vis: 60.0
cpu: exceptions=9615 cacheResets=1 batches=15024 verts=225360 texStalls=0 recompiles=688 underruns=6 overruns=0 sleep_us=11381507 queue_ms=28
fps: 30.0
vis: 60.0
cpu: exceptions=9769 cacheResets=1 batches=15024 verts=225360 texStalls=0 recompiles=688 underruns=6 overruns=0 sleep_us=11614479 queue_ms=24
fps: 30.0
vis: 60.0
cpu: exceptions=9927 cacheResets=1 batches=15024 verts=225360 texStalls=0 recompiles=688 underruns=6 overruns=0 sleep_us=11850875 queue_ms=19
fps: 30.0
vis: 60.0
cpu: exceptions=10082 cacheResets=1 batches=15024 verts=225360 texStalls=0 recompiles=688 underruns=6 overruns=0 sleep_us=12088964 queue_ms=25
fps: 30.0
vis: 60.0
cpu: exceptions=10244 cacheResets=1 batches=15024 verts=225360 texStalls=0 recompiles=688 underruns=6 overruns=0 sleep_us=12327942 queue_ms=20
fps: 30.0
vis: 60.0
cpu: exceptions=10396 cacheResets=1 batches=15024 verts=225360 texStalls=0 recompiles=688 underruns=6 overruns=0 sleep_us=12563815 queue_ms=28
fps: 30.0
vis: 60.0
cpu: exceptions=10552 cacheResets=1 batches=15024 verts=225360 texStalls=0 recompiles=688 underruns=6 overruns=0 sleep_us=12796177 queue_ms=23
fps: 30.0
vis: 60.0
cpu: exceptions=10701 cacheResets=1 batches=15024 verts=225360 texStalls=0 recompiles=688 underruns=6 overruns=0 sleep_us=13042810 queue_ms=31
fps: 29.9
vis: 60.0
cpu: exceptions=10903 cacheResets=1 batches=15024 verts=225360 texStalls=0 recompiles=688 underruns=6 overruns=0 sleep_us=13253973 queue_ms=27
fps: 30.0
vis: 60.0
cpu: exceptions=11096 cacheResets=1 batches=15024 verts=225360 texStalls=0 recompiles=688 underruns=6 overruns=0 sleep_us=13457283 queue_ms=22
fps: 30.0
vis: 60.0
cpu: exceptions=11278 cacheResets=1 batches=15024 verts=225360 texStalls=0 recompiles=688 underruns=6 overruns=0 sleep_us=13668178 queue_ms=28
fps: 30.0
vis: 60.0
cpu: exceptions=11453 cacheResets=1 batches=15024 verts=225360 texStalls=0 recompiles=688 underruns=6 overruns=0 sleep_us=13884074 queue_ms=24
fps: 30.0
vis: 60.0
cpu: exceptions=11624 cacheResets=1 batches=15024 verts=225360 texStalls=0 recompiles=688 underruns=6 overruns=0 sleep_us=14100592 queue_ms=31
fps: 30.0
vis: 60.0
cpu: exceptions=11796 cacheResets=1 batches=15024 verts=225360 texStalls=0 recompiles=688 underruns=6 overruns=0 sleep_us=14316031 queue_ms=27
fps: 28.4
vis: 60.0
cpu: exceptions=11970 cacheResets=1 batches=15024 verts=225360 texStalls=0 recompiles=692 underruns=7 overruns=0 sleep_us=14530548 queue_ms=12
vis: 60.0
cpu: exceptions=12129 cacheResets=1 batches=15024 verts=225360 texStalls=0 recompiles=692 underruns=7 overruns=0 sleep_us=14730489 queue_ms=19
vis: 60.0
cpu: exceptions=12256 cacheResets=1 batches=15024 verts=225360 texStalls=0 recompiles=692 underruns=7 overruns=0 sleep_us=14883646 queue_ms=15
vis: 60.0
cpu: exceptions=12375 cacheResets=1 batches=15024 verts=225360 texStalls=0 recompiles=692 underruns=7 overruns=0 sleep_us=15088290 queue_ms=22
fps: 7.5
vis: 59.9
cpu: exceptions=12553 cacheResets=1 batches=15024 verts=225360 texStalls=0 recompiles=720 underruns=8 overruns=0 sleep_us=15307656 queue_ms=29
fps: 31.9
vis: 59.3
cpu: exceptions=12746 cacheResets=1 batches=15024 verts=225360 texStalls=0 recompiles=721 underruns=8 overruns=0 sleep_us=15484975 queue_ms=26
fps: 29.4
vis: 60.0
cpu: exceptions=12967 cacheResets=1 batches=15024 verts=225360 texStalls=0 recompiles=721 underruns=8 overruns=0 sleep_us=15617123 queue_ms=22
fps: 30.2
vis: 59.8
cpu: exceptions=13178 cacheResets=1 batches=15024 verts=225360 texStalls=0 recompiles=721 underruns=8 overruns=0 sleep_us=15754296 queue_ms=28
fps: 29.8
vis: 59.7
cpu: exceptions=13382 cacheResets=1 batches=15024 verts=225360 texStalls=0 recompiles=721 underruns=8 overruns=0 sleep_us=15901213 queue_ms=24
fps: 29.8
vis: 59.7
cpu: exceptions=13570 cacheResets=1 batches=15024 verts=225360 texStalls=0 recompiles=721 underruns=8 overruns=0 sleep_us=16095672 queue_ms=20
fps: 29.9
vis: 59.4
cpu: exceptions=13757 cacheResets=1 batches=15024 verts=225360 texStalls=0 recompiles=724 underruns=8 overruns=0 sleep_us=16284086 queue_ms=17
fps: 29.6
vis: 60.0
cpu: exceptions=13943 cacheResets=1 batches=15024 verts=225360 texStalls=0 recompiles=731 underruns=8 overruns=0 sleep_us=16466452 queue_ms=13
fps: 30.2
vis: 59.8
cpu: exceptions=14123 cacheResets=1 batches=15024 verts=225360 texStalls=0 recompiles=731 underruns=8 overruns=0 sleep_us=16676162 queue_ms=20
fps: 29.2
vis: 59.5
cpu: exceptions=14316 cacheResets=1 batches=15024 verts=225360 texStalls=0 recompiles=731 underruns=8 overruns=0 sleep_us=16870991 queue_ms=16
fps: 30.6
vis: 60.0
cpu: exceptions=14503 cacheResets=1 batches=15024 verts=225360 texStalls=0 recompiles=731 underruns=8 overruns=0 sleep_us=17071308 queue_ms=11
vis: 60.0
cpu: exceptions=14679 cacheResets=1 batches=15024 verts=225360 texStalls=0 recompiles=731 underruns=8 overruns=0 sleep_us=17281238 queue_ms=19
fps: 30.0
vis: 60.0
cpu: exceptions=14847 cacheResets=1 batches=15024 verts=225360 texStalls=0 recompiles=731 underruns=8 overruns=0 sleep_us=17506935 queue_ms=15
fps: 30.0
vis: 60.0
cpu: exceptions=15022 cacheResets=1 batches=15024 verts=225360 texStalls=0 recompiles=731 underruns=8 overruns=0 sleep_us=17722633 queue_ms=22
fps: 30.0
vis: 60.0
cpu: exceptions=15180 cacheResets=1 batches=15024 verts=225360 texStalls=0 recompiles=731 underruns=8 overruns=0 sleep_us=17961343 queue_ms=18
fps: 30.1
vis: 60.0
cpu: exceptions=15341 cacheResets=1 batches=15024 verts=225360 texStalls=0 recompiles=731 underruns=8 overruns=0 sleep_us=18200168 queue_ms=13
fps: 29.1
vis: 59.9
cpu: exceptions=15525 cacheResets=1 batches=15024 verts=225360 texStalls=0 recompiles=732 underruns=9 overruns=0 sleep_us=18402766 queue_ms=9
fps: 29.8
vis: 60.0
cpu: exceptions=15696 cacheResets=1 batches=15024 verts=225360 texStalls=0 recompiles=732 underruns=9 overruns=0 sleep_us=18588217 queue_ms=16
vis: 60.0
cpu: exceptions=15803 cacheResets=1 batches=15024 verts=225360 texStalls=0 recompiles=732 underruns=9 overruns=0 sleep_us=18751393 queue_ms=13
vis: 60.0
cpu: exceptions=15953 cacheResets=1 batches=15024 verts=225360 texStalls=0 recompiles=733 underruns=9 overruns=0 sleep_us=18970753 queue_ms=19
vis: 60.0
cpu: exceptions=16114 cacheResets=1 batches=15024 verts=225360 texStalls=0 recompiles=734 underruns=9 overruns=0 sleep_us=19191058 queue_ms=14
fps: 4.1
vis: 60.0
cpu: exceptions=16295 cacheResets=1 batches=15024 verts=225360 texStalls=0 recompiles=761 underruns=11 overruns=0 sleep_us=19346677 queue_ms=42
fps: 32.2
vis: 59.9
cpu: exceptions=16474 cacheResets=1 batches=15024 verts=225360 texStalls=0 recompiles=761 underruns=11 overruns=0 sleep_us=19544083 queue_ms=38
fps: 30.0
vis: 60.0
cpu: exceptions=16650 cacheResets=1 batches=15024 verts=225360 texStalls=0 recompiles=761 underruns=11 overruns=0 sleep_us=19743905 queue_ms=44
fps: 30.0
vis: 59.9
cpu: exceptions=16823 cacheResets=1 batches=15024 verts=225360 texStalls=0 recompiles=761 underruns=11 overruns=0 sleep_us=19943679 queue_ms=41
fps: 30.0
vis: 60.0
cpu: exceptions=16998 cacheResets=1 batches=15024 verts=225360 texStalls=0 recompiles=761 underruns=11 overruns=0 sleep_us=20147385 queue_ms=37
fps: 29.9
vis: 59.1
cpu: exceptions=17169 cacheResets=1 batches=15024 verts=225360 texStalls=0 recompiles=765 underruns=11 overruns=0 sleep_us=20348252 queue_ms=32
fps: 29.5
vis: 59.8
cpu: exceptions=17347 cacheResets=1 batches=15024 verts=225360 texStalls=0 recompiles=767 underruns=11 overruns=0 sleep_us=20526354 queue_ms=28
fps: 29.9
vis: 59.9
cpu: exceptions=17514 cacheResets=1 batches=15024 verts=225360 texStalls=0 recompiles=767 underruns=11 overruns=0 sleep_us=20708514 queue_ms=35
fps: 30.0
vis: 59.9
cpu: exceptions=17684 cacheResets=1 batches=15024 verts=225360 texStalls=0 recompiles=767 underruns=11 overruns=0 sleep_us=20904225 queue_ms=31
fps: 29.9
vis: 59.5
cpu: exceptions=17864 cacheResets=1 batches=15024 verts=225360 texStalls=0 recompiles=767 underruns=11 overruns=0 sleep_us=21097085 queue_ms=26
fps: 29.7
vis: 59.9
cpu: exceptions=18042 cacheResets=1 batches=15024 verts=225360 texStalls=0 recompiles=767 underruns=11 overruns=0 sleep_us=21284245 queue_ms=34
fps: 30.0
vis: 60.0
cpu: exceptions=18217 cacheResets=1 batches=15024 verts=225360 texStalls=0 recompiles=767 underruns=11 overruns=0 sleep_us=21475292 queue_ms=29
fps: 30.0
vis: 60.0
cpu: exceptions=18383 cacheResets=1 batches=15024 verts=225360 texStalls=0 recompiles=767 underruns=11 overruns=0 sleep_us=21675035 queue_ms=25
fps: 30.1
vis: 59.6
cpu: exceptions=18551 cacheResets=1 batches=15024 verts=225360 texStalls=0 recompiles=767 underruns=11 overruns=0 sleep_us=21892596 queue_ms=32
fps: 29.8
vis: 60.0
cpu: exceptions=18708 cacheResets=1 batches=15024 verts=225360 texStalls=0 recompiles=767 underruns=11 overruns=0 sleep_us=22114246 queue_ms=29
fps: 29.2
vis: 60.0
cpu: exceptions=18867 cacheResets=1 batches=15024 verts=225360 texStalls=0 recompiles=767 underruns=11 overruns=0 sleep_us=22332838 queue_ms=14
fps: 29.9
vis: 60.0
cpu: exceptions=20022 cacheResets=1 batches=15024 verts=225360 texStalls=0 recompiles=776 underruns=11 overruns=0 sleep_us=22493596 queue_ms=21
vis: 60.0
cpu: exceptions=20189 cacheResets=1 batches=15024 verts=225360 texStalls=0 recompiles=829 underruns=11 overruns=0 sleep_us=22776415 queue_ms=17
vis: 60.0
cpu: exceptions=20287 cacheResets=1 batches=15024 verts=225360 texStalls=0 recompiles=829 underruns=11 overruns=0 sleep_us=23131562 queue_ms=23
vis: 60.0
cpu: exceptions=20476 cacheResets=1 batches=15024 verts=225360 texStalls=0 recompiles=1016 underruns=12 overruns=0 sleep_us=23443205 queue_ms=31
vis: 60.0
cpu: exceptions=20555 cacheResets=1 batches=15024 verts=225360 texStalls=0 recompiles=1016 underruns=13 overruns=0 sleep_us=23890427 queue_ms=5
fps: 2.1
vis: 60.0
cpu: exceptions=20761 cacheResets=1 batches=19639 verts=268494 texStalls=0 recompiles=1373 underruns=15 overruns=0 sleep_us=23959162 queue_ms=35
fps: 31.7
vis: 59.7
cpu: exceptions=20999 cacheResets=1 batches=25239 verts=319914 texStalls=0 recompiles=1405 underruns=15 overruns=0 sleep_us=24022322 queue_ms=31
fps: 29.7
vis: 59.2
cpu: exceptions=21295 cacheResets=1 batches=31151 verts=373206 texStalls=0 recompiles=1410 underruns=15 overruns=0 sleep_us=24045476 queue_ms=28
fps: 29.5
vis: 58.1
cpu: exceptions=21637 cacheResets=1 batches=37274 verts=427764 texStalls=0 recompiles=1410 underruns=15 overruns=0 sleep_us=24052710 queue_ms=13
fps: 28.6
vis: 57.2
cpu: exceptions=21997 cacheResets=1 batches=43472 verts=482772 texStalls=0 recompiles=1416 underruns=17 overruns=0 sleep_us=24057231 queue_ms=10
fps: 29.0
vis: 60.0
cpu: exceptions=22328 cacheResets=1 batches=48637 verts=531582 texStalls=0 recompiles=1417 underruns=18 overruns=0 sleep_us=24115048 queue_ms=27
fps: 31.0
vis: 60.0
cpu: exceptions=22629 cacheResets=1 batches=52720 verts=573900 texStalls=0 recompiles=1417 underruns=18 overruns=0 sleep_us=24234591 queue_ms=22
fps: 30.0
vis: 60.0
cpu: exceptions=22949 cacheResets=1 batches=56184 verts=612504 texStalls=0 recompiles=1421 underruns=18 overruns=0 sleep_us=24339615 queue_ms=19
fps: 30.1
vis: 60.0
cpu: exceptions=23259 cacheResets=1 batches=59247 verts=648702 texStalls=0 recompiles=1422 underruns=18 overruns=0 sleep_us=24475528 queue_ms=26
fps: 29.9
vis: 60.0
cpu: exceptions=23569 cacheResets=1 batches=62264 verts=684624 texStalls=0 recompiles=1435 underruns=18 overruns=0 sleep_us=24602343 queue_ms=22
fps: 29.9
vis: 60.0
cpu: exceptions=23866 cacheResets=1 batches=65183 verts=719958 texStalls=0 recompiles=1502 underruns=18 overruns=0 sleep_us=24714153 queue_ms=29
fps: 30.0
vis: 60.0
cpu: exceptions=24181 cacheResets=1 batches=68086 verts=755196 texStalls=0 recompiles=1504 underruns=18 overruns=0 sleep_us=24833596 queue_ms=24
fps: 30.1
vis: 60.0
cpu: exceptions=24491 cacheResets=1 batches=70983 verts=790398 texStalls=0 recompiles=1504 underruns=18 overruns=0 sleep_us=24975339 queue_ms=31
fps: 30.0
vis: 60.0
cpu: exceptions=24783 cacheResets=1 batches=73865 verts=825510 texStalls=0 recompiles=1504 underruns=18 overruns=0 sleep_us=25125489 queue_ms=27
fps: 29.2
mark: stop reason: chain guest VI limit
vis: 57.8
cpu: exceptions=25065 cacheResets=1 batches=76811 verts=861006 texStalls=0 recompiles=1504 underruns=19 overruns=0 sleep_us=25269509 queue_ms=6
mark: stop_it requested
audio: alist_resample_calls=124134 alist_resample_samples=18520696 alist_zoh_calls=0 alist_zoh_samples=0 musyx_subframes=0 musyx_voices=0 musyx_voice_peak=0
audio_stages: adpcm_calls=128102 adpcm_samples=19590016 envmix_calls=124134 envmix_samples=18520696 mix_calls=21240 mix_samples=8156160 musyx_fx_calls=0 musyx_fx_taps=0 output_calls=3566 output_samples=1595408
audio_envmix: exp_calls=0 ge_calls=0 lin_calls=0 nead_calls=124134 exp_steady=0 ge_steady=0 lin_steady=0
audio_gaps: nead_mats=0 nead_efz=0 resample_flag2=0 musyx_ptr10=0
audio_output: stream_requests=7367 stream_fed=5539 input_hz=26807 playback_hz=26807 queue_peak_ms=160
probe_schema: version=2 self=1 interval=127
vm_io: read_ahead=1 reads=0 hits=0 read_bytes=0 writes=0 write_bytes=0 errors=0
subsystem_time: stage=rsp_gfx calls=1428 timed_calls=1428 period=1 timed_us=17049665
subsystem_time: stage=rsp_audio calls=3540 timed_calls=3540 period=1 timed_us=3008728
subsystem_time: stage=rsp_other calls=0 timed_calls=0 period=1 timed_us=0
subsystem_time: stage=lookup calls=8678270 timed_calls=68332 period=127 timed_us=14620
subsystem_time: stage=compile calls=1504 timed_calls=1504 period=1 timed_us=203399
subsystem_time: stage=dispatch calls=8652005 timed_calls=68126 period=127 timed_us=61278
subsystem_self: stage=dispatch calls=8652005 timed_calls=68126 self_us=41575 dropped=0
subsystem_time: stage=execute_inclusive calls=8652005 timed_calls=68126 period=127 timed_us=438701
subsystem_self: stage=execute_inclusive calls=8652005 timed_calls=68126 self_us=125616 dropped=0
subsystem_time: stage=rom_copy calls=8289 timed_calls=8289 period=1 timed_us=71537
subsystem_time: stage=present calls=3599 timed_calls=3599 period=1 timed_us=66605
subsystem_time: stage=limiter calls=2758 timed_calls=2758 period=1 timed_us=25277833
subsystem_time: stage=vm_fault calls=0 timed_calls=0 period=1 timed_us=0
subsystem_time: stage=vm_victim calls=0 timed_calls=0 period=1 timed_us=0
subsystem_time: stage=vm_read calls=0 timed_calls=0 period=1 timed_us=0
subsystem_time: stage=vm_write calls=0 timed_calls=0 period=1 timed_us=0
subsystem_time: stage=tex_hash calls=231269 timed_calls=231269 period=1 timed_us=1469108
subsystem_time: stage=tex_lookup calls=231269 timed_calls=231269 period=1 timed_us=349783
subsystem_time: stage=tex_load calls=1733 timed_calls=1733 period=1 timed_us=127517
subsystem_time: stage=tex_activate calls=231269 timed_calls=231269 period=1 timed_us=61053
subsystem_time: stage=draw_triangles calls=76811 timed_calls=76811 period=1 timed_us=173099
subsystem_time: stage=draw_rect calls=199209 timed_calls=199209 period=1 timed_us=2416928
subsystem_time: stage=gfx_list calls=1428 timed_calls=1428 period=1 timed_us=17046652
subsystem_time: stage=gfx_command calls=3052105 timed_calls=24032 period=127 timed_us=137581
gfx_ucodes: mask=00040000
gfx_opcode: op=01 calls=39357 timed_calls=314 timed_us=141
gfx_opcode: op=03 calls=4732 timed_calls=44 timed_us=52
gfx_opcode: op=04 calls=74849 timed_calls=554 timed_us=1393
gfx_opcode: op=06 calls=126570 timed_calls=947 timed_us=158
gfx_opcode: op=b1 calls=89645 timed_calls=765 timed_us=5998
gfx_opcode: op=b4 calls=811 timed_calls=8 timed_us=1
gfx_opcode: op=b5 calls=21636 timed_calls=179 timed_us=285
gfx_opcode: op=b6 calls=21527 timed_calls=177 timed_us=30
gfx_opcode: op=b7 calls=13822 timed_calls=106 timed_us=15
gfx_opcode: op=b8 calls=127998 timed_calls=986 timed_us=128
gfx_opcode: op=b9 calls=89659 timed_calls=704 timed_us=114
gfx_opcode: op=ba calls=160056 timed_calls=1283 timed_us=232
gfx_opcode: op=bb calls=35718 timed_calls=296 timed_us=58
gfx_opcode: op=bc calls=34815 timed_calls=258 timed_us=51
gfx_opcode: op=bd calls=36 timed_calls=0 timed_us=0
gfx_opcode: op=bf calls=64440 timed_calls=456 timed_us=2030
gfx_opcode: op=c0 calls=16873 timed_calls=139 timed_us=18
gfx_opcode: op=e4 calls=190158 timed_calls=1505 timed_us=19684
gfx_opcode: op=e6 calls=236572 timed_calls=1861 timed_us=221
gfx_opcode: op=e7 calls=327789 timed_calls=2617 timed_us=335
gfx_opcode: op=e8 calls=41869 timed_calls=342 timed_us=39
gfx_opcode: op=e9 calls=1428 timed_calls=10 timed_us=16
gfx_opcode: op=ed calls=8043 timed_calls=63 timed_us=34
gfx_opcode: op=f0 calls=4851 timed_calls=38 timed_us=113
gfx_opcode: op=f2 calls=227707 timed_calls=1790 timed_us=451
gfx_opcode: op=f3 calls=40772 timed_calls=309 timed_us=1890
gfx_opcode: op=f4 calls=190949 timed_calls=1508 timed_us=6326
gfx_opcode: op=f5 calls=464279 timed_calls=3643 timed_us=633
gfx_opcode: op=f6 calls=10516 timed_calls=95 timed_us=2750
gfx_opcode: op=f7 calls=10090 timed_calls=83 timed_us=33
gfx_opcode: op=fa calls=40837 timed_calls=309 timed_us=58
gfx_opcode: op=fb calls=23942 timed_calls=183 timed_us=28
gfx_opcode: op=fc calls=67479 timed_calls=531 timed_us=72
gfx_opcode: op=fd calls=236572 timed_calls=1881 timed_us=264
gfx_opcode: op=fe calls=1427 timed_calls=12 timed_us=9
gfx_opcode: op=ff calls=4281 timed_calls=36 timed_us=91909
subsystem_time: stage=vertex calls=544112 timed_calls=4284 period=127 timed_us=1314
subsystem_time: stage=gfx_state calls=287905 timed_calls=2266 period=127 timed_us=20879
subsystem_self: stage=gfx_state calls=287905 timed_calls=2266 self_us=4911 dropped=0
subsystem_time: stage=gx_wait calls=4 timed_calls=4 period=1 timed_us=2555
subsystem_time: stage=dma_pi calls=8289 timed_calls=8289 period=1 timed_us=145607
subsystem_time: stage=dma_sp calls=9936 timed_calls=9936 period=1 timed_us=10254
subsystem_time: stage=dma_si calls=2986 timed_calls=2986 period=1 timed_us=34562
subsystem_time: stage=tlb_translate calls=0 timed_calls=0 period=127 timed_us=0
subsystem_time: stage=pif calls=2987 timed_calls=2987 period=1 timed_us=31960
subsystem_time: stage=input calls=5712 timed_calls=5712 period=1 timed_us=26171
subsystem_time: stage=guest_interrupt calls=33503 timed_calls=33503 period=1 timed_us=25517282
subsystem_self: stage=guest_interrupt calls=33503 timed_calls=33503 self_us=60792 dropped=0
subsystem_time: stage=interpreter_inclusive calls=0 timed_calls=0 period=1 timed_us=0
subsystem_self: stage=interpreter_inclusive calls=0 timed_calls=0 self_us=0 dropped=0
subsystem_time: stage=audio_submit calls=3566 timed_calls=3566 period=1 timed_us=36047
subsystem_time: stage=audio_callback calls=35968 timed_calls=35968 period=1 timed_us=24507
subsystem_time: stage=memory_slow calls=1357635 timed_calls=10690 period=127 timed_us=233894
subsystem_self: stage=memory_slow calls=1357635 timed_calls=10690 self_us=5582 dropped=0
subsystem_time: stage=jit_invalidate calls=26265 timed_calls=206 period=127 timed_us=43
subsystem_time: stage=cpu_helper calls=35813485 timed_calls=281995 period=127 timed_us=266467
subsystem_time: stage=storage_read calls=0 timed_calls=0 period=1 timed_us=0
subsystem_time: stage=storage_write calls=0 timed_calls=0 period=1 timed_us=0
subsystem_time: stage=save_load calls=0 timed_calls=0 period=1 timed_us=0
subsystem_time: stage=save_write calls=0 timed_calls=0 period=1 timed_us=0
subsystem_time: stage=state_load calls=0 timed_calls=0 period=1 timed_us=0
subsystem_time: stage=state_save calls=0 timed_calls=0 period=1 timed_us=0
subsystem_time: stage=probe_io calls=8 timed_calls=8 period=1 timed_us=119812
subsystem_time: stage=agent_poll calls=7219 timed_calls=7219 period=1 timed_us=1823
audio_time: stage=resample sampled_calls=977 sampled_samples=145512 sampled_us=6119
audio_time: stage=zoh sampled_calls=0 sampled_samples=0 sampled_us=0
audio_time: stage=adpcm sampled_calls=1008 sampled_samples=155232 sampled_us=6500
audio_time: stage=envmix_exp sampled_calls=0 sampled_samples=0 sampled_us=0
audio_time: stage=envmix_ge sampled_calls=0 sampled_samples=0 sampled_us=0
audio_time: stage=envmix_lin sampled_calls=0 sampled_samples=0 sampled_us=0
audio_time: stage=envmix_nead sampled_calls=977 sampled_samples=145512 sampled_us=8767
audio_time: stage=mix sampled_calls=167 sampled_samples=64128 sampled_us=1042
audio_time: stage=musyx_voice sampled_calls=0 sampled_samples=0 sampled_us=0
audio_time: stage=musyx_fx sampled_calls=0 sampled_samples=0 sampled_us=0
audio_time: stage=output sampled_calls=28 sampled_samples=12480 sampled_us=226
gpu_counters: clks=14672104686 tb_clks=14672104776 ras_busy=376789476 xf_wait_in=14239264892 xf_wait_out=206946551 ras_peak_permille=40 ztop_in=1452504940 ztop_out=1423871620 z_in=5198908 z_out=4386100 blend_in=1429392976 copy_clks=145895938 fifo_overflows=0
game: n=2/9 how=vis vis=3600 vi_rate=60 vi0_retrace=3137 wall_us=60378898 sleep_us=25269509 avg_vis=59.40 avg_fps=27.53 exceptions=25066 cacheResets=1 recompiles=1504 batches=76811 verts=861006 texStalls=0 treeDepthMax=14 underruns=19 overruns=0 queue_peak_ms=138 dsp_avg=1.53 dsp_peak=1.85 dsp_samples=121 pmc1=25469735381 pmc2=27269651207 pmc3=0 pmc4=0 mmcr0=00000042 mmcr1=00000000 heap_used=10895544 heap_free=34984 arena1_free=299008 arena2_free=288704 flushes=8 flush_us=119809 padtrace=21 rom=sd:/wii64/roms/Mario Kart 64.v64
=== chain 2/9 end vis=3600 how=vis rom=sd:/wii64/roms/Mario Kart 64.v64 ===
mark: pad replay records: 1
mark: loadROM: enter
mark: loadROM: before rom_read
mark: ROMCache_load: enter
mark: ROMCache_load: before first read
mark: ROMCache_load: first read returned
mark: ROMCache_load: byte_swap_type set
mark: ROMCache_load: first byte_swap done
menufps: 0.0
menufps: 8.5
menufps: 8.0
menufps: 8.1
menufps: 8.1
menufps: 8.1
menufps: 8.0
mark: ROMCache_load: loop exited normally
mark: ROMCache_load: elapsed_us=3807157 bytes=16777216 vm=0
mark: loadROM: after rom_read
mark: loadROM: before init_memory
mark: loadROM: after init_memory
mark: loadROM: before romOpen_gfx
mark: loadROM: after romOpen_gfx / before romOpen_audio
mark: loadROM: after romOpen_audio / before romOpen_input
mark: loadROM: after romOpen_input / before cpu_init
mark: loadROM: after cpu_init
menufps: 3.3
menufps: 1.0
menufps: 1.0
fps: 0.9
first_vi: vi0_retrace=7194
vis: 0.1
cpu: exceptions=0 cacheResets=0 batches=0 verts=0 texStalls=0 recompiles=0 underruns=0 overruns=0 sleep_us=0 queue_ms=0
mark: CPU core dispatch: dynarec
vis: 41.6
cpu: exceptions=28 cacheResets=1 batches=0 verts=0 texStalls=0 recompiles=138 underruns=0 overruns=0 sleep_us=0 queue_ms=0
vis: 60.0
cpu: exceptions=58 cacheResets=1 batches=0 verts=0 texStalls=0 recompiles=138 underruns=0 overruns=0 sleep_us=277759 queue_ms=0
vis: 56.7
cpu: exceptions=106 cacheResets=1 batches=0 verts=0 texStalls=0 recompiles=217 underruns=0 overruns=0 sleep_us=532127 queue_ms=0
vis: 60.0
cpu: exceptions=510 cacheResets=1 batches=0 verts=0 texStalls=0 recompiles=616 underruns=2 overruns=0 sleep_us=789847 queue_ms=40
fps: 0.4
vis: 59.8
cpu: exceptions=717 cacheResets=1 batches=44 verts=2262 texStalls=0 recompiles=1896 underruns=3 overruns=0 sleep_us=905537 queue_ms=45
vis: 60.0
cpu: exceptions=872 cacheResets=1 batches=44 verts=2262 texStalls=0 recompiles=1901 underruns=3 overruns=0 sleep_us=1157121 queue_ms=49
fps: 1.3
vis: 60.0
cpu: exceptions=1052 cacheResets=1 batches=344 verts=12750 texStalls=0 recompiles=1990 underruns=3 overruns=0 sleep_us=1396858 queue_ms=53
fps: 30.0
vis: 60.0
cpu: exceptions=1240 cacheResets=1 batches=1116 verts=33672 texStalls=0 recompiles=2006 underruns=3 overruns=0 sleep_us=1662856 queue_ms=58
fps: 30.0
vis: 60.0
cpu: exceptions=1423 cacheResets=1 batches=2132 verts=56058 texStalls=0 recompiles=2009 underruns=3 overruns=0 sleep_us=1919453 queue_ms=62
fps: 30.0
vis: 60.0
cpu: exceptions=1606 cacheResets=1 batches=3187 verts=78678 texStalls=0 recompiles=2009 underruns=3 overruns=0 sleep_us=2173625 queue_ms=53
fps: 30.0
vis: 60.0
cpu: exceptions=1783 cacheResets=1 batches=4252 verts=101190 texStalls=0 recompiles=2012 underruns=3 overruns=0 sleep_us=2426233 queue_ms=58
fps: 30.0
vis: 60.0
cpu: exceptions=1978 cacheResets=1 batches=5312 verts=123210 texStalls=0 recompiles=2012 underruns=3 overruns=0 sleep_us=2680926 queue_ms=54
fps: 30.0
vis: 60.0
cpu: exceptions=2160 cacheResets=1 batches=6349 verts=145092 texStalls=0 recompiles=2029 underruns=3 overruns=0 sleep_us=2935222 queue_ms=58
fps: 30.0
vis: 60.0
cpu: exceptions=2344 cacheResets=1 batches=7488 verts=172146 texStalls=0 recompiles=2029 underruns=3 overruns=0 sleep_us=3175643 queue_ms=62
fps: 29.9
vis: 60.0
cpu: exceptions=2543 cacheResets=1 batches=9054 verts=210882 texStalls=0 recompiles=2036 underruns=3 overruns=0 sleep_us=3363568 queue_ms=54
fps: 30.0
vis: 60.0
cpu: exceptions=2734 cacheResets=1 batches=10744 verts=245802 texStalls=0 recompiles=2036 underruns=3 overruns=0 sleep_us=3555079 queue_ms=58
fps: 30.0
vis: 60.0
cpu: exceptions=2909 cacheResets=1 batches=12278 verts=270666 texStalls=0 recompiles=2063 underruns=3 overruns=0 sleep_us=3778933 queue_ms=54
fps: 30.0
vis: 60.0
cpu: exceptions=3085 cacheResets=1 batches=13584 verts=294162 texStalls=0 recompiles=2063 underruns=3 overruns=0 sleep_us=4032864 queue_ms=58
fps: 29.4
vis: 60.0
cpu: exceptions=3256 cacheResets=1 batches=14675 verts=316368 texStalls=0 recompiles=2064 underruns=3 overruns=0 sleep_us=4297437 queue_ms=50
fps: 30.0
vis: 60.0
cpu: exceptions=3444 cacheResets=1 batches=15715 verts=338268 texStalls=0 recompiles=2064 underruns=3 overruns=0 sleep_us=4558774 queue_ms=54
fps: 30.0
vis: 60.0
cpu: exceptions=3627 cacheResets=1 batches=16738 verts=360066 texStalls=0 recompiles=2064 underruns=3 overruns=0 sleep_us=4821688 queue_ms=37
fps: 29.9
vis: 60.0
cpu: exceptions=3821 cacheResets=1 batches=18016 verts=395250 texStalls=0 recompiles=2064 underruns=3 overruns=0 sleep_us=5035055 queue_ms=41
fps: 30.0
vis: 60.0
cpu: exceptions=4020 cacheResets=1 batches=19353 verts=432612 texStalls=0 recompiles=2065 underruns=3 overruns=0 sleep_us=5248255 queue_ms=46
fps: 29.9
vis: 60.0
cpu: exceptions=4221 cacheResets=1 batches=21449 verts=468564 texStalls=0 recompiles=2081 underruns=3 overruns=0 sleep_us=5435052 queue_ms=50
fps: 29.8
vis: 60.0
cpu: exceptions=4411 cacheResets=1 batches=26214 verts=508404 texStalls=0 recompiles=2081 underruns=3 overruns=0 sleep_us=5575631 queue_ms=54
fps: 30.0
vis: 60.0
cpu: exceptions=4605 cacheResets=1 batches=31572 verts=551802 texStalls=0 recompiles=2081 underruns=3 overruns=0 sleep_us=5708752 queue_ms=37
fps: 30.0
vis: 60.0
cpu: exceptions=4796 cacheResets=1 batches=36692 verts=593772 texStalls=0 recompiles=2082 underruns=3 overruns=0 sleep_us=5855931 queue_ms=42
fps: 30.0
vis: 60.0
cpu: exceptions=4993 cacheResets=1 batches=41733 verts=635268 texStalls=0 recompiles=2083 underruns=3 overruns=0 sleep_us=6004850 queue_ms=46
fps: 30.0
vis: 60.0
cpu: exceptions=5188 cacheResets=1 batches=46908 verts=677568 texStalls=0 recompiles=2083 underruns=3 overruns=0 sleep_us=6150581 queue_ms=50
vis: 60.0
cpu: exceptions=5400 cacheResets=1 batches=51679 verts=730212 texStalls=0 recompiles=2083 underruns=3 overruns=0 sleep_us=6271621 queue_ms=46
fps: 30.1
mark: stop reason: chain guest VI limit
mark: stop_it requested
audio: alist_resample_calls=7273 alist_resample_samples=1338232 alist_zoh_calls=0 alist_zoh_samples=0 musyx_subframes=0 musyx_voices=0 musyx_voice_peak=0
audio_stages: adpcm_calls=5684 adpcm_samples=629344 envmix_calls=5654 envmix_samples=1040336 mix_calls=32380 mix_samples=5957920 musyx_fx_calls=0 musyx_fx_taps=0 output_calls=405 output_samples=297160
audio_envmix: exp_calls=0 ge_calls=0 lin_calls=5654 nead_calls=0 exp_steady=0 ge_steady=0 lin_steady=5208
audio_gaps: nead_mats=0 nead_efz=0 resample_flag2=0 musyx_ptr10=0
audio_output: stream_requests=3467 stream_fed=1030 input_hz=21998 playback_hz=21998 queue_peak_ms=80
probe_schema: version=2 self=1 interval=127
vm_io: read_ahead=1 reads=0 hits=0 read_bytes=0 writes=0 write_bytes=0 errors=0
subsystem_time: stage=rsp_gfx calls=358 timed_calls=358 period=1 timed_us=1506048
subsystem_time: stage=rsp_audio calls=406 timed_calls=406 period=1 timed_us=306751
subsystem_time: stage=rsp_other calls=0 timed_calls=0 period=1 timed_us=0
subsystem_time: stage=lookup calls=4415524 timed_calls=34767 period=127 timed_us=8728
subsystem_time: stage=compile calls=2084 timed_calls=2084 period=1 timed_us=177979
subsystem_time: stage=dispatch calls=4132083 timed_calls=32536 period=127 timed_us=31622
subsystem_self: stage=dispatch calls=4132083 timed_calls=32536 self_us=21019 dropped=0
subsystem_time: stage=execute_inclusive calls=4132083 timed_calls=32536 period=127 timed_us=117640
subsystem_self: stage=execute_inclusive calls=4132083 timed_calls=32536 self_us=42412 dropped=0
subsystem_time: stage=rom_copy calls=640 timed_calls=640 period=1 timed_us=14318
subsystem_time: stage=present calls=899 timed_calls=899 period=1 timed_us=62340
subsystem_time: stage=limiter calls=853 timed_calls=853 period=1 timed_us=6322251
subsystem_time: stage=vm_fault calls=0 timed_calls=0 period=1 timed_us=0
subsystem_time: stage=vm_victim calls=0 timed_calls=0 period=1 timed_us=0
subsystem_time: stage=vm_read calls=0 timed_calls=0 period=1 timed_us=0
subsystem_time: stage=vm_write calls=0 timed_calls=0 period=1 timed_us=0
subsystem_time: stage=tex_hash calls=48848 timed_calls=48848 period=1 timed_us=402859
subsystem_time: stage=tex_lookup calls=48848 timed_calls=48848 period=1 timed_us=13318
subsystem_time: stage=tex_load calls=28 timed_calls=28 period=1 timed_us=1999
subsystem_time: stage=tex_activate calls=48848 timed_calls=48848 period=1 timed_us=31998
subsystem_time: stage=draw_triangles calls=52520 timed_calls=52520 period=1 timed_us=239568
subsystem_time: stage=draw_rect calls=0 timed_calls=0 period=1 timed_us=0
subsystem_time: stage=gfx_list calls=358 timed_calls=358 period=1 timed_us=1505321
subsystem_time: stage=gfx_command calls=1088190 timed_calls=8568 period=127 timed_us=13061
gfx_ucodes: mask=00000002
gfx_opcode: op=01 calls=45295 timed_calls=363 timed_us=183
gfx_opcode: op=03 calls=1920 timed_calls=16 timed_us=10
gfx_opcode: op=04 calls=38254 timed_calls=315 timed_us=971
gfx_opcode: op=06 calls=56222 timed_calls=453 timed_us=71
gfx_opcode: op=b1 calls=122759 timed_calls=950 timed_us=8004
gfx_opcode: op=b6 calls=23590 timed_calls=186 timed_us=27
gfx_opcode: op=b7 calls=20998 timed_calls=159 timed_us=20
gfx_opcode: op=b8 calls=56580 timed_calls=447 timed_us=59
gfx_opcode: op=b9 calls=20685 timed_calls=148 timed_us=23
gfx_opcode: op=ba calls=59170 timed_calls=468 timed_us=71
gfx_opcode: op=bb calls=19239 timed_calls=161 timed_us=29
gfx_opcode: op=bc calls=44452 timed_calls=340 timed_us=51
gfx_opcode: op=bd calls=39275 timed_calls=306 timed_us=41
gfx_opcode: op=bf calls=1784 timed_calls=14 timed_us=102
gfx_opcode: op=e6 calls=44251 timed_calls=347 timed_us=41
gfx_opcode: op=e7 calls=155667 timed_calls=1211 timed_us=144
gfx_opcode: op=e9 calls=358 timed_calls=3 timed_us=3
gfx_opcode: op=ed calls=358 timed_calls=4 timed_us=3
gfx_opcode: op=f0 calls=4597 timed_calls=37 timed_us=25
gfx_opcode: op=f2 calls=46899 timed_calls=370 timed_us=96
gfx_opcode: op=f3 calls=48848 timed_calls=395 timed_us=1469
gfx_opcode: op=f5 calls=97281 timed_calls=769 timed_us=139
gfx_opcode: op=f6 calls=716 timed_calls=9 timed_us=654
gfx_opcode: op=f7 calls=716 timed_calls=3 timed_us=1
gfx_opcode: op=f9 calls=5752 timed_calls=38 timed_us=6
gfx_opcode: op=fa calls=41646 timed_calls=332 timed_us=55
gfx_opcode: op=fb calls=17478 timed_calls=137 timed_us=22
gfx_opcode: op=fc calls=18523 timed_calls=141 timed_us=17
gfx_opcode: op=fd calls=53445 timed_calls=437 timed_us=59
gfx_opcode: op=fe calls=358 timed_calls=4 timed_us=3
gfx_opcode: op=ff calls=1074 timed_calls=5 timed_us=2
subsystem_time: stage=vertex calls=360552 timed_calls=2838 period=127 timed_us=892
subsystem_time: stage=gfx_state calls=84009 timed_calls=661 period=127 timed_us=5079
subsystem_self: stage=gfx_state calls=84009 timed_calls=661 self_us=1497 dropped=0
subsystem_time: stage=gx_wait calls=4 timed_calls=4 period=1 timed_us=2554
subsystem_time: stage=dma_pi calls=640 timed_calls=640 period=1 timed_us=27302
subsystem_time: stage=dma_sp calls=1528 timed_calls=1528 period=1 timed_us=1687
subsystem_time: stage=dma_si calls=1147 timed_calls=1147 period=1 timed_us=11585
subsystem_time: stage=tlb_translate calls=0 timed_calls=0 period=127 timed_us=0
subsystem_time: stage=pif calls=1149 timed_calls=1149 period=1 timed_us=10596
subsystem_time: stage=input calls=807 timed_calls=807 period=1 timed_us=8521
subsystem_time: stage=guest_interrupt calls=6614 timed_calls=6614 period=1 timed_us=6432509
subsystem_self: stage=guest_interrupt calls=6614 timed_calls=6614 self_us=22416 dropped=0
subsystem_time: stage=interpreter_inclusive calls=0 timed_calls=0 period=1 timed_us=0
subsystem_self: stage=interpreter_inclusive calls=0 timed_calls=0 self_us=0 dropped=0
subsystem_time: stage=audio_submit calls=405 timed_calls=405 period=1 timed_us=6495
subsystem_time: stage=audio_callback calls=9551 timed_calls=9551 period=1 timed_us=5156
subsystem_time: stage=memory_slow calls=487842 timed_calls=3841 period=127 timed_us=9416
subsystem_self: stage=memory_slow calls=487842 timed_calls=3841 self_us=1706 dropped=0
subsystem_time: stage=jit_invalidate calls=283441 timed_calls=2231 period=127 timed_us=528
subsystem_time: stage=cpu_helper calls=12620311 timed_calls=99372 period=127 timed_us=44791
subsystem_time: stage=storage_read calls=0 timed_calls=0 period=1 timed_us=0
subsystem_time: stage=storage_write calls=0 timed_calls=0 period=1 timed_us=0
subsystem_time: stage=save_load calls=0 timed_calls=0 period=1 timed_us=0
subsystem_time: stage=save_write calls=0 timed_calls=0 period=1 timed_us=0
subsystem_time: stage=state_load calls=0 timed_calls=0 period=1 timed_us=0
subsystem_time: stage=state_save calls=0 timed_calls=0 period=1 timed_us=0
subsystem_time: stage=probe_io calls=3 timed_calls=3 period=1 timed_us=42016
subsystem_time: stage=agent_poll calls=1819 timed_calls=1820 period=1 timed_us=594
audio_time: stage=resample sampled_calls=57 sampled_samples=10488 sampled_us=415
audio_time: stage=zoh sampled_calls=0 sampled_samples=0 sampled_us=0
audio_time: stage=adpcm sampled_calls=44 sampled_samples=4752 sampled_us=206
audio_time: stage=envmix_exp sampled_calls=0 sampled_samples=0 sampled_us=0
audio_time: stage=envmix_ge sampled_calls=0 sampled_samples=0 sampled_us=0
audio_time: stage=envmix_lin sampled_calls=44 sampled_samples=8096 sampled_us=703
audio_time: stage=envmix_nead sampled_calls=0 sampled_samples=0 sampled_us=0
audio_time: stage=mix sampled_calls=254 sampled_samples=46736 sampled_us=767
audio_time: stage=musyx_voice sampled_calls=0 sampled_samples=0 sampled_us=0
audio_time: stage=musyx_fx sampled_calls=0 sampled_samples=0 sampled_us=0
audio_time: stage=output sampled_calls=3 sampled_samples=2208 sampled_us=40
gpu_counters: clks=3730344223 tb_clks=3730344316 ras_busy=138669529 xf_wait_in=3292323173 xf_wait_out=388585498 ras_peak_permille=49 ztop_in=544528428 ztop_out=521104012 z_in=0 z_out=0 blend_in=521166344 copy_clks=50676417 fifo_overflows=849
game: n=3/9 how=vis vis=900 vi_rate=60 vi0_retrace=7194 wall_us=15351031 sleep_us=6319597 avg_vis=57.36 avg_fps=26.60 exceptions=5450 cacheResets=1 recompiles=2084 batches=52520 verts=741906 texStalls=0 treeDepthMax=31 underruns=3 overruns=0 queue_peak_ms=62 dsp_avg=1.40 dsp_peak=1.60 dsp_samples=31 pmc1=6336390215 pmc2=6439318847 pmc3=0 pmc4=0 mmcr0=00000042 mmcr1=00000000 heap_used=10930456 heap_free=36936 arena1_free=262144 arena2_free=288704 flushes=3 flush_us=42015 padtrace=0 rom=sd:/wii64/roms/Banjo-Kazooie.V64
=== chain 3/9 end vis=900 how=vis rom=sd:/wii64/roms/Banjo-Kazooie.V64 ===
mark: pad replay records: 1
mark: loadROM: enter
mark: loadROM: before rom_read
mark: ROMCache_load: enter
mark: ROMCache_load: before first read
mark: ROMCache_load: first read returned
mark: ROMCache_load: byte_swap_type set
mark: ROMCache_load: first byte_swap done
menufps: 0.1
menufps: 8.6
menufps: 8.3
menufps: 8.3
menufps: 8.0
menufps: 8.2
menufps: 8.3
mark: ROMCache_load: loop exited normally
mark: ROMCache_load: elapsed_us=3733029 bytes=16777216 vm=0
mark: loadROM: after rom_read
mark: loadROM: before init_memory
mark: loadROM: after init_memory
mark: loadROM: before romOpen_gfx
mark: loadROM: after romOpen_gfx / before romOpen_audio
mark: loadROM: after romOpen_audio / before romOpen_input
mark: loadROM: after romOpen_input / before cpu_init
mark: loadROM: after cpu_init
menufps: 2.4
menufps: 1.0
menufps: 1.0
fps: 0.5
first_vi: vi0_retrace=8547
vis: 1.2
cpu: exceptions=0 cacheResets=0 batches=0 verts=0 texStalls=0 recompiles=0 underruns=0 overruns=0 sleep_us=0 queue_ms=0
mark: CPU core dispatch: dynarec
vis: 60.0
cpu: exceptions=1471 cacheResets=1 batches=0 verts=0 texStalls=0 recompiles=421 underruns=0 overruns=0 sleep_us=81545 queue_ms=166
fps: 3.1
vis: 60.0
cpu: exceptions=2355 cacheResets=1 batches=0 verts=0 texStalls=0 recompiles=425 underruns=0 overruns=0 sleep_us=420138 queue_ms=160
fps: 60.9
vis: 60.0
cpu: exceptions=2625 cacheResets=1 batches=0 verts=0 texStalls=0 recompiles=425 underruns=0 overruns=0 sleep_us=834560 queue_ms=156
fps: 60.0
vis: 60.0
cpu: exceptions=2918 cacheResets=1 batches=0 verts=0 texStalls=0 recompiles=468 underruns=0 overruns=0 sleep_us=1235670 queue_ms=162
vis: 60.0
cpu: exceptions=3298 cacheResets=1 batches=0 verts=0 texStalls=0 recompiles=468 underruns=0 overruns=0 sleep_us=1584266 queue_ms=157
fps: 14.7
vis: 52.1
cpu: exceptions=3627 cacheResets=1 batches=1934 verts=51708 texStalls=0 recompiles=742 underruns=0 overruns=0 sleep_us=1756645 queue_ms=96
fps: 57.5
vis: 60.0
cpu: exceptions=3918 cacheResets=1 batches=8714 verts=229188 texStalls=0 recompiles=763 underruns=0 overruns=0 sleep_us=1789718 queue_ms=91
fps: 58.9
vis: 60.0
cpu: exceptions=4213 cacheResets=1 batches=15486 verts=406620 texStalls=0 recompiles=771 underruns=0 overruns=0 sleep_us=1825297 queue_ms=87
fps: 60.0
vis: 60.0
cpu: exceptions=4512 cacheResets=1 batches=22236 verts=583920 texStalls=0 recompiles=775 underruns=0 overruns=0 sleep_us=1860576 queue_ms=84
fps: 60.0
vis: 60.0
cpu: exceptions=4803 cacheResets=1 batches=28986 verts=761220 texStalls=0 recompiles=775 underruns=0 overruns=0 sleep_us=1898609 queue_ms=79
fps: 60.0
vis: 60.0
cpu: exceptions=5092 cacheResets=1 batches=35736 verts=938520 texStalls=0 recompiles=775 underruns=0 overruns=0 sleep_us=1939107 queue_ms=86
fps: 60.0
vis: 60.0
cpu: exceptions=5386 cacheResets=1 batches=42486 verts=1115820 texStalls=0 recompiles=775 underruns=0 overruns=0 sleep_us=1976957 queue_ms=81
fps: 60.0
vis: 60.0
cpu: exceptions=5673 cacheResets=1 batches=49236 verts=1293120 texStalls=0 recompiles=777 underruns=0 overruns=0 sleep_us=2018331 queue_ms=87
fps: 60.0
vis: 60.0
cpu: exceptions=5967 cacheResets=1 batches=55986 verts=1470420 texStalls=0 recompiles=777 underruns=0 overruns=0 sleep_us=2051630 queue_ms=83
fps: 60.0
vis: 60.0
cpu: exceptions=6265 cacheResets=1 batches=62736 verts=1647720 texStalls=0 recompiles=777 underruns=0 overruns=0 sleep_us=2082137 queue_ms=89
fps: 60.0
vis: 60.0
cpu: exceptions=6559 cacheResets=1 batches=69486 verts=1825020 texStalls=0 recompiles=777 underruns=0 overruns=0 sleep_us=2113696 queue_ms=84
fps: 60.0
vis: 60.0
cpu: exceptions=6857 cacheResets=1 batches=76236 verts=2002320 texStalls=0 recompiles=777 underruns=0 overruns=0 sleep_us=2142483 queue_ms=81
fps: 60.0
vis: 60.0
cpu: exceptions=7150 cacheResets=1 batches=82986 verts=2179620 texStalls=0 recompiles=777 underruns=0 overruns=0 sleep_us=2172736 queue_ms=86
fps: 60.0
vis: 60.0
cpu: exceptions=7441 cacheResets=1 batches=89736 verts=2356920 texStalls=0 recompiles=777 underruns=0 overruns=0 sleep_us=2205211 queue_ms=82
fps: 60.0
vis: 60.0
cpu: exceptions=7731 cacheResets=1 batches=96486 verts=2534220 texStalls=0 recompiles=777 underruns=0 overruns=0 sleep_us=2239031 queue_ms=88
fps: 60.0
vis: 60.0
cpu: exceptions=8020 cacheResets=1 batches=103236 verts=2711520 texStalls=0 recompiles=777 underruns=0 overruns=0 sleep_us=2277268 queue_ms=83
fps: 59.9
vis: 60.0
cpu: exceptions=8317 cacheResets=1 batches=109986 verts=2888820 texStalls=0 recompiles=777 underruns=0 overruns=0 sleep_us=2309044 queue_ms=89
fps: 60.1
vis: 60.0
cpu: exceptions=8610 cacheResets=1 batches=116736 verts=3066120 texStalls=0 recompiles=777 underruns=0 overruns=0 sleep_us=2328768 queue_ms=85
fps: 60.0
vis: 60.0
cpu: exceptions=8923 cacheResets=1 batches=123486 verts=3243420 texStalls=0 recompiles=777 underruns=0 overruns=0 sleep_us=2334832 queue_ms=82
fps: 60.0
vis: 60.0
cpu: exceptions=9241 cacheResets=1 batches=130236 verts=3420720 texStalls=0 recompiles=777 underruns=0 overruns=0 sleep_us=2338086 queue_ms=86
fps: 60.0
vis: 60.0
cpu: exceptions=9559 cacheResets=1 batches=136986 verts=3598020 texStalls=0 recompiles=777 underruns=0 overruns=0 sleep_us=2343161 queue_ms=83
fps: 60.0
vis: 60.0
cpu: exceptions=9872 cacheResets=1 batches=143736 verts=3775320 texStalls=0 recompiles=777 underruns=0 overruns=0 sleep_us=2348298 queue_ms=88
fps: 58.0
vis: 60.0
cpu: exceptions=10181 cacheResets=1 batches=150486 verts=3952620 texStalls=0 recompiles=777 underruns=0 overruns=0 sleep_us=2356617 queue_ms=66
fps: 59.7
vis: 58.9
cpu: exceptions=10493 cacheResets=1 batches=157588 verts=4141185 texStalls=0 recompiles=777 underruns=0 overruns=0 sleep_us=2368300 queue_ms=63
fps: 54.8
vis: 55.1
cpu: exceptions=10781 cacheResets=1 batches=165848 verts=4369749 texStalls=0 recompiles=777 underruns=0 overruns=0 sleep_us=2368300 queue_ms=16
mark: stop reason: chain guest VI limit
mark: stop_it requested
audio: alist_resample_calls=10077 alist_resample_samples=1250096 alist_zoh_calls=0 alist_zoh_samples=0 musyx_subframes=0 musyx_voices=0 musyx_voice_peak=0
audio_stages: adpcm_calls=9759 adpcm_samples=1154016 envmix_calls=10077 envmix_samples=1250096 mix_calls=79024 mix_samples=10544864 musyx_fx_calls=0 musyx_fx_taps=0 output_calls=897 output_samples=478768
audio_envmix: exp_calls=10077 ge_calls=0 lin_calls=0 nead_calls=0 exp_steady=5510 ge_steady=0 lin_steady=0
audio_gaps: nead_mats=0 nead_efz=0 resample_flag2=0 musyx_ptr10=0
audio_output: stream_requests=3348 stream_fed=1662 input_hz=32006 playback_hz=32006 queue_peak_ms=184
probe_schema: version=2 self=1 interval=127
vm_io: read_ahead=1 reads=0 hits=0 read_bytes=0 writes=0 write_bytes=0 errors=0
subsystem_time: stage=rsp_gfx calls=810 timed_calls=810 period=1 timed_us=6203817
subsystem_time: stage=rsp_audio calls=898 timed_calls=898 period=1 timed_us=592472
subsystem_time: stage=rsp_other calls=0 timed_calls=0 period=1 timed_us=0
subsystem_time: stage=lookup calls=3610034 timed_calls=28425 period=127 timed_us=6308
subsystem_time: stage=compile calls=777 timed_calls=777 period=1 timed_us=106554
subsystem_time: stage=dispatch calls=3517135 timed_calls=27693 period=127 timed_us=24262
subsystem_self: stage=dispatch calls=3517135 timed_calls=27693 self_us=16424 dropped=0
subsystem_time: stage=execute_inclusive calls=3517135 timed_calls=27693 period=127 timed_us=92941
subsystem_self: stage=execute_inclusive calls=3517135 timed_calls=27693 self_us=43311 dropped=0
subsystem_time: stage=rom_copy calls=1024 timed_calls=1024 period=1 timed_us=14761
subsystem_time: stage=present calls=899 timed_calls=899 period=1 timed_us=42399
subsystem_time: stage=limiter calls=774 timed_calls=774 period=1 timed_us=2370914
subsystem_time: stage=vm_fault calls=0 timed_calls=0 period=1 timed_us=0
subsystem_time: stage=vm_victim calls=0 timed_calls=0 period=1 timed_us=0
subsystem_time: stage=vm_read calls=0 timed_calls=0 period=1 timed_us=0
subsystem_time: stage=vm_write calls=0 timed_calls=0 period=1 timed_us=0
subsystem_time: stage=tex_hash calls=147492 timed_calls=147492 period=1 timed_us=1422629
subsystem_time: stage=tex_lookup calls=147492 timed_calls=147492 period=1 timed_us=57949
subsystem_time: stage=tex_load calls=136 timed_calls=136 period=1 timed_us=18898
subsystem_time: stage=tex_activate calls=147492 timed_calls=147492 period=1 timed_us=107951
subsystem_time: stage=draw_triangles calls=167028 timed_calls=167028 period=1 timed_us=644852
subsystem_time: stage=draw_rect calls=5440 timed_calls=5440 period=1 timed_us=119299
subsystem_time: stage=gfx_list calls=810 timed_calls=810 period=1 timed_us=6202269
subsystem_time: stage=gfx_command calls=5319454 timed_calls=41885 period=127 timed_us=52971
gfx_ucodes: mask=00000004
gfx_opcode: op=01 calls=343835 timed_calls=2738 timed_us=6208
gfx_opcode: op=02 calls=4507 timed_calls=41 timed_us=9
gfx_opcode: op=03 calls=108045 timed_calls=828 timed_us=111
gfx_opcode: op=05 calls=40387 timed_calls=324 timed_us=2221
gfx_opcode: op=06 calls=713540 timed_calls=5582 timed_us=26899
gfx_opcode: op=d5 calls=3 timed_calls=0 timed_us=0
gfx_opcode: op=d7 calls=105143 timed_calls=838 timed_us=152
gfx_opcode: op=d8 calls=109877 timed_calls=852 timed_us=117
gfx_opcode: op=d9 calls=416576 timed_calls=3292 timed_us=424
gfx_opcode: op=da calls=172226 timed_calls=1359 timed_us=889
gfx_opcode: op=db calls=73735 timed_calls=589 timed_us=112
gfx_opcode: op=dc calls=7700 timed_calls=64 timed_us=47
gfx_opcode: op=de calls=136822 timed_calls=1083 timed_us=176
gfx_opcode: op=df calls=130819 timed_calls=1038 timed_us=150
gfx_opcode: op=e2 calls=331942 timed_calls=2627 timed_us=350
gfx_opcode: op=e3 calls=238410 timed_calls=1849 timed_us=274
gfx_opcode: op=e4 calls=5440 timed_calls=44 timed_us=1051
gfx_opcode: op=e6 calls=248817 timed_calls=1944 timed_us=236
gfx_opcode: op=e7 calls=719043 timed_calls=5672 timed_us=691
gfx_opcode: op=e8 calls=93600 timed_calls=744 timed_us=88
gfx_opcode: op=e9 calls=810 timed_calls=6 timed_us=8
gfx_opcode: op=ed calls=6080 timed_calls=44 timed_us=17
gfx_opcode: op=f0 calls=104244 timed_calls=839 timed_us=586
gfx_opcode: op=f2 calls=146037 timed_calls=1138 timed_us=316
gfx_opcode: op=f3 calls=127782 timed_calls=994 timed_us=4899
gfx_opcode: op=f4 calls=13870 timed_calls=107 timed_us=584
gfx_opcode: op=f5 calls=342984 timed_calls=2662 timed_us=481
gfx_opcode: op=f6 calls=3080 timed_calls=29 timed_us=2185
gfx_opcode: op=f7 calls=3080 timed_calls=27 timed_us=10
gfx_opcode: op=f8 calls=6650 timed_calls=51 timed_us=11
gfx_opcode: op=f9 calls=75228 timed_calls=583 timed_us=89
gfx_opcode: op=fa calls=118261 timed_calls=953 timed_us=167
gfx_opcode: op=fb calls=14604 timed_calls=117 timed_us=18
gfx_opcode: op=fc calls=112981 timed_calls=894 timed_us=112
gfx_opcode: op=fd calls=235676 timed_calls=1870 timed_us=254
gfx_opcode: op=fe calls=810 timed_calls=7 timed_us=6
gfx_opcode: op=ff calls=6810 timed_calls=56 timed_us=18
subsystem_time: stage=vertex calls=2761556 timed_calls=21744 period=127 timed_us=5615
subsystem_time: stage=gfx_state calls=147504 timed_calls=1161 period=127 timed_us=16388
subsystem_self: stage=gfx_state calls=147504 timed_calls=1161 self_us=3836 dropped=0
subsystem_time: stage=gx_wait calls=4 timed_calls=4 period=1 timed_us=2557
subsystem_time: stage=dma_pi calls=2023 timed_calls=2023 period=1 timed_us=30594
subsystem_time: stage=dma_sp calls=3416 timed_calls=3416 period=1 timed_us=4028
subsystem_time: stage=dma_si calls=4478 timed_calls=4478 period=1 timed_us=22423
subsystem_time: stage=tlb_translate calls=0 timed_calls=0 period=127 timed_us=0
subsystem_time: stage=pif calls=4479 timed_calls=4479 period=1 timed_us=20847
subsystem_time: stage=input calls=3508 timed_calls=3508 period=1 timed_us=14786
subsystem_time: stage=guest_interrupt calls=12507 timed_calls=12507 period=1 timed_us=2477815
subsystem_self: stage=guest_interrupt calls=12507 timed_calls=12507 self_us=28042 dropped=0
subsystem_time: stage=interpreter_inclusive calls=0 timed_calls=0 period=1 timed_us=0
subsystem_self: stage=interpreter_inclusive calls=0 timed_calls=0 self_us=0 dropped=0
subsystem_time: stage=audio_submit calls=898 timed_calls=898 period=1 timed_us=10627
subsystem_time: stage=audio_callback calls=9419 timed_calls=9419 period=1 timed_us=8002
subsystem_time: stage=memory_slow calls=833873 timed_calls=6565 period=127 timed_us=101866
subsystem_self: stage=memory_slow calls=833873 timed_calls=6565 self_us=3361 dropped=0
subsystem_time: stage=jit_invalidate calls=92899 timed_calls=731 period=127 timed_us=157
subsystem_time: stage=cpu_helper calls=10719376 timed_calls=84404 period=127 timed_us=36642
subsystem_time: stage=storage_read calls=0 timed_calls=0 period=1 timed_us=0
subsystem_time: stage=storage_write calls=0 timed_calls=0 period=1 timed_us=0
subsystem_time: stage=save_load calls=0 timed_calls=0 period=1 timed_us=0
subsystem_time: stage=save_write calls=0 timed_calls=0 period=1 timed_us=0
subsystem_time: stage=state_load calls=0 timed_calls=0 period=1 timed_us=0
subsystem_time: stage=state_save calls=0 timed_calls=0 period=1 timed_us=0
subsystem_time: stage=probe_io calls=4 timed_calls=4 period=1 timed_us=42974
subsystem_time: stage=agent_poll calls=1818 timed_calls=1818 period=1 timed_us=512
audio_time: stage=resample sampled_calls=79 sampled_samples=10240 sampled_us=436
audio_time: stage=zoh sampled_calls=0 sampled_samples=0 sampled_us=0
audio_time: stage=adpcm sampled_calls=76 sampled_samples=8016 sampled_us=365
audio_time: stage=envmix_exp sampled_calls=79 sampled_samples=10240 sampled_us=1199
audio_time: stage=envmix_ge sampled_calls=0 sampled_samples=0 sampled_us=0
audio_time: stage=envmix_lin sampled_calls=0 sampled_samples=0 sampled_us=0
audio_time: stage=envmix_nead sampled_calls=0 sampled_samples=0 sampled_us=0
audio_time: stage=mix sampled_calls=622 sampled_samples=83008 sampled_us=1358
audio_time: stage=musyx_voice sampled_calls=0 sampled_samples=0 sampled_us=0
audio_time: stage=musyx_fx sampled_calls=0 sampled_samples=0 sampled_us=0
audio_time: stage=output sampled_calls=7 sampled_samples=3712 sampled_us=70
gpu_counters: clks=3721425581 tb_clks=3721425672 ras_busy=223499715 xf_wait_in=3299941700 xf_wait_out=209533097 ras_peak_permille=103 ztop_in=699075056 ztop_out=566232116 z_in=119838284 z_out=102098716 blend_in=686437856 copy_clks=84732491 fifo_overflows=0
game: n=4/9 how=vis vis=900 vi_rate=60 vi0_retrace=8547 wall_us=15314430 sleep_us=2368300 avg_vis=57.66 avg_fps=54.07 exceptions=10823 cacheResets=1 recompiles=777 batches=167028 verts=4402401 texStalls=0 treeDepthMax=12 underruns=1 overruns=0 queue_peak_ms=166 dsp_avg=1.60 dsp_peak=1.95 dsp_samples=31 pmc1=9270510933 pmc2=9395900291 pmc3=0 pmc4=0 mmcr0=00000042 mmcr1=00000000 heap_used=10842648 heap_free=157512 arena1_free=229376 arena2_free=288704 flushes=4 flush_us=42973 padtrace=0 rom=sd:/wii64/roms/Pokemon Snap.rom
=== chain 4/9 end vis=900 how=vis rom=sd:/wii64/roms/Pokemon Snap.rom ===
mark: pad replay records: 1
mark: loadROM: enter
mark: loadROM: before rom_read
mark: ROMCache_load: enter
mark: ROMCache_load: before first read
mark: ROMCache_load: first read returned
mark: ROMCache_load: byte_swap_type set
mark: ROMCache_load: first byte_swap done
menufps: 0.1
menufps: 8.0
menufps: 8.3
menufps: 8.3
menufps: 8.3
menufps: 8.3
menufps: 8.0
mark: ROMCache_load: loop exited normally
mark: ROMCache_load: elapsed_us=3772928 bytes=16777216 vm=0
mark: loadROM: after rom_read
mark: loadROM: before init_memory
mark: loadROM: after init_memory
mark: loadROM: before romOpen_gfx
mark: loadROM: after romOpen_gfx / before romOpen_audio
mark: loadROM: after romOpen_audio / before romOpen_input
mark: loadROM: after romOpen_input / before cpu_init
mark: loadROM: after cpu_init
menufps: 3.4
menufps: 1.0
menufps: 1.0
fps: 1.2
first_vi: vi0_retrace=9898
vis: 0.7
cpu: exceptions=0 cacheResets=0 batches=0 verts=0 texStalls=0 recompiles=0 underruns=0 overruns=0 sleep_us=0 queue_ms=0
mark: CPU core dispatch: dynarec
vis: 59.4
cpu: exceptions=3976 cacheResets=1 batches=0 verts=0 texStalls=0 recompiles=223 underruns=0 overruns=0 sleep_us=34501 queue_ms=156
fps: 1.1
vis: 60.0
cpu: exceptions=8398 cacheResets=1 batches=0 verts=0 texStalls=0 recompiles=394 underruns=0 overruns=0 sleep_us=127250 queue_ms=152
fps: 61.1
vis: 60.0
cpu: exceptions=8581 cacheResets=1 batches=0 verts=0 texStalls=0 recompiles=410 underruns=0 overruns=0 sleep_us=550283 queue_ms=157
vis: 60.0
cpu: exceptions=8851 cacheResets=1 batches=0 verts=0 texStalls=0 recompiles=437 underruns=0 overruns=0 sleep_us=935876 queue_ms=154
vis: 60.0
cpu: exceptions=9686 cacheResets=1 batches=0 verts=0 texStalls=0 recompiles=464 underruns=0 overruns=0 sleep_us=1249408 queue_ms=150
fps: 18.5
vis: 60.0
cpu: exceptions=9989 cacheResets=1 batches=2544 verts=62352 texStalls=0 recompiles=766 underruns=0 overruns=0 sleep_us=1444272 queue_ms=155
fps: 63.9
vis: 60.0
cpu: exceptions=10203 cacheResets=1 batches=5724 verts=140292 texStalls=0 recompiles=766 underruns=0 overruns=0 sleep_us=1678566 queue_ms=151
fps: 60.0
vis: 60.0
cpu: exceptions=10414 cacheResets=1 batches=8904 verts=218232 texStalls=0 recompiles=767 underruns=0 overruns=0 sleep_us=1911982 queue_ms=157
fps: 60.0
vis: 60.0
cpu: exceptions=10644 cacheResets=1 batches=12042 verts=293652 texStalls=0 recompiles=785 underruns=0 overruns=0 sleep_us=2134374 queue_ms=153
fps: 59.8
vis: 60.0
cpu: exceptions=10873 cacheResets=1 batches=15132 verts=366192 texStalls=0 recompiles=785 underruns=0 overruns=0 sleep_us=2358868 queue_ms=158
fps: 60.2
vis: 60.0
cpu: exceptions=11092 cacheResets=1 batches=18222 verts=438732 texStalls=0 recompiles=785 underruns=0 overruns=0 sleep_us=2596479 queue_ms=154
fps: 60.0
vis: 60.0
cpu: exceptions=11313 cacheResets=1 batches=21312 verts=511272 texStalls=0 recompiles=785 underruns=0 overruns=0 sleep_us=2832782 queue_ms=160
fps: 60.0
vis: 60.0
cpu: exceptions=11537 cacheResets=1 batches=24402 verts=583812 texStalls=0 recompiles=785 underruns=0 overruns=0 sleep_us=3068850 queue_ms=156
fps: 60.0
vis: 60.0
cpu: exceptions=11760 cacheResets=1 batches=27492 verts=656352 texStalls=0 recompiles=785 underruns=0 overruns=0 sleep_us=3304032 queue_ms=152
fps: 60.0
vis: 60.0
cpu: exceptions=12003 cacheResets=1 batches=30507 verts=739422 texStalls=0 recompiles=830 underruns=0 overruns=0 sleep_us=3503076 queue_ms=157
fps: 59.9
vis: 60.0
cpu: exceptions=12260 cacheResets=1 batches=33447 verts=833022 texStalls=0 recompiles=830 underruns=0 overruns=0 sleep_us=3699336 queue_ms=154
fps: 58.9
vis: 60.0
cpu: exceptions=12493 cacheResets=1 batches=36387 verts=926622 texStalls=0 recompiles=830 underruns=0 overruns=0 sleep_us=3894049 queue_ms=150
fps: 59.9
vis: 60.0
cpu: exceptions=12756 cacheResets=1 batches=39327 verts=1020222 texStalls=0 recompiles=833 underruns=0 overruns=0 sleep_us=4066597 queue_ms=146
fps: 59.9
vis: 60.0
cpu: exceptions=13054 cacheResets=1 batches=42267 verts=1113822 texStalls=0 recompiles=833 underruns=0 overruns=0 sleep_us=4243252 queue_ms=142
fps: 60.3
vis: 60.0
cpu: exceptions=13331 cacheResets=1 batches=45207 verts=1207422 texStalls=0 recompiles=834 underruns=0 overruns=0 sleep_us=4437587 queue_ms=148
fps: 59.9
vis: 60.0
cpu: exceptions=13590 cacheResets=1 batches=48122 verts=1300872 texStalls=0 recompiles=836 underruns=0 overruns=0 sleep_us=4623938 queue_ms=144
fps: 60.0
vis: 60.0
cpu: exceptions=13867 cacheResets=1 batches=51042 verts=1394352 texStalls=0 recompiles=840 underruns=0 overruns=0 sleep_us=4803121 queue_ms=149
fps: 60.0
vis: 60.0
cpu: exceptions=14124 cacheResets=1 batches=54012 verts=1488132 texStalls=0 recompiles=840 underruns=0 overruns=0 sleep_us=4993240 queue_ms=145
fps: 60.0
vis: 60.0
cpu: exceptions=14380 cacheResets=1 batches=56982 verts=1581912 texStalls=0 recompiles=852 underruns=0 overruns=0 sleep_us=5175387 queue_ms=151
fps: 60.0
vis: 60.0
cpu: exceptions=14635 cacheResets=1 batches=59952 verts=1675692 texStalls=0 recompiles=852 underruns=0 overruns=0 sleep_us=5361774 queue_ms=147
fps: 60.0
vis: 60.0
cpu: exceptions=14906 cacheResets=1 batches=62922 verts=1769472 texStalls=0 recompiles=852 underruns=0 overruns=0 sleep_us=5544738 queue_ms=143
fps: 59.9
vis: 60.0
cpu: exceptions=15193 cacheResets=1 batches=65892 verts=1863252 texStalls=0 recompiles=852 underruns=0 overruns=0 sleep_us=5713658 queue_ms=148
fps: 60.0
vis: 60.0
cpu: exceptions=15466 cacheResets=1 batches=68862 verts=1957032 texStalls=0 recompiles=852 underruns=0 overruns=0 sleep_us=5875778 queue_ms=145
fps: 59.9
vis: 60.0
cpu: exceptions=15736 cacheResets=1 batches=72512 verts=2070012 texStalls=0 recompiles=853 underruns=0 overruns=0 sleep_us=6013058 queue_ms=150
fps: 59.9
mark: stop reason: chain guest VI limit
mark: stop_it requested
audio: alist_resample_calls=16586 alist_resample_samples=3051824 alist_zoh_calls=0 alist_zoh_samples=0 musyx_subframes=0 musyx_voices=0 musyx_voice_peak=0
audio_stages: adpcm_calls=16263 adpcm_samples=2612400 envmix_calls=16586 envmix_samples=3051824 mix_calls=106152 mix_samples=19531968 musyx_fx_calls=0 musyx_fx_taps=0 output_calls=897 output_samples=478768
audio_envmix: exp_calls=0 ge_calls=0 lin_calls=16586 nead_calls=0 exp_steady=0 ge_steady=0 lin_steady=10510
audio_gaps: nead_mats=0 nead_efz=0 resample_flag2=0 musyx_ptr10=0
audio_output: stream_requests=3333 stream_fed=1648 input_hz=32006 playback_hz=32006 queue_peak_ms=180
probe_schema: version=2 self=1 interval=127
vm_io: read_ahead=1 reads=0 hits=0 read_bytes=0 writes=0 write_bytes=0 errors=0
subsystem_time: stage=rsp_gfx calls=797 timed_calls=797 period=1 timed_us=2907005
subsystem_time: stage=rsp_audio calls=898 timed_calls=898 period=1 timed_us=969293
subsystem_time: stage=rsp_other calls=0 timed_calls=0 period=1 timed_us=0
subsystem_time: stage=lookup calls=3135766 timed_calls=24691 period=127 timed_us=5572
subsystem_time: stage=compile calls=853 timed_calls=853 period=1 timed_us=128731
subsystem_time: stage=dispatch calls=2910729 timed_calls=22919 period=127 timed_us=21980
subsystem_self: stage=dispatch calls=2910729 timed_calls=22919 self_us=14433 dropped=0
subsystem_time: stage=execute_inclusive calls=2910729 timed_calls=22919 period=127 timed_us=143622
subsystem_self: stage=execute_inclusive calls=2910729 timed_calls=22919 self_us=34540 dropped=0
subsystem_time: stage=rom_copy calls=10767 timed_calls=10767 period=1 timed_us=29875
subsystem_time: stage=present calls=899 timed_calls=899 period=1 timed_us=37115
subsystem_time: stage=limiter calls=840 timed_calls=840 period=1 timed_us=6140088
subsystem_time: stage=vm_fault calls=0 timed_calls=0 period=1 timed_us=0
subsystem_time: stage=vm_victim calls=0 timed_calls=0 period=1 timed_us=0
subsystem_time: stage=vm_read calls=0 timed_calls=0 period=1 timed_us=0
subsystem_time: stage=vm_write calls=0 timed_calls=0 period=1 timed_us=0
subsystem_time: stage=tex_hash calls=47177 timed_calls=47177 period=1 timed_us=278505
subsystem_time: stage=tex_lookup calls=47177 timed_calls=47177 period=1 timed_us=27574
subsystem_time: stage=tex_load calls=69 timed_calls=69 period=1 timed_us=8648
subsystem_time: stage=tex_activate calls=47177 timed_calls=47177 period=1 timed_us=37924
subsystem_time: stage=draw_triangles calls=76369 timed_calls=76369 period=1 timed_us=499969
subsystem_time: stage=draw_rect calls=1833 timed_calls=1833 period=1 timed_us=27526
subsystem_time: stage=gfx_list calls=797 timed_calls=797 period=1 timed_us=2905340
subsystem_time: stage=gfx_command calls=2228826 timed_calls=17549 period=127 timed_us=25187
gfx_ucodes: mask=00000004
gfx_opcode: op=01 calls=123344 timed_calls=970 timed_us=2396
gfx_opcode: op=02 calls=84947 timed_calls=688 timed_us=135
gfx_opcode: op=05 calls=9504 timed_calls=77 timed_us=657
gfx_opcode: op=06 calls=359999 timed_calls=2815 timed_us=14150
gfx_opcode: op=d7 calls=56308 timed_calls=451 timed_us=84
gfx_opcode: op=d8 calls=48400 timed_calls=376 timed_us=50
gfx_opcode: op=d9 calls=73868 timed_calls=572 timed_us=76
gfx_opcode: op=da calls=146681 timed_calls=1183 timed_us=703
gfx_opcode: op=db calls=135950 timed_calls=1050 timed_us=181
gfx_opcode: op=dc calls=9532 timed_calls=67 timed_us=43
gfx_opcode: op=de calls=98137 timed_calls=784 timed_us=144
gfx_opcode: op=df calls=81056 timed_calls=632 timed_us=83
gfx_opcode: op=e2 calls=99415 timed_calls=792 timed_us=112
gfx_opcode: op=e3 calls=83856 timed_calls=655 timed_us=105
gfx_opcode: op=e4 calls=432 timed_calls=4 timed_us=77
gfx_opcode: op=e6 calls=82200 timed_calls=649 timed_us=80
gfx_opcode: op=e7 calls=264713 timed_calls=2086 timed_us=261
gfx_opcode: op=e8 calls=27789 timed_calls=229 timed_us=27
gfx_opcode: op=e9 calls=797 timed_calls=5 timed_us=6
gfx_opcode: op=ed calls=5189 timed_calls=39 timed_us=15
gfx_opcode: op=f0 calls=35121 timed_calls=288 timed_us=255
gfx_opcode: op=f2 calls=44854 timed_calls=355 timed_us=101
gfx_opcode: op=f3 calls=43731 timed_calls=343 timed_us=1033
gfx_opcode: op=f4 calls=3348 timed_calls=26 timed_us=230
gfx_opcode: op=f5 calls=111163 timed_calls=874 timed_us=158
gfx_opcode: op=f6 calls=2144 timed_calls=20 timed_us=2426
gfx_opcode: op=f7 calls=1540 timed_calls=12 timed_us=9
gfx_opcode: op=f8 calls=1256 timed_calls=11 timed_us=2
gfx_opcode: op=f9 calls=21407 timed_calls=162 timed_us=28
gfx_opcode: op=fa calls=15162 timed_calls=119 timed_us=21
gfx_opcode: op=fb calls=2742 timed_calls=21 timed_us=4
gfx_opcode: op=fc calls=69178 timed_calls=542 timed_us=71
gfx_opcode: op=fd calls=79131 timed_calls=612 timed_us=87
gfx_opcode: op=fe calls=797 timed_calls=7 timed_us=5
gfx_opcode: op=ff calls=5135 timed_calls=33 timed_us=13
subsystem_time: stage=vertex calls=704891 timed_calls=5550 period=127 timed_us=2263
subsystem_time: stage=gfx_state calls=574388 timed_calls=4522 period=127 timed_us=8352
subsystem_self: stage=gfx_state calls=574388 timed_calls=4522 self_us=5569 dropped=0
subsystem_time: stage=gx_wait calls=4 timed_calls=4 period=1 timed_us=2550
subsystem_time: stage=dma_pi calls=10768 timed_calls=10768 period=1 timed_us=74458
subsystem_time: stage=dma_sp calls=3390 timed_calls=3390 period=1 timed_us=3698
subsystem_time: stage=dma_si calls=963 timed_calls=963 period=1 timed_us=18667
subsystem_time: stage=tlb_translate calls=0 timed_calls=0 period=127 timed_us=0
subsystem_time: stage=pif calls=964 timed_calls=964 period=1 timed_us=17458
subsystem_time: stage=input calls=3536 timed_calls=3536 period=1 timed_us=14674
subsystem_time: stage=guest_interrupt calls=21807 timed_calls=21807 period=1 timed_us=6228515
subsystem_self: stage=guest_interrupt calls=21807 timed_calls=21807 self_us=27287 dropped=0
subsystem_time: stage=interpreter_inclusive calls=0 timed_calls=0 period=1 timed_us=0
subsystem_self: stage=interpreter_inclusive calls=0 timed_calls=0 self_us=0 dropped=0
subsystem_time: stage=audio_submit calls=898 timed_calls=898 period=1 timed_us=15395
subsystem_time: stage=audio_callback calls=9328 timed_calls=9328 period=1 timed_us=7467
subsystem_time: stage=memory_slow calls=956479 timed_calls=7531 period=127 timed_us=41547
subsystem_self: stage=memory_slow calls=956479 timed_calls=7531 self_us=3357 dropped=0
subsystem_time: stage=jit_invalidate calls=225037 timed_calls=1771 period=127 timed_us=421
subsystem_time: stage=cpu_helper calls=8277306 timed_calls=65175 period=127 timed_us=64685
subsystem_time: stage=storage_read calls=0 timed_calls=0 period=1 timed_us=0
subsystem_time: stage=storage_write calls=0 timed_calls=0 period=1 timed_us=0
subsystem_time: stage=save_load calls=0 timed_calls=0 period=1 timed_us=0
subsystem_time: stage=save_write calls=0 timed_calls=0 period=1 timed_us=0
subsystem_time: stage=state_load calls=0 timed_calls=0 period=1 timed_us=0
subsystem_time: stage=state_save calls=0 timed_calls=0 period=1 timed_us=0
subsystem_time: stage=probe_io calls=3 timed_calls=3 period=1 timed_us=30509
subsystem_time: stage=agent_poll calls=1809 timed_calls=1809 period=1 timed_us=477
audio_time: stage=resample sampled_calls=130 sampled_samples=23920 sampled_us=950
audio_time: stage=zoh sampled_calls=0 sampled_samples=0 sampled_us=0
audio_time: stage=adpcm sampled_calls=128 sampled_samples=20480 sampled_us=871
audio_time: stage=envmix_exp sampled_calls=0 sampled_samples=0 sampled_us=0
audio_time: stage=envmix_ge sampled_calls=0 sampled_samples=0 sampled_us=0
audio_time: stage=envmix_lin sampled_calls=130 sampled_samples=23920 sampled_us=2467
audio_time: stage=envmix_nead sampled_calls=0 sampled_samples=0 sampled_us=0
audio_time: stage=mix sampled_calls=835 sampled_samples=153640 sampled_us=2561
audio_time: stage=musyx_voice sampled_calls=0 sampled_samples=0 sampled_us=0
audio_time: stage=musyx_fx sampled_calls=0 sampled_samples=0 sampled_us=0
audio_time: stage=output sampled_calls=7 sampled_samples=3680 sampled_us=104
gpu_counters: clks=3686152218 tb_clks=3686152308 ras_busy=234357285 xf_wait_in=3158980112 xf_wait_out=391773062 ras_peak_permille=89 ztop_in=679605472 ztop_out=649951604 z_in=185170656 z_out=122423024 blend_in=835369652 copy_clks=86040284 fifo_overflows=2209
game: n=5/9 how=vis vis=900 vi_rate=60 vi0_retrace=9898 wall_us=15169271 sleep_us=6137606 avg_vis=58.00 avg_fps=54.44 exceptions=15996 cacheResets=1 recompiles=853 batches=76369 verts=2188506 texStalls=0 treeDepthMax=14 underruns=0 overruns=0 queue_peak_ms=160 dsp_avg=1.53 dsp_peak=1.75 dsp_samples=30 pmc1=6253007416 pmc2=6284010678 pmc3=0 pmc4=0 mmcr0=00000042 mmcr1=00000000 heap_used=10849272 heap_free=150888 arena1_free=229376 arena2_free=288704 flushes=3 flush_us=30509 padtrace=0 rom=sd:/wii64/roms/Super Smash Bros. (U) [!].z64
=== chain 5/9 end vis=900 how=vis rom=sd:/wii64/roms/Super Smash Bros. (U) [!].z64 ===
mark: pad replay records: 1
mark: loadROM: enter
mark: loadROM: before rom_read
mark: ROMCache_load: enter
mark: ROMCache_load: before first read
mark: ROMCache_load: first read returned
mark: ROMCache_load: byte_swap_type set
mark: ROMCache_load: first byte_swap done
menufps: 0.1
menufps: 8.3
menufps: 8.0
menufps: 8.1
menufps: 7.9
mark: ROMCache_load: loop exited normally
mark: ROMCache_load: elapsed_us=2900167 bytes=12582912 vm=0
mark: loadROM: after rom_read
mark: loadROM: before init_memory
mark: loadROM: after init_memory
mark: loadROM: before romOpen_gfx
mark: loadROM: after romOpen_gfx / before romOpen_audio
mark: loadROM: after romOpen_audio / before romOpen_input
mark: loadROM: after romOpen_input / before cpu_init
mark: loadROM: after cpu_init
menufps: 6.6
menufps: 1.9
menufps: 1.0
menufps: 1.0
fps: 1.9
first_vi: vi0_retrace=11190
vis: 4.3
cpu: exceptions=0 cacheResets=0 batches=0 verts=0 texStalls=0 recompiles=0 underruns=0 overruns=0 sleep_us=0 queue_ms=0
mark: CPU core dispatch: dynarec
vis: 60.0
cpu: exceptions=100 cacheResets=1 batches=0 verts=0 texStalls=0 recompiles=296 underruns=0 overruns=0 sleep_us=21294 queue_ms=0
vis: 60.0
cpu: exceptions=267 cacheResets=1 batches=0 verts=0 texStalls=0 recompiles=472 underruns=1 overruns=0 sleep_us=214375 queue_ms=18
fps: 0.8
vis: 60.0
cpu: exceptions=428 cacheResets=1 batches=0 verts=0 texStalls=0 recompiles=675 underruns=1 overruns=0 sleep_us=530398 queue_ms=22
vis: 60.0
cpu: exceptions=698 cacheResets=1 batches=0 verts=0 texStalls=0 recompiles=675 underruns=1 overruns=0 sleep_us=993811 queue_ms=13
vis: 60.0
cpu: exceptions=931 cacheResets=1 batches=0 verts=0 texStalls=0 recompiles=677 underruns=1 overruns=0 sleep_us=1457601 queue_ms=18
vis: 60.0
cpu: exceptions=1155 cacheResets=1 batches=0 verts=0 texStalls=0 recompiles=677 underruns=1 overruns=0 sleep_us=1921937 queue_ms=22
vis: 60.0
cpu: exceptions=1371 cacheResets=1 batches=0 verts=0 texStalls=0 recompiles=685 underruns=1 overruns=0 sleep_us=2386072 queue_ms=13
vis: 60.0
cpu: exceptions=1595 cacheResets=1 batches=0 verts=0 texStalls=0 recompiles=685 underruns=1 overruns=0 sleep_us=2850904 queue_ms=5
fps: 1.4
vis: 60.0
cpu: exceptions=1748 cacheResets=1 batches=348 verts=1044 texStalls=0 recompiles=713 underruns=2 overruns=0 sleep_us=3163841 queue_ms=22
fps: 60.2
vis: 60.0
cpu: exceptions=1898 cacheResets=1 batches=708 verts=2124 texStalls=0 recompiles=713 underruns=2 overruns=0 sleep_us=3481754 queue_ms=26
fps: 60.0
vis: 60.0
cpu: exceptions=2075 cacheResets=1 batches=4160 verts=45240 texStalls=0 recompiles=796 underruns=2 overruns=0 sleep_us=3813096 queue_ms=15
fps: 56.0
vis: 60.0
cpu: exceptions=2254 cacheResets=1 batches=11300 verts=136860 texStalls=0 recompiles=796 underruns=2 overruns=0 sleep_us=4154447 queue_ms=18
fps: 59.9
vis: 60.0
cpu: exceptions=2442 cacheResets=1 batches=18440 verts=228480 texStalls=0 recompiles=809 underruns=2 overruns=0 sleep_us=4479637 queue_ms=23
fps: 60.0
vis: 60.0
cpu: exceptions=2618 cacheResets=1 batches=25580 verts=320100 texStalls=0 recompiles=809 underruns=2 overruns=0 sleep_us=4809186 queue_ms=26
fps: 60.2
vis: 60.0
cpu: exceptions=2823 cacheResets=1 batches=32720 verts=411720 texStalls=0 recompiles=812 underruns=2 overruns=0 sleep_us=5135559 queue_ms=14
fps: 60.0
vis: 60.0
cpu: exceptions=3003 cacheResets=1 batches=39860 verts=503340 texStalls=0 recompiles=812 underruns=2 overruns=0 sleep_us=5461585 queue_ms=18
fps: 60.0
vis: 60.0
cpu: exceptions=3173 cacheResets=1 batches=47000 verts=594960 texStalls=0 recompiles=813 underruns=2 overruns=0 sleep_us=5791685 queue_ms=23
fps: 60.0
vis: 60.0
cpu: exceptions=3355 cacheResets=1 batches=54140 verts=686580 texStalls=0 recompiles=813 underruns=2 overruns=0 sleep_us=6117692 queue_ms=14
fps: 60.0
vis: 60.0
cpu: exceptions=3557 cacheResets=1 batches=61280 verts=778200 texStalls=0 recompiles=813 underruns=2 overruns=0 sleep_us=6441874 queue_ms=15
fps: 60.0
vis: 60.0
cpu: exceptions=3724 cacheResets=1 batches=68420 verts=869820 texStalls=0 recompiles=813 underruns=2 overruns=0 sleep_us=6773528 queue_ms=18
fps: 59.8
vis: 60.0
cpu: exceptions=3897 cacheResets=1 batches=75560 verts=961440 texStalls=0 recompiles=813 underruns=2 overruns=0 sleep_us=7100220 queue_ms=24
fps: 60.0
vis: 60.0
cpu: exceptions=4070 cacheResets=1 batches=82700 verts=1053060 texStalls=0 recompiles=813 underruns=2 overruns=0 sleep_us=7426129 queue_ms=14
fps: 60.3
vis: 60.0
cpu: exceptions=4266 cacheResets=1 batches=89840 verts=1144680 texStalls=0 recompiles=813 underruns=2 overruns=0 sleep_us=7755779 queue_ms=15
fps: 60.0
vis: 60.0
cpu: exceptions=4439 cacheResets=1 batches=96980 verts=1236300 texStalls=0 recompiles=813 underruns=2 overruns=0 sleep_us=8079994 queue_ms=19
fps: 59.8
vis: 60.0
cpu: exceptions=4610 cacheResets=1 batches=104120 verts=1327920 texStalls=0 recompiles=813 underruns=2 overruns=0 sleep_us=8407414 queue_ms=23
fps: 60.2
vis: 60.0
cpu: exceptions=4777 cacheResets=1 batches=111260 verts=1419540 texStalls=0 recompiles=813 underruns=2 overruns=0 sleep_us=8739031 queue_ms=15
fps: 56.8
vis: 60.0
cpu: exceptions=4976 cacheResets=1 batches=118400 verts=1511160 texStalls=0 recompiles=813 underruns=4 overruns=0 sleep_us=9062927 queue_ms=16
fps: 60.4
vis: 60.0
cpu: exceptions=5153 cacheResets=1 batches=119363 verts=1534314 texStalls=0 recompiles=835 underruns=4 overruns=0 sleep_us=9441790 queue_ms=19
fps: 60.0
vis: 60.0
cpu: exceptions=5342 cacheResets=1 batches=120233 verts=1558434 texStalls=0 recompiles=836 underruns=4 overruns=0 sleep_us=9821588 queue_ms=25
fps: 60.0
mark: stop reason: chain guest VI limit
mark: stop_it requested
audio: alist_resample_calls=18199 alist_resample_samples=2623744 alist_zoh_calls=0 alist_zoh_samples=0 musyx_subframes=0 musyx_voices=0 musyx_voice_peak=0
audio_stages: adpcm_calls=15527 adpcm_samples=620464 envmix_calls=16034 envmix_samples=2305456 mix_calls=41135 mix_samples=6047472 musyx_fx_calls=0 musyx_fx_taps=0 output_calls=433 output_samples=318288
audio_envmix: exp_calls=0 ge_calls=16034 lin_calls=0 nead_calls=0 exp_steady=0 ge_steady=14219 lin_steady=0
audio_gaps: nead_mats=0 nead_efz=0 resample_flag2=0 musyx_ptr10=0
audio_output: stream_requests=2988 stream_fed=1103 input_hz=22047 playback_hz=22047 queue_peak_ms=59
probe_schema: version=2 self=1 interval=127
vm_io: read_ahead=1 reads=0 hits=0 read_bytes=0 writes=0 write_bytes=0 errors=0
subsystem_time: stage=rsp_gfx calls=660 timed_calls=660 period=1 timed_us=1250428
subsystem_time: stage=rsp_audio calls=433 timed_calls=433 period=1 timed_us=573755
subsystem_time: stage=rsp_other calls=0 timed_calls=0 period=1 timed_us=0
subsystem_time: stage=lookup calls=1656784 timed_calls=13045 period=127 timed_us=2854
subsystem_time: stage=compile calls=837 timed_calls=837 period=1 timed_us=95647
subsystem_time: stage=dispatch calls=1558218 timed_calls=12269 period=127 timed_us=15863
subsystem_self: stage=dispatch calls=1558218 timed_calls=12269 self_us=10830 dropped=0
subsystem_time: stage=execute_inclusive calls=1558218 timed_calls=12269 period=127 timed_us=128472
subsystem_self: stage=execute_inclusive calls=1558218 timed_calls=12269 self_us=17354 dropped=0
subsystem_time: stage=rom_copy calls=620 timed_calls=620 period=1 timed_us=11820
subsystem_time: stage=present calls=899 timed_calls=899 period=1 timed_us=34531
subsystem_time: stage=limiter calls=868 timed_calls=868 period=1 timed_us=10170087
subsystem_time: stage=vm_fault calls=0 timed_calls=0 period=1 timed_us=0
subsystem_time: stage=vm_victim calls=0 timed_calls=0 period=1 timed_us=0
subsystem_time: stage=vm_read calls=0 timed_calls=0 period=1 timed_us=0
subsystem_time: stage=vm_write calls=0 timed_calls=0 period=1 timed_us=0
subsystem_time: stage=tex_hash calls=29691 timed_calls=29691 period=1 timed_us=79307
subsystem_time: stage=tex_lookup calls=29691 timed_calls=29691 period=1 timed_us=9938
subsystem_time: stage=tex_load calls=69 timed_calls=69 period=1 timed_us=1416
subsystem_time: stage=tex_activate calls=29691 timed_calls=29691 period=1 timed_us=12678
subsystem_time: stage=draw_triangles calls=121074 timed_calls=121074 period=1 timed_us=262411
subsystem_time: stage=draw_rect calls=17457 timed_calls=17457 period=1 timed_us=105456
subsystem_time: stage=gfx_list calls=660 timed_calls=660 period=1 timed_us=1249427
subsystem_time: stage=gfx_command calls=653190 timed_calls=5143 period=127 timed_us=10177
gfx_ucodes: mask=00001000
gfx_opcode: op=01 calls=12366 timed_calls=106 timed_us=44
gfx_opcode: op=03 calls=1818 timed_calls=16 timed_us=18
gfx_opcode: op=04 calls=48525 timed_calls=374 timed_us=2326
gfx_opcode: op=06 calls=13110 timed_calls=110 timed_us=26
gfx_opcode: op=b1 calls=138519 timed_calls=1076 timed_us=5007
gfx_opcode: op=b6 calls=12297 timed_calls=106 timed_us=15
gfx_opcode: op=b7 calls=12450 timed_calls=104 timed_us=14
gfx_opcode: op=b8 calls=13770 timed_calls=116 timed_us=18
gfx_opcode: op=b9 calls=13164 timed_calls=94 timed_us=17
gfx_opcode: op=ba calls=71856 timed_calls=584 timed_us=99
gfx_opcode: op=bb calls=12945 timed_calls=104 timed_us=22
gfx_opcode: op=bc calls=14745 timed_calls=117 timed_us=21
gfx_opcode: op=bf calls=26967 timed_calls=206 timed_us=367
gfx_opcode: op=e4 calls=17457 timed_calls=143 timed_us=1006
gfx_opcode: op=e6 calls=29691 timed_calls=225 timed_us=27
gfx_opcode: op=e7 calls=43050 timed_calls=323 timed_us=41
gfx_opcode: op=e9 calls=660 timed_calls=6 timed_us=6
gfx_opcode: op=ed calls=1320 timed_calls=12 timed_us=6
gfx_opcode: op=f2 calls=31455 timed_calls=248 timed_us=65
gfx_opcode: op=f3 calls=29691 timed_calls=224 timed_us=390
gfx_opcode: op=f5 calls=60855 timed_calls=477 timed_us=91
gfx_opcode: op=f6 calls=660 timed_calls=6 timed_us=6
gfx_opcode: op=f7 calls=660 timed_calls=6 timed_us=3
gfx_opcode: op=fa calls=996 timed_calls=6 timed_us=1
gfx_opcode: op=fc calls=13152 timed_calls=96 timed_us=14
gfx_opcode: op=fd calls=29691 timed_calls=249 timed_us=36
gfx_opcode: op=ff calls=1320 timed_calls=9 timed_us=6
subsystem_time: stage=vertex calls=712209 timed_calls=5607 period=127 timed_us=2308
subsystem_time: stage=gfx_state calls=32799 timed_calls=258 period=127 timed_us=1561
subsystem_self: stage=gfx_state calls=32799 timed_calls=258 self_us=724 dropped=0
subsystem_time: stage=gx_wait calls=4 timed_calls=4 period=1 timed_us=2554
subsystem_time: stage=dma_pi calls=620 timed_calls=620 period=1 timed_us=25907
subsystem_time: stage=dma_sp calls=2186 timed_calls=2186 period=1 timed_us=1980
subsystem_time: stage=dma_si calls=1681 timed_calls=1681 period=1 timed_us=16171
subsystem_time: stage=tlb_translate calls=2212163 timed_calls=17418 period=127 timed_us=2189
subsystem_time: stage=pif calls=1682 timed_calls=1682 period=1 timed_us=14798
subsystem_time: stage=input calls=2972 timed_calls=2972 period=1 timed_us=12052
subsystem_time: stage=guest_interrupt calls=7050 timed_calls=7050 period=1 timed_us=10275314
subsystem_self: stage=guest_interrupt calls=7050 timed_calls=7050 self_us=20554 dropped=0
subsystem_time: stage=interpreter_inclusive calls=0 timed_calls=0 period=1 timed_us=0
subsystem_self: stage=interpreter_inclusive calls=0 timed_calls=0 self_us=0 dropped=0
subsystem_time: stage=audio_submit calls=433 timed_calls=433 period=1 timed_us=6154
subsystem_time: stage=audio_callback calls=8986 timed_calls=8986 period=1 timed_us=4590
subsystem_time: stage=memory_slow calls=997513 timed_calls=7854 period=127 timed_us=36687
subsystem_self: stage=memory_slow calls=997513 timed_calls=7854 self_us=4016 dropped=0
subsystem_time: stage=jit_invalidate calls=98566 timed_calls=776 period=127 timed_us=157
subsystem_time: stage=cpu_helper calls=4641951 timed_calls=36550 period=127 timed_us=42684
subsystem_time: stage=storage_read calls=0 timed_calls=0 period=1 timed_us=0
subsystem_time: stage=storage_write calls=0 timed_calls=0 period=1 timed_us=0
subsystem_time: stage=save_load calls=0 timed_calls=0 period=1 timed_us=0
subsystem_time: stage=save_write calls=0 timed_calls=0 period=1 timed_us=0
subsystem_time: stage=state_load calls=0 timed_calls=0 period=1 timed_us=0
subsystem_time: stage=state_save calls=0 timed_calls=0 period=1 timed_us=0
subsystem_time: stage=probe_io calls=4 timed_calls=4 period=1 timed_us=57427
subsystem_time: stage=agent_poll calls=1810 timed_calls=1810 period=1 timed_us=440
audio_time: stage=resample sampled_calls=143 sampled_samples=20368 sampled_us=869
audio_time: stage=zoh sampled_calls=0 sampled_samples=0 sampled_us=0
audio_time: stage=adpcm sampled_calls=122 sampled_samples=4912 sampled_us=228
audio_time: stage=envmix_exp sampled_calls=0 sampled_samples=0 sampled_us=0
audio_time: stage=envmix_ge sampled_calls=126 sampled_samples=18352 sampled_us=1783
audio_time: stage=envmix_lin sampled_calls=0 sampled_samples=0 sampled_us=0
audio_time: stage=envmix_nead sampled_calls=0 sampled_samples=0 sampled_us=0
audio_time: stage=mix sampled_calls=323 sampled_samples=47968 sampled_us=768
audio_time: stage=musyx_voice sampled_calls=0 sampled_samples=0 sampled_us=0
audio_time: stage=musyx_fx sampled_calls=0 sampled_samples=0 sampled_us=0
audio_time: stage=output sampled_calls=3 sampled_samples=2192 sampled_us=40
gpu_counters: clks=3690364621 tb_clks=3690364712 ras_busy=47582172 xf_wait_in=3570573055 xf_wait_out=36331725 ras_peak_permille=20 ztop_in=183967840 ztop_out=181434412 z_in=0 z_out=0 blend_in=181614064 copy_clks=74453685 fifo_overflows=0
game: n=6/9 how=vis vis=900 vi_rate=60 vi0_retrace=11190 wall_us=15186602 sleep_us=10167401 avg_vis=58.14 avg_fps=52.41 exceptions=5545 cacheResets=1 recompiles=837 batches=121074 verts=1581750 texStalls=0 treeDepthMax=15 underruns=4 overruns=0 queue_peak_ms=26 dsp_avg=1.39 dsp_peak=1.65 dsp_samples=30 pmc1=3511747488 pmc2=3856060330 pmc3=0 pmc4=0 mmcr0=00000042 mmcr1=00000000 heap_used=10846552 heap_free=153608 arena1_free=229376 arena2_free=288704 flushes=4 flush_us=57426 padtrace=0 rom=sd:/wii64/roms/GoldenEye 007 (USA).z64
=== chain 6/9 end vis=900 how=vis rom=sd:/wii64/roms/GoldenEye 007 (USA).z64 ===
mark: pad replay records: 1
mark: loadROM: enter
mark: loadROM: before rom_read
mark: ROMCache_load: enter
mark: ROMCache_load: before first read
mark: ROMCache_load: first read returned
mark: ROMCache_load: byte_swap_type set
mark: ROMCache_load: first byte_swap done
menufps: 0.1
menufps: 8.5
menufps: 8.1
menufps: 8.3
mark: ROMCache_load: loop exited normally
mark: ROMCache_load: elapsed_us=1894087 bytes=8388608 vm=0
mark: loadROM: after rom_read
mark: loadROM: before init_memory
mark: loadROM: after init_memory
mark: loadROM: before romOpen_gfx
mark: loadROM: after romOpen_gfx / before romOpen_audio
mark: loadROM: after romOpen_audio / before romOpen_input
mark: loadROM: after romOpen_input / before cpu_init
mark: loadROM: after cpu_init
menufps: 2.4
menufps: 1.0
menufps: 1.0
fps: 3.6
first_vi: vi0_retrace=12421
vis: 5.0
cpu: exceptions=0 cacheResets=0 batches=0 verts=0 texStalls=0 recompiles=0 underruns=0 overruns=0 sleep_us=0 queue_ms=0
mark: CPU core dispatch: dynarec
vis: 60.0
cpu: exceptions=60 cacheResets=1 batches=0 verts=0 texStalls=0 recompiles=163 underruns=2 overruns=0 sleep_us=68530 queue_ms=57
fps: 1.2
vis: 60.0
cpu: exceptions=216 cacheResets=1 batches=0 verts=0 texStalls=0 recompiles=207 underruns=2 overruns=0 sleep_us=520873 queue_ms=52
vis: 60.0
cpu: exceptions=516 cacheResets=1 batches=0 verts=0 texStalls=0 recompiles=207 underruns=2 overruns=0 sleep_us=987649 queue_ms=57
vis: 60.0
cpu: exceptions=815 cacheResets=1 batches=0 verts=0 texStalls=0 recompiles=233 underruns=2 overruns=0 sleep_us=1452090 queue_ms=53
vis: 60.0
cpu: exceptions=1068 cacheResets=1 batches=0 verts=0 texStalls=0 recompiles=287 underruns=2 overruns=0 sleep_us=1909643 queue_ms=50
vis: 60.0
cpu: exceptions=1139 cacheResets=1 batches=0 verts=0 texStalls=0 recompiles=288 underruns=3 overruns=0 sleep_us=2313466 queue_ms=0
fps: 0.4
vis: 59.2
cpu: exceptions=1282 cacheResets=1 batches=0 verts=0 texStalls=0 recompiles=508 underruns=5 overruns=0 sleep_us=2528760 queue_ms=29
vis: 52.8
cpu: exceptions=1424 cacheResets=1 batches=0 verts=0 texStalls=0 recompiles=732 underruns=7 overruns=0 sleep_us=2737274 queue_ms=3
fps: 1.7
vis: 60.0
cpu: exceptions=1612 cacheResets=1 batches=3470 verts=86430 texStalls=0 recompiles=834 underruns=9 overruns=0 sleep_us=2884322 queue_ms=52
fps: 21.4
vis: 60.0
cpu: exceptions=1796 cacheResets=1 batches=6940 verts=172860 texStalls=0 recompiles=835 underruns=9 overruns=0 sleep_us=3085293 queue_ms=59
fps: 20.0
vis: 60.0
cpu: exceptions=1991 cacheResets=1 batches=10412 verts=259296 texStalls=0 recompiles=838 underruns=9 overruns=0 sleep_us=3281051 queue_ms=54
fps: 20.0
vis: 60.0
cpu: exceptions=2189 cacheResets=1 batches=13935 verts=345885 texStalls=0 recompiles=839 underruns=9 overruns=0 sleep_us=3475121 queue_ms=60
fps: 20.0
vis: 60.0
cpu: exceptions=2383 cacheResets=1 batches=17633 verts=432999 texStalls=0 recompiles=841 underruns=9 overruns=0 sleep_us=3670907 queue_ms=55
fps: 20.0
vis: 60.0
cpu: exceptions=2602 cacheResets=1 batches=21427 verts=520401 texStalls=0 recompiles=843 underruns=9 overruns=0 sleep_us=3848590 queue_ms=52
fps: 19.9
vis: 60.0
cpu: exceptions=2838 cacheResets=1 batches=25297 verts=608031 texStalls=0 recompiles=844 underruns=9 overruns=0 sleep_us=4020756 queue_ms=57
fps: 20.1
vis: 60.0
cpu: exceptions=3089 cacheResets=1 batches=29229 verts=695847 texStalls=0 recompiles=844 underruns=9 overruns=0 sleep_us=4186767 queue_ms=53
fps: 19.6
vis: 60.0
cpu: exceptions=3368 cacheResets=1 batches=33213 verts=786171 texStalls=0 recompiles=845 underruns=9 overruns=0 sleep_us=4333316 queue_ms=49
fps: 20.0
vis: 60.0
cpu: exceptions=3651 cacheResets=1 batches=37129 verts=877299 texStalls=0 recompiles=845 underruns=9 overruns=0 sleep_us=4485796 queue_ms=46
fps: 20.0
vis: 60.0
cpu: exceptions=3925 cacheResets=1 batches=40785 verts=968247 texStalls=0 recompiles=845 underruns=9 overruns=0 sleep_us=4644392 queue_ms=42
fps: 20.0
vis: 60.0
cpu: exceptions=4189 cacheResets=1 batches=44355 verts=1058937 texStalls=0 recompiles=845 underruns=9 overruns=0 sleep_us=4808514 queue_ms=47
fps: 20.0
vis: 60.0
cpu: exceptions=4460 cacheResets=1 batches=47927 verts=1149633 texStalls=0 recompiles=845 underruns=9 overruns=0 sleep_us=4968911 queue_ms=44
fps: 20.0
vis: 60.0
cpu: exceptions=4731 cacheResets=1 batches=51499 verts=1240329 texStalls=0 recompiles=845 underruns=9 overruns=0 sleep_us=5124486 queue_ms=48
fps: 20.0
vis: 60.0
cpu: exceptions=5005 cacheResets=1 batches=55124 verts=1331805 texStalls=0 recompiles=847 underruns=9 overruns=0 sleep_us=5278916 queue_ms=45
fps: 20.0
vis: 60.0
cpu: exceptions=5287 cacheResets=1 batches=58822 verts=1423779 texStalls=0 recompiles=848 underruns=9 overruns=0 sleep_us=5430474 queue_ms=50
fps: 20.0
vis: 60.0
cpu: exceptions=5572 cacheResets=1 batches=62573 verts=1515876 texStalls=0 recompiles=856 underruns=9 overruns=0 sleep_us=5572049 queue_ms=47
fps: 20.0
vis: 60.0
cpu: exceptions=5809 cacheResets=1 batches=66566 verts=1608924 texStalls=0 recompiles=863 underruns=9 overruns=0 sleep_us=5728514 queue_ms=42
fps: 20.1
vis: 60.0
cpu: exceptions=6012 cacheResets=1 batches=70571 verts=1702398 texStalls=0 recompiles=864 underruns=9 overruns=0 sleep_us=5905683 queue_ms=49
fps: 20.0
vis: 60.0
cpu: exceptions=6178 cacheResets=1 batches=74535 verts=1796028 texStalls=0 recompiles=866 underruns=9 overruns=0 sleep_us=6090925 queue_ms=44
fps: 20.0
vis: 60.0
cpu: exceptions=6398 cacheResets=1 batches=78250 verts=1888596 texStalls=0 recompiles=866 underruns=9 overruns=0 sleep_us=6266079 queue_ms=50
fps: 20.0
vis: 60.0
cpu: exceptions=6580 cacheResets=1 batches=81899 verts=1980414 texStalls=0 recompiles=866 underruns=9 overruns=0 sleep_us=6446702 queue_ms=46
mark: stop reason: chain guest VI limit
mark: stop_it requested
audio: alist_resample_calls=30582 alist_resample_samples=4080152 alist_zoh_calls=0 alist_zoh_samples=0 musyx_subframes=0 musyx_voices=0 musyx_voice_peak=0
audio_stages: adpcm_calls=23953 adpcm_samples=3233952 envmix_calls=23750 envmix_samples=3168504 mix_calls=21026 mix_samples=6632320 musyx_fx_calls=0 musyx_fx_taps=0 output_calls=862 output_samples=459344
audio_envmix: exp_calls=23750 ge_calls=0 lin_calls=0 nead_calls=0 exp_steady=20211 ge_steady=0 lin_steady=0
audio_gaps: nead_mats=0 nead_efz=0 resample_flag2=0 musyx_ptr10=0
audio_output: stream_requests=3426 stream_fed=1592 input_hz=32006 playback_hz=32006 queue_peak_ms=77
probe_schema: version=2 self=1 interval=127
vm_io: read_ahead=1 reads=0 hits=0 read_bytes=0 writes=0 write_bytes=0 errors=0
subsystem_time: stage=rsp_gfx calls=224 timed_calls=224 period=1 timed_us=2774933
subsystem_time: stage=rsp_audio calls=854 timed_calls=854 period=1 timed_us=832291
subsystem_time: stage=rsp_other calls=0 timed_calls=0 period=1 timed_us=0
subsystem_time: stage=lookup calls=2002708 timed_calls=15769 period=127 timed_us=3852
subsystem_time: stage=compile calls=866 timed_calls=866 period=1 timed_us=219442
subsystem_time: stage=dispatch calls=2002671 timed_calls=15769 period=127 timed_us=14686
subsystem_self: stage=dispatch calls=2002671 timed_calls=15769 self_us=9819 dropped=0
subsystem_time: stage=execute_inclusive calls=2002671 timed_calls=15769 period=127 timed_us=97747
subsystem_self: stage=execute_inclusive calls=2002671 timed_calls=15769 self_us=35190 dropped=0
subsystem_time: stage=rom_copy calls=2674 timed_calls=2674 period=1 timed_us=26056
subsystem_time: stage=present calls=899 timed_calls=899 period=1 timed_us=29354
subsystem_time: stage=limiter calls=640 timed_calls=640 period=1 timed_us=6455090
subsystem_time: stage=vm_fault calls=0 timed_calls=0 period=1 timed_us=0
subsystem_time: stage=vm_victim calls=0 timed_calls=0 period=1 timed_us=0
subsystem_time: stage=vm_read calls=0 timed_calls=0 period=1 timed_us=0
subsystem_time: stage=vm_write calls=0 timed_calls=0 period=1 timed_us=0
subsystem_time: stage=tex_hash calls=65225 timed_calls=65225 period=1 timed_us=879003
subsystem_time: stage=tex_lookup calls=65225 timed_calls=65225 period=1 timed_us=59188
subsystem_time: stage=tex_load calls=178 timed_calls=178 period=1 timed_us=12011
subsystem_time: stage=tex_activate calls=65225 timed_calls=65225 period=1 timed_us=40122
subsystem_time: stage=draw_triangles calls=82262 timed_calls=82262 period=1 timed_us=270846
subsystem_time: stage=draw_rect calls=2288 timed_calls=2288 period=1 timed_us=23735
subsystem_time: stage=gfx_list calls=224 timed_calls=224 period=1 timed_us=2774456
subsystem_time: stage=gfx_command calls=1457823 timed_calls=11478 period=127 timed_us=23861
gfx_ucodes: mask=00010000
gfx_opcode: op=01 calls=15706 timed_calls=127 timed_us=62
gfx_opcode: op=03 calls=1768 timed_calls=15 timed_us=13
gfx_opcode: op=04 calls=88018 timed_calls=705 timed_us=2591
gfx_opcode: op=06 calls=36432 timed_calls=242 timed_us=48
gfx_opcode: op=b4 calls=221 timed_calls=1 timed_us=0
gfx_opcode: op=b5 calls=118525 timed_calls=939 timed_us=5923
gfx_opcode: op=b6 calls=8620 timed_calls=71 timed_us=11
gfx_opcode: op=b7 calls=8619 timed_calls=72 timed_us=9
gfx_opcode: op=b8 calls=36656 timed_calls=283 timed_us=36
gfx_opcode: op=b9 calls=9520 timed_calls=73 timed_us=12
gfx_opcode: op=ba calls=24763 timed_calls=196 timed_us=36
gfx_opcode: op=bb calls=28950 timed_calls=231 timed_us=41
gfx_opcode: op=bc calls=5246 timed_calls=39 timed_us=8
gfx_opcode: op=bd calls=1105 timed_calls=8 timed_us=1
gfx_opcode: op=be calls=4199 timed_calls=40 timed_us=5
gfx_opcode: op=bf calls=426151 timed_calls=3436 timed_us=8395
gfx_opcode: op=c0 calls=223 timed_calls=4 timed_us=1
gfx_opcode: op=e4 calls=1846 timed_calls=20 timed_us=215
gfx_opcode: op=e6 calls=79887 timed_calls=615 timed_us=73
gfx_opcode: op=e7 calls=68641 timed_calls=536 timed_us=65
gfx_opcode: op=e8 calls=115392 timed_calls=909 timed_us=108
gfx_opcode: op=e9 calls=224 timed_calls=1 timed_us=1
gfx_opcode: op=ed calls=446 timed_calls=5 timed_us=3
gfx_opcode: op=f0 calls=9945 timed_calls=89 timed_us=242
gfx_opcode: op=f2 calls=53387 timed_calls=427 timed_us=111
gfx_opcode: op=f3 calls=69721 timed_calls=530 timed_us=3256
gfx_opcode: op=f4 calls=221 timed_calls=3 timed_us=74
gfx_opcode: op=f5 calls=133274 timed_calls=1011 timed_us=177
gfx_opcode: op=f6 calls=669 timed_calls=5 timed_us=1396
gfx_opcode: op=f7 calls=448 timed_calls=6 timed_us=3
gfx_opcode: op=f8 calls=884 timed_calls=9 timed_us=2
gfx_opcode: op=fa calls=934 timed_calls=14 timed_us=4
gfx_opcode: op=fb calls=5405 timed_calls=40 timed_us=7
gfx_opcode: op=fc calls=21217 timed_calls=161 timed_us=21
gfx_opcode: op=fd calls=79887 timed_calls=609 timed_us=83
gfx_opcode: op=fe calls=223 timed_calls=1 timed_us=0
gfx_opcode: op=ff calls=450 timed_calls=5 timed_us=3
subsystem_time: stage=vertex calls=943356 timed_calls=7428 period=127 timed_us=2420
subsystem_time: stage=gfx_state calls=68392 timed_calls=538 period=127 timed_us=8958
subsystem_self: stage=gfx_state calls=68392 timed_calls=538 self_us=1193 dropped=0
subsystem_time: stage=gx_wait calls=4 timed_calls=4 period=1 timed_us=2555
subsystem_time: stage=dma_pi calls=2674 timed_calls=2674 period=1 timed_us=51010
subsystem_time: stage=dma_sp calls=2156 timed_calls=2156 period=1 timed_us=2208
subsystem_time: stage=dma_si calls=741 timed_calls=741 period=1 timed_us=5451
subsystem_time: stage=tlb_translate calls=0 timed_calls=0 period=127 timed_us=0
subsystem_time: stage=pif calls=742 timed_calls=742 period=1 timed_us=4899
subsystem_time: stage=input calls=896 timed_calls=896 period=1 timed_us=3890
subsystem_time: stage=guest_interrupt calls=9479 timed_calls=9479 period=1 timed_us=6527802
subsystem_self: stage=guest_interrupt calls=9479 timed_calls=9479 self_us=20188 dropped=0
subsystem_time: stage=interpreter_inclusive calls=0 timed_calls=0 period=1 timed_us=0
subsystem_self: stage=interpreter_inclusive calls=0 timed_calls=0 self_us=0 dropped=0
subsystem_time: stage=audio_submit calls=862 timed_calls=862 period=1 timed_us=10243
subsystem_time: stage=audio_callback calls=9451 timed_calls=9451 period=1 timed_us=6836
subsystem_time: stage=memory_slow calls=577550 timed_calls=4547 period=127 timed_us=32516
subsystem_self: stage=memory_slow calls=577550 timed_calls=4547 self_us=1763 dropped=0
subsystem_time: stage=jit_invalidate calls=37 timed_calls=0 period=127 timed_us=0
subsystem_time: stage=cpu_helper calls=8947855 timed_calls=70455 period=127 timed_us=23570
subsystem_time: stage=storage_read calls=0 timed_calls=0 period=1 timed_us=0
subsystem_time: stage=storage_write calls=0 timed_calls=0 period=1 timed_us=0
subsystem_time: stage=save_load calls=0 timed_calls=0 period=1 timed_us=0
subsystem_time: stage=save_write calls=0 timed_calls=0 period=1 timed_us=0
subsystem_time: stage=state_load calls=0 timed_calls=0 period=1 timed_us=0
subsystem_time: stage=state_save calls=0 timed_calls=0 period=1 timed_us=0
subsystem_time: stage=probe_io calls=3 timed_calls=3 period=1 timed_us=29914
subsystem_time: stage=agent_poll calls=1812 timed_calls=1812 period=1 timed_us=488
audio_time: stage=resample sampled_calls=240 sampled_samples=32032 sampled_us=1382
audio_time: stage=zoh sampled_calls=0 sampled_samples=0 sampled_us=0
audio_time: stage=adpcm sampled_calls=188 sampled_samples=25424 sampled_us=1078
audio_time: stage=envmix_exp sampled_calls=187 sampled_samples=24952 sampled_us=2477
audio_time: stage=envmix_ge sampled_calls=0 sampled_samples=0 sampled_us=0
audio_time: stage=envmix_lin sampled_calls=0 sampled_samples=0 sampled_us=0
audio_time: stage=envmix_nead sampled_calls=0 sampled_samples=0 sampled_us=0
audio_time: stage=mix sampled_calls=165 sampled_samples=51712 sampled_us=837
audio_time: stage=musyx_voice sampled_calls=0 sampled_samples=0 sampled_us=0
audio_time: stage=musyx_fx sampled_calls=0 sampled_samples=0 sampled_us=0
audio_time: stage=output sampled_calls=6 sampled_samples=3232 sampled_us=56
gpu_counters: clks=3700791757 tb_clks=3700791848 ras_busy=46545049 xf_wait_in=3570460036 xf_wait_out=53131825 ras_peak_permille=22 ztop_in=174405468 ztop_out=167059700 z_in=1208084 z_out=653532 blend_in=168503776 copy_clks=28209897 fifo_overflows=0
game: n=7/9 how=vis vis=900 vi_rate=60 vi0_retrace=12421 wall_us=15229509 sleep_us=6453106 avg_vis=57.97 avg_fps=17.11 exceptions=6594 cacheResets=1 recompiles=866 batches=82262 verts=1989573 texStalls=0 treeDepthMax=12 underruns=9 overruns=0 queue_peak_ms=60 dsp_avg=1.50 dsp_peak=1.70 dsp_samples=31 pmc1=6265533103 pmc2=6407041360 pmc3=0 pmc4=0 mmcr0=00000042 mmcr1=00000000 heap_used=10851704 heap_free=148456 arena1_free=229376 arena2_free=288704 flushes=3 flush_us=29913 padtrace=0 rom=sd:/wii64/roms/Wave Race 64 - Kawasaki Jet Ski (USA) (Rev 1).z64
=== chain 7/9 end vis=900 how=vis rom=sd:/wii64/roms/Wave Race 64 - Kawasaki Jet Ski (USA) (Rev 1).z64 ===
mark: pad replay records: 1
mark: loadROM: enter
mark: loadROM: before rom_read
mark: ROMCache_load: enter
mark: ROMCache_load: before first read
mark: ROMCache_load: first read returned
mark: ROMCache_load: byte_swap_type set
mark: ROMCache_load: first byte_swap done
menufps: 0.1
menufps: 8.5
menufps: 8.3
menufps: 8.3
menufps: 8.3
mark: ROMCache_load: loop exited normally
mark: ROMCache_load: elapsed_us=2836598 bytes=12582912 vm=0
mark: loadROM: after rom_read
mark: loadROM: before init_memory
mark: loadROM: after init_memory
mark: loadROM: before romOpen_gfx
mark: loadROM: after romOpen_gfx / before romOpen_audio
mark: loadROM: after romOpen_audio / before romOpen_input
mark: loadROM: after romOpen_input / before cpu_init
mark: loadROM: after cpu_init
menufps: 5.4
menufps: 1.9
menufps: 1.0
menufps: 1.0
fps: 0.5
first_vi: vi0_retrace=13712
vis: 0.5
cpu: exceptions=0 cacheResets=0 batches=0 verts=0 texStalls=0 recompiles=0 underruns=0 overruns=0 sleep_us=0 queue_ms=0
mark: CPU core dispatch: dynarec
vis: 60.0
cpu: exceptions=923 cacheResets=1 batches=0 verts=0 texStalls=0 recompiles=327 underruns=0 overruns=0 sleep_us=185098 queue_ms=125
fps: 1.8
vis: 60.0
cpu: exceptions=1662 cacheResets=1 batches=0 verts=0 texStalls=0 recompiles=534 underruns=0 overruns=0 sleep_us=499925 queue_ms=116
fps: 12.1
vis: 60.0
cpu: exceptions=1966 cacheResets=1 batches=40 verts=960 texStalls=0 recompiles=683 underruns=0 overruns=0 sleep_us=827957 queue_ms=121
vis: 60.0
cpu: exceptions=2843 cacheResets=1 batches=70 verts=1680 texStalls=0 recompiles=692 underruns=0 overruns=0 sleep_us=1174860 queue_ms=125
fps: 18.7
vis: 60.0
cpu: exceptions=2948 cacheResets=1 batches=145 verts=3480 texStalls=0 recompiles=692 underruns=0 overruns=0 sleep_us=1603637 queue_ms=116
fps: 29.3
vis: 60.0
cpu: exceptions=3056 cacheResets=1 batches=225 verts=5400 texStalls=0 recompiles=692 underruns=0 overruns=0 sleep_us=2029631 queue_ms=108
fps: 31.1
vis: 60.0
cpu: exceptions=3161 cacheResets=1 batches=300 verts=7200 texStalls=0 recompiles=692 underruns=0 overruns=0 sleep_us=2458147 queue_ms=112
fps: 30.0
vis: 60.0
cpu: exceptions=3266 cacheResets=1 batches=375 verts=9000 texStalls=0 recompiles=697 underruns=0 overruns=0 sleep_us=2890884 queue_ms=116
vis: 60.0
cpu: exceptions=3610 cacheResets=1 batches=380 verts=9120 texStalls=0 recompiles=765 underruns=0 overruns=0 sleep_us=3153599 queue_ms=108
fps: 13.1
vis: 60.0
cpu: exceptions=3924 cacheResets=1 batches=759 verts=17781 texStalls=0 recompiles=890 underruns=0 overruns=0 sleep_us=3438379 queue_ms=112
fps: 29.8
vis: 60.0
cpu: exceptions=4041 cacheResets=1 batches=1743 verts=38949 texStalls=0 recompiles=905 underruns=0 overruns=0 sleep_us=3788796 queue_ms=116
fps: 31.1
vis: 60.0
cpu: exceptions=4177 cacheResets=1 batches=2680 verts=58968 texStalls=0 recompiles=907 underruns=0 overruns=0 sleep_us=4140313 queue_ms=121
fps: 30.0
vis: 60.0
cpu: exceptions=4298 cacheResets=1 batches=3610 verts=78903 texStalls=0 recompiles=919 underruns=0 overruns=0 sleep_us=4486241 queue_ms=112
fps: 30.0
vis: 60.0
cpu: exceptions=4416 cacheResets=1 batches=4540 verts=98838 texStalls=0 recompiles=919 underruns=0 overruns=0 sleep_us=4835252 queue_ms=116
fps: 30.0
vis: 60.0
cpu: exceptions=4533 cacheResets=1 batches=5470 verts=118773 texStalls=0 recompiles=925 underruns=0 overruns=0 sleep_us=5185008 queue_ms=121
fps: 30.0
vis: 60.0
cpu: exceptions=4651 cacheResets=1 batches=6400 verts=138708 texStalls=0 recompiles=925 underruns=0 overruns=0 sleep_us=5537418 queue_ms=112
fps: 30.0
vis: 60.0
cpu: exceptions=4764 cacheResets=1 batches=7330 verts=158643 texStalls=0 recompiles=926 underruns=0 overruns=0 sleep_us=5894848 queue_ms=116
fps: 30.0
vis: 60.0
cpu: exceptions=4875 cacheResets=1 batches=8260 verts=178578 texStalls=0 recompiles=926 underruns=0 overruns=0 sleep_us=6255089 queue_ms=121
fps: 30.0
vis: 60.0
cpu: exceptions=4986 cacheResets=1 batches=9190 verts=198513 texStalls=0 recompiles=926 underruns=0 overruns=0 sleep_us=6614283 queue_ms=125
fps: 30.0
vis: 60.0
cpu: exceptions=5099 cacheResets=1 batches=10120 verts=218448 texStalls=0 recompiles=926 underruns=0 overruns=0 sleep_us=6970905 queue_ms=116
fps: 30.0
vis: 60.0
cpu: exceptions=5212 cacheResets=1 batches=10924 verts=234561 texStalls=0 recompiles=926 underruns=0 overruns=0 sleep_us=7333762 queue_ms=121
fps: 30.0
vis: 60.0
cpu: exceptions=5337 cacheResets=1 batches=11448 verts=246147 texStalls=0 recompiles=935 underruns=0 overruns=0 sleep_us=7690284 queue_ms=125
fps: 30.0
vis: 60.0
cpu: exceptions=5464 cacheResets=1 batches=12239 verts=261468 texStalls=0 recompiles=935 underruns=0 overruns=0 sleep_us=8025549 queue_ms=129
fps: 30.0
vis: 60.0
cpu: exceptions=5589 cacheResets=1 batches=13268 verts=278217 texStalls=0 recompiles=935 underruns=0 overruns=0 sleep_us=8346229 queue_ms=121
fps: 30.0
vis: 60.0
cpu: exceptions=5707 cacheResets=1 batches=14399 verts=295578 texStalls=0 recompiles=946 underruns=0 overruns=0 sleep_us=8655848 queue_ms=125
fps: 29.2
vis: 60.0
cpu: exceptions=5827 cacheResets=1 batches=15194 verts=310923 texStalls=0 recompiles=947 underruns=0 overruns=0 sleep_us=8967265 queue_ms=116
fps: 30.0
vis: 60.0
cpu: exceptions=5948 cacheResets=1 batches=15934 verts=325938 texStalls=0 recompiles=947 underruns=0 overruns=0 sleep_us=9287958 queue_ms=108
fps: 30.1
vis: 60.0
cpu: exceptions=6069 cacheResets=1 batches=16588 verts=340437 texStalls=0 recompiles=947 underruns=0 overruns=0 sleep_us=9631836 queue_ms=112
fps: 30.0
vis: 60.0
cpu: exceptions=6190 cacheResets=1 batches=17048 verts=353772 texStalls=0 recompiles=947 underruns=0 overruns=0 sleep_us=9994377 queue_ms=116
mark: stop reason: chain guest VI limit
mark: stop_it requested
audio: alist_resample_calls=9757 alist_resample_samples=1397968 alist_zoh_calls=0 alist_zoh_samples=0 musyx_subframes=0 musyx_voices=0 musyx_voice_peak=0
audio_stages: adpcm_calls=7520 adpcm_samples=460832 envmix_calls=7516 envmix_samples=1068128 mix_calls=67230 mix_samples=9895200 musyx_fx_calls=0 musyx_fx_taps=0 output_calls=448 output_samples=329840
audio_envmix: exp_calls=0 ge_calls=7516 lin_calls=0 nead_calls=0 exp_steady=0 ge_steady=7194 lin_steady=0
audio_gaps: nead_mats=0 nead_efz=0 resample_flag2=0 musyx_ptr10=0
audio_output: stream_requests=2829 stream_fed=1136 input_hz=22047 playback_hz=22047 queue_peak_ms=162
probe_schema: version=2 self=1 interval=127
vm_io: read_ahead=1 reads=0 hits=0 read_bytes=0 writes=0 write_bytes=0 errors=0
subsystem_time: stage=rsp_gfx calls=393 timed_calls=393 period=1 timed_us=747239
subsystem_time: stage=rsp_audio calls=448 timed_calls=448 period=1 timed_us=480659
subsystem_time: stage=rsp_other calls=0 timed_calls=0 period=1 timed_us=0
subsystem_time: stage=lookup calls=1667639 timed_calls=13131 period=127 timed_us=3165
subsystem_time: stage=compile calls=947 timed_calls=947 period=1 timed_us=142667
subsystem_time: stage=dispatch calls=1666065 timed_calls=13118 period=127 timed_us=13711
subsystem_self: stage=dispatch calls=1666065 timed_calls=13118 self_us=8169 dropped=0
subsystem_time: stage=execute_inclusive calls=1666065 timed_calls=13118 period=127 timed_us=104490
subsystem_self: stage=execute_inclusive calls=1666065 timed_calls=13118 self_us=23560 dropped=0
subsystem_time: stage=rom_copy calls=1133 timed_calls=1133 period=1 timed_us=12028
subsystem_time: stage=present calls=899 timed_calls=899 period=1 timed_us=21422
subsystem_time: stage=limiter calls=881 timed_calls=881 period=1 timed_us=10340107
subsystem_time: stage=vm_fault calls=0 timed_calls=0 period=1 timed_us=0
subsystem_time: stage=vm_victim calls=0 timed_calls=0 period=1 timed_us=0
subsystem_time: stage=vm_read calls=0 timed_calls=0 period=1 timed_us=0
subsystem_time: stage=vm_write calls=0 timed_calls=0 period=1 timed_us=0
subsystem_time: stage=tex_hash calls=12379 timed_calls=12379 period=1 timed_us=118156
subsystem_time: stage=tex_lookup calls=12379 timed_calls=12379 period=1 timed_us=6903
subsystem_time: stage=tex_load calls=103 timed_calls=103 period=1 timed_us=4278
subsystem_time: stage=tex_activate calls=12379 timed_calls=12379 period=1 timed_us=8223
subsystem_time: stage=draw_triangles calls=17454 timed_calls=17454 period=1 timed_us=57977
subsystem_time: stage=draw_rect calls=5382 timed_calls=5382 period=1 timed_us=49219
subsystem_time: stage=gfx_list calls=393 timed_calls=393 period=1 timed_us=746572
subsystem_time: stage=gfx_command calls=269016 timed_calls=2118 period=127 timed_us=5214
gfx_ucodes: mask=00000200
gfx_opcode: op=01 calls=5357 timed_calls=45 timed_us=25
gfx_opcode: op=03 calls=1414 timed_calls=8 timed_us=6
gfx_opcode: op=04 calls=21288 timed_calls=175 timed_us=584
gfx_opcode: op=05 calls=18264 timed_calls=145 timed_us=2662
gfx_opcode: op=06 calls=6379 timed_calls=54 timed_us=10
gfx_opcode: op=07 calls=16101 timed_calls=115 timed_us=23
gfx_opcode: op=b4 calls=707 timed_calls=6 timed_us=1
gfx_opcode: op=b6 calls=1567 timed_calls=8 timed_us=1
gfx_opcode: op=b7 calls=4373 timed_calls=38 timed_us=6
gfx_opcode: op=b8 calls=6599 timed_calls=48 timed_us=8
gfx_opcode: op=b9 calls=4709 timed_calls=35 timed_us=6
gfx_opcode: op=ba calls=18621 timed_calls=151 timed_us=30
gfx_opcode: op=bb calls=390 timed_calls=4 timed_us=2
gfx_opcode: op=bc calls=15575 timed_calls=111 timed_us=22
gfx_opcode: op=e4 calls=4751 timed_calls=35 timed_us=286
gfx_opcode: op=e6 calls=13189 timed_calls=101 timed_us=12
gfx_opcode: op=e7 calls=25108 timed_calls=214 timed_us=28
gfx_opcode: op=e9 calls=393 timed_calls=2 timed_us=2
gfx_opcode: op=ed calls=2260 timed_calls=9 timed_us=3
gfx_opcode: op=ef calls=2973 timed_calls=24 timed_us=5
gfx_opcode: op=f2 calls=13189 timed_calls=107 timed_us=29
gfx_opcode: op=f3 calls=13189 timed_calls=100 timed_us=627
gfx_opcode: op=f5 calls=26378 timed_calls=209 timed_us=39
gfx_opcode: op=f6 calls=1411 timed_calls=10 timed_us=487
gfx_opcode: op=f7 calls=1163 timed_calls=11 timed_us=5
gfx_opcode: op=f8 calls=383 timed_calls=1 timed_us=0
gfx_opcode: op=f9 calls=383 timed_calls=1 timed_us=0
gfx_opcode: op=fa calls=13791 timed_calls=120 timed_us=21
gfx_opcode: op=fb calls=7666 timed_calls=53 timed_us=9
gfx_opcode: op=fc calls=5150 timed_calls=38 timed_us=5
gfx_opcode: op=fd calls=13189 timed_calls=112 timed_us=16
gfx_opcode: op=fe calls=1163 timed_calls=11 timed_us=5
gfx_opcode: op=ff calls=1943 timed_calls=17 timed_us=8
subsystem_time: stage=vertex calls=183788 timed_calls=1447 period=127 timed_us=395
subsystem_time: stage=gfx_state calls=127408 timed_calls=1003 period=127 timed_us=1898
subsystem_self: stage=gfx_state calls=127408 timed_calls=1003 self_us=836 dropped=0
subsystem_time: stage=gx_wait calls=4 timed_calls=4 period=1 timed_us=2557
subsystem_time: stage=dma_pi calls=1133 timed_calls=1133 period=1 timed_us=23579
subsystem_time: stage=dma_sp calls=1682 timed_calls=1682 period=1 timed_us=1499
subsystem_time: stage=dma_si calls=2587 timed_calls=2587 period=1 timed_us=10836
subsystem_time: stage=tlb_translate calls=0 timed_calls=0 period=127 timed_us=0
subsystem_time: stage=pif calls=2588 timed_calls=2588 period=1 timed_us=11530
subsystem_time: stage=input calls=1600 timed_calls=1600 period=1 timed_us=6968
subsystem_time: stage=guest_interrupt calls=7079 timed_calls=7079 period=1 timed_us=10418486
subsystem_self: stage=guest_interrupt calls=7079 timed_calls=7079 self_us=22280 dropped=0
subsystem_time: stage=interpreter_inclusive calls=0 timed_calls=0 period=1 timed_us=0
subsystem_self: stage=interpreter_inclusive calls=0 timed_calls=0 self_us=0 dropped=0
subsystem_time: stage=audio_submit calls=448 timed_calls=448 period=1 timed_us=5473
subsystem_time: stage=audio_callback calls=8812 timed_calls=8812 period=1 timed_us=4902
subsystem_time: stage=memory_slow calls=807293 timed_calls=6356 period=127 timed_us=8126
subsystem_self: stage=memory_slow calls=807293 timed_calls=6356 self_us=2177 dropped=0
subsystem_time: stage=jit_invalidate calls=1574 timed_calls=12 period=127 timed_us=2
subsystem_time: stage=cpu_helper calls=6796211 timed_calls=53513 period=127 timed_us=43327
subsystem_time: stage=storage_read calls=0 timed_calls=0 period=1 timed_us=0
subsystem_time: stage=storage_write calls=0 timed_calls=0 period=1 timed_us=0
subsystem_time: stage=save_load calls=0 timed_calls=0 period=1 timed_us=0
subsystem_time: stage=save_write calls=0 timed_calls=0 period=1 timed_us=0
subsystem_time: stage=state_load calls=0 timed_calls=0 period=1 timed_us=0
subsystem_time: stage=state_save calls=0 timed_calls=0 period=1 timed_us=0
subsystem_time: stage=probe_io calls=4 timed_calls=4 period=1 timed_us=42417
subsystem_time: stage=agent_poll calls=1808 timed_calls=1808 period=1 timed_us=416
audio_time: stage=resample sampled_calls=76 sampled_samples=10832 sampled_us=462
audio_time: stage=zoh sampled_calls=0 sampled_samples=0 sampled_us=0
audio_time: stage=adpcm sampled_calls=59 sampled_samples=3808 sampled_us=171
audio_time: stage=envmix_exp sampled_calls=0 sampled_samples=0 sampled_us=0
audio_time: stage=envmix_ge sampled_calls=59 sampled_samples=8240 sampled_us=753
audio_time: stage=envmix_lin sampled_calls=0 sampled_samples=0 sampled_us=0
audio_time: stage=envmix_nead sampled_calls=0 sampled_samples=0 sampled_us=0
audio_time: stage=mix sampled_calls=529 sampled_samples=77792 sampled_us=1240
audio_time: stage=musyx_voice sampled_calls=0 sampled_samples=0 sampled_us=0
audio_time: stage=musyx_fx sampled_calls=0 sampled_samples=0 sampled_us=0
audio_time: stage=output sampled_calls=3 sampled_samples=2176 sampled_us=30
gpu_counters: clks=3684386909 tb_clks=3684387000 ras_busy=70884657 xf_wait_in=3576065156 xf_wait_out=83289584 ras_peak_permille=28 ztop_in=276332212 ztop_out=267706780 z_in=78532 z_out=45532 blend_in=267855596 copy_clks=43423458 fifo_overflows=0
game: n=8/9 how=vis vis=900 vi_rate=60 vi0_retrace=13712 wall_us=15161990 sleep_us=10337540 avg_vis=58.02 avg_fps=26.18 exceptions=6302 cacheResets=1 recompiles=947 batches=17454 verts=366078 texStalls=0 treeDepthMax=13 underruns=0 overruns=0 queue_peak_ms=129 dsp_avg=1.39 dsp_peak=1.65 dsp_samples=30 pmc1=3384806704 pmc2=3513439762 pmc3=0 pmc4=0 mmcr0=00000042 mmcr1=00000000 heap_used=10855928 heap_free=144232 arena1_free=229376 arena2_free=288704 flushes=4 flush_us=42416 padtrace=0 rom=sd:/wii64/roms/Diddy Kong Racing (USA) (En,Fr) (Rev 1).z64
=== chain 8/9 end vis=900 how=vis rom=sd:/wii64/roms/Diddy Kong Racing (USA) (En,Fr) (Rev 1).z64 ===
mark: pad replay records: 1
mark: loadROM: enter
mark: loadROM: before rom_read
mark: ROMCache_load: enter
menufps: 0.1
menufps: 0.2
mark: ROMCache_load: before first read
mark: ROMCache_load: first read returned
mark: ROMCache_load: byte_swap_type set
mark: ROMCache_load: first byte_swap done
menufps: 0.2
menufps: 8.4
menufps: 8.0
menufps: 8.3
menufps: 8.0
menufps: 7.5
menufps: 8.1
menufps: 3.4
menufps: 1.3
menufps: 1.3
menufps: 1.3
menufps: 1.3
menufps: 1.3
menufps: 1.2
menufps: 3.6
menufps: 8.4
menufps: 8.3
menufps: 8.3
menufps: 8.3
mark: ROMCache_load: loop exited normally
menufps: 2.8
menufps: 1.1
menufps: 1.2
menufps: 1.1
menufps: 1.1
menufps: 1.2
menufps: 1.1
menufps: 1.1
menufps: 1.1
menufps: 1.2
menufps: 1.2
menufps: 1.1
menufps: 1.1
menufps: 1.1
menufps: 1.2
menufps: 1.1
menufps: 1.1
menufps: 1.1
menufps: 1.1
menufps: 1.1
mark: ROMCache_load: preflush_us=17579495 writes=2040 bytes=16711680
mark: ROMCache_load: elapsed_us=39662264 bytes=33554432 vm=1
mark: loadROM: after rom_read
mark: loadROM: before init_memory
mark: loadROM: after init_memory
mark: loadROM: before romOpen_gfx
mark: loadROM: after romOpen_gfx / before romOpen_audio
mark: loadROM: after romOpen_audio / before romOpen_input
mark: loadROM: after romOpen_input / before cpu_init
mark: loadROM: after cpu_init
menufps: 3.1
menufps: 1.0
menufps: 1.0
fps: 0.3
first_vi: vi0_retrace=17207
vis: 0.7
cpu: exceptions=0 cacheResets=0 batches=0 verts=0 texStalls=0 recompiles=0 underruns=0 overruns=0 sleep_us=0 queue_ms=0
mark: CPU core dispatch: dynarec
vis: 58.7
cpu: exceptions=33 cacheResets=1 batches=0 verts=0 texStalls=0 recompiles=82 underruns=0 overruns=0 sleep_us=0 queue_ms=0
vis: 60.0
cpu: exceptions=63 cacheResets=1 batches=0 verts=0 texStalls=0 recompiles=82 underruns=0 overruns=0 sleep_us=332497 queue_ms=0
vis: 60.0
cpu: exceptions=93 cacheResets=1 batches=0 verts=0 texStalls=0 recompiles=82 underruns=0 overruns=0 sleep_us=663352 queue_ms=0
vis: 60.0
cpu: exceptions=205 cacheResets=1 batches=0 verts=0 texStalls=0 recompiles=182 underruns=0 overruns=0 sleep_us=936497 queue_ms=0
vis: 60.0
cpu: exceptions=246 cacheResets=1 batches=0 verts=0 texStalls=0 recompiles=188 underruns=0 overruns=0 sleep_us=1261242 queue_ms=0
vis: 60.0
cpu: exceptions=288 cacheResets=1 batches=0 verts=0 texStalls=0 recompiles=188 underruns=0 overruns=0 sleep_us=1581284 queue_ms=0
vis: 60.0
cpu: exceptions=318 cacheResets=1 batches=0 verts=0 texStalls=0 recompiles=188 underruns=0 overruns=0 sleep_us=1899579 queue_ms=0
vis: 60.0
cpu: exceptions=395 cacheResets=1 batches=0 verts=0 texStalls=0 recompiles=314 underruns=1 overruns=0 sleep_us=2316799 queue_ms=24
vis: 60.0
cpu: exceptions=472 cacheResets=1 batches=0 verts=0 texStalls=0 recompiles=323 underruns=1 overruns=0 sleep_us=2764161 queue_ms=28
vis: 60.0
cpu: exceptions=547 cacheResets=1 batches=0 verts=0 texStalls=0 recompiles=323 underruns=1 overruns=0 sleep_us=3216143 queue_ms=33
vis: 60.0
cpu: exceptions=741 cacheResets=1 batches=0 verts=0 texStalls=0 recompiles=434 underruns=2 overruns=0 sleep_us=3409984 queue_ms=50
vis: 60.0
cpu: exceptions=966 cacheResets=1 batches=0 verts=0 texStalls=0 recompiles=434 underruns=2 overruns=0 sleep_us=3586850 queue_ms=41
vis: 60.0
cpu: exceptions=1153 cacheResets=1 batches=0 verts=0 texStalls=0 recompiles=448 underruns=2 overruns=0 sleep_us=3787349 queue_ms=46
vis: 59.7
cpu: exceptions=1393 cacheResets=1 batches=0 verts=0 texStalls=0 recompiles=497 underruns=2 overruns=0 sleep_us=3960855 queue_ms=50
fps: 0.1
vis: 60.0
cpu: exceptions=1687 cacheResets=1 batches=591 verts=8424 texStalls=0 recompiles=1254 underruns=3 overruns=0 sleep_us=4081880 queue_ms=107
fps: 30.5
vis: 60.0
cpu: exceptions=1961 cacheResets=1 batches=1476 verts=20754 texStalls=0 recompiles=1255 underruns=3 overruns=0 sleep_us=4410919 queue_ms=98
fps: 30.0
vis: 60.0
cpu: exceptions=2238 cacheResets=1 batches=2361 verts=33084 texStalls=0 recompiles=1276 underruns=3 overruns=0 sleep_us=4729243 queue_ms=102
fps: 30.0
vis: 60.0
cpu: exceptions=2515 cacheResets=1 batches=3246 verts=45414 texStalls=0 recompiles=1279 underruns=3 overruns=0 sleep_us=5067663 queue_ms=107
fps: 30.0
vis: 60.0
cpu: exceptions=2790 cacheResets=1 batches=4131 verts=57744 texStalls=0 recompiles=1294 underruns=3 overruns=0 sleep_us=5406113 queue_ms=98
fps: 30.0
vis: 60.0
cpu: exceptions=3076 cacheResets=1 batches=5016 verts=70074 texStalls=0 recompiles=1300 underruns=3 overruns=0 sleep_us=5730839 queue_ms=102
fps: 30.0
vis: 60.0
cpu: exceptions=3359 cacheResets=1 batches=5901 verts=82404 texStalls=0 recompiles=1300 underruns=3 overruns=0 sleep_us=6054373 queue_ms=107
fps: 30.0
vis: 60.0
cpu: exceptions=3639 cacheResets=1 batches=6786 verts=94734 texStalls=0 recompiles=1302 underruns=3 overruns=0 sleep_us=6383749 queue_ms=98
fps: 30.0
vis: 60.0
cpu: exceptions=3920 cacheResets=1 batches=7671 verts=107064 texStalls=0 recompiles=1351 underruns=3 overruns=0 sleep_us=6710936 queue_ms=102
fps: 30.1
vis: 60.0
cpu: exceptions=4198 cacheResets=1 batches=7971 verts=112194 texStalls=0 recompiles=1366 underruns=3 overruns=0 sleep_us=7062822 queue_ms=107
fps: 30.0
vis: 60.0
cpu: exceptions=4352 cacheResets=1 batches=8071 verts=113904 texStalls=0 recompiles=1383 underruns=3 overruns=0 sleep_us=7406059 queue_ms=111
fps: 30.0
vis: 60.0
cpu: exceptions=4499 cacheResets=1 batches=8476 verts=141129 texStalls=0 recompiles=1384 underruns=3 overruns=0 sleep_us=7742595 queue_ms=102
fps: 30.0
vis: 60.0
cpu: exceptions=4647 cacheResets=1 batches=8881 verts=168354 texStalls=0 recompiles=1386 underruns=3 overruns=0 sleep_us=8082208 queue_ms=107
fps: 30.0
vis: 60.0
cpu: exceptions=4794 cacheResets=1 batches=9286 verts=195579 texStalls=0 recompiles=1387 underruns=3 overruns=0 sleep_us=8431877 queue_ms=111
fps: 30.0
vis: 60.0
cpu: exceptions=4940 cacheResets=1 batches=9691 verts=222804 texStalls=0 recompiles=1387 underruns=3 overruns=0 sleep_us=8778257 queue_ms=102
fps: 30.0
mark: stop reason: chain guest VI limit
mark: stop_it requested
audio: alist_resample_calls=11186 alist_resample_samples=2058224 alist_zoh_calls=0 alist_zoh_samples=0 musyx_subframes=0 musyx_voices=0 musyx_voice_peak=0
audio_stages: adpcm_calls=6590 adpcm_samples=722912 envmix_calls=8440 envmix_samples=1552960 mix_calls=54920 mix_samples=10105280 musyx_fx_calls=0 musyx_fx_taps=0 output_calls=342 output_samples=251896
audio_envmix: exp_calls=0 ge_calls=0 lin_calls=8440 nead_calls=0 exp_steady=0 ge_steady=0 lin_steady=7902
audio_gaps: nead_mats=0 nead_efz=0 resample_flag2=0 musyx_ptr10=0
audio_output: stream_requests=4264 stream_fed=868 input_hz=22047 playback_hz=22047 queue_peak_ms=127
probe_schema: version=2 self=1 interval=127
vm_io: read_ahead=1 reads=58 hits=277 read_bytes=1900544 writes=0 write_bytes=0 errors=0
subsystem_time: stage=rsp_gfx calls=238 timed_calls=238 period=1 timed_us=446232
subsystem_time: stage=rsp_audio calls=343 timed_calls=343 period=1 timed_us=471707
subsystem_time: stage=rsp_other calls=1 timed_calls=1 period=1 timed_us=4
subsystem_time: stage=lookup calls=1605654 timed_calls=12642 period=127 timed_us=3104
subsystem_time: stage=compile calls=1389 timed_calls=1389 period=1 timed_us=204109
subsystem_time: stage=dispatch calls=1604079 timed_calls=12630 period=127 timed_us=14479
subsystem_self: stage=dispatch calls=1604079 timed_calls=12630 self_us=8394 dropped=0
subsystem_time: stage=execute_inclusive calls=1604079 timed_calls=12630 period=127 timed_us=105609
subsystem_self: stage=execute_inclusive calls=1604079 timed_calls=12630 self_us=40438 dropped=0
subsystem_time: stage=rom_copy calls=1048 timed_calls=1048 period=1 timed_us=252372
subsystem_time: stage=present calls=899 timed_calls=899 period=1 timed_us=237241
subsystem_time: stage=limiter calls=842 timed_calls=842 period=1 timed_us=9100877
subsystem_time: stage=vm_fault calls=335 timed_calls=335 period=1 timed_us=234769
subsystem_time: stage=vm_victim calls=335 timed_calls=335 period=1 timed_us=395
subsystem_time: stage=vm_read calls=58 timed_calls=58 period=1 timed_us=218888
subsystem_time: stage=vm_write calls=0 timed_calls=0 period=1 timed_us=0
subsystem_time: stage=tex_hash calls=7634 timed_calls=7634 period=1 timed_us=68916
subsystem_time: stage=tex_lookup calls=7634 timed_calls=7634 period=1 timed_us=2734
subsystem_time: stage=tex_load calls=24 timed_calls=24 period=1 timed_us=3603
subsystem_time: stage=tex_activate calls=7634 timed_calls=7634 period=1 timed_us=5004
subsystem_time: stage=draw_triangles calls=10096 timed_calls=10096 period=1 timed_us=33506
subsystem_time: stage=draw_rect calls=1687 timed_calls=1687 period=1 timed_us=8897
subsystem_time: stage=gfx_list calls=238 timed_calls=238 period=1 timed_us=445787
subsystem_time: stage=gfx_command calls=176157 timed_calls=1387 period=127 timed_us=4103
gfx_ucodes: mask=00000004
gfx_opcode: op=00 calls=237 timed_calls=1 timed_us=0
gfx_opcode: op=01 calls=5860 timed_calls=51 timed_us=406
gfx_opcode: op=05 calls=17853 timed_calls=141 timed_us=777
gfx_opcode: op=06 calls=32745 timed_calls=254 timed_us=962
gfx_opcode: op=d7 calls=979 timed_calls=6 timed_us=1
gfx_opcode: op=d9 calls=7439 timed_calls=61 timed_us=9
gfx_opcode: op=da calls=6173 timed_calls=51 timed_us=19
gfx_opcode: op=db calls=5265 timed_calls=41 timed_us=9
gfx_opcode: op=dc calls=1858 timed_calls=16 timed_us=13
gfx_opcode: op=de calls=1346 timed_calls=12 timed_us=3
gfx_opcode: op=df calls=1584 timed_calls=11 timed_us=1
gfx_opcode: op=e2 calls=2119 timed_calls=18 timed_us=3
gfx_opcode: op=e3 calls=11276 timed_calls=82 timed_us=15
gfx_opcode: op=e6 calls=10066 timed_calls=87 timed_us=10
gfx_opcode: op=e7 calls=30043 timed_calls=248 timed_us=33
gfx_opcode: op=e8 calls=2432 timed_calls=16 timed_us=2
gfx_opcode: op=e9 calls=238 timed_calls=1 timed_us=0
gfx_opcode: op=ed calls=2162 timed_calls=11 timed_us=3
gfx_opcode: op=f0 calls=2432 timed_calls=21 timed_us=12
gfx_opcode: op=f2 calls=3086 timed_calls=23 timed_us=6
gfx_opcode: op=f3 calls=7634 timed_calls=59 timed_us=338
gfx_opcode: op=f5 calls=8229 timed_calls=62 timed_us=12
gfx_opcode: op=f6 calls=1925 timed_calls=14 timed_us=1290
gfx_opcode: op=f7 calls=948 timed_calls=8 timed_us=3
gfx_opcode: op=f8 calls=237 timed_calls=3 timed_us=1
gfx_opcode: op=fa calls=234 timed_calls=0 timed_us=0
gfx_opcode: op=fc calls=979 timed_calls=11 timed_us=2
gfx_opcode: op=fd calls=10066 timed_calls=73 timed_us=10
gfx_opcode: op=fe calls=237 timed_calls=2 timed_us=1
gfx_opcode: op=ff calls=475 timed_calls=3 timed_us=2
subsystem_time: stage=vertex calls=98130 timed_calls=772 period=127 timed_us=352
subsystem_time: stage=gfx_state calls=11689 timed_calls=92 period=127 timed_us=788
subsystem_self: stage=gfx_state calls=11689 timed_calls=92 self_us=194 dropped=0
subsystem_time: stage=gx_wait calls=4 timed_calls=4 period=1 timed_us=2549
subsystem_time: stage=dma_pi calls=1048 timed_calls=1048 period=1 timed_us=271746
subsystem_time: stage=dma_sp calls=1162 timed_calls=1162 period=1 timed_us=1098
subsystem_time: stage=dma_si calls=1351 timed_calls=1351 period=1 timed_us=3454
subsystem_time: stage=tlb_translate calls=0 timed_calls=0 period=127 timed_us=0
subsystem_time: stage=pif calls=1352 timed_calls=1352 period=1 timed_us=2824
subsystem_time: stage=input calls=388 timed_calls=388 period=1 timed_us=1640
subsystem_time: stage=guest_interrupt calls=5830 timed_calls=5830 period=1 timed_us=9383740
subsystem_self: stage=guest_interrupt calls=5830 timed_calls=5830 self_us=19766 dropped=0
subsystem_time: stage=interpreter_inclusive calls=0 timed_calls=0 period=1 timed_us=0
subsystem_self: stage=interpreter_inclusive calls=0 timed_calls=0 self_us=0 dropped=0
subsystem_time: stage=audio_submit calls=343 timed_calls=343 period=1 timed_us=5534
subsystem_time: stage=audio_callback calls=10277 timed_calls=10277 period=1 timed_us=4357
subsystem_time: stage=memory_slow calls=1083692 timed_calls=8533 period=127 timed_us=11403
subsystem_self: stage=memory_slow calls=1083692 timed_calls=8533 self_us=2740 dropped=0
subsystem_time: stage=jit_invalidate calls=1575 timed_calls=12 period=127 timed_us=2
subsystem_time: stage=cpu_helper calls=10245538 timed_calls=80673 period=127 timed_us=85199
subsystem_time: stage=storage_read calls=0 timed_calls=0 period=1 timed_us=0
subsystem_time: stage=storage_write calls=0 timed_calls=0 period=1 timed_us=0
subsystem_time: stage=save_load calls=0 timed_calls=0 period=1 timed_us=0
subsystem_time: stage=save_write calls=0 timed_calls=0 period=1 timed_us=0
subsystem_time: stage=state_load calls=0 timed_calls=0 period=1 timed_us=0
subsystem_time: stage=state_save calls=0 timed_calls=0 period=1 timed_us=0
subsystem_time: stage=probe_io calls=3 timed_calls=3 period=1 timed_us=32557
subsystem_time: stage=agent_poll calls=1811 timed_calls=1811 period=1 timed_us=473
audio_time: stage=resample sampled_calls=88 sampled_samples=16192 sampled_us=637
audio_time: stage=zoh sampled_calls=0 sampled_samples=0 sampled_us=0
audio_time: stage=adpcm sampled_calls=51 sampled_samples=5680 sampled_us=243
audio_time: stage=envmix_exp sampled_calls=0 sampled_samples=0 sampled_us=0
audio_time: stage=envmix_ge sampled_calls=0 sampled_samples=0 sampled_us=0
audio_time: stage=envmix_lin sampled_calls=66 sampled_samples=12144 sampled_us=1002
audio_time: stage=envmix_nead sampled_calls=0 sampled_samples=0 sampled_us=0
audio_time: stage=mix sampled_calls=432 sampled_samples=79488 sampled_us=1281
audio_time: stage=musyx_voice sampled_calls=0 sampled_samples=0 sampled_us=0
audio_time: stage=musyx_fx sampled_calls=0 sampled_samples=0 sampled_us=0
audio_time: stage=output sampled_calls=2 sampled_samples=1472 sampled_us=27
gpu_counters: clks=3695221535 tb_clks=3695221628 ras_busy=49114595 xf_wait_in=3618190423 xf_wait_out=65899778 ras_peak_permille=24 ztop_in=195021348 ztop_out=194041092 z_in=0 z_out=0 blend_in=194091464 copy_clks=67299244 fifo_overflows=0
game: n=9/9 how=vis vis=900 vi_rate=60 vi0_retrace=17207 wall_us=15206547 sleep_us=9098456 avg_vis=57.97 avg_fps=26.53 exceptions=5086 cacheResets=1 recompiles=1389 batches=10096 verts=250029 texStalls=0 treeDepthMax=15 underruns=3 overruns=0 queue_peak_ms=111 dsp_avg=1.38 dsp_peak=1.80 dsp_samples=30 pmc1=4139051877 pmc2=4565415224 pmc3=0 pmc4=0 mmcr0=00000042 mmcr1=00000000 heap_used=10885624 heap_free=114536 arena1_free=229376 arena2_free=288704 flushes=3 flush_us=32556 padtrace=0 rom=sd:/wii64/roms/Donkey Kong 64 (USA).z64
=== chain 9/9 end vis=900 how=vis rom=sd:/wii64/roms/Donkey Kong 64 (USA).z64 ===
