--- wii64 perf log ---
mark: diag received dynacore line
mark: diag requested core: dynarec
mark: pad replay records: 7
selftest:
  raw[0]=51281005457428835
  raw[1]=51281005457428835
  raw[2]=51281005457428848
  raw[3]=51281005457428861
  raw[4]=51281005457428874
  delta[0]=0us
  delta[1]=0us
  delta[2]=0us
  delta[3]=0us
mark: audio quality: accurate
mark: audio modes: n64=0 output=0 mixer=0 latency=2 sync=0
mark: diag applied core: dynarec
mark: HBC agent ready
mark: loadROM: enter
mark: loadROM: before rom_read
mark: ROMCache_load: enter
mark: ROMCache_load: before first read
mark: ROMCache_load: first read returned
mark: ROMCache_load: byte_swap_type set
mark: ROMCache_load: first byte_swap done
mark: ROMCache_load: loop exited normally
mark: ROMCache_load: elapsed_us=275391 bytes=8388608 vm=0
mark: loadROM: after rom_read
mark: loadROM: before init_memory
mark: loadROM: after init_memory
mark: loadROM: before romOpen_gfx
mark: loadROM: after romOpen_gfx / before romOpen_audio
mark: loadROM: after romOpen_audio / before romOpen_input
mark: loadROM: after romOpen_input / before cpu_init
mark: loadROM: after cpu_init
menufps: 5.7
fps: 0.0
first_vi: vi0_retrace=202
vis: 0.0
cpu: exceptions=0 cacheResets=0 batches=0 verts=0 texStalls=0 recompiles=0 underruns=0 overruns=0 sleep_us=0 queue_ms=0
mark: CPU core dispatch: dynarec
vis: 60.0
cpu: exceptions=240 cacheResets=1 batches=0 verts=0 texStalls=0 recompiles=189 underruns=2 overruns=0 sleep_us=200480 queue_ms=154
vis: 60.0
cpu: exceptions=540 cacheResets=1 batches=0 verts=0 texStalls=0 recompiles=198 underruns=2 overruns=0 sleep_us=679968 queue_ms=150
vis: 60.0
cpu: exceptions=840 cacheResets=1 batches=0 verts=0 texStalls=0 recompiles=204 underruns=2 overruns=0 sleep_us=1159629 queue_ms=156
vis: 60.0
cpu: exceptions=1134 cacheResets=1 batches=0 verts=0 texStalls=0 recompiles=204 underruns=2 overruns=0 sleep_us=1639738 queue_ms=151
fps: 0.5
vis: 60.0
cpu: exceptions=1430 cacheResets=1 batches=414 verts=7620 texStalls=0 recompiles=468 underruns=2 overruns=0 sleep_us=1890757 queue_ms=2
fps: 20.7
vis: 60.0
cpu: exceptions=1587 cacheResets=1 batches=2480 verts=45081 texStalls=0 recompiles=475 underruns=2 overruns=0 sleep_us=2303775 queue_ms=9
fps: 29.8
vis: 60.0
cpu: exceptions=1751 cacheResets=1 batches=4550 verts=82473 texStalls=0 recompiles=478 underruns=2 overruns=0 sleep_us=2714518 queue_ms=6
fps: 30.1
vis: 60.0
cpu: exceptions=1893 cacheResets=1 batches=6620 verts=119868 texStalls=0 recompiles=478 underruns=2 overruns=0 sleep_us=3137307 queue_ms=11
fps: 30.0
vis: 60.0
cpu: exceptions=2035 cacheResets=1 batches=8690 verts=157263 texStalls=0 recompiles=478 underruns=2 overruns=0 sleep_us=3559264 queue_ms=7
fps: 30.0
vis: 60.0
cpu: exceptions=2177 cacheResets=1 batches=10763 verts=194676 texStalls=0 recompiles=489 underruns=2 overruns=0 sleep_us=3979894 queue_ms=13
fps: 30.0
vis: 60.0
cpu: exceptions=2318 cacheResets=1 batches=12570 verts=228066 texStalls=0 recompiles=498 underruns=2 overruns=0 sleep_us=4405941 queue_ms=9
vis: 60.0
cpu: exceptions=2637 cacheResets=1 batches=12570 verts=228066 texStalls=0 recompiles=675 underruns=4 overruns=0 sleep_us=4524109 queue_ms=50
vis: 60.0
cpu: exceptions=2727 cacheResets=1 batches=12570 verts=228066 texStalls=0 recompiles=733 underruns=4 overruns=0 sleep_us=4669830 queue_ms=55
vis: 60.0
cpu: exceptions=2817 cacheResets=1 batches=12570 verts=228066 texStalls=0 recompiles=784 underruns=4 overruns=0 sleep_us=4882896 queue_ms=52
fps: 3.9
vis: 60.0
cpu: exceptions=2960 cacheResets=1 batches=13550 verts=235065 texStalls=0 recompiles=910 underruns=6 overruns=0 sleep_us=5065393 queue_ms=17
fps: 15.2
vis: 60.0
cpu: exceptions=3117 cacheResets=1 batches=17583 verts=269343 texStalls=0 recompiles=910 underruns=6 overruns=0 sleep_us=5223836 queue_ms=13
fps: 30.0
vis: 60.0
cpu: exceptions=3272 cacheResets=1 batches=21625 verts=306090 texStalls=0 recompiles=927 underruns=6 overruns=0 sleep_us=5381931 queue_ms=17
fps: 30.0
vis: 60.0
cpu: exceptions=3435 cacheResets=1 batches=25770 verts=345567 texStalls=0 recompiles=927 underruns=6 overruns=0 sleep_us=5538271 queue_ms=14
fps: 30.0
vis: 60.0
cpu: exceptions=3590 cacheResets=1 batches=29915 verts=385110 texStalls=0 recompiles=927 underruns=6 overruns=0 sleep_us=5707694 queue_ms=10
fps: 30.0
vis: 60.0
cpu: exceptions=3761 cacheResets=1 batches=34033 verts=424200 texStalls=0 recompiles=927 underruns=6 overruns=0 sleep_us=5857313 queue_ms=15
fps: 29.9
vis: 60.0
cpu: exceptions=3977 cacheResets=1 batches=38231 verts=463077 texStalls=0 recompiles=936 underruns=6 overruns=0 sleep_us=5978022 queue_ms=12
fps: 20.8
vis: 60.0
cpu: exceptions=4233 cacheResets=1 batches=38734 verts=467799 texStalls=0 recompiles=1065 underruns=8 overruns=0 sleep_us=6176775 queue_ms=13
fps: 31.7
vis: 60.0
cpu: exceptions=4400 cacheResets=1 batches=39405 verts=474165 texStalls=0 recompiles=1065 underruns=8 overruns=0 sleep_us=6558286 queue_ms=8
fps: 30.0
vis: 60.0
cpu: exceptions=4572 cacheResets=1 batches=40065 verts=480465 texStalls=0 recompiles=1065 underruns=8 overruns=0 sleep_us=6937773 queue_ms=4
fps: 30.0
vis: 60.0
cpu: exceptions=4737 cacheResets=1 batches=40725 verts=486765 texStalls=0 recompiles=1065 underruns=8 overruns=0 sleep_us=7331684 queue_ms=9
fps: 30.0
vis: 60.0
cpu: exceptions=4910 cacheResets=1 batches=41385 verts=493065 texStalls=0 recompiles=1065 underruns=8 overruns=0 sleep_us=7710006 queue_ms=6
fps: 30.0
vis: 60.0
cpu: exceptions=5089 cacheResets=1 batches=42045 verts=499365 texStalls=0 recompiles=1065 underruns=8 overruns=0 sleep_us=8079022 queue_ms=10
fps: 30.0
vis: 60.0
cpu: exceptions=5262 cacheResets=1 batches=42705 verts=505665 texStalls=0 recompiles=1065 underruns=8 overruns=0 sleep_us=8453936 queue_ms=7
fps: 30.0
vis: 60.0
cpu: exceptions=5431 cacheResets=1 batches=43365 verts=511965 texStalls=0 recompiles=1065 underruns=8 overruns=0 sleep_us=8838561 queue_ms=13
fps: 30.0
vis: 60.0
cpu: exceptions=5596 cacheResets=1 batches=44025 verts=518265 texStalls=0 recompiles=1065 underruns=8 overruns=0 sleep_us=9232985 queue_ms=8
vis: 60.0
cpu: exceptions=5778 cacheResets=1 batches=44403 verts=522753 texStalls=0 recompiles=1068 underruns=8 overruns=0 sleep_us=9622960 queue_ms=5
fps: 30.0
vis: 60.0
cpu: exceptions=5953 cacheResets=1 batches=44761 verts=526971 texStalls=0 recompiles=1071 underruns=8 overruns=0 sleep_us=10008781 queue_ms=10
fps: 30.0
vis: 60.0
cpu: exceptions=6202 cacheResets=1 batches=44833 verts=527817 texStalls=0 recompiles=1131 underruns=8 overruns=0 sleep_us=10220434 queue_ms=7
fps: 4.1
vis: 60.0
cpu: exceptions=6352 cacheResets=1 batches=45184 verts=532866 texStalls=0 recompiles=1530 underruns=9 overruns=0 sleep_us=10359008 queue_ms=32
fps: 32.7
vis: 60.0
cpu: exceptions=6487 cacheResets=1 batches=46987 verts=561714 texStalls=0 recompiles=1534 underruns=9 overruns=0 sleep_us=10717814 queue_ms=29
vis: 60.0
cpu: exceptions=6622 cacheResets=1 batches=48914 verts=591963 texStalls=0 recompiles=1534 underruns=9 overruns=0 sleep_us=11075981 queue_ms=35
fps: 30.0
vis: 60.0
cpu: exceptions=6757 cacheResets=1 batches=50968 verts=623862 texStalls=0 recompiles=1534 underruns=9 overruns=0 sleep_us=11433248 queue_ms=32
fps: 30.0
vis: 60.0
cpu: exceptions=6892 cacheResets=1 batches=53072 verts=657105 texStalls=0 recompiles=1534 underruns=9 overruns=0 sleep_us=11789957 queue_ms=27
fps: 30.0
vis: 60.0
cpu: exceptions=7044 cacheResets=1 batches=56209 verts=696957 texStalls=0 recompiles=1544 underruns=9 overruns=0 sleep_us=12105425 queue_ms=33
fps: 29.8
vis: 60.0
cpu: exceptions=7219 cacheResets=1 batches=59596 verts=738678 texStalls=0 recompiles=1545 underruns=9 overruns=0 sleep_us=12395513 queue_ms=29
fps: 29.9
vis: 60.0
cpu: exceptions=7399 cacheResets=1 batches=62983 verts=780540 texStalls=0 recompiles=1545 underruns=9 overruns=0 sleep_us=12678548 queue_ms=34
fps: 30.0
vis: 60.0
cpu: exceptions=7580 cacheResets=1 batches=66373 verts=822618 texStalls=0 recompiles=1545 underruns=9 overruns=0 sleep_us=12955309 queue_ms=31
fps: 30.0
vis: 60.0
cpu: exceptions=7775 cacheResets=1 batches=69763 verts=864822 texStalls=0 recompiles=1545 underruns=9 overruns=0 sleep_us=13220302 queue_ms=36
fps: 29.9
vis: 60.0
cpu: exceptions=7988 cacheResets=1 batches=73153 verts=907032 texStalls=0 recompiles=1545 underruns=9 overruns=0 sleep_us=13472398 queue_ms=32
fps: 30.0
vis: 60.0
cpu: exceptions=8196 cacheResets=1 batches=76543 verts=949242 texStalls=0 recompiles=1545 underruns=9 overruns=0 sleep_us=13727126 queue_ms=37
fps: 30.0
vis: 60.0
cpu: exceptions=8415 cacheResets=1 batches=79933 verts=991452 texStalls=0 recompiles=1545 underruns=9 overruns=0 sleep_us=13968707 queue_ms=34
fps: 30.0
vis: 60.0
cpu: exceptions=8620 cacheResets=1 batches=83323 verts=1033725 texStalls=0 recompiles=1545 underruns=9 overruns=0 sleep_us=14225164 queue_ms=29
fps: 30.0
vis: 60.0
cpu: exceptions=8814 cacheResets=1 batches=86713 verts=1076070 texStalls=0 recompiles=1545 underruns=9 overruns=0 sleep_us=14494476 queue_ms=35
fps: 30.0
vis: 60.0
cpu: exceptions=9006 cacheResets=1 batches=90103 verts=1118415 texStalls=0 recompiles=1545 underruns=9 overruns=0 sleep_us=14768035 queue_ms=31
fps: 30.1
vis: 60.0
cpu: exceptions=9170 cacheResets=1 batches=93493 verts=1160760 texStalls=0 recompiles=1547 underruns=9 overruns=0 sleep_us=15068056 queue_ms=36
fps: 30.0
vis: 60.0
cpu: exceptions=9314 cacheResets=1 batches=96891 verts=1203129 texStalls=0 recompiles=1547 underruns=9 overruns=0 sleep_us=15384831 queue_ms=33
fps: 30.0
vis: 60.0
cpu: exceptions=9454 cacheResets=1 batches=100296 verts=1245519 texStalls=0 recompiles=1547 underruns=9 overruns=0 sleep_us=15705055 queue_ms=29
fps: 30.0
vis: 60.0
cpu: exceptions=9594 cacheResets=1 batches=103701 verts=1287909 texStalls=0 recompiles=1547 underruns=9 overruns=0 sleep_us=16025181 queue_ms=34
fps: 30.0
vis: 60.0
cpu: exceptions=9732 cacheResets=1 batches=107106 verts=1330299 texStalls=0 recompiles=1547 underruns=9 overruns=0 sleep_us=16348264 queue_ms=30
fps: 30.0
vis: 60.0
cpu: exceptions=9867 cacheResets=1 batches=110511 verts=1372689 texStalls=0 recompiles=1547 underruns=9 overruns=0 sleep_us=16675919 queue_ms=36
fps: 30.0
vis: 60.0
cpu: exceptions=10002 cacheResets=1 batches=113916 verts=1415079 texStalls=0 recompiles=1547 underruns=9 overruns=0 sleep_us=17003467 queue_ms=32
fps: 30.1
vis: 60.0
cpu: exceptions=10137 cacheResets=1 batches=116491 verts=1452678 texStalls=0 recompiles=1548 underruns=9 overruns=0 sleep_us=17353281 queue_ms=38
fps: 30.0
vis: 60.0
cpu: exceptions=10272 cacheResets=1 batches=118690 verts=1489134 texStalls=0 recompiles=1548 underruns=9 overruns=0 sleep_us=17713763 queue_ms=34
fps: 30.0
vis: 60.0
cpu: exceptions=10413 cacheResets=1 batches=120961 verts=1526697 texStalls=0 recompiles=1568 underruns=9 overruns=0 sleep_us=18064090 queue_ms=30
fps: 29.8
vis: 60.0
cpu: exceptions=10578 cacheResets=1 batches=123321 verts=1566270 texStalls=0 recompiles=1568 underruns=9 overruns=0 sleep_us=18368088 queue_ms=36
fps: 30.2
vis: 60.0
cpu: exceptions=10739 cacheResets=1 batches=125283 verts=1599123 texStalls=0 recompiles=1569 underruns=9 overruns=0 sleep_us=18695625 queue_ms=31
fps: 30.0
vis: 60.0
cpu: exceptions=10897 cacheResets=1 batches=126888 verts=1625499 texStalls=0 recompiles=1569 underruns=9 overruns=0 sleep_us=19044287 queue_ms=37
fps: 30.0
vis: 60.0
cpu: exceptions=11229 cacheResets=1 batches=130242 verts=1679592 texStalls=0 recompiles=1572 underruns=9 overruns=0 sleep_us=19642978 queue_ms=44
fps: 30.3
vis: 60.0
cpu: exceptions=11424 cacheResets=1 batches=132163 verts=1710309 texStalls=0 recompiles=1572 underruns=9 overruns=0 sleep_us=19952079 queue_ms=39
fps: 30.1
vis: 60.0
cpu: exceptions=11592 cacheResets=1 batches=134184 verts=1741776 texStalls=0 recompiles=1572 underruns=9 overruns=0 sleep_us=20284278 queue_ms=46
fps: 30.0
vis: 60.0
cpu: exceptions=11770 cacheResets=1 batches=136174 verts=1773300 texStalls=0 recompiles=1572 underruns=9 overruns=0 sleep_us=20598549 queue_ms=41
fps: 30.0
vis: 60.0
cpu: exceptions=11959 cacheResets=1 batches=138183 verts=1804485 texStalls=0 recompiles=1572 underruns=9 overruns=0 sleep_us=20893328 queue_ms=38
fps: 30.0
vis: 60.0
cpu: exceptions=12158 cacheResets=1 batches=140211 verts=1834563 texStalls=0 recompiles=1572 underruns=9 overruns=0 sleep_us=21185114 queue_ms=42
fps: 30.1
vis: 60.0
cpu: exceptions=12329 cacheResets=1 batches=142185 verts=1862166 texStalls=0 recompiles=1572 underruns=9 overruns=0 sleep_us=21512385 queue_ms=39
fps: 30.0
vis: 60.0
cpu: exceptions=12504 cacheResets=1 batches=144064 verts=1887666 texStalls=0 recompiles=1572 underruns=9 overruns=0 sleep_us=21834193 queue_ms=45
fps: 29.9
vis: 60.0
cpu: exceptions=12690 cacheResets=1 batches=145844 verts=1911045 texStalls=0 recompiles=1572 underruns=9 overruns=0 sleep_us=22140636 queue_ms=40
fps: 29.9
vis: 60.0
cpu: exceptions=12896 cacheResets=1 batches=147465 verts=1932501 texStalls=0 recompiles=1572 underruns=9 overruns=0 sleep_us=22422078 queue_ms=46
fps: 30.1
vis: 60.0
cpu: exceptions=13080 cacheResets=1 batches=149006 verts=1952538 texStalls=0 recompiles=1572 underruns=9 overruns=0 sleep_us=22734061 queue_ms=42
fps: 30.0
vis: 60.0
cpu: exceptions=13248 cacheResets=1 batches=150594 verts=1972344 texStalls=0 recompiles=1572 underruns=9 overruns=0 sleep_us=23057725 queue_ms=47
fps: 30.0
vis: 60.0
cpu: exceptions=13434 cacheResets=1 batches=152314 verts=1993650 texStalls=0 recompiles=1572 underruns=9 overruns=0 sleep_us=23357656 queue_ms=45
fps: 29.9
vis: 60.0
cpu: exceptions=13634 cacheResets=1 batches=154154 verts=2016411 texStalls=0 recompiles=1572 underruns=9 overruns=0 sleep_us=23632835 queue_ms=40
fps: 30.0
vis: 60.0
cpu: exceptions=13825 cacheResets=1 batches=156123 verts=2039904 texStalls=0 recompiles=1572 underruns=9 overruns=0 sleep_us=23921652 queue_ms=45
fps: 30.1
vis: 60.0
cpu: exceptions=13995 cacheResets=1 batches=158089 verts=2063346 texStalls=0 recompiles=1572 underruns=9 overruns=0 sleep_us=24239881 queue_ms=42
fps: 30.0
vis: 60.0
cpu: exceptions=14170 cacheResets=1 batches=159806 verts=2083881 texStalls=0 recompiles=1572 underruns=9 overruns=0 sleep_us=24556044 queue_ms=47
mark: stop reason: chain guest VI limit
mark: stop_it requested
audio: alist_resample_calls=42763 alist_resample_samples=5572696 alist_zoh_calls=0 alist_zoh_samples=0 musyx_subframes=0 musyx_voices=0 musyx_voice_peak=0
audio_stages: adpcm_calls=41651 adpcm_samples=5505360 envmix_calls=40317 envmix_samples=5378800 mix_calls=9436 mix_samples=3019520 musyx_fx_calls=0 musyx_fx_taps=0 output_calls=2360 output_samples=1259104
audio_envmix: exp_calls=40317 ge_calls=0 lin_calls=0 nead_calls=0 exp_steady=33833 ge_steady=0 lin_steady=0
audio_gaps: nead_mats=0 nead_efz=0 resample_flag2=0 musyx_ptr10=0
audio_output: stream_requests=6079 stream_fed=4368 input_hz=32006 playback_hz=32006 queue_peak_ms=173
vm_io: read_ahead=1 reads=0 hits=0 read_bytes=0 writes=0 write_bytes=0 errors=0
subsystem_time: stage=rsp_gfx calls=1046 timed_calls=1046 period=1 timed_us=3696385
subsystem_time: stage=rsp_audio calls=2359 timed_calls=2359 period=1 timed_us=1936900
subsystem_time: stage=rsp_other calls=0 timed_calls=0 period=1 timed_us=0
subsystem_time: stage=lookup calls=6905905 timed_calls=54377 period=127 timed_us=4942
subsystem_time: stage=compile calls=1572 timed_calls=1572 period=1 timed_us=197730
subsystem_time: stage=dispatch calls=6520233 timed_calls=51340 period=127 timed_us=20739
subsystem_time: stage=execute_inclusive calls=6520233 timed_calls=51340 period=127 timed_us=223587
subsystem_time: stage=rom_copy calls=3129 timed_calls=3129 period=1 timed_us=6780
subsystem_time: stage=present calls=2399 timed_calls=2399 period=1 timed_us=18766
subsystem_time: stage=limiter calls=2338 timed_calls=2338 period=1 timed_us=24591302
subsystem_time: stage=vm_fault calls=0 timed_calls=0 period=1 timed_us=0
subsystem_time: stage=vm_victim calls=0 timed_calls=0 period=1 timed_us=0
subsystem_time: stage=vm_read calls=0 timed_calls=0 period=1 timed_us=0
subsystem_time: stage=vm_write calls=0 timed_calls=0 period=1 timed_us=0
subsystem_time: stage=tex_hash calls=0 timed_calls=0 period=1 timed_us=0
subsystem_time: stage=tex_lookup calls=0 timed_calls=0 period=1 timed_us=0
subsystem_time: stage=tex_load calls=0 timed_calls=0 period=1 timed_us=0
subsystem_time: stage=tex_activate calls=0 timed_calls=0 period=1 timed_us=0
subsystem_time: stage=draw_triangles calls=0 timed_calls=0 period=1 timed_us=0
subsystem_time: stage=draw_rect calls=0 timed_calls=0 period=1 timed_us=0
subsystem_time: stage=gfx_list calls=1046 timed_calls=1046 period=1 timed_us=3696117
subsystem_time: stage=gfx_command calls=0 timed_calls=0 period=127 timed_us=0
subsystem_time: stage=vertex calls=202043 timed_calls=1590 period=127 timed_us=11124
subsystem_time: stage=gfx_state calls=0 timed_calls=0 period=127 timed_us=0
subsystem_time: stage=gx_wait calls=0 timed_calls=0 period=1 timed_us=0
subsystem_time: stage=dma_pi calls=3129 timed_calls=3129 period=1 timed_us=236861
subsystem_time: stage=dma_sp calls=6810 timed_calls=6810 period=1 timed_us=2360
subsystem_time: stage=dma_si calls=1690 timed_calls=1690 period=1 timed_us=32074
subsystem_time: stage=tlb_translate calls=200897 timed_calls=1581 period=127 timed_us=127
subsystem_time: stage=pif calls=1691 timed_calls=1691 period=1 timed_us=31589
subsystem_time: stage=input calls=4180 timed_calls=4180 period=1 timed_us=30238
subsystem_time: stage=guest_interrupt calls=17264 timed_calls=17264 period=1 timed_us=24623068
subsystem_time: stage=interpreter_inclusive calls=0 timed_calls=0 period=1 timed_us=0
subsystem_time: stage=audio_submit calls=2360 timed_calls=2360 period=1 timed_us=6771
subsystem_time: stage=audio_callback calls=24555 timed_calls=24555 period=1 timed_us=6598
subsystem_time: stage=memory_slow calls=1118393 timed_calls=8806 period=127 timed_us=41472
subsystem_time: stage=jit_invalidate calls=21431976 timed_calls=168755 period=127 timed_us=7194
audio_time: stage=resample sampled_calls=336 sampled_samples=43888 sampled_us=3783
audio_time: stage=zoh sampled_calls=0 sampled_samples=0 sampled_us=0
audio_time: stage=adpcm sampled_calls=327 sampled_samples=42240 sampled_us=3142
audio_time: stage=envmix_exp sampled_calls=317 sampled_samples=42336 sampled_us=6421
audio_time: stage=envmix_ge sampled_calls=0 sampled_samples=0 sampled_us=0
audio_time: stage=envmix_lin sampled_calls=0 sampled_samples=0 sampled_us=0
audio_time: stage=envmix_nead sampled_calls=0 sampled_samples=0 sampled_us=0
audio_time: stage=mix sampled_calls=74 sampled_samples=23680 sampled_us=490
audio_time: stage=musyx_voice sampled_calls=0 sampled_samples=0 sampled_us=0
audio_time: stage=musyx_fx sampled_calls=0 sampled_samples=0 sampled_us=0
audio_time: stage=output sampled_calls=18 sampled_samples=9584 sampled_us=41
game: n=1/8 how=vis vis=2400 vi_rate=60 vi0_retrace=202 wall_us=40005029 sleep_us=24588193 avg_vis=59.25 avg_fps=28.02 exceptions=14189 cacheResets=1 recompiles=1572 batches=159903 verts=2084988 texStalls=0 treeDepthMax=14 underruns=9 overruns=0 queue_peak_ms=156 dsp_avg=3.97 dsp_peak=5.40 pmc1=29155365712 pmc2=0 pmc3=0 pmc4=0 mmcr0=00000042 mmcr1=00000000 heap_used=10467768 heap_free=35560 arena1_free=368640 arena2_free=577472 flushes=5 flush_us=4206 padtrace=11 rom=sd:/wii64/roms/Super Mario 64.v64
=== chain 1/8 end vis=2400 how=vis rom=sd:/wii64/roms/Super Mario 64.v64 ===
mark: pad replay records: 7
mark: loadROM: enter
mark: loadROM: before rom_read
mark: ROMCache_load: enter
mark: ROMCache_load: before first read
mark: ROMCache_load: first read returned
mark: ROMCache_load: byte_swap_type set
mark: ROMCache_load: first byte_swap done
menufps: 0.0
mark: ROMCache_load: loop exited normally
mark: ROMCache_load: elapsed_us=433448 bytes=13893632 vm=0
mark: loadROM: after rom_read
mark: loadROM: before init_memory
mark: loadROM: after init_memory
mark: loadROM: before romOpen_gfx
mark: loadROM: after romOpen_gfx / before romOpen_audio
mark: loadROM: after romOpen_audio / before romOpen_input
mark: loadROM: after romOpen_input / before cpu_init
mark: loadROM: after cpu_init
menufps: 7.7
fps: 2.3
first_vi: vi0_retrace=2812
vis: 1.1
cpu: exceptions=0 cacheResets=0 batches=0 verts=0 texStalls=0 recompiles=0 underruns=0 overruns=0 sleep_us=0 queue_ms=0
mark: CPU core dispatch: dynarec
vis: 60.0
cpu: exceptions=1029 cacheResets=1 batches=0 verts=0 texStalls=0 recompiles=316 underruns=1 overruns=0 sleep_us=22308 queue_ms=159
vis: 60.0
cpu: exceptions=1329 cacheResets=1 batches=0 verts=0 texStalls=0 recompiles=316 underruns=1 overruns=0 sleep_us=492544 queue_ms=167
vis: 60.0
cpu: exceptions=1629 cacheResets=1 batches=0 verts=0 texStalls=0 recompiles=331 underruns=1 overruns=0 sleep_us=961131 queue_ms=163
vis: 60.0
cpu: exceptions=1928 cacheResets=1 batches=0 verts=0 texStalls=0 recompiles=331 underruns=1 overruns=0 sleep_us=1431236 queue_ms=170
vis: 60.0
cpu: exceptions=2228 cacheResets=1 batches=0 verts=0 texStalls=0 recompiles=331 underruns=1 overruns=0 sleep_us=1901335 queue_ms=167
vis: 60.0
cpu: exceptions=2527 cacheResets=1 batches=0 verts=0 texStalls=0 recompiles=331 underruns=1 overruns=0 sleep_us=2371247 queue_ms=174
vis: 60.0
cpu: exceptions=2863 cacheResets=1 batches=0 verts=0 texStalls=0 recompiles=344 underruns=1 overruns=0 sleep_us=2830701 queue_ms=170
fps: 0.8
vis: 60.0
cpu: exceptions=3436 cacheResets=1 batches=45 verts=1023 texStalls=0 recompiles=468 underruns=1 overruns=0 sleep_us=3250595 queue_ms=176
fps: 1.6
vis: 60.0
cpu: exceptions=3541 cacheResets=1 batches=1005 verts=17211 texStalls=0 recompiles=528 underruns=1 overruns=0 sleep_us=3570020 queue_ms=71
fps: 31.1
vis: 60.0
cpu: exceptions=3682 cacheResets=1 batches=2801 verts=47604 texStalls=0 recompiles=528 underruns=1 overruns=0 sleep_us=3973652 queue_ms=78
fps: 30.0
vis: 60.0
cpu: exceptions=3818 cacheResets=1 batches=4244 verts=71676 texStalls=0 recompiles=566 underruns=1 overruns=0 sleep_us=4310835 queue_ms=74
vis: 60.0
cpu: exceptions=3914 cacheResets=1 batches=4244 verts=71676 texStalls=0 recompiles=566 underruns=1 overruns=0 sleep_us=4391158 queue_ms=71
fps: 3.9
vis: 60.0
cpu: exceptions=4013 cacheResets=1 batches=4364 verts=72396 texStalls=0 recompiles=598 underruns=1 overruns=0 sleep_us=4629164 queue_ms=76
fps: 1.6
vis: 60.0
cpu: exceptions=4115 cacheResets=1 batches=4844 verts=75276 texStalls=0 recompiles=610 underruns=3 overruns=0 sleep_us=4964114 queue_ms=7
fps: 31.0
vis: 60.0
cpu: exceptions=4329 cacheResets=1 batches=6644 verts=86076 texStalls=0 recompiles=611 underruns=3 overruns=0 sleep_us=5227625 queue_ms=11
fps: 30.0
vis: 60.0
cpu: exceptions=4530 cacheResets=1 batches=8444 verts=96876 texStalls=0 recompiles=614 underruns=3 overruns=0 sleep_us=5486445 queue_ms=8
fps: 30.0
vis: 60.0
cpu: exceptions=4723 cacheResets=1 batches=10244 verts=107676 texStalls=0 recompiles=614 underruns=3 overruns=0 sleep_us=5739459 queue_ms=15
fps: 30.0
vis: 60.0
cpu: exceptions=4917 cacheResets=1 batches=12044 verts=118476 texStalls=0 recompiles=614 underruns=3 overruns=0 sleep_us=5993882 queue_ms=10
fps: 30.0
vis: 60.0
cpu: exceptions=5096 cacheResets=1 batches=13844 verts=129276 texStalls=0 recompiles=614 underruns=3 overruns=0 sleep_us=6254711 queue_ms=16
fps: 29.9
vis: 60.0
cpu: exceptions=5274 cacheResets=1 batches=15644 verts=140076 texStalls=0 recompiles=614 underruns=3 overruns=0 sleep_us=6513389 queue_ms=13
fps: 30.0
vis: 60.0
cpu: exceptions=5466 cacheResets=1 batches=17444 verts=150876 texStalls=0 recompiles=616 underruns=3 overruns=0 sleep_us=6770067 queue_ms=19
vis: 60.0
cpu: exceptions=5667 cacheResets=1 batches=19244 verts=161676 texStalls=0 recompiles=617 underruns=3 overruns=0 sleep_us=7037639 queue_ms=14
fps: 30.0
vis: 60.0
cpu: exceptions=5856 cacheResets=1 batches=21044 verts=172476 texStalls=0 recompiles=617 underruns=3 overruns=0 sleep_us=7305060 queue_ms=22
fps: 30.0
vis: 60.0
cpu: exceptions=6035 cacheResets=1 batches=22844 verts=183276 texStalls=0 recompiles=617 underruns=3 overruns=0 sleep_us=7570344 queue_ms=18
fps: 30.0
vis: 60.0
cpu: exceptions=6228 cacheResets=1 batches=24644 verts=194076 texStalls=0 recompiles=617 underruns=3 overruns=0 sleep_us=7831532 queue_ms=13
fps: 30.0
vis: 60.0
cpu: exceptions=6411 cacheResets=1 batches=26444 verts=204876 texStalls=0 recompiles=617 underruns=3 overruns=0 sleep_us=8096711 queue_ms=19
fps: 30.0
vis: 60.0
cpu: exceptions=6599 cacheResets=1 batches=28244 verts=215676 texStalls=0 recompiles=617 underruns=3 overruns=0 sleep_us=8357103 queue_ms=16
fps: 30.0
vis: 60.0
cpu: exceptions=6814 cacheResets=1 batches=30044 verts=226476 texStalls=0 recompiles=617 underruns=3 overruns=0 sleep_us=8611990 queue_ms=22
fps: 30.0
vis: 60.0
cpu: exceptions=7015 cacheResets=1 batches=31844 verts=237276 texStalls=0 recompiles=617 underruns=3 overruns=0 sleep_us=8868521 queue_ms=18
fps: 30.0
vis: 60.0
cpu: exceptions=7202 cacheResets=1 batches=33644 verts=248076 texStalls=0 recompiles=621 underruns=3 overruns=0 sleep_us=9129591 queue_ms=25
fps: 30.0
vis: 60.0
cpu: exceptions=7375 cacheResets=1 batches=34964 verts=255996 texStalls=0 recompiles=626 underruns=3 overruns=0 sleep_us=9328190 queue_ms=21
vis: 60.0
cpu: exceptions=7509 cacheResets=1 batches=34964 verts=255996 texStalls=0 recompiles=626 underruns=3 overruns=0 sleep_us=9362714 queue_ms=28
vis: 60.0
cpu: exceptions=7618 cacheResets=1 batches=34964 verts=255996 texStalls=0 recompiles=632 underruns=3 overruns=0 sleep_us=9486610 queue_ms=24
fps: 4.5
vis: 60.0
cpu: exceptions=7741 cacheResets=1 batches=34964 verts=255996 texStalls=0 recompiles=674 underruns=3 overruns=0 sleep_us=9704910 queue_ms=20
fps: 31.6
vis: 60.0
cpu: exceptions=7950 cacheResets=1 batches=34964 verts=255996 texStalls=0 recompiles=674 underruns=3 overruns=0 sleep_us=10026990 queue_ms=28
fps: 30.0
vis: 60.0
cpu: exceptions=8135 cacheResets=1 batches=34964 verts=255996 texStalls=0 recompiles=674 underruns=3 overruns=0 sleep_us=10344283 queue_ms=23
fps: 30.0
vis: 60.0
cpu: exceptions=8313 cacheResets=1 batches=34964 verts=255996 texStalls=0 recompiles=674 underruns=3 overruns=0 sleep_us=10667213 queue_ms=31
fps: 30.0
vis: 60.0
cpu: exceptions=8484 cacheResets=1 batches=34964 verts=255996 texStalls=0 recompiles=674 underruns=3 overruns=0 sleep_us=10992837 queue_ms=26
vis: 60.0
cpu: exceptions=8649 cacheResets=1 batches=34964 verts=255996 texStalls=0 recompiles=674 underruns=3 overruns=0 sleep_us=11319335 queue_ms=33
fps: 29.9
vis: 60.0
cpu: exceptions=8819 cacheResets=1 batches=34964 verts=255996 texStalls=0 recompiles=674 underruns=3 overruns=0 sleep_us=11643694 queue_ms=29
fps: 30.0
vis: 60.0
cpu: exceptions=8989 cacheResets=1 batches=34964 verts=255996 texStalls=0 recompiles=674 underruns=3 overruns=0 sleep_us=11968602 queue_ms=37
fps: 30.0
vis: 60.0
cpu: exceptions=9157 cacheResets=1 batches=34964 verts=255996 texStalls=0 recompiles=674 underruns=3 overruns=0 sleep_us=12295967 queue_ms=33
fps: 30.0
vis: 60.0
cpu: exceptions=9327 cacheResets=1 batches=34964 verts=255996 texStalls=0 recompiles=674 underruns=3 overruns=0 sleep_us=12620467 queue_ms=39
fps: 30.0
vis: 60.0
cpu: exceptions=9493 cacheResets=1 batches=34964 verts=255996 texStalls=0 recompiles=674 underruns=3 overruns=0 sleep_us=12946555 queue_ms=36
fps: 30.0
vis: 60.0
cpu: exceptions=9673 cacheResets=1 batches=34964 verts=255996 texStalls=0 recompiles=674 underruns=3 overruns=0 sleep_us=13269347 queue_ms=31
fps: 30.0
vis: 60.0
cpu: exceptions=9848 cacheResets=1 batches=34964 verts=255996 texStalls=0 recompiles=674 underruns=3 overruns=0 sleep_us=13594521 queue_ms=38
fps: 30.0
vis: 60.0
cpu: exceptions=10020 cacheResets=1 batches=34964 verts=255996 texStalls=0 recompiles=674 underruns=3 overruns=0 sleep_us=13920530 queue_ms=35
fps: 30.1
vis: 60.0
cpu: exceptions=10185 cacheResets=1 batches=34964 verts=255996 texStalls=0 recompiles=674 underruns=3 overruns=0 sleep_us=14246326 queue_ms=41
fps: 30.0
vis: 60.0
cpu: exceptions=10354 cacheResets=1 batches=34964 verts=255996 texStalls=0 recompiles=674 underruns=3 overruns=0 sleep_us=14576515 queue_ms=37
fps: 30.1
vis: 60.0
cpu: exceptions=10516 cacheResets=1 batches=34964 verts=255996 texStalls=0 recompiles=681 underruns=3 overruns=0 sleep_us=14936350 queue_ms=43
fps: 30.0
vis: 60.0
cpu: exceptions=10668 cacheResets=1 batches=34964 verts=255996 texStalls=0 recompiles=686 underruns=3 overruns=0 sleep_us=15287954 queue_ms=39
fps: 30.0
vis: 60.0
cpu: exceptions=10828 cacheResets=1 batches=34964 verts=255996 texStalls=0 recompiles=686 underruns=3 overruns=0 sleep_us=15642287 queue_ms=47
fps: 30.0
vis: 60.0
cpu: exceptions=11013 cacheResets=1 batches=34964 verts=255996 texStalls=0 recompiles=686 underruns=3 overruns=0 sleep_us=15978730 queue_ms=42
fps: 30.0
vis: 60.0
cpu: exceptions=11182 cacheResets=1 batches=34964 verts=255996 texStalls=0 recompiles=686 underruns=3 overruns=0 sleep_us=16319820 queue_ms=38
fps: 30.1
vis: 60.0
cpu: exceptions=11337 cacheResets=1 batches=34964 verts=255996 texStalls=0 recompiles=686 underruns=3 overruns=0 sleep_us=16676185 queue_ms=44
fps: 30.0
vis: 60.0
cpu: exceptions=11489 cacheResets=1 batches=34964 verts=255996 texStalls=0 recompiles=686 underruns=3 overruns=0 sleep_us=17032777 queue_ms=39
fps: 30.0
vis: 60.0
cpu: exceptions=11645 cacheResets=1 batches=34964 verts=255996 texStalls=0 recompiles=686 underruns=3 overruns=0 sleep_us=17393039 queue_ms=46
fps: 30.0
vis: 60.0
cpu: exceptions=11797 cacheResets=1 batches=34964 verts=255996 texStalls=0 recompiles=686 underruns=3 overruns=0 sleep_us=17767814 queue_ms=42
fps: 30.0
vis: 60.0
cpu: exceptions=11949 cacheResets=1 batches=34964 verts=255996 texStalls=0 recompiles=686 underruns=3 overruns=0 sleep_us=18145775 queue_ms=50
fps: 30.0
vis: 60.0
cpu: exceptions=12107 cacheResets=1 batches=34964 verts=255996 texStalls=0 recompiles=686 underruns=3 overruns=0 sleep_us=18523575 queue_ms=45
fps: 30.0
vis: 60.0
cpu: exceptions=12258 cacheResets=1 batches=34964 verts=255996 texStalls=0 recompiles=686 underruns=3 overruns=0 sleep_us=18903200 queue_ms=52
fps: 30.0
vis: 60.0
cpu: exceptions=12413 cacheResets=1 batches=34964 verts=255996 texStalls=0 recompiles=686 underruns=3 overruns=0 sleep_us=19279299 queue_ms=47
fps: 30.0
vis: 60.0
cpu: exceptions=12562 cacheResets=1 batches=34964 verts=255996 texStalls=0 recompiles=686 underruns=3 overruns=0 sleep_us=19658449 queue_ms=54
fps: 29.9
vis: 60.0
cpu: exceptions=12764 cacheResets=1 batches=34964 verts=255996 texStalls=0 recompiles=686 underruns=3 overruns=0 sleep_us=19985913 queue_ms=50
fps: 30.0
vis: 60.0
cpu: exceptions=12946 cacheResets=1 batches=34964 verts=255996 texStalls=0 recompiles=686 underruns=3 overruns=0 sleep_us=20309912 queue_ms=57
fps: 30.0
vis: 60.0
cpu: exceptions=13120 cacheResets=1 batches=34964 verts=255996 texStalls=0 recompiles=686 underruns=3 overruns=0 sleep_us=20639559 queue_ms=53
fps: 30.0
vis: 60.0
cpu: exceptions=13296 cacheResets=1 batches=34964 verts=255996 texStalls=0 recompiles=686 underruns=3 overruns=0 sleep_us=20971532 queue_ms=48
vis: 60.0
cpu: exceptions=13471 cacheResets=1 batches=34964 verts=255996 texStalls=0 recompiles=686 underruns=3 overruns=0 sleep_us=21304148 queue_ms=56
fps: 30.0
vis: 60.0
cpu: exceptions=13649 cacheResets=1 batches=34964 verts=255996 texStalls=0 recompiles=686 underruns=3 overruns=0 sleep_us=21634731 queue_ms=52
fps: 30.0
vis: 60.0
cpu: exceptions=13820 cacheResets=1 batches=34964 verts=255996 texStalls=0 recompiles=686 underruns=3 overruns=0 sleep_us=21966014 queue_ms=59
fps: 30.0
vis: 60.0
cpu: exceptions=13988 cacheResets=1 batches=34964 verts=255996 texStalls=0 recompiles=686 underruns=3 overruns=0 sleep_us=22299355 queue_ms=56
fps: 30.0
vis: 60.0
cpu: exceptions=14170 cacheResets=1 batches=34964 verts=255996 texStalls=0 recompiles=686 underruns=3 overruns=0 sleep_us=22629708 queue_ms=62
fps: 30.0
vis: 60.0
cpu: exceptions=14335 cacheResets=1 batches=34964 verts=255996 texStalls=0 recompiles=686 underruns=3 overruns=0 sleep_us=22962802 queue_ms=57
fps: 30.0
vis: 60.0
cpu: exceptions=14508 cacheResets=1 batches=34964 verts=255996 texStalls=0 recompiles=686 underruns=3 overruns=0 sleep_us=23292768 queue_ms=65
fps: 30.0
vis: 60.0
cpu: exceptions=14681 cacheResets=1 batches=34964 verts=255996 texStalls=0 recompiles=686 underruns=3 overruns=0 sleep_us=23624734 queue_ms=61
fps: 30.0
vis: 60.0
cpu: exceptions=14851 cacheResets=1 batches=34964 verts=255996 texStalls=0 recompiles=686 underruns=3 overruns=0 sleep_us=23957688 queue_ms=68
fps: 29.9
vis: 60.0
cpu: exceptions=15027 cacheResets=1 batches=34964 verts=255996 texStalls=0 recompiles=686 underruns=3 overruns=0 sleep_us=24289270 queue_ms=65
fps: 30.0
vis: 60.0
cpu: exceptions=15197 cacheResets=1 batches=34964 verts=255996 texStalls=0 recompiles=686 underruns=3 overruns=0 sleep_us=24626295 queue_ms=72
fps: 30.1
vis: 60.0
cpu: exceptions=15363 cacheResets=1 batches=34964 verts=255996 texStalls=0 recompiles=686 underruns=3 overruns=0 sleep_us=24996178 queue_ms=68
fps: 30.0
mark: stop reason: chain guest VI limit
mark: stop_it requested
audio: alist_resample_calls=85425 alist_resample_samples=12746240 alist_zoh_calls=0 alist_zoh_samples=0 musyx_subframes=0 musyx_voices=0 musyx_voice_peak=0
audio_stages: adpcm_calls=86909 adpcm_samples=13342752 envmix_calls=85425 envmix_samples=12746240 mix_calls=14118 mix_samples=5421312 musyx_fx_calls=0 musyx_fx_taps=0 output_calls=2371 output_samples=1060816
audio_envmix: exp_calls=0 ge_calls=0 lin_calls=0 nead_calls=85425 exp_steady=0 ge_steady=0 lin_steady=0
audio_gaps: nead_mats=0 nead_efz=0 resample_flag2=0 musyx_ptr10=0
audio_output: stream_requests=5437 stream_fed=3677 input_hz=26807 playback_hz=26807 queue_peak_ms=195
vm_io: read_ahead=1 reads=0 hits=0 read_bytes=0 writes=0 write_bytes=0 errors=0
subsystem_time: stage=rsp_gfx calls=987 timed_calls=987 period=1 timed_us=2916059
subsystem_time: stage=rsp_audio calls=2353 timed_calls=2353 period=1 timed_us=3597115
subsystem_time: stage=rsp_other calls=0 timed_calls=0 period=1 timed_us=0
subsystem_time: stage=lookup calls=4350857 timed_calls=34258 period=127 timed_us=3567
subsystem_time: stage=compile calls=686 timed_calls=686 period=1 timed_us=102117
subsystem_time: stage=dispatch calls=4349268 timed_calls=34246 period=127 timed_us=12882
subsystem_time: stage=execute_inclusive calls=4349268 timed_calls=34246 period=127 timed_us=293666
subsystem_time: stage=rom_copy calls=3623 timed_calls=3623 period=1 timed_us=5846
subsystem_time: stage=present calls=2399 timed_calls=2399 period=1 timed_us=17804
subsystem_time: stage=limiter calls=2367 timed_calls=2367 period=1 timed_us=25362769
subsystem_time: stage=vm_fault calls=0 timed_calls=0 period=1 timed_us=0
subsystem_time: stage=vm_victim calls=0 timed_calls=0 period=1 timed_us=0
subsystem_time: stage=vm_read calls=0 timed_calls=0 period=1 timed_us=0
subsystem_time: stage=vm_write calls=0 timed_calls=0 period=1 timed_us=0
subsystem_time: stage=tex_hash calls=0 timed_calls=0 period=1 timed_us=0
subsystem_time: stage=tex_lookup calls=0 timed_calls=0 period=1 timed_us=0
subsystem_time: stage=tex_load calls=0 timed_calls=0 period=1 timed_us=0
subsystem_time: stage=tex_activate calls=0 timed_calls=0 period=1 timed_us=0
subsystem_time: stage=draw_triangles calls=0 timed_calls=0 period=1 timed_us=0
subsystem_time: stage=draw_rect calls=0 timed_calls=0 period=1 timed_us=0
subsystem_time: stage=gfx_list calls=987 timed_calls=987 period=1 timed_us=2915800
subsystem_time: stage=gfx_command calls=0 timed_calls=0 period=127 timed_us=0
subsystem_time: stage=vertex calls=33024 timed_calls=260 period=127 timed_us=1416
subsystem_time: stage=gfx_state calls=0 timed_calls=0 period=127 timed_us=0
subsystem_time: stage=gx_wait calls=0 timed_calls=0 period=1 timed_us=0
subsystem_time: stage=dma_pi calls=3623 timed_calls=3623 period=1 timed_us=192083
subsystem_time: stage=dma_sp calls=6680 timed_calls=6680 period=1 timed_us=2384
subsystem_time: stage=dma_si calls=2545 timed_calls=2545 period=1 timed_us=30530
subsystem_time: stage=tlb_translate calls=0 timed_calls=0 period=127 timed_us=0
subsystem_time: stage=pif calls=2546 timed_calls=2546 period=1 timed_us=30543
subsystem_time: stage=input calls=3948 timed_calls=3948 period=1 timed_us=28304
subsystem_time: stage=guest_interrupt calls=20153 timed_calls=20153 period=1 timed_us=25396082
subsystem_time: stage=interpreter_inclusive calls=0 timed_calls=0 period=1 timed_us=0
subsystem_time: stage=audio_submit calls=2371 timed_calls=2371 period=1 timed_us=5473
subsystem_time: stage=audio_callback calls=23916 timed_calls=23916 period=1 timed_us=5873
subsystem_time: stage=memory_slow calls=820884 timed_calls=6463 period=127 timed_us=38042
subsystem_time: stage=jit_invalidate calls=22059317 timed_calls=173695 period=127 timed_us=7857
audio_time: stage=resample sampled_calls=672 sampled_samples=100160 sampled_us=8578
audio_time: stage=zoh sampled_calls=0 sampled_samples=0 sampled_us=0
audio_time: stage=adpcm sampled_calls=684 sampled_samples=105952 sampled_us=7883
audio_time: stage=envmix_exp sampled_calls=0 sampled_samples=0 sampled_us=0
audio_time: stage=envmix_ge sampled_calls=0 sampled_samples=0 sampled_us=0
audio_time: stage=envmix_lin sampled_calls=0 sampled_samples=0 sampled_us=0
audio_time: stage=envmix_nead sampled_calls=672 sampled_samples=100160 sampled_us=9906
audio_time: stage=mix sampled_calls=111 sampled_samples=42624 sampled_us=885
audio_time: stage=musyx_voice sampled_calls=0 sampled_samples=0 sampled_us=0
audio_time: stage=musyx_fx sampled_calls=0 sampled_samples=0 sampled_us=0
audio_time: stage=output sampled_calls=18 sampled_samples=8000 sampled_us=35
game: n=2/8 how=vis vis=2400 vi_rate=60 vi0_retrace=2812 wall_us=40012193 sleep_us=25359511 avg_vis=59.26 avg_fps=27.62 exceptions=15515 cacheResets=1 recompiles=686 batches=34964 verts=255996 texStalls=0 treeDepthMax=14 underruns=3 overruns=0 queue_peak_ms=176 dsp_avg=3.95 dsp_peak=5.15 pmc1=29160604290 pmc2=0 pmc3=0 pmc4=0 mmcr0=00000042 mmcr1=00000000 heap_used=10473912 heap_free=62184 arena1_free=335872 arena2_free=577472 flushes=6 flush_us=5213 padtrace=7 rom=sd:/wii64/roms/Mario Kart 64.v64
=== chain 2/8 end vis=2400 how=vis rom=sd:/wii64/roms/Mario Kart 64.v64 ===
mark: pad replay records: 1
mark: loadROM: enter
mark: loadROM: before rom_read
mark: ROMCache_load: enter
mark: ROMCache_load: before first read
mark: ROMCache_load: first read returned
mark: ROMCache_load: byte_swap_type set
mark: ROMCache_load: first byte_swap done
menufps: 0.0
menufps: 58.7
mark: ROMCache_load: loop exited normally
mark: ROMCache_load: elapsed_us=517261 bytes=16777216 vm=0
mark: loadROM: after rom_read
mark: loadROM: before init_memory
mark: loadROM: after init_memory
mark: loadROM: before romOpen_gfx
mark: loadROM: after romOpen_gfx / before romOpen_audio
mark: loadROM: after romOpen_audio / before romOpen_input
mark: loadROM: after romOpen_input / before cpu_init
mark: loadROM: after cpu_init
menufps: 1.0
fps: 2.3
first_vi: vi0_retrace=5427
vis: 7.3
cpu: exceptions=0 cacheResets=0 batches=0 verts=0 texStalls=0 recompiles=0 underruns=0 overruns=0 sleep_us=0 queue_ms=0
mark: CPU core dispatch: dynarec
vis: 21.8
cpu: exceptions=18 cacheResets=1 batches=0 verts=0 texStalls=0 recompiles=138 underruns=0 overruns=0 sleep_us=0 queue_ms=0
vis: 60.0
cpu: exceptions=48 cacheResets=1 batches=0 verts=0 texStalls=0 recompiles=138 underruns=0 overruns=0 sleep_us=211175 queue_ms=0
vis: 60.0
cpu: exceptions=78 cacheResets=1 batches=0 verts=0 texStalls=0 recompiles=138 underruns=0 overruns=0 sleep_us=424733 queue_ms=0
vis: 60.0
cpu: exceptions=452 cacheResets=1 batches=0 verts=0 texStalls=0 recompiles=504 underruns=1 overruns=0 sleep_us=592766 queue_ms=30
vis: 60.0
cpu: exceptions=653 cacheResets=1 batches=0 verts=0 texStalls=0 recompiles=1272 underruns=2 overruns=0 sleep_us=704293 queue_ms=48
fps: 0.4
vis: 60.0
cpu: exceptions=822 cacheResets=1 batches=40 verts=843 texStalls=0 recompiles=1901 underruns=3 overruns=0 sleep_us=836808 queue_ms=78
fps: 1.3
vis: 60.0
cpu: exceptions=989 cacheResets=1 batches=106 verts=1800 texStalls=0 recompiles=1977 underruns=3 overruns=0 sleep_us=1044811 queue_ms=69
fps: 30.0
vis: 60.0
cpu: exceptions=1182 cacheResets=1 batches=436 verts=6951 texStalls=0 recompiles=2003 underruns=3 overruns=0 sleep_us=1357477 queue_ms=74
fps: 30.0
vis: 60.0
cpu: exceptions=1361 cacheResets=1 batches=766 verts=12426 texStalls=0 recompiles=2008 underruns=3 overruns=0 sleep_us=1671650 queue_ms=78
fps: 30.0
vis: 60.0
cpu: exceptions=1548 cacheResets=1 batches=1096 verts=18126 texStalls=0 recompiles=2008 underruns=3 overruns=0 sleep_us=1979135 queue_ms=82
fps: 30.0
vis: 60.0
cpu: exceptions=1723 cacheResets=1 batches=1416 verts=23727 texStalls=0 recompiles=2009 underruns=3 overruns=0 sleep_us=2290739 queue_ms=87
fps: 30.0
vis: 60.0
cpu: exceptions=1913 cacheResets=1 batches=1717 verts=29226 texStalls=0 recompiles=2011 underruns=3 overruns=0 sleep_us=2598618 queue_ms=70
fps: 30.0
vis: 60.0
cpu: exceptions=2101 cacheResets=1 batches=2017 verts=34704 texStalls=0 recompiles=2028 underruns=3 overruns=0 sleep_us=2903541 queue_ms=74
fps: 30.0
vis: 60.0
cpu: exceptions=2286 cacheResets=1 batches=2317 verts=39957 texStalls=0 recompiles=2028 underruns=3 overruns=0 sleep_us=3212953 queue_ms=78
fps: 29.9
vis: 60.0
cpu: exceptions=2474 cacheResets=1 batches=2914 verts=50463 texStalls=0 recompiles=2035 underruns=3 overruns=0 sleep_us=3476442 queue_ms=83
vis: 60.0
cpu: exceptions=2674 cacheResets=1 batches=3708 verts=62439 texStalls=0 recompiles=2035 underruns=3 overruns=0 sleep_us=3724556 queue_ms=87
fps: 30.0
vis: 60.0
cpu: exceptions=2853 cacheResets=1 batches=4360 verts=69837 texStalls=0 recompiles=2062 underruns=3 overruns=0 sleep_us=4006349 queue_ms=70
fps: 30.0
vis: 60.0
cpu: exceptions=3028 cacheResets=1 batches=4914 verts=76644 texStalls=0 recompiles=2062 underruns=3 overruns=0 sleep_us=4313674 queue_ms=74
fps: 30.0
vis: 60.0
cpu: exceptions=3199 cacheResets=1 batches=5330 verts=82605 texStalls=0 recompiles=2063 underruns=3 overruns=0 sleep_us=4630476 queue_ms=79
fps: 29.9
vis: 60.0
cpu: exceptions=3382 cacheResets=1 batches=5630 verts=88068 texStalls=0 recompiles=2063 underruns=3 overruns=0 sleep_us=4950904 queue_ms=83
fps: 30.0
vis: 60.0
cpu: exceptions=3566 cacheResets=1 batches=5930 verts=93513 texStalls=0 recompiles=2063 underruns=3 overruns=0 sleep_us=5264793 queue_ms=88
fps: 30.0
vis: 60.0
cpu: exceptions=3758 cacheResets=1 batches=6343 verts=100899 texStalls=0 recompiles=2063 underruns=3 overruns=0 sleep_us=5551460 queue_ms=70
fps: 30.0
vis: 60.0
cpu: exceptions=3952 cacheResets=1 batches=7179 verts=114876 texStalls=0 recompiles=2064 underruns=3 overruns=0 sleep_us=5822305 queue_ms=75
fps: 30.0
vis: 60.0
cpu: exceptions=4155 cacheResets=1 batches=8361 verts=128397 texStalls=0 recompiles=2080 underruns=3 overruns=0 sleep_us=6078906 queue_ms=79
fps: 29.9
vis: 60.0
cpu: exceptions=4350 cacheResets=1 batches=12077 verts=156318 texStalls=0 recompiles=2080 underruns=3 overruns=0 sleep_us=6307501 queue_ms=84
fps: 29.9
vis: 60.0
cpu: exceptions=4541 cacheResets=1 batches=17096 verts=195198 texStalls=0 recompiles=2080 underruns=3 overruns=0 sleep_us=6522542 queue_ms=80
fps: 30.0
vis: 60.0
cpu: exceptions=4731 cacheResets=1 batches=20988 verts=228009 texStalls=0 recompiles=2081 underruns=3 overruns=0 sleep_us=6753496 queue_ms=71
fps: 30.1
vis: 60.0
cpu: exceptions=4930 cacheResets=1 batches=22792 verts=248358 texStalls=0 recompiles=2082 underruns=3 overruns=0 sleep_us=7000365 queue_ms=75
fps: 30.0
vis: 60.0
cpu: exceptions=5124 cacheResets=1 batches=23575 verts=262614 texStalls=0 recompiles=2082 underruns=3 overruns=0 sleep_us=7255311 queue_ms=80
fps: 30.0
mark: stop reason: chain guest VI limit
mark: stop_it requested
audio: alist_resample_calls=7273 alist_resample_samples=1338232 alist_zoh_calls=0 alist_zoh_samples=0 musyx_subframes=0 musyx_voices=0 musyx_voice_peak=0
audio_stages: adpcm_calls=5684 adpcm_samples=629344 envmix_calls=5654 envmix_samples=1040336 mix_calls=32380 mix_samples=5957920 musyx_fx_calls=0 musyx_fx_taps=0 output_calls=405 output_samples=297160
audio_envmix: exp_calls=0 ge_calls=0 lin_calls=5654 nead_calls=0 exp_steady=0 ge_steady=0 lin_steady=5208
audio_gaps: nead_mats=0 nead_efz=0 resample_flag2=0 musyx_ptr10=0
audio_output: stream_requests=3465 stream_fed=1025 input_hz=21998 playback_hz=21998 queue_peak_ms=106
vm_io: read_ahead=1 reads=0 hits=0 read_bytes=0 writes=0 write_bytes=0 errors=0
subsystem_time: stage=rsp_gfx calls=358 timed_calls=358 period=1 timed_us=625648
subsystem_time: stage=rsp_audio calls=406 timed_calls=406 period=1 timed_us=464213
subsystem_time: stage=rsp_other calls=0 timed_calls=0 period=1 timed_us=0
subsystem_time: stage=lookup calls=4415518 timed_calls=34767 period=127 timed_us=3563
subsystem_time: stage=compile calls=2083 timed_calls=2083 period=1 timed_us=214010
subsystem_time: stage=dispatch calls=4132077 timed_calls=32536 period=127 timed_us=13504
subsystem_time: stage=execute_inclusive calls=4132077 timed_calls=32536 period=127 timed_us=66344
subsystem_time: stage=rom_copy calls=640 timed_calls=640 period=1 timed_us=2903
subsystem_time: stage=present calls=899 timed_calls=899 period=1 timed_us=58073
subsystem_time: stage=limiter calls=861 timed_calls=861 period=1 timed_us=7637369
subsystem_time: stage=vm_fault calls=0 timed_calls=0 period=1 timed_us=0
subsystem_time: stage=vm_victim calls=0 timed_calls=0 period=1 timed_us=0
subsystem_time: stage=vm_read calls=0 timed_calls=0 period=1 timed_us=0
subsystem_time: stage=vm_write calls=0 timed_calls=0 period=1 timed_us=0
subsystem_time: stage=tex_hash calls=0 timed_calls=0 period=1 timed_us=0
subsystem_time: stage=tex_lookup calls=0 timed_calls=0 period=1 timed_us=0
subsystem_time: stage=tex_load calls=0 timed_calls=0 period=1 timed_us=0
subsystem_time: stage=tex_activate calls=0 timed_calls=0 period=1 timed_us=0
subsystem_time: stage=draw_triangles calls=0 timed_calls=0 period=1 timed_us=0
subsystem_time: stage=draw_rect calls=0 timed_calls=0 period=1 timed_us=0
subsystem_time: stage=gfx_list calls=358 timed_calls=358 period=1 timed_us=625552
subsystem_time: stage=gfx_command calls=0 timed_calls=0 period=127 timed_us=0
subsystem_time: stage=vertex calls=38254 timed_calls=301 period=127 timed_us=1036
subsystem_time: stage=gfx_state calls=0 timed_calls=0 period=127 timed_us=0
subsystem_time: stage=gx_wait calls=0 timed_calls=0 period=1 timed_us=0
subsystem_time: stage=dma_pi calls=640 timed_calls=640 period=1 timed_us=76174
subsystem_time: stage=dma_sp calls=1528 timed_calls=1528 period=1 timed_us=587
subsystem_time: stage=dma_si calls=1147 timed_calls=1147 period=1 timed_us=5520
subsystem_time: stage=tlb_translate calls=0 timed_calls=0 period=127 timed_us=0
subsystem_time: stage=pif calls=1149 timed_calls=1149 period=1 timed_us=5576
subsystem_time: stage=input calls=807 timed_calls=807 period=1 timed_us=4807
subsystem_time: stage=guest_interrupt calls=6611 timed_calls=6611 period=1 timed_us=7701999
subsystem_time: stage=interpreter_inclusive calls=0 timed_calls=0 period=1 timed_us=0
subsystem_time: stage=audio_submit calls=405 timed_calls=405 period=1 timed_us=1460
subsystem_time: stage=audio_callback calls=9601 timed_calls=9601 period=1 timed_us=1830
subsystem_time: stage=memory_slow calls=487815 timed_calls=3841 period=127 timed_us=14352
subsystem_time: stage=jit_invalidate calls=13795771 timed_calls=108628 period=127 timed_us=5096
audio_time: stage=resample sampled_calls=57 sampled_samples=10488 sampled_us=830
audio_time: stage=zoh sampled_calls=0 sampled_samples=0 sampled_us=0
audio_time: stage=adpcm sampled_calls=44 sampled_samples=4752 sampled_us=350
audio_time: stage=envmix_exp sampled_calls=0 sampled_samples=0 sampled_us=0
audio_time: stage=envmix_ge sampled_calls=0 sampled_samples=0 sampled_us=0
audio_time: stage=envmix_lin sampled_calls=44 sampled_samples=8096 sampled_us=1001
audio_time: stage=envmix_nead sampled_calls=0 sampled_samples=0 sampled_us=0
audio_time: stage=mix sampled_calls=254 sampled_samples=46736 sampled_us=990
audio_time: stage=musyx_voice sampled_calls=0 sampled_samples=0 sampled_us=0
audio_time: stage=musyx_fx sampled_calls=0 sampled_samples=0 sampled_us=0
audio_time: stage=output sampled_calls=3 sampled_samples=2208 sampled_us=9
game: n=3/8 how=vis vis=900 vi_rate=60 vi0_retrace=5427 wall_us=15318502 sleep_us=7636256 avg_vis=56.97 avg_fps=26.55 exceptions=5450 cacheResets=1 recompiles=2083 batches=25112 verts=292893 texStalls=0 treeDepthMax=31 underruns=3 overruns=0 queue_peak_ms=88 dsp_avg=4.01 dsp_peak=4.80 pmc1=11163291039 pmc2=0 pmc3=0 pmc4=0 mmcr0=00000042 mmcr1=00000000 heap_used=10501528 heap_free=42760 arena1_free=327680 arena2_free=577472 flushes=3 flush_us=2366 padtrace=0 rom=sd:/wii64/roms/Banjo-Kazooie.V64
=== chain 3/8 end vis=900 how=vis rom=sd:/wii64/roms/Banjo-Kazooie.V64 ===
mark: pad replay records: 11
mark: loadROM: enter
mark: loadROM: before rom_read
mark: ROMCache_load: enter
menufps: 0.1
menufps: 0.2
mark: ROMCache_load: before first read
mark: ROMCache_load: first read returned
mark: ROMCache_load: byte_swap_type set
mark: ROMCache_load: first byte_swap done
menufps: 0.2
menufps: 55.0
menufps: 1.4
menufps: 1.4
menufps: 1.4
menufps: 1.4
menufps: 1.4
menufps: 1.4
menufps: 1.4
menufps: 21.4
mark: ROMCache_load: loop exited normally
mark: ROMCache_load: preflush_us=17876737 writes=2040 bytes=16711680
mark: ROMCache_load: elapsed_us=34386453 bytes=33554432 vm=1
mark: loadROM: after rom_read
mark: loadROM: before init_memory
mark: loadROM: after init_memory
mark: loadROM: before romOpen_gfx
mark: loadROM: after romOpen_gfx / before romOpen_audio
mark: loadROM: after romOpen_audio / before romOpen_input
mark: loadROM: after romOpen_input / before cpu_init
mark: loadROM: after cpu_init
menufps: 0.8
menufps: 0.7
fps: 0.3
first_vi: vi0_retrace=8593
vis: 0.6
cpu: exceptions=0 cacheResets=0 batches=0 verts=0 texStalls=0 recompiles=0 underruns=0 overruns=0 sleep_us=0 queue_ms=0
mark: CPU core dispatch: dynarec
vis: 60.0
cpu: exceptions=420 cacheResets=1 batches=0 verts=0 texStalls=0 recompiles=315 underruns=0 overruns=0 sleep_us=159884 queue_ms=0
vis: 60.0
cpu: exceptions=660 cacheResets=1 batches=0 verts=0 texStalls=0 recompiles=315 underruns=0 overruns=0 sleep_us=648266 queue_ms=0
vis: 60.0
cpu: exceptions=2154 cacheResets=1 batches=0 verts=0 texStalls=0 recompiles=336 underruns=0 overruns=0 sleep_us=1089031 queue_ms=0
fps: 0.5
vis: 60.0
cpu: exceptions=2416 cacheResets=1 batches=0 verts=0 texStalls=0 recompiles=660 underruns=1 overruns=0 sleep_us=1534700 queue_ms=14
vis: 60.0
cpu: exceptions=2622 cacheResets=1 batches=0 verts=0 texStalls=0 recompiles=786 underruns=1 overruns=0 sleep_us=1897555 queue_ms=10
fps: 56.4
vis: 60.0
cpu: exceptions=2787 cacheResets=1 batches=0 verts=0 texStalls=0 recompiles=786 underruns=1 overruns=0 sleep_us=2335919 queue_ms=15
fps: 60.0
vis: 60.0
cpu: exceptions=2952 cacheResets=1 batches=0 verts=0 texStalls=0 recompiles=791 underruns=1 overruns=0 sleep_us=2774342 queue_ms=12
fps: 60.0
vis: 60.0
cpu: exceptions=3117 cacheResets=1 batches=0 verts=0 texStalls=0 recompiles=791 underruns=1 overruns=0 sleep_us=3213047 queue_ms=8
fps: 60.0
vis: 60.0
cpu: exceptions=3282 cacheResets=1 batches=0 verts=0 texStalls=0 recompiles=791 underruns=1 overruns=0 sleep_us=3651698 queue_ms=13
fps: 59.9
vis: 60.0
cpu: exceptions=3447 cacheResets=1 batches=0 verts=0 texStalls=0 recompiles=805 underruns=1 overruns=0 sleep_us=4090117 queue_ms=9
fps: 60.1
vis: 60.0
cpu: exceptions=3614 cacheResets=1 batches=0 verts=0 texStalls=0 recompiles=805 underruns=1 overruns=0 sleep_us=4484701 queue_ms=14
fps: 54.1
vis: 60.0
cpu: exceptions=3794 cacheResets=1 batches=0 verts=0 texStalls=0 recompiles=807 underruns=1 overruns=0 sleep_us=4923481 queue_ms=11
fps: 60.0
vis: 60.0
cpu: exceptions=3974 cacheResets=1 batches=0 verts=0 texStalls=0 recompiles=807 underruns=1 overruns=0 sleep_us=5362326 queue_ms=16
fps: 60.0
vis: 60.0
cpu: exceptions=4154 cacheResets=1 batches=0 verts=0 texStalls=0 recompiles=807 underruns=1 overruns=0 sleep_us=5801302 queue_ms=13
fps: 60.0
vis: 60.0
cpu: exceptions=4334 cacheResets=1 batches=0 verts=0 texStalls=0 recompiles=807 underruns=1 overruns=0 sleep_us=6240116 queue_ms=17
fps: 60.1
vis: 60.0
cpu: exceptions=4515 cacheResets=1 batches=0 verts=0 texStalls=0 recompiles=808 underruns=1 overruns=0 sleep_us=6633188 queue_ms=14
fps: 54.1
vis: 60.0
cpu: exceptions=4695 cacheResets=1 batches=0 verts=0 texStalls=0 recompiles=809 underruns=1 overruns=0 sleep_us=7071927 queue_ms=10
fps: 60.0
vis: 60.0
cpu: exceptions=4875 cacheResets=1 batches=0 verts=0 texStalls=0 recompiles=809 underruns=1 overruns=0 sleep_us=7510818 queue_ms=16
fps: 60.0
vis: 60.0
cpu: exceptions=5055 cacheResets=1 batches=0 verts=0 texStalls=0 recompiles=809 underruns=1 overruns=0 sleep_us=7949629 queue_ms=12
fps: 60.0
vis: 60.0
cpu: exceptions=5235 cacheResets=1 batches=0 verts=0 texStalls=0 recompiles=811 underruns=1 overruns=0 sleep_us=8388172 queue_ms=17
fps: 60.0
vis: 57.5
cpu: exceptions=5509 cacheResets=1 batches=0 verts=0 texStalls=0 recompiles=1101 underruns=2 overruns=0 sleep_us=8746468 queue_ms=5
vis: 60.0
cpu: exceptions=5768 cacheResets=1 batches=0 verts=0 texStalls=0 recompiles=1125 underruns=4 overruns=0 sleep_us=8905776 queue_ms=18
vis: 60.0
cpu: exceptions=6020 cacheResets=1 batches=0 verts=0 texStalls=0 recompiles=1125 underruns=4 overruns=0 sleep_us=9083802 queue_ms=24
vis: 59.1
cpu: exceptions=6260 cacheResets=1 batches=0 verts=0 texStalls=0 recompiles=1125 underruns=4 overruns=0 sleep_us=9274819 queue_ms=11
vis: 60.0
cpu: exceptions=6487 cacheResets=1 batches=0 verts=0 texStalls=0 recompiles=1125 underruns=4 overruns=0 sleep_us=9459648 queue_ms=16
vis: 60.0
cpu: exceptions=6707 cacheResets=1 batches=0 verts=0 texStalls=0 recompiles=1125 underruns=4 overruns=0 sleep_us=9642784 queue_ms=12
vis: 60.0
cpu: exceptions=6927 cacheResets=1 batches=0 verts=0 texStalls=0 recompiles=1125 underruns=4 overruns=0 sleep_us=9836854 queue_ms=9
fps: 5.6
vis: 58.5
cpu: exceptions=7133 cacheResets=1 batches=658 verts=4521 texStalls=0 recompiles=1295 underruns=5 overruns=0 sleep_us=10016987 queue_ms=5
fps: 148.2
vis: 60.0
cpu: exceptions=7407 cacheResets=1 batches=10483 verts=72159 texStalls=0 recompiles=1419 underruns=5 overruns=0 sleep_us=10135442 queue_ms=10
mark: stop reason: chain guest VI limit
mark: stop_it requested
audio: alist_resample_calls=643 alist_resample_samples=78816 alist_zoh_calls=0 alist_zoh_samples=0 musyx_subframes=0 musyx_voices=0 musyx_voice_peak=0
audio_stages: adpcm_calls=643 adpcm_samples=57600 envmix_calls=643 envmix_samples=78816 mix_calls=31250 mix_samples=4170080 musyx_fx_calls=0 musyx_fx_taps=0 output_calls=781 output_samples=417008
audio_envmix: exp_calls=643 ge_calls=0 lin_calls=0 nead_calls=0 exp_steady=570 ge_steady=0 lin_steady=0
audio_gaps: nead_mats=0 nead_efz=0 resample_flag2=0 musyx_ptr10=0
audio_output: stream_requests=3962 stream_fed=1447 input_hz=32006 playback_hz=32006 queue_peak_ms=41
vm_io: read_ahead=1 reads=110 hits=423 read_bytes=3604480 writes=0 write_bytes=0 errors=0
subsystem_time: stage=rsp_gfx calls=652 timed_calls=652 period=1 timed_us=520519
subsystem_time: stage=rsp_audio calls=781 timed_calls=781 period=1 timed_us=248344
subsystem_time: stage=rsp_other calls=0 timed_calls=0 period=1 timed_us=0
subsystem_time: stage=lookup calls=1084243 timed_calls=8537 period=127 timed_us=1018
subsystem_time: stage=compile calls=1420 timed_calls=1420 period=1 timed_us=104228
subsystem_time: stage=dispatch calls=1062041 timed_calls=8362 period=127 timed_us=4952
subsystem_time: stage=execute_inclusive calls=1062041 timed_calls=8362 period=127 timed_us=69144
subsystem_time: stage=rom_copy calls=1098 timed_calls=1098 period=1 timed_us=437944
subsystem_time: stage=present calls=899 timed_calls=899 period=1 timed_us=5199
subsystem_time: stage=limiter calls=855 timed_calls=855 period=1 timed_us=10259201
subsystem_time: stage=vm_fault calls=533 timed_calls=533 period=1 timed_us=433496
subsystem_time: stage=vm_victim calls=533 timed_calls=533 period=1 timed_us=128
subsystem_time: stage=vm_read calls=110 timed_calls=110 period=1 timed_us=430935
subsystem_time: stage=vm_write calls=0 timed_calls=0 period=1 timed_us=0
subsystem_time: stage=tex_hash calls=0 timed_calls=0 period=1 timed_us=0
subsystem_time: stage=tex_lookup calls=0 timed_calls=0 period=1 timed_us=0
subsystem_time: stage=tex_load calls=0 timed_calls=0 period=1 timed_us=0
subsystem_time: stage=tex_activate calls=0 timed_calls=0 period=1 timed_us=0
subsystem_time: stage=draw_triangles calls=0 timed_calls=0 period=1 timed_us=0
subsystem_time: stage=draw_rect calls=0 timed_calls=0 period=1 timed_us=0
subsystem_time: stage=gfx_list calls=652 timed_calls=652 period=1 timed_us=520318
subsystem_time: stage=gfx_command calls=0 timed_calls=0 period=127 timed_us=0
subsystem_time: stage=vertex calls=11190 timed_calls=88 period=127 timed_us=1173
subsystem_time: stage=gfx_state calls=0 timed_calls=0 period=127 timed_us=0
subsystem_time: stage=gx_wait calls=0 timed_calls=0 period=1 timed_us=0
subsystem_time: stage=dma_pi calls=1098 timed_calls=1098 period=1 timed_us=509385
subsystem_time: stage=dma_sp calls=2866 timed_calls=2866 period=1 timed_us=1039
subsystem_time: stage=dma_si calls=2784 timed_calls=2784 period=1 timed_us=7159
subsystem_time: stage=tlb_translate calls=0 timed_calls=0 period=127 timed_us=0
subsystem_time: stage=pif calls=2785 timed_calls=2785 period=1 timed_us=6632
subsystem_time: stage=input calls=2360 timed_calls=2360 period=1 timed_us=5254
subsystem_time: stage=guest_interrupt calls=10459 timed_calls=10459 period=1 timed_us=10271051
subsystem_time: stage=interpreter_inclusive calls=0 timed_calls=0 period=1 timed_us=0
subsystem_time: stage=audio_submit calls=781 timed_calls=781 period=1 timed_us=2124
subsystem_time: stage=audio_callback calls=9960 timed_calls=9960 period=1 timed_us=2361
subsystem_time: stage=memory_slow calls=657680 timed_calls=5178 period=127 timed_us=8423
subsystem_time: stage=jit_invalidate calls=12334775 timed_calls=97124 period=127 timed_us=4381
audio_time: stage=resample sampled_calls=5 sampled_samples=656 sampled_us=55
audio_time: stage=zoh sampled_calls=0 sampled_samples=0 sampled_us=0
audio_time: stage=adpcm sampled_calls=5 sampled_samples=496 sampled_us=36
audio_time: stage=envmix_exp sampled_calls=5 sampled_samples=656 sampled_us=95
audio_time: stage=envmix_ge sampled_calls=0 sampled_samples=0 sampled_us=0
audio_time: stage=envmix_lin sampled_calls=0 sampled_samples=0 sampled_us=0
audio_time: stage=envmix_nead sampled_calls=0 sampled_samples=0 sampled_us=0
audio_time: stage=mix sampled_calls=246 sampled_samples=32720 sampled_us=693
audio_time: stage=musyx_voice sampled_calls=0 sampled_samples=0 sampled_us=0
audio_time: stage=musyx_fx sampled_calls=0 sampled_samples=0 sampled_us=0
audio_time: stage=output sampled_calls=6 sampled_samples=3168 sampled_us=13
game: n=4/8 how=vis vis=900 vi_rate=60 vi0_retrace=8593 wall_us=15048819 sleep_us=10258002 avg_vis=57.86 avg_fps=54.97 exceptions=7669 cacheResets=1 recompiles=1420 batches=19559 verts=134406 texStalls=0 treeDepthMax=25 underruns=5 overruns=0 queue_peak_ms=24 dsp_avg=3.89 dsp_peak=5.15 pmc1=10967099022 pmc2=0 pmc3=0 pmc4=0 mmcr0=00000042 mmcr1=00000000 heap_used=10467832 heap_free=76456 arena1_free=327680 arena2_free=577472 flushes=3 flush_us=1713 padtrace=4 rom=sd:/wii64/roms/Mario Party.v64
=== chain 4/8 end vis=900 how=vis rom=sd:/wii64/roms/Mario Party.v64 ===
mark: pad replay records: 11
mark: loadROM: enter
mark: loadROM: before rom_read
mark: ROMCache_load: enter
mark: ROMCache_load: before first read
mark: ROMCache_load: first read returned
mark: ROMCache_load: byte_swap_type set
mark: ROMCache_load: first byte_swap done
menufps: 0.1
menufps: 55.2
menufps: 1.4
menufps: 1.4
menufps: 1.4
menufps: 1.4
menufps: 1.4
menufps: 1.4
menufps: 1.4
menufps: 21.4
mark: ROMCache_load: loop exited normally
mark: ROMCache_load: preflush_us=17876690 writes=2040 bytes=16711680
mark: ROMCache_load: elapsed_us=24230896 bytes=33554432 vm=1
mark: loadROM: after rom_read
mark: loadROM: before init_memory
mark: loadROM: after init_memory
mark: loadROM: before romOpen_gfx
mark: loadROM: after romOpen_gfx / before romOpen_audio
mark: loadROM: after romOpen_audio / before romOpen_input
mark: loadROM: after romOpen_input / before cpu_init
mark: loadROM: after cpu_init
menufps: 0.8
menufps: 0.7
first_vi: vi0_retrace=11137
mark: CPU core dispatch: dynarec
vis: 50.0
cpu: exceptions=417 cacheResets=1 batches=0 verts=0 texStalls=0 recompiles=309 underruns=0 overruns=0 sleep_us=165157 queue_ms=0
vis: 50.0
cpu: exceptions=657 cacheResets=1 batches=0 verts=0 texStalls=0 recompiles=309 underruns=0 overruns=0 sleep_us=654397 queue_ms=0
vis: 50.0
cpu: exceptions=3134 cacheResets=1 batches=0 verts=0 texStalls=0 recompiles=333 underruns=0 overruns=0 sleep_us=1063609 queue_ms=0
vis: 50.0
cpu: exceptions=3374 cacheResets=1 batches=0 verts=0 texStalls=0 recompiles=333 underruns=0 overruns=0 sleep_us=1552245 queue_ms=0
fps: 0.4
vis: 49.0
cpu: exceptions=3642 cacheResets=1 batches=0 verts=0 texStalls=0 recompiles=924 underruns=2 overruns=0 sleep_us=1805237 queue_ms=20
fps: 35.1
vis: 50.0
cpu: exceptions=3790 cacheResets=1 batches=0 verts=0 texStalls=8 recompiles=965 underruns=2 overruns=0 sleep_us=2202098 queue_ms=18
fps: 50.0
vis: 50.0
cpu: exceptions=3942 cacheResets=1 batches=0 verts=0 texStalls=8 recompiles=965 underruns=2 overruns=0 sleep_us=2605674 queue_ms=23
fps: 50.0
vis: 50.0
cpu: exceptions=4090 cacheResets=1 batches=0 verts=0 texStalls=8 recompiles=972 underruns=2 overruns=0 sleep_us=3014008 queue_ms=20
fps: 50.0
vis: 50.0
cpu: exceptions=4242 cacheResets=1 batches=0 verts=0 texStalls=8 recompiles=972 underruns=2 overruns=0 sleep_us=3417677 queue_ms=26
fps: 50.0
vis: 50.0
cpu: exceptions=4390 cacheResets=1 batches=0 verts=0 texStalls=8 recompiles=972 underruns=2 overruns=0 sleep_us=3826454 queue_ms=24
fps: 50.0
vis: 50.0
cpu: exceptions=4542 cacheResets=1 batches=0 verts=0 texStalls=8 recompiles=972 underruns=2 overruns=0 sleep_us=4230131 queue_ms=29
fps: 50.0
vis: 50.0
cpu: exceptions=4690 cacheResets=1 batches=0 verts=0 texStalls=8 recompiles=972 underruns=2 overruns=0 sleep_us=4638721 queue_ms=26
fps: 49.9
vis: 50.0
cpu: exceptions=4848 cacheResets=1 batches=0 verts=0 texStalls=8 recompiles=1001 underruns=2 overruns=0 sleep_us=5023682 queue_ms=33
fps: 50.0
vis: 50.0
cpu: exceptions=4996 cacheResets=1 batches=0 verts=0 texStalls=8 recompiles=1002 underruns=2 overruns=0 sleep_us=5424025 queue_ms=30
fps: 50.0
vis: 50.0
cpu: exceptions=5148 cacheResets=1 batches=0 verts=0 texStalls=8 recompiles=1002 underruns=2 overruns=0 sleep_us=5818673 queue_ms=36
fps: 50.0
vis: 50.0
cpu: exceptions=5296 cacheResets=1 batches=0 verts=0 texStalls=8 recompiles=1002 underruns=2 overruns=0 sleep_us=6219107 queue_ms=32
fps: 50.0
vis: 50.0
cpu: exceptions=5448 cacheResets=1 batches=0 verts=0 texStalls=8 recompiles=1002 underruns=2 overruns=0 sleep_us=6613869 queue_ms=30
vis: 50.0
cpu: exceptions=5596 cacheResets=1 batches=0 verts=0 texStalls=8 recompiles=1002 underruns=2 overruns=0 sleep_us=7014195 queue_ms=36
fps: 50.0
vis: 50.0
cpu: exceptions=5748 cacheResets=1 batches=0 verts=0 texStalls=8 recompiles=1002 underruns=2 overruns=0 sleep_us=7408878 queue_ms=32
fps: 50.0
vis: 50.0
cpu: exceptions=5896 cacheResets=1 batches=0 verts=0 texStalls=8 recompiles=1002 underruns=2 overruns=0 sleep_us=7809101 queue_ms=40
fps: 49.9
vis: 50.0
cpu: exceptions=6048 cacheResets=1 batches=0 verts=0 texStalls=8 recompiles=1002 underruns=2 overruns=0 sleep_us=8204407 queue_ms=37
fps: 50.0
vis: 50.0
cpu: exceptions=6196 cacheResets=1 batches=0 verts=0 texStalls=8 recompiles=1002 underruns=2 overruns=0 sleep_us=8605320 queue_ms=33
fps: 50.0
vis: 50.0
cpu: exceptions=6348 cacheResets=1 batches=0 verts=0 texStalls=8 recompiles=1002 underruns=2 overruns=0 sleep_us=9000497 queue_ms=39
fps: 50.0
vis: 50.0
cpu: exceptions=6496 cacheResets=1 batches=0 verts=0 texStalls=8 recompiles=1002 underruns=2 overruns=0 sleep_us=9401115 queue_ms=36
fps: 50.0
vis: 50.0
cpu: exceptions=6651 cacheResets=1 batches=0 verts=0 texStalls=8 recompiles=1143 underruns=2 overruns=0 sleep_us=9779553 queue_ms=42
fps: 50.0
vis: 50.0
cpu: exceptions=6803 cacheResets=1 batches=0 verts=0 texStalls=8 recompiles=1143 underruns=2 overruns=0 sleep_us=10173092 queue_ms=39
fps: 50.0
vis: 50.0
cpu: exceptions=7023 cacheResets=1 batches=0 verts=0 texStalls=8 recompiles=1205 underruns=2 overruns=0 sleep_us=10584738 queue_ms=45
fps: 34.9
vis: 50.0
cpu: exceptions=7207 cacheResets=1 batches=0 verts=0 texStalls=8 recompiles=1245 underruns=3 overruns=0 sleep_us=10975330 queue_ms=12
fps: 43.9
vis: 50.0
cpu: exceptions=7356 cacheResets=1 batches=0 verts=0 texStalls=8 recompiles=1254 underruns=3 overruns=0 sleep_us=11398526 queue_ms=19
fps: 50.0
vis: 50.0
cpu: exceptions=7508 cacheResets=1 batches=0 verts=0 texStalls=8 recompiles=1254 underruns=3 overruns=0 sleep_us=11841121 queue_ms=16
fps: 50.0
vis: 50.0
cpu: exceptions=7656 cacheResets=1 batches=0 verts=0 texStalls=8 recompiles=1256 underruns=3 overruns=0 sleep_us=12285675 queue_ms=22
fps: 50.0
vis: 50.0
cpu: exceptions=7808 cacheResets=1 batches=0 verts=0 texStalls=8 recompiles=1256 underruns=3 overruns=0 sleep_us=12728300 queue_ms=18
fps: 50.0
vis: 50.0
cpu: exceptions=7956 cacheResets=1 batches=0 verts=0 texStalls=8 recompiles=1256 underruns=3 overruns=0 sleep_us=13172974 queue_ms=16
fps: 50.0
vis: 50.0
cpu: exceptions=8107 cacheResets=1 batches=0 verts=0 texStalls=8 recompiles=1256 underruns=3 overruns=0 sleep_us=13615590 queue_ms=22
fps: 50.1
vis: 50.0
cpu: exceptions=8255 cacheResets=1 batches=0 verts=0 texStalls=8 recompiles=1258 underruns=3 overruns=0 sleep_us=14067515 queue_ms=18
fps: 46.1
mark: stop reason: chain guest VI limit
mark: stop_it requested
audio: alist_resample_calls=262 alist_resample_samples=38912 alist_zoh_calls=0 alist_zoh_samples=0 musyx_subframes=0 musyx_voices=0 musyx_voice_peak=0
audio_stages: adpcm_calls=262 adpcm_samples=26816 envmix_calls=262 envmix_samples=38912 mix_calls=34450 mix_samples=5036320 musyx_fx_calls=0 musyx_fx_taps=0 output_calls=784 output_samples=503008
audio_envmix: exp_calls=262 ge_calls=0 lin_calls=0 nead_calls=0 exp_steady=262 ge_steady=0 lin_steady=0
audio_gaps: nead_mats=0 nead_efz=0 resample_flag2=0 musyx_ptr10=0
audio_output: stream_requests=4398 stream_fed=1744 input_hz=31995 playback_hz=31995 queue_peak_ms=69
vm_io: read_ahead=1 reads=44 hits=235 read_bytes=1441792 writes=0 write_bytes=0 errors=0
subsystem_time: stage=rsp_gfx calls=766 timed_calls=766 period=1 timed_us=454235
subsystem_time: stage=rsp_audio calls=785 timed_calls=785 period=1 timed_us=280669
subsystem_time: stage=rsp_other calls=0 timed_calls=0 period=1 timed_us=0
subsystem_time: stage=lookup calls=1426697 timed_calls=11233 period=127 timed_us=1364
subsystem_time: stage=compile calls=1258 timed_calls=1258 period=1 timed_us=90569
subsystem_time: stage=dispatch calls=1415980 timed_calls=11149 period=127 timed_us=4692
subsystem_time: stage=execute_inclusive calls=1415980 timed_calls=11149 period=127 timed_us=66247
subsystem_time: stage=rom_copy calls=124 timed_calls=124 period=1 timed_us=175409
subsystem_time: stage=present calls=899 timed_calls=899 period=1 timed_us=6924
subsystem_time: stage=limiter calls=876 timed_calls=876 period=1 timed_us=14439673
subsystem_time: stage=vm_fault calls=279 timed_calls=279 period=1 timed_us=173709
subsystem_time: stage=vm_victim calls=279 timed_calls=279 period=1 timed_us=67
subsystem_time: stage=vm_read calls=44 timed_calls=44 period=1 timed_us=172370
subsystem_time: stage=vm_write calls=0 timed_calls=0 period=1 timed_us=0
subsystem_time: stage=tex_hash calls=0 timed_calls=0 period=1 timed_us=0
subsystem_time: stage=tex_lookup calls=0 timed_calls=0 period=1 timed_us=0
subsystem_time: stage=tex_load calls=0 timed_calls=0 period=1 timed_us=0
subsystem_time: stage=tex_activate calls=0 timed_calls=0 period=1 timed_us=0
subsystem_time: stage=draw_triangles calls=0 timed_calls=0 period=1 timed_us=0
subsystem_time: stage=draw_rect calls=0 timed_calls=0 period=1 timed_us=0
subsystem_time: stage=gfx_list calls=766 timed_calls=766 period=1 timed_us=454040
subsystem_time: stage=gfx_command calls=0 timed_calls=0 period=127 timed_us=0
subsystem_time: stage=vertex calls=0 timed_calls=0 period=127 timed_us=0
subsystem_time: stage=gfx_state calls=0 timed_calls=0 period=127 timed_us=0
subsystem_time: stage=gx_wait calls=0 timed_calls=0 period=1 timed_us=0
subsystem_time: stage=dma_pi calls=124 timed_calls=124 period=1 timed_us=227818
subsystem_time: stage=dma_sp calls=3102 timed_calls=3102 period=1 timed_us=1100
subsystem_time: stage=dma_si calls=4122 timed_calls=4122 period=1 timed_us=9983
subsystem_time: stage=tlb_translate calls=0 timed_calls=0 period=127 timed_us=0
subsystem_time: stage=pif calls=4123 timed_calls=4123 period=1 timed_us=9045
subsystem_time: stage=input calls=3180 timed_calls=3180 period=1 timed_us=7189
subsystem_time: stage=guest_interrupt calls=10686 timed_calls=10686 period=1 timed_us=14454859
subsystem_time: stage=interpreter_inclusive calls=0 timed_calls=0 period=1 timed_us=0
subsystem_time: stage=audio_submit calls=784 timed_calls=784 period=1 timed_us=2498
subsystem_time: stage=audio_callback calls=11879 timed_calls=11879 period=1 timed_us=2840
subsystem_time: stage=memory_slow calls=438949 timed_calls=3456 period=127 timed_us=8521
subsystem_time: stage=jit_invalidate calls=6125493 timed_calls=48232 period=127 timed_us=2180
audio_time: stage=resample sampled_calls=2 sampled_samples=304 sampled_us=25
audio_time: stage=zoh sampled_calls=0 sampled_samples=0 sampled_us=0
audio_time: stage=adpcm sampled_calls=2 sampled_samples=208 sampled_us=15
audio_time: stage=envmix_exp sampled_calls=2 sampled_samples=304 sampled_us=41
audio_time: stage=envmix_ge sampled_calls=0 sampled_samples=0 sampled_us=0
audio_time: stage=envmix_lin sampled_calls=0 sampled_samples=0 sampled_us=0
audio_time: stage=envmix_nead sampled_calls=0 sampled_samples=0 sampled_us=0
audio_time: stage=mix sampled_calls=271 sampled_samples=39248 sampled_us=820
audio_time: stage=musyx_voice sampled_calls=0 sampled_samples=0 sampled_us=0
audio_time: stage=musyx_fx sampled_calls=0 sampled_samples=0 sampled_us=0
audio_time: stage=output sampled_calls=6 sampled_samples=3856 sampled_us=16
game: n=5/8 how=vis vis=900 vi_rate=50 vi0_retrace=11137 wall_us=18014433 sleep_us=14438585 avg_vis=49.97 avg_fps=47.11 exceptions=8401 cacheResets=1 recompiles=1258 batches=0 verts=0 texStalls=8 treeDepthMax=17 underruns=3 overruns=0 queue_peak_ms=45 dsp_avg=3.80 dsp_peak=4.70 pmc1=13129689064 pmc2=0 pmc3=0 pmc4=0 mmcr0=00000042 mmcr1=00000000 heap_used=10456312 heap_free=87976 arena1_free=327680 arena2_free=577472 flushes=3 flush_us=2872 padtrace=4 rom=sd:/wii64/roms/Mario Party 2 (E) (M5) [!].z64
=== chain 5/8 end vis=900 how=vis rom=sd:/wii64/roms/Mario Party 2 (E) (M5) [!].z64 ===
mark: pad replay records: 11
mark: loadROM: enter
mark: loadROM: before rom_read
mark: ROMCache_load: enter
mark: ROMCache_load: before first read
mark: ROMCache_load: first read returned
mark: ROMCache_load: byte_swap_type set
mark: ROMCache_load: first byte_swap done
menufps: 0.1
menufps: 54.7
menufps: 1.4
menufps: 1.4
menufps: 1.4
menufps: 1.4
menufps: 1.4
menufps: 1.4
menufps: 1.4
menufps: 21.4
mark: ROMCache_load: loop exited normally
mark: ROMCache_load: preflush_us=17876726 writes=2040 bytes=16711680
mark: ROMCache_load: elapsed_us=24236582 bytes=33554432 vm=1
mark: loadROM: after rom_read
mark: loadROM: before init_memory
mark: loadROM: after init_memory
mark: loadROM: before romOpen_gfx
mark: loadROM: after romOpen_gfx / before romOpen_audio
mark: loadROM: after romOpen_audio / before romOpen_input
mark: loadROM: after romOpen_input / before cpu_init
mark: loadROM: after cpu_init
menufps: 0.8
menufps: 0.7
fps: 0.3
first_vi: vi0_retrace=13859
vis: 0.9
cpu: exceptions=0 cacheResets=0 batches=0 verts=0 texStalls=0 recompiles=0 underruns=0 overruns=0 sleep_us=0 queue_ms=0
mark: CPU core dispatch: dynarec
vis: 50.0
cpu: exceptions=1751 cacheResets=1 batches=0 verts=0 texStalls=0 recompiles=367 underruns=0 overruns=0 sleep_us=110079 queue_ms=0
fps: 1.2
vis: 49.1
cpu: exceptions=2779 cacheResets=1 batches=0 verts=0 texStalls=0 recompiles=807 underruns=1 overruns=0 sleep_us=436789 queue_ms=29
fps: 33.7
vis: 50.0
cpu: exceptions=2994 cacheResets=1 batches=0 verts=0 texStalls=7 recompiles=1244 underruns=1 overruns=0 sleep_us=678427 queue_ms=17
fps: 49.7
vis: 50.0
cpu: exceptions=3130 cacheResets=1 batches=0 verts=0 texStalls=7 recompiles=1253 underruns=1 overruns=0 sleep_us=1077930 queue_ms=19
fps: 50.1
vis: 50.0
cpu: exceptions=3286 cacheResets=1 batches=0 verts=0 texStalls=7 recompiles=1267 underruns=1 overruns=0 sleep_us=1447517 queue_ms=36
fps: 49.9
vis: 50.0
cpu: exceptions=3446 cacheResets=1 batches=0 verts=0 texStalls=7 recompiles=1269 underruns=1 overruns=0 sleep_us=1805650 queue_ms=38
fps: 50.2
vis: 50.0
cpu: exceptions=3598 cacheResets=1 batches=0 verts=0 texStalls=7 recompiles=1277 underruns=1 overruns=0 sleep_us=2154871 queue_ms=20
fps: 49.7
vis: 50.0
cpu: exceptions=3745 cacheResets=1 batches=0 verts=0 texStalls=7 recompiles=1277 underruns=1 overruns=0 sleep_us=2515843 queue_ms=28
fps: 50.2
vis: 50.0
cpu: exceptions=3899 cacheResets=1 batches=0 verts=0 texStalls=7 recompiles=1278 underruns=1 overruns=0 sleep_us=2875627 queue_ms=45
fps: 49.9
vis: 50.0
cpu: exceptions=4039 cacheResets=1 batches=0 verts=0 texStalls=7 recompiles=1279 underruns=1 overruns=0 sleep_us=3234904 queue_ms=41
fps: 50.2
vis: 50.0
cpu: exceptions=4185 cacheResets=1 batches=0 verts=0 texStalls=7 recompiles=1279 underruns=1 overruns=0 sleep_us=3592486 queue_ms=29
vis: 50.0
cpu: exceptions=4338 cacheResets=1 batches=0 verts=0 texStalls=7 recompiles=1280 underruns=1 overruns=0 sleep_us=3959357 queue_ms=37
fps: 49.7
vis: 50.0
cpu: exceptions=4495 cacheResets=1 batches=0 verts=0 texStalls=7 recompiles=1313 underruns=1 overruns=0 sleep_us=4304108 queue_ms=39
fps: 50.1
vis: 50.0
cpu: exceptions=4644 cacheResets=1 batches=0 verts=0 texStalls=7 recompiles=1315 underruns=1 overruns=0 sleep_us=4651120 queue_ms=50
fps: 50.1
vis: 50.0
cpu: exceptions=4790 cacheResets=1 batches=0 verts=0 texStalls=7 recompiles=1318 underruns=1 overruns=0 sleep_us=4996009 queue_ms=29
fps: 50.0
vis: 50.0
cpu: exceptions=4928 cacheResets=1 batches=0 verts=0 texStalls=7 recompiles=1318 underruns=1 overruns=0 sleep_us=5350187 queue_ms=40
fps: 49.9
vis: 50.0
cpu: exceptions=5074 cacheResets=1 batches=0 verts=0 texStalls=7 recompiles=1318 underruns=1 overruns=0 sleep_us=5712388 queue_ms=47
fps: 50.2
vis: 50.0
cpu: exceptions=5217 cacheResets=1 batches=0 verts=0 texStalls=7 recompiles=1318 underruns=1 overruns=0 sleep_us=6082050 queue_ms=53
fps: 49.9
vis: 50.0
cpu: exceptions=5367 cacheResets=1 batches=0 verts=0 texStalls=7 recompiles=1318 underruns=1 overruns=0 sleep_us=6441074 queue_ms=32
fps: 50.1
vis: 50.0
cpu: exceptions=5516 cacheResets=1 batches=0 verts=0 texStalls=7 recompiles=1318 underruns=1 overruns=0 sleep_us=6799907 queue_ms=48
fps: 49.9
vis: 50.0
cpu: exceptions=5662 cacheResets=1 batches=0 verts=0 texStalls=7 recompiles=1318 underruns=1 overruns=0 sleep_us=7157054 queue_ms=50
fps: 50.0
vis: 50.0
cpu: exceptions=5802 cacheResets=1 batches=0 verts=0 texStalls=7 recompiles=1318 underruns=1 overruns=0 sleep_us=7521043 queue_ms=61
fps: 49.9
vis: 50.0
cpu: exceptions=5952 cacheResets=1 batches=0 verts=0 texStalls=7 recompiles=1318 underruns=1 overruns=0 sleep_us=7875761 queue_ms=40
fps: 50.1
vis: 50.0
cpu: exceptions=6100 cacheResets=1 batches=0 verts=0 texStalls=7 recompiles=1318 underruns=1 overruns=0 sleep_us=8223064 queue_ms=42
fps: 49.7
vis: 50.0
cpu: exceptions=6258 cacheResets=1 batches=0 verts=0 texStalls=7 recompiles=1425 underruns=1 overruns=0 sleep_us=8558874 queue_ms=59
fps: 50.1
vis: 50.0
cpu: exceptions=6443 cacheResets=1 batches=0 verts=0 texStalls=7 recompiles=1436 underruns=1 overruns=0 sleep_us=8901927 queue_ms=61
fps: 50.1
vis: 50.0
cpu: exceptions=6589 cacheResets=1 batches=0 verts=0 texStalls=7 recompiles=1457 underruns=1 overruns=0 sleep_us=9307286 queue_ms=43
fps: 46.7
vis: 50.0
cpu: exceptions=6759 cacheResets=1 batches=0 verts=0 texStalls=7 recompiles=1475 underruns=1 overruns=0 sleep_us=9696289 queue_ms=51
fps: 50.0
vis: 50.0
cpu: exceptions=6899 cacheResets=1 batches=0 verts=0 texStalls=7 recompiles=1475 underruns=1 overruns=0 sleep_us=10148579 queue_ms=53
fps: 50.0
vis: 50.0
cpu: exceptions=7034 cacheResets=1 batches=0 verts=0 texStalls=7 recompiles=1477 underruns=1 overruns=0 sleep_us=10602572 queue_ms=64
fps: 50.0
vis: 50.0
cpu: exceptions=7174 cacheResets=1 batches=0 verts=0 texStalls=7 recompiles=1477 underruns=1 overruns=0 sleep_us=11055274 queue_ms=43
vis: 50.0
cpu: exceptions=7364 cacheResets=1 batches=0 verts=0 texStalls=7 recompiles=1477 underruns=1 overruns=0 sleep_us=11674242 queue_ms=78
fps: 51.7
vis: 50.0
cpu: exceptions=7504 cacheResets=1 batches=0 verts=0 texStalls=7 recompiles=1482 underruns=1 overruns=0 sleep_us=12126991 queue_ms=66
fps: 50.0
vis: 50.0
cpu: exceptions=7643 cacheResets=1 batches=0 verts=0 texStalls=7 recompiles=1484 underruns=1 overruns=0 sleep_us=12567610 queue_ms=74
fps: 45.3
vis: 50.0
cpu: exceptions=7780 cacheResets=1 batches=0 verts=0 texStalls=7 recompiles=1485 underruns=1 overruns=0 sleep_us=12989047 queue_ms=85
fps: 50.9
mark: stop reason: chain guest VI limit
mark: stop_it requested
audio: alist_resample_calls=19920 alist_resample_samples=3665280 alist_zoh_calls=0 alist_zoh_samples=0 musyx_subframes=0 musyx_voices=0 musyx_voice_peak=0
audio_stages: adpcm_calls=20583 adpcm_samples=3302304 envmix_calls=19920 envmix_samples=3665280 mix_calls=30350 mix_samples=5584400 musyx_fx_calls=0 musyx_fx_taps=0 output_calls=652 output_samples=557520
audio_envmix: exp_calls=0 ge_calls=0 lin_calls=19920 nead_calls=0 exp_steady=0 ge_steady=0 lin_steady=10752
audio_gaps: nead_mats=0 nead_efz=0 resample_flag2=0 musyx_ptr10=0
audio_output: stream_requests=3759 stream_fed=1929 input_hz=31995 playback_hz=31995 queue_peak_ms=112
vm_io: read_ahead=1 reads=44 hits=253 read_bytes=1441792 writes=0 write_bytes=0 errors=0
subsystem_time: stage=rsp_gfx calls=848 timed_calls=848 period=1 timed_us=468435
subsystem_time: stage=rsp_audio calls=653 timed_calls=653 period=1 timed_us=1352376
subsystem_time: stage=rsp_other calls=0 timed_calls=0 period=1 timed_us=0
subsystem_time: stage=lookup calls=1453225 timed_calls=11442 period=127 timed_us=1404
subsystem_time: stage=compile calls=1485 timed_calls=1485 period=1 timed_us=109019
subsystem_time: stage=dispatch calls=1449954 timed_calls=11416 period=127 timed_us=5911
subsystem_time: stage=execute_inclusive calls=1449954 timed_calls=11416 period=127 timed_us=109730
subsystem_time: stage=rom_copy calls=724 timed_calls=724 period=1 timed_us=179077
subsystem_time: stage=present calls=899 timed_calls=899 period=1 timed_us=7511
subsystem_time: stage=limiter calls=874 timed_calls=874 period=1 timed_us=13242686
subsystem_time: stage=vm_fault calls=297 timed_calls=297 period=1 timed_us=173795
subsystem_time: stage=vm_victim calls=297 timed_calls=297 period=1 timed_us=71
subsystem_time: stage=vm_read calls=44 timed_calls=44 period=1 timed_us=172370
subsystem_time: stage=vm_write calls=0 timed_calls=0 period=1 timed_us=0
subsystem_time: stage=tex_hash calls=0 timed_calls=0 period=1 timed_us=0
subsystem_time: stage=tex_lookup calls=0 timed_calls=0 period=1 timed_us=0
subsystem_time: stage=tex_load calls=0 timed_calls=0 period=1 timed_us=0
subsystem_time: stage=tex_activate calls=0 timed_calls=0 period=1 timed_us=0
subsystem_time: stage=draw_triangles calls=0 timed_calls=0 period=1 timed_us=0
subsystem_time: stage=draw_rect calls=0 timed_calls=0 period=1 timed_us=0
subsystem_time: stage=gfx_list calls=848 timed_calls=848 period=1 timed_us=468224
subsystem_time: stage=gfx_command calls=0 timed_calls=0 period=127 timed_us=0
subsystem_time: stage=vertex calls=0 timed_calls=0 period=127 timed_us=0
subsystem_time: stage=gfx_state calls=0 timed_calls=0 period=127 timed_us=0
subsystem_time: stage=gx_wait calls=0 timed_calls=0 period=1 timed_us=0
subsystem_time: stage=dma_pi calls=724 timed_calls=724 period=1 timed_us=273018
subsystem_time: stage=dma_sp calls=3002 timed_calls=3002 period=1 timed_us=1047
subsystem_time: stage=dma_si calls=3519 timed_calls=3519 period=1 timed_us=10415
subsystem_time: stage=tlb_translate calls=0 timed_calls=0 period=127 timed_us=0
subsystem_time: stage=pif calls=3520 timed_calls=3520 period=1 timed_us=9697
subsystem_time: stage=input calls=3508 timed_calls=3508 period=1 timed_us=7870
subsystem_time: stage=guest_interrupt calls=10566 timed_calls=10566 period=1 timed_us=13258399
subsystem_time: stage=interpreter_inclusive calls=0 timed_calls=0 period=1 timed_us=0
subsystem_time: stage=audio_submit calls=652 timed_calls=652 period=1 timed_us=2549
subsystem_time: stage=audio_callback calls=11232 timed_calls=11232 period=1 timed_us=2967
subsystem_time: stage=memory_slow calls=492872 timed_calls=3880 period=127 timed_us=18775
subsystem_time: stage=jit_invalidate calls=7098655 timed_calls=55894 period=127 timed_us=2457
audio_time: stage=resample sampled_calls=156 sampled_samples=28704 sampled_us=2300
audio_time: stage=zoh sampled_calls=0 sampled_samples=0 sampled_us=0
audio_time: stage=adpcm sampled_calls=162 sampled_samples=27264 sampled_us=2048
audio_time: stage=envmix_exp sampled_calls=0 sampled_samples=0 sampled_us=0
audio_time: stage=envmix_ge sampled_calls=0 sampled_samples=0 sampled_us=0
audio_time: stage=envmix_lin sampled_calls=156 sampled_samples=28704 sampled_us=4537
audio_time: stage=envmix_nead sampled_calls=0 sampled_samples=0 sampled_us=0
audio_time: stage=mix sampled_calls=238 sampled_samples=43792 sampled_us=917
audio_time: stage=musyx_voice sampled_calls=0 sampled_samples=0 sampled_us=0
audio_time: stage=musyx_fx sampled_calls=0 sampled_samples=0 sampled_us=0
audio_time: stage=output sampled_calls=5 sampled_samples=4232 sampled_us=17
game: n=6/8 how=vis vis=900 vi_rate=50 vi0_retrace=13859 wall_us=17997480 sleep_us=13241604 avg_vis=48.61 avg_fps=46.45 exceptions=7858 cacheResets=1 recompiles=1485 batches=0 verts=0 texStalls=7 treeDepthMax=18 underruns=1 overruns=0 queue_peak_ms=85 dsp_avg=4.01 dsp_peak=5.10 pmc1=13117259027 pmc2=0 pmc3=0 pmc4=0 mmcr0=00000042 mmcr1=00000000 heap_used=10468568 heap_free=75720 arena1_free=327680 arena2_free=577472 flushes=4 flush_us=2965 padtrace=4 rom=sd:/wii64/roms/Mario Party 3 (E) (M4) [!].z64
=== chain 6/8 end vis=900 how=vis rom=sd:/wii64/roms/Mario Party 3 (E) (M4) [!].z64 ===
mark: pad replay records: 1
mark: loadROM: enter
mark: loadROM: before rom_read
mark: ROMCache_load: enter
mark: ROMCache_load: before first read
mark: ROMCache_load: first read returned
mark: ROMCache_load: byte_swap_type set
mark: ROMCache_load: first byte_swap done
menufps: 0.1
menufps: 58.6
mark: ROMCache_load: loop exited normally
mark: ROMCache_load: elapsed_us=519347 bytes=16777216 vm=0
mark: loadROM: after rom_read
mark: loadROM: before init_memory
mark: loadROM: after init_memory
mark: loadROM: before romOpen_gfx
mark: loadROM: after romOpen_gfx / before romOpen_audio
mark: loadROM: after romOpen_audio / before romOpen_input
mark: loadROM: after romOpen_input / before cpu_init
mark: loadROM: after cpu_init
menufps: 1.0
fps: 3.1
first_vi: vi0_retrace=15158
vis: 3.8
cpu: exceptions=0 cacheResets=0 batches=0 verts=0 texStalls=0 recompiles=0 underruns=0 overruns=0 sleep_us=0 queue_ms=0
mark: CPU core dispatch: dynarec
vis: 57.5
cpu: exceptions=1371 cacheResets=1 batches=0 verts=0 texStalls=0 recompiles=421 underruns=0 overruns=0 sleep_us=58116 queue_ms=149
fps: 3.0
vis: 60.0
cpu: exceptions=2346 cacheResets=1 batches=0 verts=0 texStalls=0 recompiles=425 underruns=0 overruns=0 sleep_us=384931 queue_ms=143
fps: 61.1
vis: 60.0
cpu: exceptions=2616 cacheResets=1 batches=0 verts=0 texStalls=0 recompiles=425 underruns=0 overruns=0 sleep_us=812571 queue_ms=148
fps: 60.0
vis: 60.0
cpu: exceptions=2901 cacheResets=1 batches=0 verts=0 texStalls=0 recompiles=468 underruns=0 overruns=0 sleep_us=1223634 queue_ms=145
vis: 60.0
cpu: exceptions=3282 cacheResets=1 batches=0 verts=0 texStalls=0 recompiles=468 underruns=0 overruns=0 sleep_us=1524591 queue_ms=149
fps: 14.6
vis: 51.9
cpu: exceptions=3609 cacheResets=1 batches=697 verts=13215 texStalls=0 recompiles=742 underruns=0 overruns=0 sleep_us=1681927 queue_ms=79
fps: 59.2
vis: 60.0
cpu: exceptions=3897 cacheResets=1 batches=3606 verts=68766 texStalls=0 recompiles=763 underruns=0 overruns=0 sleep_us=1831964 queue_ms=85
fps: 60.0
vis: 60.0
cpu: exceptions=4193 cacheResets=1 batches=6686 verts=124983 texStalls=0 recompiles=771 underruns=0 overruns=0 sleep_us=1977396 queue_ms=81
fps: 59.9
vis: 60.0
cpu: exceptions=4491 cacheResets=1 batches=9836 verts=181455 texStalls=0 recompiles=775 underruns=0 overruns=0 sleep_us=2125005 queue_ms=78
fps: 60.0
vis: 60.0
cpu: exceptions=4783 cacheResets=1 batches=12914 verts=236763 texStalls=0 recompiles=775 underruns=0 overruns=0 sleep_us=2276028 queue_ms=82
fps: 60.0
vis: 60.0
cpu: exceptions=5072 cacheResets=1 batches=15993 verts=291300 texStalls=0 recompiles=775 underruns=0 overruns=0 sleep_us=2430526 queue_ms=80
fps: 60.0
vis: 60.0
cpu: exceptions=5367 cacheResets=1 batches=19141 verts=346737 texStalls=0 recompiles=775 underruns=0 overruns=0 sleep_us=2580252 queue_ms=75
fps: 60.0
vis: 60.0
cpu: exceptions=5653 cacheResets=1 batches=22420 verts=402699 texStalls=0 recompiles=777 underruns=0 overruns=0 sleep_us=2737918 queue_ms=80
fps: 60.0
vis: 60.0
cpu: exceptions=5948 cacheResets=1 batches=25816 verts=458793 texStalls=0 recompiles=777 underruns=0 overruns=0 sleep_us=2884793 queue_ms=77
fps: 60.0
vis: 60.0
cpu: exceptions=6246 cacheResets=1 batches=29286 verts=514056 texStalls=0 recompiles=777 underruns=0 overruns=0 sleep_us=3029076 queue_ms=82
fps: 60.0
vis: 60.0
cpu: exceptions=6540 cacheResets=1 batches=32976 verts=570234 texStalls=0 recompiles=777 underruns=0 overruns=0 sleep_us=3170330 queue_ms=78
fps: 60.0
vis: 60.0
cpu: exceptions=6837 cacheResets=1 batches=36887 verts=624540 texStalls=0 recompiles=777 underruns=0 overruns=0 sleep_us=3308522 queue_ms=84
fps: 60.0
vis: 60.0
cpu: exceptions=7131 cacheResets=1 batches=40899 verts=678141 texStalls=0 recompiles=777 underruns=0 overruns=0 sleep_us=3446948 queue_ms=79
fps: 60.0
vis: 60.0
cpu: exceptions=7421 cacheResets=1 batches=44867 verts=730782 texStalls=0 recompiles=777 underruns=0 overruns=0 sleep_us=3590456 queue_ms=85
fps: 60.0
vis: 60.0
cpu: exceptions=7712 cacheResets=1 batches=48908 verts=783723 texStalls=0 recompiles=777 underruns=0 overruns=0 sleep_us=3735260 queue_ms=82
fps: 60.0
vis: 60.0
cpu: exceptions=7999 cacheResets=1 batches=52935 verts=837048 texStalls=0 recompiles=777 underruns=0 overruns=0 sleep_us=3886843 queue_ms=77
fps: 60.0
vis: 60.0
cpu: exceptions=8297 cacheResets=1 batches=57068 verts=891867 texStalls=0 recompiles=777 underruns=0 overruns=0 sleep_us=4029949 queue_ms=83
fps: 60.0
vis: 60.0
cpu: exceptions=8590 cacheResets=1 batches=61300 verts=947166 texStalls=0 recompiles=777 underruns=0 overruns=0 sleep_us=4163173 queue_ms=79
fps: 60.0
vis: 60.0
cpu: exceptions=8901 cacheResets=1 batches=65660 verts=1003989 texStalls=0 recompiles=777 underruns=0 overruns=0 sleep_us=4274748 queue_ms=84
fps: 60.0
vis: 60.0
cpu: exceptions=9218 cacheResets=1 batches=70229 verts=1064376 texStalls=0 recompiles=777 underruns=0 overruns=0 sleep_us=4379495 queue_ms=80
fps: 60.0
vis: 60.0
cpu: exceptions=9537 cacheResets=1 batches=74798 verts=1125849 texStalls=0 recompiles=777 underruns=0 overruns=0 sleep_us=4485965 queue_ms=86
fps: 60.0
vis: 60.0
cpu: exceptions=9850 cacheResets=1 batches=79465 verts=1188516 texStalls=0 recompiles=777 underruns=0 overruns=0 sleep_us=4591684 queue_ms=81
fps: 60.0
vis: 60.0
cpu: exceptions=10160 cacheResets=1 batches=84169 verts=1252209 texStalls=0 recompiles=777 underruns=0 overruns=0 sleep_us=4701496 queue_ms=78
fps: 59.9
vis: 60.0
cpu: exceptions=10474 cacheResets=1 batches=89075 verts=1320666 texStalls=0 recompiles=777 underruns=0 overruns=0 sleep_us=4809160 queue_ms=84
fps: 59.8
vis: 60.0
cpu: exceptions=10781 cacheResets=1 batches=95516 verts=1436352 texStalls=0 recompiles=777 underruns=0 overruns=0 sleep_us=4866540 queue_ms=79
mark: stop reason: chain guest VI limit
mark: stop_it requested
audio: alist_resample_calls=10077 alist_resample_samples=1250096 alist_zoh_calls=0 alist_zoh_samples=0 musyx_subframes=0 musyx_voices=0 musyx_voice_peak=0
audio_stages: adpcm_calls=9759 adpcm_samples=1154016 envmix_calls=10077 envmix_samples=1250096 mix_calls=79024 mix_samples=10544864 musyx_fx_calls=0 musyx_fx_taps=0 output_calls=897 output_samples=478768
audio_envmix: exp_calls=10077 ge_calls=0 lin_calls=0 nead_calls=0 exp_steady=5510 ge_steady=0 lin_steady=0
audio_gaps: nead_mats=0 nead_efz=0 resample_flag2=0 musyx_ptr10=0
audio_output: stream_requests=3278 stream_fed=1653 input_hz=32006 playback_hz=32006 queue_peak_ms=191
vm_io: read_ahead=1 reads=0 hits=0 read_bytes=0 writes=0 write_bytes=0 errors=0
subsystem_time: stage=rsp_gfx calls=810 timed_calls=810 period=1 timed_us=3450705
subsystem_time: stage=rsp_audio calls=898 timed_calls=898 period=1 timed_us=904981
subsystem_time: stage=rsp_other calls=0 timed_calls=0 period=1 timed_us=0
subsystem_time: stage=lookup calls=3610008 timed_calls=28425 period=127 timed_us=2679
subsystem_time: stage=compile calls=777 timed_calls=777 period=1 timed_us=131336
subsystem_time: stage=dispatch calls=3517109 timed_calls=27693 period=127 timed_us=10221
subsystem_time: stage=execute_inclusive calls=3517109 timed_calls=27693 period=127 timed_us=61079
subsystem_time: stage=rom_copy calls=1024 timed_calls=1024 period=1 timed_us=3743
subsystem_time: stage=present calls=899 timed_calls=899 period=1 timed_us=14005
subsystem_time: stage=limiter calls=868 timed_calls=868 period=1 timed_us=4875205
subsystem_time: stage=vm_fault calls=0 timed_calls=0 period=1 timed_us=0
subsystem_time: stage=vm_victim calls=0 timed_calls=0 period=1 timed_us=0
subsystem_time: stage=vm_read calls=0 timed_calls=0 period=1 timed_us=0
subsystem_time: stage=vm_write calls=0 timed_calls=0 period=1 timed_us=0
subsystem_time: stage=tex_hash calls=0 timed_calls=0 period=1 timed_us=0
subsystem_time: stage=tex_lookup calls=0 timed_calls=0 period=1 timed_us=0
subsystem_time: stage=tex_load calls=0 timed_calls=0 period=1 timed_us=0
subsystem_time: stage=tex_activate calls=0 timed_calls=0 period=1 timed_us=0
subsystem_time: stage=draw_triangles calls=0 timed_calls=0 period=1 timed_us=0
subsystem_time: stage=draw_rect calls=0 timed_calls=0 period=1 timed_us=0
subsystem_time: stage=gfx_list calls=810 timed_calls=810 period=1 timed_us=3450503
subsystem_time: stage=gfx_command calls=0 timed_calls=0 period=127 timed_us=0
subsystem_time: stage=vertex calls=343835 timed_calls=2707 period=127 timed_us=8933
subsystem_time: stage=gfx_state calls=0 timed_calls=0 period=127 timed_us=0
subsystem_time: stage=gx_wait calls=0 timed_calls=0 period=1 timed_us=0
subsystem_time: stage=dma_pi calls=2023 timed_calls=2023 period=1 timed_us=80344
subsystem_time: stage=dma_sp calls=3416 timed_calls=3416 period=1 timed_us=1311
subsystem_time: stage=dma_si calls=4478 timed_calls=4478 period=1 timed_us=11225
subsystem_time: stage=tlb_translate calls=0 timed_calls=0 period=127 timed_us=0
subsystem_time: stage=pif calls=4479 timed_calls=4479 period=1 timed_us=12057
subsystem_time: stage=input calls=3508 timed_calls=3508 period=1 timed_us=7962
subsystem_time: stage=guest_interrupt calls=12496 timed_calls=12496 period=1 timed_us=4899715
subsystem_time: stage=interpreter_inclusive calls=0 timed_calls=0 period=1 timed_us=0
subsystem_time: stage=audio_submit calls=898 timed_calls=898 period=1 timed_us=2385
subsystem_time: stage=audio_callback calls=9303 timed_calls=9303 period=1 timed_us=2550
subsystem_time: stage=memory_slow calls=833877 timed_calls=6565 period=127 timed_us=38507
subsystem_time: stage=jit_invalidate calls=12201095 timed_calls=96071 period=127 timed_us=4428
audio_time: stage=resample sampled_calls=79 sampled_samples=10240 sampled_us=869
audio_time: stage=zoh sampled_calls=0 sampled_samples=0 sampled_us=0
audio_time: stage=adpcm sampled_calls=76 sampled_samples=8016 sampled_us=604
audio_time: stage=envmix_exp sampled_calls=79 sampled_samples=10240 sampled_us=1893
audio_time: stage=envmix_ge sampled_calls=0 sampled_samples=0 sampled_us=0
audio_time: stage=envmix_lin sampled_calls=0 sampled_samples=0 sampled_us=0
audio_time: stage=envmix_nead sampled_calls=0 sampled_samples=0 sampled_us=0
audio_time: stage=mix sampled_calls=622 sampled_samples=83008 sampled_us=1753
audio_time: stage=musyx_voice sampled_calls=0 sampled_samples=0 sampled_us=0
audio_time: stage=musyx_fx sampled_calls=0 sampled_samples=0 sampled_us=0
audio_time: stage=output sampled_calls=7 sampled_samples=3712 sampled_us=16
game: n=7/8 how=vis vis=900 vi_rate=60 vi0_retrace=15158 wall_us=15097161 sleep_us=4874055 avg_vis=57.85 avg_fps=54.50 exceptions=10823 cacheResets=1 recompiles=777 batches=96372 verts=1451760 texStalls=0 treeDepthMax=12 underruns=0 overruns=0 queue_peak_ms=149 dsp_avg=4.07 dsp_peak=5.20 pmc1=11003127234 pmc2=0 pmc3=0 pmc4=0 mmcr0=00000042 mmcr1=00000000 heap_used=10427320 heap_free=116968 arena1_free=327680 arena2_free=577472 flushes=4 flush_us=2767 padtrace=0 rom=sd:/wii64/roms/Pokemon Snap.rom
=== chain 7/8 end vis=900 how=vis rom=sd:/wii64/roms/Pokemon Snap.rom ===
mark: pad replay records: 1
mark: loadROM: enter
mark: loadROM: before rom_read
mark: ROMCache_load: enter
mark: ROMCache_load: before first read
mark: ROMCache_load: first read returned
mark: ROMCache_load: byte_swap_type set
mark: ROMCache_load: first byte_swap done
menufps: 0.1
menufps: 59.9
mark: ROMCache_load: loop exited normally
mark: ROMCache_load: elapsed_us=507246 bytes=16777216 vm=0
mark: loadROM: after rom_read
mark: loadROM: before init_memory
mark: loadROM: after init_memory
mark: loadROM: before romOpen_gfx
mark: loadROM: after romOpen_gfx / before romOpen_audio
mark: loadROM: after romOpen_audio / before romOpen_input
mark: loadROM: after romOpen_input / before cpu_init
mark: loadROM: after cpu_init
menufps: 1.0
fps: 2.1
first_vi: vi0_retrace=16279
vis: 1.4
cpu: exceptions=0 cacheResets=0 batches=0 verts=0 texStalls=0 recompiles=0 underruns=0 overruns=0 sleep_us=0 queue_ms=0
mark: CPU core dispatch: dynarec
vis: 56.7
cpu: exceptions=3729 cacheResets=1 batches=0 verts=0 texStalls=0 recompiles=223 underruns=0 overruns=0 sleep_us=26430 queue_ms=130
fps: 1.0
vis: 60.0
cpu: exceptions=8397 cacheResets=1 batches=0 verts=0 texStalls=0 recompiles=396 underruns=0 overruns=0 sleep_us=67462 queue_ms=135
fps: 65.3
vis: 60.0
cpu: exceptions=8580 cacheResets=1 batches=0 verts=0 texStalls=0 recompiles=412 underruns=0 overruns=0 sleep_us=500430 queue_ms=131
vis: 60.0
cpu: exceptions=8845 cacheResets=1 batches=0 verts=0 texStalls=0 recompiles=439 underruns=0 overruns=0 sleep_us=874239 queue_ms=136
vis: 60.0
cpu: exceptions=9549 cacheResets=1 batches=0 verts=0 texStalls=0 recompiles=466 underruns=0 overruns=0 sleep_us=1137073 queue_ms=133
fps: 18.0
vis: 60.0
cpu: exceptions=9885 cacheResets=1 batches=702 verts=4836 texStalls=0 recompiles=768 underruns=0 overruns=0 sleep_us=1373332 queue_ms=138
fps: 65.3
vis: 60.0
cpu: exceptions=10097 cacheResets=1 batches=1407 verts=9636 texStalls=0 recompiles=768 underruns=0 overruns=0 sleep_us=1679626 queue_ms=134
fps: 60.0
vis: 60.0
cpu: exceptions=10308 cacheResets=1 batches=2081 verts=14307 texStalls=0 recompiles=769 underruns=0 overruns=0 sleep_us=1985346 queue_ms=130
fps: 59.9
vis: 60.0
cpu: exceptions=10538 cacheResets=1 batches=3171 verts=26985 texStalls=0 recompiles=787 underruns=0 overruns=0 sleep_us=2265779 queue_ms=136
fps: 59.9
vis: 60.0
cpu: exceptions=10766 cacheResets=1 batches=4957 verts=54204 texStalls=0 recompiles=787 underruns=0 overruns=0 sleep_us=2543565 queue_ms=132
fps: 60.1
vis: 60.0
cpu: exceptions=10989 cacheResets=1 batches=6797 verts=86748 texStalls=0 recompiles=787 underruns=0 overruns=0 sleep_us=2834463 queue_ms=137
fps: 59.9
vis: 60.0
cpu: exceptions=11208 cacheResets=1 batches=8682 verts=117105 texStalls=0 recompiles=787 underruns=0 overruns=0 sleep_us=3124288 queue_ms=133
fps: 60.0
vis: 60.0
cpu: exceptions=11433 cacheResets=1 batches=10589 verts=147651 texStalls=0 recompiles=787 underruns=0 overruns=0 sleep_us=3413568 queue_ms=139
fps: 60.0
vis: 60.0
cpu: exceptions=11655 cacheResets=1 batches=12510 verts=175251 texStalls=0 recompiles=787 underruns=0 overruns=0 sleep_us=3703731 queue_ms=135
fps: 59.9
vis: 60.0
cpu: exceptions=11902 cacheResets=1 batches=14990 verts=213417 texStalls=0 recompiles=828 underruns=0 overruns=0 sleep_us=3931107 queue_ms=131
fps: 59.8
vis: 60.0
cpu: exceptions=12160 cacheResets=1 batches=17792 verts=256005 texStalls=0 recompiles=828 underruns=0 overruns=0 sleep_us=4145865 queue_ms=136
fps: 60.1
vis: 60.0
cpu: exceptions=12392 cacheResets=1 batches=20714 verts=300000 texStalls=0 recompiles=828 underruns=0 overruns=0 sleep_us=4382444 queue_ms=133
fps: 59.8
vis: 60.0
cpu: exceptions=12660 cacheResets=1 batches=23686 verts=345360 texStalls=0 recompiles=831 underruns=0 overruns=0 sleep_us=4589082 queue_ms=138
fps: 59.9
vis: 60.0
cpu: exceptions=12959 cacheResets=1 batches=25788 verts=372309 texStalls=0 recompiles=831 underruns=0 overruns=0 sleep_us=4796657 queue_ms=134
fps: 60.2
vis: 60.0
cpu: exceptions=13236 cacheResets=1 batches=27602 verts=395667 texStalls=0 recompiles=832 underruns=0 overruns=0 sleep_us=5024058 queue_ms=139
fps: 60.0
vis: 60.0
cpu: exceptions=13495 cacheResets=1 batches=29375 verts=418680 texStalls=0 recompiles=834 underruns=0 overruns=0 sleep_us=5255186 queue_ms=136
fps: 60.0
vis: 60.0
cpu: exceptions=13775 cacheResets=1 batches=31228 verts=442092 texStalls=0 recompiles=838 underruns=0 overruns=0 sleep_us=5475096 queue_ms=132
fps: 60.0
vis: 60.0
cpu: exceptions=14025 cacheResets=1 batches=33135 verts=465942 texStalls=0 recompiles=838 underruns=0 overruns=0 sleep_us=5715265 queue_ms=137
fps: 60.1
vis: 60.0
cpu: exceptions=14283 cacheResets=1 batches=35027 verts=489840 texStalls=0 recompiles=850 underruns=0 overruns=0 sleep_us=5940808 queue_ms=133
fps: 60.0
vis: 60.0
cpu: exceptions=14539 cacheResets=1 batches=36999 verts=515202 texStalls=0 recompiles=850 underruns=0 overruns=0 sleep_us=6173012 queue_ms=139
fps: 60.0
vis: 60.0
cpu: exceptions=14813 cacheResets=1 batches=38955 verts=540927 texStalls=0 recompiles=850 underruns=0 overruns=0 sleep_us=6398628 queue_ms=135
fps: 59.9
vis: 60.0
cpu: exceptions=15094 cacheResets=1 batches=41096 verts=569826 texStalls=0 recompiles=850 underruns=0 overruns=0 sleep_us=6609597 queue_ms=140
fps: 59.9
vis: 60.0
cpu: exceptions=15373 cacheResets=1 batches=44018 verts=614559 texStalls=0 recompiles=850 underruns=0 overruns=0 sleep_us=6806271 queue_ms=136
fps: 59.9
vis: 60.0
cpu: exceptions=15644 cacheResets=1 batches=47436 verts=660555 texStalls=0 recompiles=856 underruns=0 overruns=0 sleep_us=6980964 queue_ms=133
fps: 59.9
mark: stop reason: chain guest VI limit
mark: stop_it requested
vis: 60.0
cpu: exceptions=15909 cacheResets=1 batches=51820 verts=719106 texStalls=0 recompiles=856 underruns=0 overruns=0 sleep_us=7148275 queue_ms=138
audio: alist_resample_calls=16637 alist_resample_samples=3061208 alist_zoh_calls=0 alist_zoh_samples=0 musyx_subframes=0 musyx_voices=0 musyx_voice_peak=0
audio_stages: adpcm_calls=16305 adpcm_samples=2619504 envmix_calls=16637 envmix_samples=3061208 mix_calls=106152 mix_samples=19531968 musyx_fx_calls=0 musyx_fx_taps=0 output_calls=897 output_samples=478768
audio_envmix: exp_calls=0 ge_calls=0 lin_calls=16637 nead_calls=0 exp_steady=0 ge_steady=0 lin_steady=10543
audio_gaps: nead_mats=0 nead_efz=0 resample_flag2=0 musyx_ptr10=0
audio_output: stream_requests=3271 stream_fed=1648 input_hz=32006 playback_hz=32006 queue_peak_ms=180
vm_io: read_ahead=1 reads=0 hits=0 read_bytes=0 writes=0 write_bytes=0 errors=0
subsystem_time: stage=rsp_gfx calls=800 timed_calls=800 period=1 timed_us=1701255
subsystem_time: stage=rsp_audio calls=898 timed_calls=898 period=1 timed_us=1464769
subsystem_time: stage=rsp_other calls=0 timed_calls=0 period=1 timed_us=0
subsystem_time: stage=lookup calls=3201186 timed_calls=25206 period=127 timed_us=2280
subsystem_time: stage=compile calls=856 timed_calls=856 period=1 timed_us=158554
subsystem_time: stage=dispatch calls=2969259 timed_calls=23379 period=127 timed_us=9138
subsystem_time: stage=execute_inclusive calls=2969259 timed_calls=23379 period=127 timed_us=110545
subsystem_time: stage=rom_copy calls=10662 timed_calls=10662 period=1 timed_us=9216
subsystem_time: stage=present calls=899 timed_calls=899 period=1 timed_us=13739
subsystem_time: stage=limiter calls=836 timed_calls=836 period=1 timed_us=7149314
subsystem_time: stage=vm_fault calls=0 timed_calls=0 period=1 timed_us=0
subsystem_time: stage=vm_victim calls=0 timed_calls=0 period=1 timed_us=0
subsystem_time: stage=vm_read calls=0 timed_calls=0 period=1 timed_us=0
subsystem_time: stage=vm_write calls=0 timed_calls=0 period=1 timed_us=0
subsystem_time: stage=tex_hash calls=0 timed_calls=0 period=1 timed_us=0
subsystem_time: stage=tex_lookup calls=0 timed_calls=0 period=1 timed_us=0
subsystem_time: stage=tex_load calls=0 timed_calls=0 period=1 timed_us=0
subsystem_time: stage=tex_activate calls=0 timed_calls=0 period=1 timed_us=0
subsystem_time: stage=draw_triangles calls=0 timed_calls=0 period=1 timed_us=0
subsystem_time: stage=draw_rect calls=0 timed_calls=0 period=1 timed_us=0
subsystem_time: stage=gfx_list calls=800 timed_calls=800 period=1 timed_us=1701054
subsystem_time: stage=gfx_command calls=0 timed_calls=0 period=127 timed_us=0
subsystem_time: stage=vertex calls=141628 timed_calls=1115 period=127 timed_us=4860
subsystem_time: stage=gfx_state calls=0 timed_calls=0 period=127 timed_us=0
subsystem_time: stage=gx_wait calls=0 timed_calls=0 period=1 timed_us=0
subsystem_time: stage=dma_pi calls=10666 timed_calls=10666 period=1 timed_us=163648
subsystem_time: stage=dma_sp calls=3396 timed_calls=3396 period=1 timed_us=1298
subsystem_time: stage=dma_si calls=963 timed_calls=963 period=1 timed_us=9212
subsystem_time: stage=tlb_translate calls=0 timed_calls=0 period=127 timed_us=0
subsystem_time: stage=pif calls=964 timed_calls=964 period=1 timed_us=8974
subsystem_time: stage=input calls=3536 timed_calls=3536 period=1 timed_us=7898
subsystem_time: stage=guest_interrupt calls=21694 timed_calls=21694 period=1 timed_us=7172496
subsystem_time: stage=interpreter_inclusive calls=0 timed_calls=0 period=1 timed_us=0
subsystem_time: stage=audio_submit calls=898 timed_calls=898 period=1 timed_us=2436
subsystem_time: stage=audio_callback calls=9265 timed_calls=9265 period=1 timed_us=2543
subsystem_time: stage=memory_slow calls=952426 timed_calls=7499 period=127 timed_us=27348
subsystem_time: stage=jit_invalidate calls=10732822 timed_calls=84510 period=127 timed_us=4035
audio_time: stage=resample sampled_calls=131 sampled_samples=24104 sampled_us=1917
audio_time: stage=zoh sampled_calls=0 sampled_samples=0 sampled_us=0
audio_time: stage=adpcm sampled_calls=128 sampled_samples=20064 sampled_us=1493
audio_time: stage=envmix_exp sampled_calls=0 sampled_samples=0 sampled_us=0
audio_time: stage=envmix_ge sampled_calls=0 sampled_samples=0 sampled_us=0
audio_time: stage=envmix_lin sampled_calls=131 sampled_samples=24104 sampled_us=3863
audio_time: stage=envmix_nead sampled_calls=0 sampled_samples=0 sampled_us=0
audio_time: stage=mix sampled_calls=835 sampled_samples=153640 sampled_us=3216
audio_time: stage=musyx_voice sampled_calls=0 sampled_samples=0 sampled_us=0
audio_time: stage=musyx_fx sampled_calls=0 sampled_samples=0 sampled_us=0
audio_time: stage=output sampled_calls=7 sampled_samples=3680 sampled_us=16
game: n=8/8 how=vis vis=900 vi_rate=60 vi0_retrace=16279 wall_us=15035497 sleep_us=7148275 avg_vis=58.00 avg_fps=54.68 exceptions=15910 cacheResets=1 recompiles=856 batches=51820 verts=719106 texStalls=0 treeDepthMax=14 underruns=0 overruns=0 queue_peak_ms=140 dsp_avg=3.93 dsp_peak=4.95 pmc1=10959167450 pmc2=0 pmc3=0 pmc4=0 mmcr0=00000042 mmcr1=00000000 heap_used=10431384 heap_free=112904 arena1_free=327680 arena2_free=577472 flushes=3 flush_us=2698 padtrace=0 rom=sd:/wii64/roms/Super Smash Bros. (U) [!].z64
=== chain 8/8 end vis=900 how=vis rom=sd:/wii64/roms/Super Smash Bros. (U) [!].z64 ===
