--- wii64 perf log ---
mark: diag config: wiiload arguments
mark: wiiload dynacore argument received
mark: diag received dynacore line
mark: diag requested core: dynarec
mark: pad replay records: 7
selftest:
  raw[0]=51289049617138444
  raw[1]=51289049617138445
  raw[2]=51289049617138462
  raw[3]=51289049617138475
  raw[4]=51289049617138488
  delta[0]=0us
  delta[1]=0us
  delta[2]=0us
  delta[3]=0us
mark: audio quality: accurate
mark: audio modes: n64=0 output=0 mixer=0 latency=2 sync=0
mark: diag applied core: dynarec
mark: HBC agent ready
mark: loadROM: enter
mark: loadROM: before rom_read
mark: ROMCache_load: enter
mark: ROMCache_load: before first read
mark: ROMCache_load: first read returned
mark: ROMCache_load: byte_swap_type set
mark: ROMCache_load: first byte_swap done
menufps: 10.3
menufps: 8.1
menufps: 7.9
mark: ROMCache_load: loop exited normally
mark: ROMCache_load: elapsed_us=1942313 bytes=8388608 vm=0
mark: loadROM: after rom_read
mark: loadROM: before init_memory
mark: loadROM: after init_memory
mark: loadROM: before romOpen_gfx
mark: loadROM: after romOpen_gfx / before romOpen_audio
mark: loadROM: after romOpen_audio / before romOpen_input
mark: loadROM: after romOpen_input / before cpu_init
mark: loadROM: after cpu_init
menufps: 2.9
menufps: 0.9
menufps: 1.0
fps: 0.0
first_vi: vi0_retrace=328
vis: 0.0
cpu: exceptions=0 cacheResets=0 batches=0 verts=0 texStalls=0 recompiles=0 underruns=0 overruns=0 sleep_us=0 queue_ms=0
mark: CPU core dispatch: dynarec
vis: 60.0
cpu: exceptions=240 cacheResets=1 batches=0 verts=0 texStalls=0 recompiles=189 underruns=2 overruns=0 sleep_us=234829 queue_ms=118
vis: 60.0
cpu: exceptions=540 cacheResets=1 batches=0 verts=0 texStalls=0 recompiles=198 underruns=2 overruns=0 sleep_us=714450 queue_ms=123
vis: 60.0
cpu: exceptions=840 cacheResets=1 batches=0 verts=0 texStalls=0 recompiles=204 underruns=2 overruns=0 sleep_us=1194537 queue_ms=120
vis: 60.0
cpu: exceptions=1135 cacheResets=1 batches=0 verts=0 texStalls=0 recompiles=204 underruns=2 overruns=0 sleep_us=1675253 queue_ms=124
fps: 0.5
vis: 60.0
cpu: exceptions=1431 cacheResets=1 batches=414 verts=9387 texStalls=0 recompiles=468 underruns=3 overruns=0 sleep_us=1998256 queue_ms=2
fps: 20.6
vis: 60.0
cpu: exceptions=1588 cacheResets=1 batches=2484 verts=56322 texStalls=0 recompiles=475 underruns=4 overruns=0 sleep_us=2420515 queue_ms=9
fps: 29.9
vis: 60.0
cpu: exceptions=1752 cacheResets=1 batches=4554 verts=103257 texStalls=0 recompiles=478 underruns=4 overruns=0 sleep_us=2841678 queue_ms=15
fps: 30.1
vis: 60.0
cpu: exceptions=1894 cacheResets=1 batches=6624 verts=150192 texStalls=0 recompiles=478 underruns=4 overruns=0 sleep_us=3272038 queue_ms=11
fps: 30.0
vis: 60.0
cpu: exceptions=2036 cacheResets=1 batches=8694 verts=197127 texStalls=0 recompiles=478 underruns=4 overruns=0 sleep_us=3702477 queue_ms=16
fps: 30.0
vis: 60.0
cpu: exceptions=2178 cacheResets=1 batches=10767 verts=244080 texStalls=0 recompiles=489 underruns=4 overruns=0 sleep_us=4131337 queue_ms=13
fps: 30.0
vis: 60.0
cpu: exceptions=2319 cacheResets=1 batches=12574 verts=284835 texStalls=0 recompiles=498 underruns=4 overruns=0 sleep_us=4564968 queue_ms=18
vis: 60.0
cpu: exceptions=2638 cacheResets=1 batches=12574 verts=284835 texStalls=0 recompiles=675 underruns=5 overruns=0 sleep_us=4814049 queue_ms=23
vis: 60.0
cpu: exceptions=2728 cacheResets=1 batches=12574 verts=284835 texStalls=0 recompiles=733 underruns=5 overruns=0 sleep_us=5070886 queue_ms=19
vis: 60.0
cpu: exceptions=2818 cacheResets=1 batches=12574 verts=284835 texStalls=0 recompiles=784 underruns=5 overruns=0 sleep_us=5450174 queue_ms=25
fps: 3.9
vis: 60.0
cpu: exceptions=2961 cacheResets=1 batches=13906 verts=302151 texStalls=0 recompiles=910 underruns=7 overruns=0 sleep_us=5714182 queue_ms=8
fps: 15.2
vis: 60.0
cpu: exceptions=3118 cacheResets=1 batches=18799 verts=366474 texStalls=0 recompiles=910 underruns=7 overruns=0 sleep_us=5928377 queue_ms=13
fps: 30.0
vis: 60.0
cpu: exceptions=3273 cacheResets=1 batches=23672 verts=430425 texStalls=0 recompiles=927 underruns=7 overruns=0 sleep_us=6141968 queue_ms=8
fps: 30.0
vis: 60.0
cpu: exceptions=3436 cacheResets=1 batches=28536 verts=494304 texStalls=0 recompiles=927 underruns=7 overruns=0 sleep_us=6355989 queue_ms=5
fps: 30.0
vis: 60.0
cpu: exceptions=3591 cacheResets=1 batches=33403 verts=558201 texStalls=0 recompiles=927 underruns=7 overruns=0 sleep_us=6579016 queue_ms=10
fps: 29.1
vis: 60.0
cpu: exceptions=3762 cacheResets=1 batches=38270 verts=622098 texStalls=0 recompiles=927 underruns=9 overruns=0 sleep_us=6788532 queue_ms=15
fps: 29.9
vis: 60.0
cpu: exceptions=3978 cacheResets=1 batches=43153 verts=686091 texStalls=0 recompiles=936 underruns=9 overruns=0 sleep_us=6981085 queue_ms=12
fps: 19.9
vis: 60.0
cpu: exceptions=4234 cacheResets=1 batches=43748 verts=693834 texStalls=0 recompiles=1065 underruns=11 overruns=0 sleep_us=7272086 queue_ms=22
fps: 31.6
vis: 60.0
cpu: exceptions=4401 cacheResets=1 batches=44554 verts=704250 texStalls=0 recompiles=1065 underruns=11 overruns=0 sleep_us=7668237 queue_ms=17
fps: 30.0
vis: 60.0
cpu: exceptions=4573 cacheResets=1 batches=45349 verts=714600 texStalls=0 recompiles=1065 underruns=11 overruns=0 sleep_us=8063793 queue_ms=13
fps: 30.0
vis: 60.0
cpu: exceptions=4738 cacheResets=1 batches=46144 verts=724950 texStalls=0 recompiles=1065 underruns=11 overruns=0 sleep_us=8467989 queue_ms=18
fps: 30.0
vis: 60.0
cpu: exceptions=4911 cacheResets=1 batches=46939 verts=735300 texStalls=0 recompiles=1065 underruns=11 overruns=0 sleep_us=8862478 queue_ms=15
fps: 30.0
vis: 60.0
cpu: exceptions=5090 cacheResets=1 batches=47734 verts=745650 texStalls=0 recompiles=1065 underruns=11 overruns=0 sleep_us=9251987 queue_ms=19
fps: 30.0
vis: 60.0
cpu: exceptions=5263 cacheResets=1 batches=48529 verts=756000 texStalls=0 recompiles=1065 underruns=11 overruns=0 sleep_us=9644863 queue_ms=16
fps: 30.0
vis: 60.0
cpu: exceptions=5432 cacheResets=1 batches=49324 verts=766350 texStalls=0 recompiles=1065 underruns=11 overruns=0 sleep_us=10043497 queue_ms=13
fps: 30.0
vis: 60.0
cpu: exceptions=5597 cacheResets=1 batches=50119 verts=776700 texStalls=0 recompiles=1065 underruns=11 overruns=0 sleep_us=10447846 queue_ms=17
vis: 60.0
cpu: exceptions=5779 cacheResets=1 batches=50634 verts=785370 texStalls=0 recompiles=1068 underruns=11 overruns=0 sleep_us=10856087 queue_ms=14
fps: 30.0
vis: 60.0
cpu: exceptions=5954 cacheResets=1 batches=51142 verts=793998 texStalls=0 recompiles=1071 underruns=11 overruns=0 sleep_us=11264022 queue_ms=19
fps: 30.0
vis: 60.0
cpu: exceptions=6203 cacheResets=1 batches=51244 verts=795726 texStalls=0 recompiles=1131 underruns=11 overruns=0 sleep_us=11575940 queue_ms=16
fps: 4.1
vis: 60.0
cpu: exceptions=6353 cacheResets=1 batches=51799 verts=806742 texStalls=0 recompiles=1530 underruns=12 overruns=0 sleep_us=11794378 queue_ms=32
fps: 32.6
vis: 60.0
cpu: exceptions=6488 cacheResets=1 batches=54709 verts=879372 texStalls=0 recompiles=1534 underruns=12 overruns=0 sleep_us=12153568 queue_ms=29
fps: 30.0
vis: 60.0
cpu: exceptions=6623 cacheResets=1 batches=57619 verts=952002 texStalls=0 recompiles=1534 underruns=12 overruns=0 sleep_us=12512860 queue_ms=26
fps: 30.0
vis: 60.0
cpu: exceptions=6758 cacheResets=1 batches=60529 verts=1024632 texStalls=0 recompiles=1534 underruns=12 overruns=0 sleep_us=12872770 queue_ms=32
fps: 30.0
vis: 60.0
cpu: exceptions=6893 cacheResets=1 batches=63439 verts=1097262 texStalls=0 recompiles=1534 underruns=12 overruns=0 sleep_us=13232509 queue_ms=27
fps: 29.9
vis: 60.0
cpu: exceptions=7045 cacheResets=1 batches=67357 verts=1175940 texStalls=0 recompiles=1544 underruns=12 overruns=0 sleep_us=13559344 queue_ms=33
fps: 29.5
vis: 60.0
cpu: exceptions=7220 cacheResets=1 batches=71524 verts=1256112 texStalls=0 recompiles=1545 underruns=12 overruns=0 sleep_us=13869900 queue_ms=20
fps: 30.0
vis: 60.0
cpu: exceptions=7400 cacheResets=1 batches=75679 verts=1336212 texStalls=0 recompiles=1545 underruns=12 overruns=0 sleep_us=14176951 queue_ms=25
vis: 60.0
cpu: exceptions=7581 cacheResets=1 batches=79834 verts=1416312 texStalls=0 recompiles=1545 underruns=12 overruns=0 sleep_us=14479972 queue_ms=22
fps: 30.0
vis: 60.0
cpu: exceptions=7776 cacheResets=1 batches=83989 verts=1496412 texStalls=0 recompiles=1545 underruns=12 overruns=0 sleep_us=14775551 queue_ms=27
fps: 30.0
vis: 60.0
cpu: exceptions=7989 cacheResets=1 batches=88144 verts=1576512 texStalls=0 recompiles=1545 underruns=12 overruns=0 sleep_us=15064991 queue_ms=23
fps: 30.0
vis: 60.0
cpu: exceptions=8197 cacheResets=1 batches=92299 verts=1656612 texStalls=0 recompiles=1545 underruns=12 overruns=0 sleep_us=15355430 queue_ms=19
fps: 30.0
vis: 60.0
cpu: exceptions=8416 cacheResets=1 batches=96454 verts=1736712 texStalls=0 recompiles=1545 underruns=12 overruns=0 sleep_us=15639202 queue_ms=25
fps: 30.0
vis: 60.0
cpu: exceptions=8621 cacheResets=1 batches=100609 verts=1816812 texStalls=0 recompiles=1545 underruns=12 overruns=0 sleep_us=15931983 queue_ms=20
fps: 30.0
vis: 60.0
cpu: exceptions=8815 cacheResets=1 batches=104764 verts=1896912 texStalls=0 recompiles=1545 underruns=12 overruns=0 sleep_us=16232371 queue_ms=26
fps: 30.0
vis: 60.0
cpu: exceptions=9007 cacheResets=1 batches=108919 verts=1977012 texStalls=0 recompiles=1545 underruns=12 overruns=0 sleep_us=16534743 queue_ms=22
fps: 30.0
vis: 60.0
cpu: exceptions=9171 cacheResets=1 batches=113074 verts=2057112 texStalls=0 recompiles=1547 underruns=12 overruns=0 sleep_us=16851677 queue_ms=27
fps: 30.0
vis: 60.0
cpu: exceptions=9315 cacheResets=1 batches=117229 verts=2137212 texStalls=0 recompiles=1547 underruns=12 overruns=0 sleep_us=17178866 queue_ms=24
fps: 30.0
vis: 60.0
cpu: exceptions=9455 cacheResets=1 batches=121384 verts=2217312 texStalls=0 recompiles=1547 underruns=12 overruns=0 sleep_us=17508107 queue_ms=29
fps: 30.0
vis: 60.0
cpu: exceptions=9595 cacheResets=1 batches=125539 verts=2297412 texStalls=0 recompiles=1547 underruns=12 overruns=0 sleep_us=17836691 queue_ms=25
fps: 30.0
vis: 60.0
cpu: exceptions=9733 cacheResets=1 batches=129694 verts=2377512 texStalls=0 recompiles=1547 underruns=12 overruns=0 sleep_us=18168793 queue_ms=21
fps: 30.0
vis: 60.0
cpu: exceptions=9868 cacheResets=1 batches=133849 verts=2457612 texStalls=0 recompiles=1547 underruns=12 overruns=0 sleep_us=18504670 queue_ms=27
fps: 30.0
vis: 60.0
cpu: exceptions=10003 cacheResets=1 batches=138004 verts=2537712 texStalls=0 recompiles=1547 underruns=12 overruns=0 sleep_us=18841949 queue_ms=23
fps: 30.1
vis: 60.0
cpu: exceptions=10138 cacheResets=1 batches=141319 verts=2612772 texStalls=0 recompiles=1548 underruns=12 overruns=0 sleep_us=19195850 queue_ms=29
fps: 30.0
vis: 60.0
cpu: exceptions=10273 cacheResets=1 batches=144214 verts=2685312 texStalls=0 recompiles=1548 underruns=12 overruns=0 sleep_us=19558562 queue_ms=25
fps: 30.0
vis: 60.0
cpu: exceptions=10414 cacheResets=1 batches=147138 verts=2758500 texStalls=0 recompiles=1568 underruns=12 overruns=0 sleep_us=19911875 queue_ms=30
fps: 28.9
vis: 60.0
cpu: exceptions=10579 cacheResets=1 batches=150453 verts=2840670 texStalls=0 recompiles=1568 underruns=12 overruns=0 sleep_us=20229860 queue_ms=9
fps: 30.1
vis: 60.0
cpu: exceptions=10740 cacheResets=1 batches=153288 verts=2904024 texStalls=0 recompiles=1569 underruns=12 overruns=0 sleep_us=20568141 queue_ms=4
fps: 30.0
vis: 60.0
cpu: exceptions=10898 cacheResets=1 batches=155703 verts=2950914 texStalls=0 recompiles=1569 underruns=12 overruns=0 sleep_us=20923812 queue_ms=10
fps: 30.0
vis: 60.0
cpu: exceptions=11062 cacheResets=1 batches=158118 verts=2997804 texStalls=0 recompiles=1572 underruns=12 overruns=0 sleep_us=21274683 queue_ms=6
fps: 29.9
vis: 60.0
cpu: exceptions=11258 cacheResets=1 batches=160533 verts=3044694 texStalls=0 recompiles=1572 underruns=12 overruns=0 sleep_us=21605369 queue_ms=11
fps: 30.0
vis: 60.0
cpu: exceptions=11446 cacheResets=1 batches=162954 verts=3091614 texStalls=0 recompiles=1572 underruns=12 overruns=0 sleep_us=21942393 queue_ms=8
fps: 30.0
vis: 60.0
cpu: exceptions=11613 cacheResets=1 batches=165459 verts=3138954 texStalls=0 recompiles=1572 underruns=12 overruns=0 sleep_us=22289209 queue_ms=13
fps: 30.0
vis: 60.0
cpu: exceptions=11794 cacheResets=1 batches=167988 verts=3186366 texStalls=0 recompiles=1572 underruns=12 overruns=0 sleep_us=22622387 queue_ms=9
fps: 30.0
vis: 60.0
cpu: exceptions=11988 cacheResets=1 batches=170642 verts=3235665 texStalls=0 recompiles=1572 underruns=12 overruns=0 sleep_us=22941087 queue_ms=5
fps: 30.0
vis: 60.0
cpu: exceptions=12182 cacheResets=1 batches=173376 verts=3286212 texStalls=0 recompiles=1572 underruns=12 overruns=0 sleep_us=23263694 queue_ms=11
fps: 30.0
vis: 60.0
cpu: exceptions=12352 cacheResets=1 batches=176152 verts=3336885 texStalls=0 recompiles=1572 underruns=12 overruns=0 sleep_us=23602077 queue_ms=6
fps: 30.0
vis: 60.0
cpu: exceptions=12529 cacheResets=1 batches=178990 verts=3387840 texStalls=0 recompiles=1572 underruns=12 overruns=0 sleep_us=23933294 queue_ms=12
fps: 30.0
vis: 60.0
cpu: exceptions=12717 cacheResets=1 batches=181870 verts=3439005 texStalls=0 recompiles=1572 underruns=12 overruns=0 sleep_us=24253210 queue_ms=9
fps: 30.0
vis: 60.0
cpu: exceptions=12923 cacheResets=1 batches=184750 verts=3490170 texStalls=0 recompiles=1572 underruns=12 overruns=0 sleep_us=24562874 queue_ms=13
fps: 30.0
vis: 60.0
cpu: exceptions=13105 cacheResets=1 batches=187668 verts=3542559 texStalls=0 recompiles=1572 underruns=12 overruns=0 sleep_us=24887813 queue_ms=10
fps: 30.0
vis: 60.0
cpu: exceptions=13273 cacheResets=1 batches=190698 verts=3598404 texStalls=0 recompiles=1572 underruns=12 overruns=0 sleep_us=25212374 queue_ms=6
fps: 30.0
vis: 60.0
cpu: exceptions=13459 cacheResets=1 batches=193728 verts=3654249 texStalls=0 recompiles=1572 underruns=12 overruns=0 sleep_us=25525242 queue_ms=12
fps: 30.0
vis: 60.0
cpu: exceptions=13661 cacheResets=1 batches=196758 verts=3710094 texStalls=0 recompiles=1572 underruns=12 overruns=0 sleep_us=25823136 queue_ms=7
fps: 30.0
vis: 60.0
cpu: exceptions=13851 cacheResets=1 batches=199790 verts=3766221 texStalls=0 recompiles=1572 underruns=12 overruns=0 sleep_us=26131741 queue_ms=13
fps: 30.0
vis: 60.0
cpu: exceptions=14021 cacheResets=1 batches=202792 verts=3822678 texStalls=0 recompiles=1572 underruns=12 overruns=0 sleep_us=26453306 queue_ms=9
mark: stop reason: chain guest VI limit
mark: stop_it requested
audio: alist_resample_calls=42763 alist_resample_samples=5572696 alist_zoh_calls=0 alist_zoh_samples=0 musyx_subframes=0 musyx_voices=0 musyx_voice_peak=0
audio_stages: adpcm_calls=41651 adpcm_samples=5505360 envmix_calls=40317 envmix_samples=5378800 mix_calls=9436 mix_samples=3019520 musyx_fx_calls=0 musyx_fx_taps=0 output_calls=2360 output_samples=1259104
audio_envmix: exp_calls=40317 ge_calls=0 lin_calls=0 nead_calls=0 exp_steady=33833 ge_steady=0 lin_steady=0
audio_gaps: nead_mats=0 nead_efz=0 resample_flag2=0 musyx_ptr10=0
audio_output: stream_requests=6281 stream_fed=4371 input_hz=32006 playback_hz=32006 queue_peak_ms=141
probe_schema: version=2 self=1 interval=127
vm_io: read_ahead=1 reads=0 hits=0 read_bytes=0 writes=0 write_bytes=0 errors=0
subsystem_time: stage=rsp_gfx calls=1046 timed_calls=1046 period=1 timed_us=3849593
subsystem_time: stage=rsp_audio calls=2359 timed_calls=2359 period=1 timed_us=984476
subsystem_time: stage=rsp_other calls=0 timed_calls=0 period=1 timed_us=0
subsystem_time: stage=lookup calls=778372 timed_calls=6128 period=127 timed_us=2315
subsystem_time: stage=compile calls=1572 timed_calls=1572 period=1 timed_us=170312
subsystem_time: stage=dispatch calls=1124665 timed_calls=8855 period=127 timed_us=11639
subsystem_self: stage=dispatch calls=1124665 timed_calls=8855 self_us=6455 dropped=0
subsystem_time: stage=execute_inclusive calls=1124665 timed_calls=8855 period=127 timed_us=338135
subsystem_self: stage=execute_inclusive calls=1124665 timed_calls=8855 self_us=76150 dropped=0
subsystem_time: stage=rom_copy calls=3129 timed_calls=3129 period=1 timed_us=41937
subsystem_time: stage=present calls=2399 timed_calls=2399 period=1 timed_us=52746
subsystem_time: stage=limiter calls=2371 timed_calls=2371 period=1 timed_us=26766335
subsystem_time: stage=vm_fault calls=0 timed_calls=0 period=1 timed_us=0
subsystem_time: stage=vm_victim calls=0 timed_calls=0 period=1 timed_us=0
subsystem_time: stage=vm_read calls=0 timed_calls=0 period=1 timed_us=0
subsystem_time: stage=vm_write calls=0 timed_calls=0 period=1 timed_us=0
subsystem_time: stage=tex_hash calls=85154 timed_calls=85154 period=1 timed_us=585795
subsystem_time: stage=tex_lookup calls=85154 timed_calls=85154 period=1 timed_us=32967
subsystem_time: stage=tex_load calls=177 timed_calls=177 period=1 timed_us=7253
subsystem_time: stage=tex_activate calls=85154 timed_calls=85154 period=1 timed_us=48933
subsystem_time: stage=draw_triangles calls=205480 timed_calls=205480 period=1 timed_us=482458
subsystem_time: stage=draw_rect calls=8799 timed_calls=8799 period=1 timed_us=79989
subsystem_time: stage=gfx_list calls=1046 timed_calls=1046 period=1 timed_us=3847463
subsystem_time: stage=gfx_command calls=2786825 timed_calls=21943 period=127 timed_us=32772
gfx_ucodes: mask=00000001
gfx_opcode: op=01 calls=75436 timed_calls=598 timed_us=297
gfx_opcode: op=03 calls=73618 timed_calls=553 timed_us=265
gfx_opcode: op=04 calls=202058 timed_calls=1637 timed_us=6004
gfx_opcode: op=06 calls=145152 timed_calls=1145 timed_us=200
gfx_opcode: op=b4 calls=4451 timed_calls=37 timed_us=6
gfx_opcode: op=b6 calls=23962 timed_calls=173 timed_us=25
gfx_opcode: op=b7 calls=21046 timed_calls=180 timed_us=26
gfx_opcode: op=b8 calls=140333 timed_calls=1074 timed_us=144
gfx_opcode: op=b9 calls=30709 timed_calls=253 timed_us=37
gfx_opcode: op=ba calls=19636 timed_calls=159 timed_us=30
gfx_opcode: op=bb calls=51802 timed_calls=399 timed_us=76
gfx_opcode: op=bc calls=19397 timed_calls=146 timed_us=25
gfx_opcode: op=bd calls=3892 timed_calls=34 timed_us=5
gfx_opcode: op=bf calls=1291628 timed_calls=10138 timed_us=17713
gfx_opcode: op=e4 calls=6448 timed_calls=51 timed_us=584
gfx_opcode: op=e6 calls=85154 timed_calls=663 timed_us=82
gfx_opcode: op=e7 calls=100893 timed_calls=810 timed_us=101
gfx_opcode: op=e8 calls=34686 timed_calls=276 timed_us=36
gfx_opcode: op=e9 calls=1046 timed_calls=8 timed_us=10
gfx_opcode: op=ed calls=7377 timed_calls=58 timed_us=24
gfx_opcode: op=f2 calls=70836 timed_calls=570 timed_us=143
gfx_opcode: op=f3 calls=85154 timed_calls=694 timed_us=3318
gfx_opcode: op=f5 calls=132671 timed_calls=1020 timed_us=197
gfx_opcode: op=f6 calls=3397 timed_calls=25 timed_us=1289
gfx_opcode: op=f7 calls=2351 timed_calls=16 timed_us=7
gfx_opcode: op=f9 calls=38 timed_calls=1 timed_us=0
gfx_opcode: op=fa calls=5673 timed_calls=51 timed_us=8
gfx_opcode: op=fb calls=7254 timed_calls=46 timed_us=8
gfx_opcode: op=fc calls=52435 timed_calls=427 timed_us=56
gfx_opcode: op=fd calls=85154 timed_calls=672 timed_us=96
gfx_opcode: op=fe calls=1046 timed_calls=11 timed_us=14
gfx_opcode: op=ff calls=2092 timed_calls=18 timed_us=9
subsystem_time: stage=vertex calls=2212198 timed_calls=17418 period=127 timed_us=5481
subsystem_time: stage=gfx_state calls=314524 timed_calls=2476 period=127 timed_us=8758
subsystem_self: stage=gfx_state calls=314524 timed_calls=2476 self_us=3366 dropped=0
subsystem_time: stage=gx_wait calls=4 timed_calls=4 period=1 timed_us=2536
subsystem_time: stage=dma_pi calls=3129 timed_calls=3129 period=1 timed_us=47533
subsystem_time: stage=dma_sp calls=6810 timed_calls=6810 period=1 timed_us=6113
subsystem_time: stage=dma_si calls=1690 timed_calls=1690 period=1 timed_us=24873
subsystem_time: stage=tlb_translate calls=200897 timed_calls=1581 period=127 timed_us=182
subsystem_time: stage=pif calls=1691 timed_calls=1691 period=1 timed_us=23025
subsystem_time: stage=input calls=4180 timed_calls=4180 period=1 timed_us=19498
subsystem_time: stage=guest_interrupt calls=17252 timed_calls=17252 period=1 timed_us=26917697
subsystem_self: stage=guest_interrupt calls=17252 timed_calls=17252 self_us=42389 dropped=0
subsystem_time: stage=interpreter_inclusive calls=0 timed_calls=0 period=1 timed_us=0
subsystem_self: stage=interpreter_inclusive calls=0 timed_calls=0 self_us=0 dropped=0
subsystem_time: stage=audio_submit calls=2360 timed_calls=2360 period=1 timed_us=26903
subsystem_time: stage=audio_callback calls=24730 timed_calls=24730 period=1 timed_us=18340
subsystem_time: stage=memory_slow calls=1118231 timed_calls=8804 period=127 timed_us=58149
subsystem_self: stage=memory_slow calls=1118231 timed_calls=8804 self_us=4250 dropped=0
subsystem_time: stage=jit_invalidate calls=283982 timed_calls=2236 period=127 timed_us=508
subsystem_time: stage=cpu_helper calls=17901796 timed_calls=140959 period=127 timed_us=186231
subsystem_time: stage=storage_read calls=0 timed_calls=0 period=1 timed_us=0
subsystem_time: stage=storage_write calls=0 timed_calls=0 period=1 timed_us=0
subsystem_time: stage=save_load calls=0 timed_calls=0 period=1 timed_us=0
subsystem_time: stage=save_write calls=0 timed_calls=0 period=1 timed_us=0
subsystem_time: stage=state_load calls=0 timed_calls=0 period=1 timed_us=0
subsystem_time: stage=state_save calls=0 timed_calls=0 period=1 timed_us=0
subsystem_time: stage=probe_io calls=5 timed_calls=5 period=1 timed_us=63750
subsystem_time: stage=agent_poll calls=4809 timed_calls=4809 period=1 timed_us=1224
audio_time: stage=resample sampled_calls=336 sampled_samples=43888 sampled_us=1869
audio_time: stage=zoh sampled_calls=0 sampled_samples=0 sampled_us=0
audio_time: stage=adpcm sampled_calls=327 sampled_samples=42240 sampled_us=1793
audio_time: stage=envmix_exp sampled_calls=317 sampled_samples=42336 sampled_us=2630
audio_time: stage=envmix_ge sampled_calls=0 sampled_samples=0 sampled_us=0
audio_time: stage=envmix_lin sampled_calls=0 sampled_samples=0 sampled_us=0
audio_time: stage=envmix_nead sampled_calls=0 sampled_samples=0 sampled_us=0
audio_time: stage=mix sampled_calls=74 sampled_samples=23680 sampled_us=403
audio_time: stage=musyx_voice sampled_calls=0 sampled_samples=0 sampled_us=0
audio_time: stage=musyx_fx sampled_calls=0 sampled_samples=0 sampled_us=0
audio_time: stage=output sampled_calls=18 sampled_samples=9584 sampled_us=174
gpu_counters: clks=9769574274 tb_clks=9769574300 ras_busy=198172897 xf_wait_in=9325431834 xf_wait_out=287121795 ras_peak_permille=34 ztop_in=761475372 ztop_out=724564484 z_in=1416440 z_out=1344756 blend_in=726246300 copy_clks=118952278 fifo_overflows=738
game: n=1/9 how=vis vis=2400 vi_rate=60 vi0_retrace=328 wall_us=40203895 sleep_us=26759069 avg_vis=59.25 avg_fps=27.97 exceptions=14190 cacheResets=1 recompiles=1572 batches=205480 verts=3874884 texStalls=0 treeDepthMax=14 underruns=14 overruns=0 queue_peak_ms=124 dsp_avg=1.51 dsp_peak=1.75 dsp_samples=80 pmc1=9685094878 pmc2=9176238976 pmc3=0 pmc4=0 mmcr0=00000042 mmcr1=00000000 heap_used=10876792 heap_free=34120 arena1_free=290816 arena2_free=288704 flushes=5 flush_us=63749 padtrace=11 rom=sd:/wii64/roms/Super Mario 64.v64
=== chain 1/9 end vis=2400 how=vis rom=sd:/wii64/roms/Super Mario 64.v64 ===
mark: pad replay records: 22
mark: loadROM: enter
mark: loadROM: before rom_read
mark: ROMCache_load: enter
mark: ROMCache_load: before first read
mark: ROMCache_load: first read returned
mark: ROMCache_load: byte_swap_type set
mark: ROMCache_load: first byte_swap done
menufps: 0.0
menufps: 8.5
menufps: 8.3
menufps: 8.3
menufps: 8.1
menufps: 8.0
mark: ROMCache_load: loop exited normally
mark: ROMCache_load: elapsed_us=3137138 bytes=13893632 vm=0
mark: loadROM: after rom_read
mark: loadROM: before init_memory
mark: loadROM: after init_memory
mark: loadROM: before romOpen_gfx
mark: loadROM: after romOpen_gfx / before romOpen_audio
mark: loadROM: after romOpen_audio / before romOpen_input
mark: loadROM: after romOpen_input / before cpu_init
mark: loadROM: after cpu_init
menufps: 2.2
menufps: 1.0
menufps: 1.0
fps: 2.1
first_vi: vi0_retrace=3135
vis: 4.1
cpu: exceptions=0 cacheResets=0 batches=0 verts=0 texStalls=0 recompiles=0 underruns=0 overruns=0 sleep_us=0 queue_ms=0
mark: CPU core dispatch: dynarec
vis: 60.0
cpu: exceptions=1030 cacheResets=1 batches=0 verts=0 texStalls=0 recompiles=316 underruns=1 overruns=0 sleep_us=112152 queue_ms=74
vis: 60.0
cpu: exceptions=1330 cacheResets=1 batches=0 verts=0 texStalls=0 recompiles=316 underruns=1 overruns=0 sleep_us=589132 queue_ms=81
vis: 60.0
cpu: exceptions=1630 cacheResets=1 batches=0 verts=0 texStalls=0 recompiles=331 underruns=1 overruns=0 sleep_us=1064371 queue_ms=77
vis: 60.0
cpu: exceptions=1929 cacheResets=1 batches=0 verts=0 texStalls=0 recompiles=331 underruns=1 overruns=0 sleep_us=1541296 queue_ms=84
vis: 60.0
cpu: exceptions=2229 cacheResets=1 batches=0 verts=0 texStalls=0 recompiles=331 underruns=1 overruns=0 sleep_us=2018187 queue_ms=81
vis: 60.0
cpu: exceptions=2529 cacheResets=1 batches=0 verts=0 texStalls=0 recompiles=331 underruns=1 overruns=0 sleep_us=2495047 queue_ms=88
vis: 60.0
cpu: exceptions=2865 cacheResets=1 batches=0 verts=0 texStalls=0 recompiles=344 underruns=1 overruns=0 sleep_us=2964603 queue_ms=84
fps: 0.8
vis: 60.0
cpu: exceptions=3438 cacheResets=1 batches=64 verts=4140 texStalls=0 recompiles=468 underruns=1 overruns=0 sleep_us=3399491 queue_ms=90
fps: 1.6
vis: 60.0
cpu: exceptions=3543 cacheResets=1 batches=576 verts=37260 texStalls=0 recompiles=528 underruns=2 overruns=0 sleep_us=3732009 queue_ms=7
fps: 31.1
vis: 60.0
cpu: exceptions=3684 cacheResets=1 batches=1536 verts=99360 texStalls=0 recompiles=528 underruns=2 overruns=0 sleep_us=4095100 queue_ms=3
fps: 30.0
vis: 60.0
cpu: exceptions=3820 cacheResets=1 batches=2304 verts=149040 texStalls=0 recompiles=566 underruns=2 overruns=0 sleep_us=4432692 queue_ms=10
vis: 60.0
cpu: exceptions=3916 cacheResets=1 batches=2304 verts=149040 texStalls=0 recompiles=566 underruns=2 overruns=0 sleep_us=4717363 queue_ms=6
fps: 3.9
vis: 60.0
cpu: exceptions=4015 cacheResets=1 batches=2424 verts=149760 texStalls=0 recompiles=598 underruns=2 overruns=0 sleep_us=5063159 queue_ms=12
fps: 1.7
vis: 60.0
cpu: exceptions=4117 cacheResets=1 batches=2904 verts=152640 texStalls=0 recompiles=610 underruns=4 overruns=0 sleep_us=5419554 queue_ms=7
fps: 31.0
vis: 60.0
cpu: exceptions=4331 cacheResets=1 batches=4704 verts=163440 texStalls=0 recompiles=611 underruns=4 overruns=0 sleep_us=5671311 queue_ms=11
fps: 30.0
vis: 60.0
cpu: exceptions=4532 cacheResets=1 batches=6504 verts=174240 texStalls=0 recompiles=614 underruns=4 overruns=0 sleep_us=5919983 queue_ms=8
fps: 30.0
vis: 60.0
cpu: exceptions=4725 cacheResets=1 batches=8304 verts=185040 texStalls=0 recompiles=614 underruns=4 overruns=0 sleep_us=6165306 queue_ms=15
fps: 30.0
vis: 60.0
cpu: exceptions=4919 cacheResets=1 batches=10104 verts=195840 texStalls=0 recompiles=614 underruns=4 overruns=0 sleep_us=6411636 queue_ms=10
fps: 30.0
vis: 60.0
cpu: exceptions=5098 cacheResets=1 batches=11904 verts=206640 texStalls=0 recompiles=614 underruns=4 overruns=0 sleep_us=6661707 queue_ms=16
fps: 29.1
vis: 60.0
cpu: exceptions=5276 cacheResets=1 batches=13704 verts=217440 texStalls=0 recompiles=618 underruns=5 overruns=0 sleep_us=6910454 queue_ms=13
vis: 60.0
cpu: exceptions=5456 cacheResets=1 batches=15024 verts=225360 texStalls=0 recompiles=625 underruns=5 overruns=0 sleep_us=7152606 queue_ms=8
vis: 60.0
cpu: exceptions=5607 cacheResets=1 batches=15024 verts=225360 texStalls=0 recompiles=625 underruns=5 overruns=0 sleep_us=7401462 queue_ms=3
vis: 60.0
cpu: exceptions=5715 cacheResets=1 batches=15024 verts=225360 texStalls=0 recompiles=631 underruns=5 overruns=0 sleep_us=7698612 queue_ms=10
fps: 6.2
vis: 60.0
cpu: exceptions=5837 cacheResets=1 batches=15024 verts=225360 texStalls=0 recompiles=674 underruns=5 overruns=0 sleep_us=8002067 queue_ms=7
fps: 31.8
vis: 60.0
cpu: exceptions=6050 cacheResets=1 batches=15024 verts=225360 texStalls=0 recompiles=674 underruns=5 overruns=0 sleep_us=8284164 queue_ms=13
fps: 30.0
vis: 60.0
cpu: exceptions=6239 cacheResets=1 batches=15024 verts=225360 texStalls=0 recompiles=674 underruns=5 overruns=0 sleep_us=8569390 queue_ms=8
fps: 30.0
vis: 60.0
cpu: exceptions=6410 cacheResets=1 batches=15024 verts=225360 texStalls=0 recompiles=674 underruns=5 overruns=0 sleep_us=8858018 queue_ms=16
vis: 60.0
cpu: exceptions=6577 cacheResets=1 batches=15024 verts=225360 texStalls=0 recompiles=674 underruns=5 overruns=0 sleep_us=9148458 queue_ms=12
fps: 30.0
vis: 60.0
cpu: exceptions=6747 cacheResets=1 batches=15024 verts=225360 texStalls=0 recompiles=674 underruns=5 overruns=0 sleep_us=9438377 queue_ms=19
fps: 30.0
vis: 60.0
cpu: exceptions=6920 cacheResets=1 batches=15024 verts=225360 texStalls=0 recompiles=681 underruns=5 overruns=0 sleep_us=9723984 queue_ms=16
fps: 30.0
vis: 60.0
cpu: exceptions=7086 cacheResets=1 batches=15024 verts=225360 texStalls=0 recompiles=686 underruns=5 overruns=0 sleep_us=9999545 queue_ms=22
fps: 30.1
vis: 60.0
cpu: exceptions=7255 cacheResets=1 batches=15024 verts=225360 texStalls=0 recompiles=686 underruns=5 overruns=0 sleep_us=10288288 queue_ms=17
fps: 30.0
vis: 60.0
cpu: exceptions=7427 cacheResets=1 batches=15024 verts=225360 texStalls=0 recompiles=686 underruns=5 overruns=0 sleep_us=10586154 queue_ms=25
fps: 30.0
vis: 60.0
cpu: exceptions=7587 cacheResets=1 batches=15024 verts=225360 texStalls=0 recompiles=686 underruns=5 overruns=0 sleep_us=10886324 queue_ms=21
fps: 30.0
vis: 60.0
cpu: exceptions=7761 cacheResets=1 batches=15024 verts=225360 texStalls=0 recompiles=686 underruns=5 overruns=0 sleep_us=11183991 queue_ms=17
fps: 30.0
vis: 60.0
cpu: exceptions=7937 cacheResets=1 batches=15024 verts=225360 texStalls=0 recompiles=686 underruns=5 overruns=0 sleep_us=11482470 queue_ms=25
fps: 30.0
vis: 60.0
cpu: exceptions=8105 cacheResets=1 batches=15024 verts=225360 texStalls=0 recompiles=686 underruns=5 overruns=0 sleep_us=11781520 queue_ms=21
fps: 30.0
vis: 60.0
cpu: exceptions=8280 cacheResets=1 batches=15024 verts=225360 texStalls=0 recompiles=686 underruns=5 overruns=0 sleep_us=12079779 queue_ms=28
fps: 30.0
vis: 60.0
cpu: exceptions=8449 cacheResets=1 batches=15024 verts=225360 texStalls=0 recompiles=686 underruns=5 overruns=0 sleep_us=12381038 queue_ms=23
fps: 28.9
vis: 60.0
cpu: exceptions=8615 cacheResets=1 batches=15024 verts=225360 texStalls=0 recompiles=688 underruns=5 overruns=0 sleep_us=12698364 queue_ms=8
fps: 30.0
vis: 60.0
cpu: exceptions=8774 cacheResets=1 batches=15024 verts=225360 texStalls=0 recompiles=688 underruns=5 overruns=0 sleep_us=13015479 queue_ms=5
fps: 30.0
vis: 60.0
cpu: exceptions=8940 cacheResets=1 batches=15024 verts=225360 texStalls=0 recompiles=688 underruns=5 overruns=0 sleep_us=13329269 queue_ms=11
fps: 30.0
vis: 60.0
cpu: exceptions=9131 cacheResets=1 batches=15024 verts=225360 texStalls=0 recompiles=688 underruns=5 overruns=0 sleep_us=13623139 queue_ms=7
fps: 30.0
vis: 60.0
cpu: exceptions=9304 cacheResets=1 batches=15024 verts=225360 texStalls=0 recompiles=688 underruns=5 overruns=0 sleep_us=13924394 queue_ms=14
fps: 30.0
vis: 60.0
cpu: exceptions=9460 cacheResets=1 batches=15024 verts=225360 texStalls=0 recompiles=688 underruns=5 overruns=0 sleep_us=14236775 queue_ms=10
fps: 30.0
vis: 60.0
cpu: exceptions=9617 cacheResets=1 batches=15024 verts=225360 texStalls=0 recompiles=688 underruns=5 overruns=0 sleep_us=14549042 queue_ms=17
fps: 30.0
vis: 60.0
cpu: exceptions=9770 cacheResets=1 batches=15024 verts=225360 texStalls=0 recompiles=688 underruns=5 overruns=0 sleep_us=14862314 queue_ms=13
fps: 30.0
vis: 60.0
cpu: exceptions=9928 cacheResets=1 batches=15024 verts=225360 texStalls=0 recompiles=688 underruns=5 overruns=0 sleep_us=15179160 queue_ms=19
fps: 30.0
vis: 60.0
cpu: exceptions=10083 cacheResets=1 batches=15024 verts=225360 texStalls=0 recompiles=688 underruns=5 overruns=0 sleep_us=15497574 queue_ms=14
fps: 30.0
vis: 60.0
cpu: exceptions=10245 cacheResets=1 batches=15024 verts=225360 texStalls=0 recompiles=688 underruns=5 overruns=0 sleep_us=15816641 queue_ms=20
fps: 29.9
vis: 60.0
cpu: exceptions=10397 cacheResets=1 batches=15024 verts=225360 texStalls=0 recompiles=688 underruns=5 overruns=0 sleep_us=16132879 queue_ms=17
fps: 30.0
vis: 60.0
cpu: exceptions=10553 cacheResets=1 batches=15024 verts=225360 texStalls=0 recompiles=688 underruns=5 overruns=0 sleep_us=16445847 queue_ms=13
fps: 30.0
vis: 60.0
cpu: exceptions=10702 cacheResets=1 batches=15024 verts=225360 texStalls=0 recompiles=688 underruns=5 overruns=0 sleep_us=16771669 queue_ms=20
fps: 29.9
vis: 60.0
cpu: exceptions=10904 cacheResets=1 batches=15024 verts=225360 texStalls=0 recompiles=688 underruns=5 overruns=0 sleep_us=17066906 queue_ms=16
vis: 60.0
cpu: exceptions=11097 cacheResets=1 batches=15024 verts=225360 texStalls=0 recompiles=688 underruns=5 overruns=0 sleep_us=17354886 queue_ms=22
fps: 30.0
vis: 60.0
cpu: exceptions=11279 cacheResets=1 batches=15024 verts=225360 texStalls=0 recompiles=688 underruns=5 overruns=0 sleep_us=17649121 queue_ms=17
fps: 30.0
vis: 60.0
cpu: exceptions=11454 cacheResets=1 batches=15024 verts=225360 texStalls=0 recompiles=688 underruns=5 overruns=0 sleep_us=17947874 queue_ms=24
fps: 30.0
vis: 60.0
cpu: exceptions=11625 cacheResets=1 batches=15024 verts=225360 texStalls=0 recompiles=688 underruns=5 overruns=0 sleep_us=18247121 queue_ms=20
fps: 30.0
vis: 60.0
cpu: exceptions=11797 cacheResets=1 batches=15024 verts=225360 texStalls=0 recompiles=688 underruns=5 overruns=0 sleep_us=18545513 queue_ms=27
fps: 28.6
vis: 60.0
cpu: exceptions=11971 cacheResets=1 batches=15024 verts=225360 texStalls=0 recompiles=692 underruns=6 overruns=0 sleep_us=18842712 queue_ms=12
fps: 30.0
vis: 60.0
cpu: exceptions=12130 cacheResets=1 batches=15024 verts=225360 texStalls=0 recompiles=692 underruns=6 overruns=0 sleep_us=19126616 queue_ms=8
vis: 60.0
cpu: exceptions=12257 cacheResets=1 batches=15024 verts=225360 texStalls=0 recompiles=692 underruns=6 overruns=0 sleep_us=19380375 queue_ms=15
vis: 60.0
cpu: exceptions=12376 cacheResets=1 batches=15024 verts=225360 texStalls=0 recompiles=692 underruns=6 overruns=0 sleep_us=19666195 queue_ms=11
fps: 5.4
vis: 60.0
cpu: exceptions=12554 cacheResets=1 batches=15024 verts=225360 texStalls=0 recompiles=720 underruns=7 overruns=0 sleep_us=19933383 queue_ms=29
fps: 32.0
vis: 60.0
cpu: exceptions=12747 cacheResets=1 batches=15024 verts=225360 texStalls=0 recompiles=721 underruns=7 overruns=0 sleep_us=20190801 queue_ms=26
fps: 29.8
vis: 60.0
cpu: exceptions=12968 cacheResets=1 batches=15024 verts=225360 texStalls=0 recompiles=721 underruns=7 overruns=0 sleep_us=20409111 queue_ms=32
fps: 30.2
vis: 60.0
cpu: exceptions=13179 cacheResets=1 batches=15024 verts=225360 texStalls=0 recompiles=721 underruns=7 overruns=0 sleep_us=20639228 queue_ms=28
fps: 29.9
vis: 60.0
cpu: exceptions=13383 cacheResets=1 batches=15024 verts=225360 texStalls=0 recompiles=721 underruns=7 overruns=0 sleep_us=20870382 queue_ms=35
fps: 30.1
vis: 60.0
cpu: exceptions=13571 cacheResets=1 batches=15024 verts=225360 texStalls=0 recompiles=721 underruns=7 overruns=0 sleep_us=21145775 queue_ms=31
fps: 29.8
vis: 60.0
cpu: exceptions=13758 cacheResets=1 batches=15024 verts=225360 texStalls=0 recompiles=724 underruns=7 overruns=0 sleep_us=21412759 queue_ms=28
vis: 60.0
cpu: exceptions=13944 cacheResets=1 batches=15024 verts=225360 texStalls=0 recompiles=731 underruns=7 overruns=0 sleep_us=21679271 queue_ms=35
fps: 30.3
vis: 60.0
cpu: exceptions=14124 cacheResets=1 batches=15024 verts=225360 texStalls=0 recompiles=731 underruns=7 overruns=0 sleep_us=21970472 queue_ms=31
fps: 29.9
vis: 60.0
cpu: exceptions=14317 cacheResets=1 batches=15024 verts=225360 texStalls=0 recompiles=731 underruns=7 overruns=0 sleep_us=22245830 queue_ms=38
fps: 29.9
vis: 60.0
cpu: exceptions=14504 cacheResets=1 batches=15024 verts=225360 texStalls=0 recompiles=731 underruns=7 overruns=0 sleep_us=22529821 queue_ms=33
fps: 30.2
vis: 60.0
cpu: exceptions=14680 cacheResets=1 batches=15024 verts=225360 texStalls=0 recompiles=731 underruns=7 overruns=0 sleep_us=22823158 queue_ms=40
fps: 30.0
vis: 60.0
cpu: exceptions=14847 cacheResets=1 batches=15024 verts=225360 texStalls=0 recompiles=731 underruns=7 overruns=0 sleep_us=23129946 queue_ms=37
fps: 29.9
vis: 60.0
cpu: exceptions=15022 cacheResets=1 batches=15024 verts=225360 texStalls=0 recompiles=731 underruns=7 overruns=0 sleep_us=23428012 queue_ms=43
fps: 30.1
vis: 60.0
cpu: exceptions=15180 cacheResets=1 batches=15024 verts=225360 texStalls=0 recompiles=731 underruns=7 overruns=0 sleep_us=23746823 queue_ms=39
fps: 30.1
vis: 60.0
cpu: exceptions=15341 cacheResets=1 batches=15024 verts=225360 texStalls=0 recompiles=731 underruns=7 overruns=0 sleep_us=24065638 queue_ms=35
fps: 29.1
vis: 60.0
cpu: exceptions=15525 cacheResets=1 batches=15024 verts=225360 texStalls=0 recompiles=732 underruns=7 overruns=0 sleep_us=24350008 queue_ms=31
fps: 29.8
vis: 60.0
cpu: exceptions=15696 cacheResets=1 batches=15024 verts=225360 texStalls=0 recompiles=732 underruns=7 overruns=0 sleep_us=24621842 queue_ms=27
vis: 60.0
cpu: exceptions=15803 cacheResets=1 batches=15024 verts=225360 texStalls=0 recompiles=732 underruns=7 overruns=0 sleep_us=24889844 queue_ms=34
vis: 60.0
cpu: exceptions=15953 cacheResets=1 batches=15024 verts=225360 texStalls=0 recompiles=733 underruns=7 overruns=0 sleep_us=25182564 queue_ms=29
vis: 60.0
cpu: exceptions=16114 cacheResets=1 batches=15024 verts=225360 texStalls=0 recompiles=734 underruns=7 overruns=0 sleep_us=25478538 queue_ms=25
fps: 3.6
vis: 60.0
cpu: exceptions=16295 cacheResets=1 batches=15024 verts=225360 texStalls=0 recompiles=761 underruns=7 overruns=0 sleep_us=25713223 queue_ms=32
fps: 32.3
vis: 60.0
cpu: exceptions=16474 cacheResets=1 batches=15024 verts=225360 texStalls=0 recompiles=761 underruns=7 overruns=0 sleep_us=25993878 queue_ms=27
fps: 30.0
vis: 60.0
cpu: exceptions=16650 cacheResets=1 batches=15024 verts=225360 texStalls=0 recompiles=761 underruns=7 overruns=0 sleep_us=26277056 queue_ms=34
fps: 30.0
vis: 60.0
cpu: exceptions=16823 cacheResets=1 batches=15024 verts=225360 texStalls=0 recompiles=761 underruns=7 overruns=0 sleep_us=26559047 queue_ms=30
fps: 30.0
vis: 60.0
cpu: exceptions=16998 cacheResets=1 batches=15024 verts=225360 texStalls=0 recompiles=761 underruns=7 overruns=0 sleep_us=26845701 queue_ms=37
fps: 30.0
vis: 59.7
cpu: exceptions=17169 cacheResets=1 batches=15024 verts=225360 texStalls=0 recompiles=765 underruns=7 overruns=0 sleep_us=27124546 queue_ms=32
fps: 29.8
vis: 60.0
cpu: exceptions=17347 cacheResets=1 batches=15024 verts=225360 texStalls=0 recompiles=767 underruns=7 overruns=0 sleep_us=27385522 queue_ms=38
fps: 30.0
vis: 60.0
cpu: exceptions=17514 cacheResets=1 batches=15024 verts=225360 texStalls=0 recompiles=767 underruns=7 overruns=0 sleep_us=27651078 queue_ms=35
fps: 30.0
vis: 60.0
cpu: exceptions=17684 cacheResets=1 batches=15024 verts=225360 texStalls=0 recompiles=767 underruns=7 overruns=0 sleep_us=27928762 queue_ms=31
fps: 30.0
vis: 60.0
cpu: exceptions=17864 cacheResets=1 batches=15024 verts=225360 texStalls=0 recompiles=767 underruns=7 overruns=0 sleep_us=28200896 queue_ms=37
fps: 30.0
vis: 60.0
cpu: exceptions=18042 cacheResets=1 batches=15024 verts=225360 texStalls=0 recompiles=767 underruns=7 overruns=0 sleep_us=28471480 queue_ms=34
fps: 30.0
vis: 60.0
cpu: exceptions=18217 cacheResets=1 batches=15024 verts=225360 texStalls=0 recompiles=767 underruns=7 overruns=0 sleep_us=28745820 queue_ms=40
fps: 30.0
vis: 60.0
cpu: exceptions=18383 cacheResets=1 batches=15024 verts=225360 texStalls=0 recompiles=767 underruns=7 overruns=0 sleep_us=29027808 queue_ms=36
fps: 30.1
vis: 60.0
cpu: exceptions=18551 cacheResets=1 batches=15024 verts=225360 texStalls=0 recompiles=767 underruns=7 overruns=0 sleep_us=29322380 queue_ms=43
fps: 29.8
vis: 60.0
cpu: exceptions=18708 cacheResets=1 batches=15024 verts=225360 texStalls=0 recompiles=767 underruns=7 overruns=0 sleep_us=29623812 queue_ms=39
fps: 29.5
vis: 60.0
cpu: exceptions=18867 cacheResets=1 batches=15024 verts=225360 texStalls=0 recompiles=767 underruns=7 overruns=0 sleep_us=29923313 queue_ms=25
fps: 29.9
vis: 60.0
cpu: exceptions=20024 cacheResets=1 batches=15024 verts=225360 texStalls=0 recompiles=776 underruns=7 overruns=0 sleep_us=30171215 queue_ms=32
vis: 60.0
cpu: exceptions=20191 cacheResets=1 batches=15024 verts=225360 texStalls=0 recompiles=829 underruns=7 overruns=0 sleep_us=30476803 queue_ms=28
vis: 60.0
cpu: exceptions=20289 cacheResets=1 batches=15024 verts=225360 texStalls=0 recompiles=829 underruns=7 overruns=0 sleep_us=30843109 queue_ms=34
vis: 60.0
cpu: exceptions=20478 cacheResets=1 batches=15024 verts=225360 texStalls=0 recompiles=1016 underruns=7 overruns=0 sleep_us=31166725 queue_ms=31
vis: 60.0
cpu: exceptions=20557 cacheResets=1 batches=15024 verts=225360 texStalls=0 recompiles=1016 underruns=8 overruns=0 sleep_us=31617245 queue_ms=5
fps: 0.9
vis: 60.0
cpu: exceptions=20763 cacheResets=1 batches=19639 verts=268494 texStalls=0 recompiles=1373 underruns=9 overruns=0 sleep_us=31790721 queue_ms=24
fps: 31.7
vis: 60.0
cpu: exceptions=21001 cacheResets=1 batches=25239 verts=319914 texStalls=0 recompiles=1405 underruns=9 overruns=0 sleep_us=31975541 queue_ms=31
fps: 29.8
vis: 60.0
cpu: exceptions=21297 cacheResets=1 batches=31151 verts=373206 texStalls=0 recompiles=1410 underruns=9 overruns=0 sleep_us=32123901 queue_ms=28
fps: 29.9
vis: 60.0
cpu: exceptions=21639 cacheResets=1 batches=37274 verts=427764 texStalls=0 recompiles=1410 underruns=9 overruns=0 sleep_us=32248714 queue_ms=35
fps: 29.9
vis: 60.0
cpu: exceptions=21999 cacheResets=1 batches=43472 verts=482772 texStalls=0 recompiles=1416 underruns=9 overruns=0 sleep_us=32363048 queue_ms=31
fps: 30.3
vis: 60.0
cpu: exceptions=22330 cacheResets=1 batches=48637 verts=531582 texStalls=0 recompiles=1417 underruns=9 overruns=0 sleep_us=32546385 queue_ms=27
fps: 30.9
vis: 60.0
cpu: exceptions=22631 cacheResets=1 batches=52720 verts=573900 texStalls=0 recompiles=1417 underruns=9 overruns=0 sleep_us=32782984 queue_ms=33
fps: 30.0
vis: 60.0
cpu: exceptions=22951 cacheResets=1 batches=56184 verts=612504 texStalls=0 recompiles=1421 underruns=9 overruns=0 sleep_us=33004474 queue_ms=29
fps: 30.0
vis: 60.0
cpu: exceptions=23261 cacheResets=1 batches=59247 verts=648702 texStalls=0 recompiles=1422 underruns=9 overruns=0 sleep_us=33253005 queue_ms=37
fps: 29.8
vis: 60.0
cpu: exceptions=23571 cacheResets=1 batches=62264 verts=684624 texStalls=0 recompiles=1435 underruns=9 overruns=0 sleep_us=33492497 queue_ms=32
fps: 30.0
vis: 60.0
cpu: exceptions=23868 cacheResets=1 batches=65183 verts=719958 texStalls=0 recompiles=1502 underruns=9 overruns=0 sleep_us=33714638 queue_ms=39
fps: 30.0
vis: 60.0
cpu: exceptions=24183 cacheResets=1 batches=68086 verts=755196 texStalls=0 recompiles=1504 underruns=9 overruns=0 sleep_us=33947158 queue_ms=35
fps: 30.1
vis: 60.0
cpu: exceptions=24493 cacheResets=1 batches=70983 verts=790398 texStalls=0 recompiles=1504 underruns=9 overruns=0 sleep_us=34200383 queue_ms=41
fps: 30.0
vis: 60.0
cpu: exceptions=24785 cacheResets=1 batches=73865 verts=825510 texStalls=0 recompiles=1504 underruns=9 overruns=0 sleep_us=34460376 queue_ms=38
fps: 29.2
mark: stop reason: chain guest VI limit
mark: stop_it requested
audio: alist_resample_calls=124134 alist_resample_samples=18520696 alist_zoh_calls=0 alist_zoh_samples=0 musyx_subframes=0 musyx_voices=0 musyx_voice_peak=0
audio_stages: adpcm_calls=128102 adpcm_samples=19590016 envmix_calls=124134 envmix_samples=18520696 mix_calls=21240 mix_samples=8156160 musyx_fx_calls=0 musyx_fx_taps=0 output_calls=3566 output_samples=1595408
audio_envmix: exp_calls=0 ge_calls=0 lin_calls=0 nead_calls=124134 exp_steady=0 ge_steady=0 lin_steady=0
audio_gaps: nead_mats=0 nead_efz=0 resample_flag2=0 musyx_ptr10=0
audio_output: stream_requests=7337 stream_fed=5539 input_hz=26807 playback_hz=26807 queue_peak_ms=107
probe_schema: version=2 self=1 interval=127
vm_io: read_ahead=1 reads=0 hits=0 read_bytes=0 writes=0 write_bytes=0 errors=0
subsystem_time: stage=rsp_gfx calls=1428 timed_calls=1428 period=1 timed_us=10734577
subsystem_time: stage=rsp_audio calls=3540 timed_calls=3540 period=1 timed_us=2958757
subsystem_time: stage=rsp_other calls=0 timed_calls=0 period=1 timed_us=0
subsystem_time: stage=lookup calls=383059 timed_calls=3016 period=127 timed_us=1844
subsystem_time: stage=compile calls=1504 timed_calls=1504 period=1 timed_us=207749
subsystem_time: stage=dispatch calls=639167 timed_calls=5032 period=127 timed_us=8510
subsystem_self: stage=dispatch calls=639167 timed_calls=5032 self_us=4585 dropped=0
subsystem_time: stage=execute_inclusive calls=639167 timed_calls=5032 period=127 timed_us=472122
subsystem_self: stage=execute_inclusive calls=639167 timed_calls=5032 self_us=99677 dropped=0
subsystem_time: stage=rom_copy calls=8289 timed_calls=8289 period=1 timed_us=72482
subsystem_time: stage=present calls=3599 timed_calls=3599 period=1 timed_us=65859
subsystem_time: stage=limiter calls=3528 timed_calls=3528 period=1 timed_us=34718129
subsystem_time: stage=vm_fault calls=0 timed_calls=0 period=1 timed_us=0
subsystem_time: stage=vm_victim calls=0 timed_calls=0 period=1 timed_us=0
subsystem_time: stage=vm_read calls=0 timed_calls=0 period=1 timed_us=0
subsystem_time: stage=vm_write calls=0 timed_calls=0 period=1 timed_us=0
subsystem_time: stage=tex_hash calls=231269 timed_calls=231269 period=1 timed_us=1486747
subsystem_time: stage=tex_lookup calls=231269 timed_calls=231269 period=1 timed_us=266036
subsystem_time: stage=tex_load calls=1733 timed_calls=1733 period=1 timed_us=127467
subsystem_time: stage=tex_activate calls=231269 timed_calls=231269 period=1 timed_us=57596
subsystem_time: stage=draw_triangles calls=76811 timed_calls=76811 period=1 timed_us=141376
subsystem_time: stage=draw_rect calls=199209 timed_calls=199209 period=1 timed_us=2361712
subsystem_time: stage=gfx_list calls=1428 timed_calls=1428 period=1 timed_us=10731476
subsystem_time: stage=gfx_command calls=3052105 timed_calls=24032 period=127 timed_us=89533
gfx_ucodes: mask=00040000
gfx_opcode: op=01 calls=39357 timed_calls=314 timed_us=149
gfx_opcode: op=03 calls=4732 timed_calls=44 timed_us=45
gfx_opcode: op=04 calls=74849 timed_calls=554 timed_us=1373
gfx_opcode: op=06 calls=126570 timed_calls=947 timed_us=164
gfx_opcode: op=b1 calls=89645 timed_calls=765 timed_us=5731
gfx_opcode: op=b4 calls=811 timed_calls=8 timed_us=1
gfx_opcode: op=b5 calls=21636 timed_calls=179 timed_us=253
gfx_opcode: op=b6 calls=21527 timed_calls=177 timed_us=31
gfx_opcode: op=b7 calls=13822 timed_calls=106 timed_us=15
gfx_opcode: op=b8 calls=127998 timed_calls=986 timed_us=136
gfx_opcode: op=b9 calls=89659 timed_calls=704 timed_us=115
gfx_opcode: op=ba calls=160056 timed_calls=1283 timed_us=220
gfx_opcode: op=bb calls=35718 timed_calls=296 timed_us=61
gfx_opcode: op=bc calls=34815 timed_calls=258 timed_us=43
gfx_opcode: op=bd calls=36 timed_calls=0 timed_us=0
gfx_opcode: op=bf calls=64440 timed_calls=456 timed_us=1899
gfx_opcode: op=c0 calls=16873 timed_calls=139 timed_us=20
gfx_opcode: op=e4 calls=190158 timed_calls=1505 timed_us=19361
gfx_opcode: op=e6 calls=236572 timed_calls=1861 timed_us=244
gfx_opcode: op=e7 calls=327789 timed_calls=2617 timed_us=352
gfx_opcode: op=e8 calls=41869 timed_calls=342 timed_us=41
gfx_opcode: op=e9 calls=1428 timed_calls=10 timed_us=15
gfx_opcode: op=ed calls=8043 timed_calls=63 timed_us=28
gfx_opcode: op=f0 calls=4851 timed_calls=38 timed_us=110
gfx_opcode: op=f2 calls=227707 timed_calls=1790 timed_us=471
gfx_opcode: op=f3 calls=40772 timed_calls=309 timed_us=1928
gfx_opcode: op=f4 calls=190949 timed_calls=1508 timed_us=6420
gfx_opcode: op=f5 calls=464279 timed_calls=3643 timed_us=673
gfx_opcode: op=f6 calls=10516 timed_calls=95 timed_us=2783
gfx_opcode: op=f7 calls=10090 timed_calls=83 timed_us=27
gfx_opcode: op=fa calls=40837 timed_calls=309 timed_us=55
gfx_opcode: op=fb calls=23942 timed_calls=183 timed_us=29
gfx_opcode: op=fc calls=67479 timed_calls=531 timed_us=76
gfx_opcode: op=fd calls=236572 timed_calls=1881 timed_us=283
gfx_opcode: op=fe calls=1427 timed_calls=12 timed_us=9
gfx_opcode: op=ff calls=4281 timed_calls=36 timed_us=44005
subsystem_time: stage=vertex calls=544112 timed_calls=4284 period=127 timed_us=1312
subsystem_time: stage=gfx_state calls=287905 timed_calls=2266 period=127 timed_us=20355
subsystem_self: stage=gfx_state calls=287905 timed_calls=2266 self_us=4956 dropped=0
subsystem_time: stage=gx_wait calls=4 timed_calls=4 period=1 timed_us=2560
subsystem_time: stage=dma_pi calls=8289 timed_calls=8289 period=1 timed_us=87248
subsystem_time: stage=dma_sp calls=9936 timed_calls=9936 period=1 timed_us=10186
subsystem_time: stage=dma_si calls=2986 timed_calls=2986 period=1 timed_us=34541
subsystem_time: stage=tlb_translate calls=0 timed_calls=0 period=127 timed_us=0
subsystem_time: stage=pif calls=2987 timed_calls=2987 period=1 timed_us=32049
subsystem_time: stage=input calls=5712 timed_calls=5712 period=1 timed_us=26010
subsystem_time: stage=guest_interrupt calls=33470 timed_calls=33470 period=1 timed_us=34955387
subsystem_self: stage=guest_interrupt calls=33470 timed_calls=33470 self_us=63028 dropped=0
subsystem_time: stage=interpreter_inclusive calls=0 timed_calls=0 period=1 timed_us=0
subsystem_self: stage=interpreter_inclusive calls=0 timed_calls=0 self_us=0 dropped=0
subsystem_time: stage=audio_submit calls=3566 timed_calls=3566 period=1 timed_us=35580
subsystem_time: stage=audio_callback calls=35872 timed_calls=35872 period=1 timed_us=24644
subsystem_time: stage=memory_slow calls=1357213 timed_calls=10686 period=127 timed_us=111123
subsystem_self: stage=memory_slow calls=1357213 timed_calls=10686 self_us=5701 dropped=0
subsystem_time: stage=jit_invalidate calls=12635 timed_calls=99 period=127 timed_us=24
subsystem_time: stage=cpu_helper calls=35829300 timed_calls=282120 period=127 timed_us=243190
subsystem_time: stage=storage_read calls=0 timed_calls=0 period=1 timed_us=0
subsystem_time: stage=storage_write calls=0 timed_calls=0 period=1 timed_us=0
subsystem_time: stage=save_load calls=0 timed_calls=0 period=1 timed_us=0
subsystem_time: stage=save_write calls=0 timed_calls=0 period=1 timed_us=0
subsystem_time: stage=state_load calls=0 timed_calls=0 period=1 timed_us=0
subsystem_time: stage=state_save calls=0 timed_calls=0 period=1 timed_us=0
subsystem_time: stage=probe_io calls=8 timed_calls=8 period=1 timed_us=117084
subsystem_time: stage=agent_poll calls=7211 timed_calls=7211 period=1 timed_us=1872
audio_time: stage=resample sampled_calls=977 sampled_samples=145512 sampled_us=6155
audio_time: stage=zoh sampled_calls=0 sampled_samples=0 sampled_us=0
audio_time: stage=adpcm sampled_calls=1008 sampled_samples=155232 sampled_us=6484
audio_time: stage=envmix_exp sampled_calls=0 sampled_samples=0 sampled_us=0
audio_time: stage=envmix_ge sampled_calls=0 sampled_samples=0 sampled_us=0
audio_time: stage=envmix_lin sampled_calls=0 sampled_samples=0 sampled_us=0
audio_time: stage=envmix_nead sampled_calls=977 sampled_samples=145512 sampled_us=8329
audio_time: stage=mix sampled_calls=167 sampled_samples=64128 sampled_us=1047
audio_time: stage=musyx_voice sampled_calls=0 sampled_samples=0 sampled_us=0
audio_time: stage=musyx_fx sampled_calls=0 sampled_samples=0 sampled_us=0
audio_time: stage=output sampled_calls=28 sampled_samples=12480 sampled_us=223
gpu_counters: clks=14639727080 tb_clks=14639727104 ras_busy=376802117 xf_wait_in=14082508462 xf_wait_out=330176836 ras_peak_permille=41 ztop_in=1452555504 ztop_out=1423924320 z_in=5198904 z_out=4386100 blend_in=1429441124 copy_clks=145971209 fifo_overflows=3
game: n=2/9 how=vis vis=3600 vi_rate=60 vi0_retrace=3135 wall_us=60245653 sleep_us=34706730 avg_vis=59.53 avg_fps=27.56 exceptions=25068 cacheResets=1 recompiles=1504 batches=76811 verts=861006 texStalls=0 treeDepthMax=14 underruns=9 overruns=0 queue_peak_ms=90 dsp_avg=1.47 dsp_peak=1.85 dsp_samples=120 pmc1=18534737962 pmc2=19173088074 pmc3=0 pmc4=0 mmcr0=00000042 mmcr1=00000000 heap_used=10895544 heap_free=35848 arena1_free=270336 arena2_free=288704 flushes=8 flush_us=117082 padtrace=21 rom=sd:/wii64/roms/Mario Kart 64.v64
=== chain 2/9 end vis=3600 how=vis rom=sd:/wii64/roms/Mario Kart 64.v64 ===
mark: pad replay records: 1
mark: loadROM: enter
mark: loadROM: before rom_read
mark: ROMCache_load: enter
mark: ROMCache_load: before first read
mark: ROMCache_load: first read returned
mark: ROMCache_load: byte_swap_type set
mark: ROMCache_load: first byte_swap done
menufps: 0.0
menufps: 8.5
menufps: 8.0
menufps: 8.1
menufps: 8.1
menufps: 8.1
menufps: 7.7
mark: ROMCache_load: loop exited normally
mark: ROMCache_load: elapsed_us=3837642 bytes=16777216 vm=0
mark: loadROM: after rom_read
mark: loadROM: before init_memory
mark: loadROM: after init_memory
mark: loadROM: before romOpen_gfx
mark: loadROM: after romOpen_gfx / before romOpen_audio
mark: loadROM: after romOpen_audio / before romOpen_input
mark: loadROM: after romOpen_input / before cpu_init
mark: loadROM: after cpu_init
menufps: 5.6
menufps: 1.9
menufps: 1.0
menufps: 1.0
fps: 0.6
first_vi: vi0_retrace=7190
vis: 3.7
cpu: exceptions=0 cacheResets=0 batches=0 verts=0 texStalls=0 recompiles=0 underruns=0 overruns=0 sleep_us=0 queue_ms=0
mark: CPU core dispatch: dynarec
vis: 52.7
cpu: exceptions=34 cacheResets=1 batches=0 verts=0 texStalls=0 recompiles=138 underruns=0 overruns=0 sleep_us=0 queue_ms=0
vis: 60.0
cpu: exceptions=64 cacheResets=1 batches=0 verts=0 texStalls=0 recompiles=138 underruns=0 overruns=0 sleep_us=291374 queue_ms=0
vis: 59.7
cpu: exceptions=334 cacheResets=1 batches=0 verts=0 texStalls=0 recompiles=375 underruns=0 overruns=0 sleep_us=518069 queue_ms=0
vis: 60.0
cpu: exceptions=550 cacheResets=1 batches=0 verts=0 texStalls=0 recompiles=629 underruns=1 overruns=0 sleep_us=801453 queue_ms=23
fps: 0.4
vis: 60.0
cpu: exceptions=752 cacheResets=1 batches=44 verts=2262 texStalls=0 recompiles=1899 underruns=2 overruns=0 sleep_us=961558 queue_ms=53
vis: 60.0
cpu: exceptions=903 cacheResets=1 batches=44 verts=2262 texStalls=0 recompiles=1902 underruns=2 overruns=0 sleep_us=1313188 queue_ms=58
fps: 1.3
vis: 60.0
cpu: exceptions=1094 cacheResets=1 batches=476 verts=16800 texStalls=0 recompiles=1994 underruns=2 overruns=0 sleep_us=1597131 queue_ms=62
fps: 30.0
vis: 60.0
cpu: exceptions=1275 cacheResets=1 batches=1302 verts=38046 texStalls=0 recompiles=2005 underruns=2 overruns=0 sleep_us=1904235 queue_ms=66
fps: 30.0
vis: 60.0
cpu: exceptions=1464 cacheResets=1 batches=2343 verts=60582 texStalls=0 recompiles=2008 underruns=2 overruns=0 sleep_us=2200677 queue_ms=71
fps: 30.0
vis: 60.0
cpu: exceptions=1641 cacheResets=1 batches=3405 verts=83244 texStalls=0 recompiles=2008 underruns=2 overruns=0 sleep_us=2498896 queue_ms=62
fps: 30.0
vis: 60.0
cpu: exceptions=1822 cacheResets=1 batches=4460 verts=105570 texStalls=0 recompiles=2011 underruns=2 overruns=0 sleep_us=2796401 queue_ms=66
fps: 30.0
vis: 60.0
cpu: exceptions=2014 cacheResets=1 batches=5526 verts=127626 texStalls=0 recompiles=2011 underruns=2 overruns=0 sleep_us=3094407 queue_ms=62
fps: 30.0
vis: 60.0
cpu: exceptions=2202 cacheResets=1 batches=6552 verts=149442 texStalls=0 recompiles=2028 underruns=2 overruns=0 sleep_us=3389726 queue_ms=67
fps: 30.0
vis: 60.0
cpu: exceptions=2381 cacheResets=1 batches=7776 verts=179742 texStalls=0 recompiles=2028 underruns=2 overruns=0 sleep_us=3667403 queue_ms=71
fps: 29.9
vis: 60.0
cpu: exceptions=2588 cacheResets=1 batches=9397 verts=218808 texStalls=0 recompiles=2035 underruns=2 overruns=0 sleep_us=3907832 queue_ms=62
fps: 30.0
vis: 60.0
cpu: exceptions=2771 cacheResets=1 batches=11054 verts=250794 texStalls=0 recompiles=2046 underruns=2 overruns=0 sleep_us=4160187 queue_ms=58
fps: 30.0
vis: 60.0
cpu: exceptions=2948 cacheResets=1 batches=12559 verts=275484 texStalls=0 recompiles=2062 underruns=2 overruns=0 sleep_us=4436742 queue_ms=63
fps: 30.0
vis: 60.0
cpu: exceptions=3120 cacheResets=1 batches=13817 verts=298692 texStalls=0 recompiles=2062 underruns=2 overruns=0 sleep_us=4735105 queue_ms=67
fps: 30.0
vis: 60.0
cpu: exceptions=3295 cacheResets=1 batches=14884 verts=320754 texStalls=0 recompiles=2063 underruns=2 overruns=0 sleep_us=5042110 queue_ms=58
fps: 29.2
vis: 60.0
cpu: exceptions=3479 cacheResets=1 batches=15921 verts=342636 texStalls=0 recompiles=2063 underruns=2 overruns=0 sleep_us=5343876 queue_ms=50
fps: 30.0
vis: 60.0
cpu: exceptions=3670 cacheResets=1 batches=16962 verts=365454 texStalls=0 recompiles=2063 underruns=2 overruns=0 sleep_us=5639432 queue_ms=46
fps: 29.9
vis: 60.0
cpu: exceptions=3858 cacheResets=1 batches=18284 verts=402726 texStalls=0 recompiles=2063 underruns=2 overruns=0 sleep_us=5906056 queue_ms=50
fps: 30.0
vis: 60.0
cpu: exceptions=4064 cacheResets=1 batches=19621 verts=440088 texStalls=0 recompiles=2064 underruns=2 overruns=0 sleep_us=6168025 queue_ms=54
fps: 29.9
vis: 60.0
cpu: exceptions=4260 cacheResets=1 batches=22199 verts=475314 texStalls=0 recompiles=2080 underruns=2 overruns=0 sleep_us=6401859 queue_ms=46
fps: 29.8
vis: 60.0
cpu: exceptions=4453 cacheResets=1 batches=27306 verts=517206 texStalls=0 recompiles=2080 underruns=2 overruns=0 sleep_us=6591470 queue_ms=50
fps: 30.0
vis: 60.0
cpu: exceptions=4642 cacheResets=1 batches=32614 verts=560304 texStalls=0 recompiles=2080 underruns=2 overruns=0 sleep_us=6784344 queue_ms=46
fps: 30.0
vis: 60.0
cpu: exceptions=4839 cacheResets=1 batches=37661 verts=601836 texStalls=0 recompiles=2081 underruns=2 overruns=0 sleep_us=6986956 queue_ms=50
fps: 30.0
vis: 60.0
cpu: exceptions=5031 cacheResets=1 batches=42768 verts=643728 texStalls=0 recompiles=2082 underruns=2 overruns=0 sleep_us=7187986 queue_ms=55
fps: 30.0
vis: 59.7
cpu: exceptions=5238 cacheResets=1 batches=47984 verts=688098 texStalls=0 recompiles=2082 underruns=2 overruns=0 sleep_us=7370323 queue_ms=46
fps: 30.0
vis: 60.0
cpu: exceptions=5437 cacheResets=1 batches=52337 verts=739146 texStalls=0 recompiles=2083 underruns=2 overruns=0 sleep_us=7574977 queue_ms=42
mark: stop reason: chain guest VI limit
mark: stop_it requested
audio: alist_resample_calls=7273 alist_resample_samples=1338232 alist_zoh_calls=0 alist_zoh_samples=0 musyx_subframes=0 musyx_voices=0 musyx_voice_peak=0
audio_stages: adpcm_calls=5684 adpcm_samples=629344 envmix_calls=5654 envmix_samples=1040336 mix_calls=32380 mix_samples=5957920 musyx_fx_calls=0 musyx_fx_taps=0 output_calls=405 output_samples=297160
audio_envmix: exp_calls=0 ge_calls=0 lin_calls=5654 nead_calls=0 exp_steady=0 ge_steady=0 lin_steady=5208
audio_gaps: nead_mats=0 nead_efz=0 resample_flag2=0 musyx_ptr10=0
audio_output: stream_requests=3434 stream_fed=1030 input_hz=21998 playback_hz=21998 queue_peak_ms=85
probe_schema: version=2 self=1 interval=127
vm_io: read_ahead=1 reads=0 hits=0 read_bytes=0 writes=0 write_bytes=0 errors=0
subsystem_time: stage=rsp_gfx calls=358 timed_calls=358 period=1 timed_us=1472454
subsystem_time: stage=rsp_audio calls=406 timed_calls=406 period=1 timed_us=274318
subsystem_time: stage=rsp_other calls=0 timed_calls=0 period=1 timed_us=0
subsystem_time: stage=lookup calls=814505 timed_calls=6413 period=127 timed_us=2769
subsystem_time: stage=compile calls=2083 timed_calls=2083 period=1 timed_us=182879
subsystem_time: stage=dispatch calls=724499 timed_calls=5704 period=127 timed_us=9330
subsystem_self: stage=dispatch calls=724499 timed_calls=5704 self_us=5417 dropped=0
subsystem_time: stage=execute_inclusive calls=724499 timed_calls=5704 period=127 timed_us=103658
subsystem_self: stage=execute_inclusive calls=724499 timed_calls=5704 self_us=39470 dropped=0
subsystem_time: stage=rom_copy calls=640 timed_calls=640 period=1 timed_us=14353
subsystem_time: stage=present calls=899 timed_calls=899 period=1 timed_us=62010
subsystem_time: stage=limiter calls=851 timed_calls=851 period=1 timed_us=7586927
subsystem_time: stage=vm_fault calls=0 timed_calls=0 period=1 timed_us=0
subsystem_time: stage=vm_victim calls=0 timed_calls=0 period=1 timed_us=0
subsystem_time: stage=vm_read calls=0 timed_calls=0 period=1 timed_us=0
subsystem_time: stage=vm_write calls=0 timed_calls=0 period=1 timed_us=0
subsystem_time: stage=tex_hash calls=48848 timed_calls=48848 period=1 timed_us=403276
subsystem_time: stage=tex_lookup calls=48848 timed_calls=48848 period=1 timed_us=11787
subsystem_time: stage=tex_load calls=28 timed_calls=28 period=1 timed_us=1992
subsystem_time: stage=tex_activate calls=48848 timed_calls=48848 period=1 timed_us=27750
subsystem_time: stage=draw_triangles calls=52520 timed_calls=52520 period=1 timed_us=145619
subsystem_time: stage=draw_rect calls=0 timed_calls=0 period=1 timed_us=0
subsystem_time: stage=gfx_list calls=358 timed_calls=358 period=1 timed_us=1471724
subsystem_time: stage=gfx_command calls=1088190 timed_calls=8568 period=127 timed_us=12873
gfx_ucodes: mask=00000002
gfx_opcode: op=01 calls=45295 timed_calls=363 timed_us=191
gfx_opcode: op=03 calls=1920 timed_calls=16 timed_us=8
gfx_opcode: op=04 calls=38254 timed_calls=315 timed_us=945
gfx_opcode: op=06 calls=56222 timed_calls=453 timed_us=71
gfx_opcode: op=b1 calls=122759 timed_calls=950 timed_us=7756
gfx_opcode: op=b6 calls=23590 timed_calls=186 timed_us=26
gfx_opcode: op=b7 calls=20998 timed_calls=159 timed_us=22
gfx_opcode: op=b8 calls=56580 timed_calls=447 timed_us=57
gfx_opcode: op=b9 calls=20685 timed_calls=148 timed_us=20
gfx_opcode: op=ba calls=59170 timed_calls=468 timed_us=71
gfx_opcode: op=bb calls=19239 timed_calls=161 timed_us=30
gfx_opcode: op=bc calls=44452 timed_calls=340 timed_us=48
gfx_opcode: op=bd calls=39275 timed_calls=306 timed_us=38
gfx_opcode: op=bf calls=1784 timed_calls=14 timed_us=76
gfx_opcode: op=e6 calls=44251 timed_calls=347 timed_us=40
gfx_opcode: op=e7 calls=155667 timed_calls=1211 timed_us=144
gfx_opcode: op=e9 calls=358 timed_calls=3 timed_us=3
gfx_opcode: op=ed calls=358 timed_calls=4 timed_us=3
gfx_opcode: op=f0 calls=4597 timed_calls=37 timed_us=22
gfx_opcode: op=f2 calls=46899 timed_calls=370 timed_us=90
gfx_opcode: op=f3 calls=48848 timed_calls=395 timed_us=1477
gfx_opcode: op=f5 calls=97281 timed_calls=769 timed_us=142
gfx_opcode: op=f6 calls=716 timed_calls=9 timed_us=658
gfx_opcode: op=f7 calls=716 timed_calls=3 timed_us=1
gfx_opcode: op=f9 calls=5752 timed_calls=38 timed_us=6
gfx_opcode: op=fa calls=41646 timed_calls=332 timed_us=55
gfx_opcode: op=fb calls=17478 timed_calls=137 timed_us=22
gfx_opcode: op=fc calls=18523 timed_calls=141 timed_us=17
gfx_opcode: op=fd calls=53445 timed_calls=437 timed_us=61
gfx_opcode: op=fe calls=358 timed_calls=4 timed_us=3
gfx_opcode: op=ff calls=1074 timed_calls=5 timed_us=1
subsystem_time: stage=vertex calls=360552 timed_calls=2838 period=127 timed_us=851
subsystem_time: stage=gfx_state calls=84009 timed_calls=661 period=127 timed_us=5048
subsystem_self: stage=gfx_state calls=84009 timed_calls=661 self_us=1514 dropped=0
subsystem_time: stage=gx_wait calls=4 timed_calls=4 period=1 timed_us=2560
subsystem_time: stage=dma_pi calls=640 timed_calls=640 period=1 timed_us=15787
subsystem_time: stage=dma_sp calls=1528 timed_calls=1528 period=1 timed_us=1749
subsystem_time: stage=dma_si calls=1147 timed_calls=1147 period=1 timed_us=11630
subsystem_time: stage=tlb_translate calls=0 timed_calls=0 period=127 timed_us=0
subsystem_time: stage=pif calls=1149 timed_calls=1149 period=1 timed_us=10605
subsystem_time: stage=input calls=807 timed_calls=807 period=1 timed_us=8392
subsystem_time: stage=guest_interrupt calls=6616 timed_calls=6616 period=1 timed_us=7699515
subsystem_self: stage=guest_interrupt calls=6616 timed_calls=6616 self_us=22348 dropped=0
subsystem_time: stage=interpreter_inclusive calls=0 timed_calls=0 period=1 timed_us=0
subsystem_self: stage=interpreter_inclusive calls=0 timed_calls=0 self_us=0 dropped=0
subsystem_time: stage=audio_submit calls=405 timed_calls=405 period=1 timed_us=6556
subsystem_time: stage=audio_callback calls=9434 timed_calls=9434 period=1 timed_us=5617
subsystem_time: stage=memory_slow calls=487832 timed_calls=3841 period=127 timed_us=24874
subsystem_self: stage=memory_slow calls=487832 timed_calls=3841 self_us=1703 dropped=0
subsystem_time: stage=jit_invalidate calls=281907 timed_calls=2219 period=127 timed_us=670
subsystem_time: stage=cpu_helper calls=12621558 timed_calls=99382 period=127 timed_us=30092
subsystem_time: stage=storage_read calls=0 timed_calls=0 period=1 timed_us=0
subsystem_time: stage=storage_write calls=0 timed_calls=0 period=1 timed_us=0
subsystem_time: stage=save_load calls=0 timed_calls=0 period=1 timed_us=0
subsystem_time: stage=save_write calls=0 timed_calls=0 period=1 timed_us=0
subsystem_time: stage=state_load calls=0 timed_calls=0 period=1 timed_us=0
subsystem_time: stage=state_save calls=0 timed_calls=0 period=1 timed_us=0
subsystem_time: stage=probe_io calls=3 timed_calls=3 period=1 timed_us=35976
subsystem_time: stage=agent_poll calls=1813 timed_calls=1813 period=1 timed_us=513
audio_time: stage=resample sampled_calls=57 sampled_samples=10488 sampled_us=421
audio_time: stage=zoh sampled_calls=0 sampled_samples=0 sampled_us=0
audio_time: stage=adpcm sampled_calls=44 sampled_samples=4752 sampled_us=223
audio_time: stage=envmix_exp sampled_calls=0 sampled_samples=0 sampled_us=0
audio_time: stage=envmix_ge sampled_calls=0 sampled_samples=0 sampled_us=0
audio_time: stage=envmix_lin sampled_calls=44 sampled_samples=8096 sampled_us=446
audio_time: stage=envmix_nead sampled_calls=0 sampled_samples=0 sampled_us=0
audio_time: stage=mix sampled_calls=254 sampled_samples=46736 sampled_us=760
audio_time: stage=musyx_voice sampled_calls=0 sampled_samples=0 sampled_us=0
audio_time: stage=musyx_fx sampled_calls=0 sampled_samples=0 sampled_us=0
audio_time: stage=output sampled_calls=3 sampled_samples=2208 sampled_us=39
gpu_counters: clks=3701944697 tb_clks=3701944776 ras_busy=138669265 xf_wait_in=3263320741 xf_wait_out=389376782 ras_peak_permille=49 ztop_in=544527372 ztop_out=521103928 z_in=0 z_out=0 blend_in=521165844 copy_clks=50706817 fifo_overflows=849
game: n=3/9 how=vis vis=900 vi_rate=60 vi0_retrace=7190 wall_us=15234161 sleep_us=7583780 avg_vis=57.93 avg_fps=26.58 exceptions=5450 cacheResets=1 recompiles=2083 batches=52520 verts=741906 texStalls=0 treeDepthMax=31 underruns=2 overruns=0 queue_peak_ms=71 dsp_avg=1.35 dsp_peak=1.60 dsp_samples=31 pmc1=5325926342 pmc2=5032637953 pmc3=0 pmc4=0 mmcr0=00000042 mmcr1=00000000 heap_used=10930360 heap_free=37896 arena1_free=233472 arena2_free=288704 flushes=3 flush_us=35975 padtrace=0 rom=sd:/wii64/roms/Banjo-Kazooie.V64
=== chain 3/9 end vis=900 how=vis rom=sd:/wii64/roms/Banjo-Kazooie.V64 ===
mark: pad replay records: 1
mark: loadROM: enter
mark: loadROM: before rom_read
mark: ROMCache_load: enter
mark: ROMCache_load: before first read
mark: ROMCache_load: first read returned
mark: ROMCache_load: byte_swap_type set
mark: ROMCache_load: first byte_swap done
menufps: 0.1
menufps: 8.4
menufps: 7.9
menufps: 8.3
menufps: 7.8
menufps: 8.3
menufps: 8.3
mark: ROMCache_load: loop exited normally
mark: ROMCache_load: elapsed_us=3787728 bytes=16777216 vm=0
mark: loadROM: after rom_read
mark: loadROM: before init_memory
mark: loadROM: after init_memory
mark: loadROM: before romOpen_gfx
mark: loadROM: after romOpen_gfx / before romOpen_audio
mark: loadROM: after romOpen_audio / before romOpen_input
mark: loadROM: after romOpen_input / before cpu_init
mark: loadROM: after cpu_init
menufps: 3.4
menufps: 1.0
menufps: 1.0
fps: 0.5
first_vi: vi0_retrace=8540
vis: 0.4
cpu: exceptions=0 cacheResets=0 batches=0 verts=0 texStalls=0 recompiles=0 underruns=0 overruns=0 sleep_us=0 queue_ms=0
mark: CPU core dispatch: dynarec
vis: 60.0
cpu: exceptions=1471 cacheResets=1 batches=0 verts=0 texStalls=0 recompiles=421 underruns=0 overruns=0 sleep_us=116637 queue_ms=157
fps: 3.1
vis: 60.0
cpu: exceptions=2355 cacheResets=1 batches=0 verts=0 texStalls=0 recompiles=425 underruns=0 overruns=0 sleep_us=482743 queue_ms=151
fps: 61.5
vis: 60.0
cpu: exceptions=2625 cacheResets=1 batches=0 verts=0 texStalls=0 recompiles=425 underruns=0 overruns=0 sleep_us=910670 queue_ms=156
fps: 60.0
vis: 60.0
cpu: exceptions=2918 cacheResets=1 batches=0 verts=0 texStalls=0 recompiles=468 underruns=0 overruns=0 sleep_us=1325419 queue_ms=153
vis: 60.0
cpu: exceptions=3298 cacheResets=1 batches=0 verts=0 texStalls=0 recompiles=468 underruns=0 overruns=0 sleep_us=1687899 queue_ms=148
fps: 14.8
vis: 55.1
cpu: exceptions=3637 cacheResets=1 batches=2160 verts=57624 texStalls=0 recompiles=742 underruns=0 overruns=0 sleep_us=1867948 queue_ms=112
fps: 59.7
vis: 60.0
cpu: exceptions=3927 cacheResets=1 batches=8940 verts=235104 texStalls=0 recompiles=763 underruns=0 overruns=0 sleep_us=1960183 queue_ms=108
fps: 60.0
vis: 60.0
cpu: exceptions=4223 cacheResets=1 batches=15711 verts=412530 texStalls=0 recompiles=771 underruns=0 overruns=0 sleep_us=2055317 queue_ms=112
fps: 58.8
vis: 60.0
cpu: exceptions=4522 cacheResets=1 batches=22461 verts=589830 texStalls=0 recompiles=775 underruns=0 overruns=0 sleep_us=2150538 queue_ms=101
fps: 60.0
vis: 60.0
cpu: exceptions=4813 cacheResets=1 batches=29211 verts=767130 texStalls=0 recompiles=775 underruns=0 overruns=0 sleep_us=2249234 queue_ms=96
fps: 60.0
vis: 60.0
cpu: exceptions=5101 cacheResets=1 batches=35961 verts=944430 texStalls=0 recompiles=775 underruns=0 overruns=0 sleep_us=2349904 queue_ms=102
fps: 60.0
vis: 60.0
cpu: exceptions=5396 cacheResets=1 batches=42711 verts=1121730 texStalls=0 recompiles=775 underruns=0 overruns=0 sleep_us=2447786 queue_ms=97
fps: 60.0
vis: 60.0
cpu: exceptions=5682 cacheResets=1 batches=49461 verts=1299030 texStalls=0 recompiles=777 underruns=0 overruns=0 sleep_us=2547616 queue_ms=104
fps: 60.0
vis: 60.0
cpu: exceptions=5976 cacheResets=1 batches=56211 verts=1476330 texStalls=0 recompiles=777 underruns=0 overruns=0 sleep_us=2641238 queue_ms=99
fps: 60.0
vis: 60.0
cpu: exceptions=6274 cacheResets=1 batches=62961 verts=1653630 texStalls=0 recompiles=777 underruns=0 overruns=0 sleep_us=2732423 queue_ms=105
fps: 60.0
vis: 60.0
cpu: exceptions=6569 cacheResets=1 batches=69711 verts=1830930 texStalls=0 recompiles=777 underruns=0 overruns=0 sleep_us=2824703 queue_ms=101
fps: 60.0
vis: 60.0
cpu: exceptions=6867 cacheResets=1 batches=76461 verts=2008230 texStalls=0 recompiles=777 underruns=0 overruns=0 sleep_us=2914615 queue_ms=97
fps: 60.0
vis: 60.0
cpu: exceptions=7159 cacheResets=1 batches=83211 verts=2185530 texStalls=0 recompiles=777 underruns=0 overruns=0 sleep_us=3006183 queue_ms=103
fps: 60.0
vis: 60.0
cpu: exceptions=7451 cacheResets=1 batches=89961 verts=2362830 texStalls=0 recompiles=777 underruns=0 overruns=0 sleep_us=3098268 queue_ms=98
fps: 60.0
vis: 60.0
cpu: exceptions=7740 cacheResets=1 batches=96711 verts=2540130 texStalls=0 recompiles=777 underruns=0 overruns=0 sleep_us=3191886 queue_ms=104
fps: 59.9
vis: 60.0
cpu: exceptions=8030 cacheResets=1 batches=103461 verts=2717430 texStalls=0 recompiles=777 underruns=0 overruns=0 sleep_us=3289118 queue_ms=100
fps: 59.9
vis: 60.0
cpu: exceptions=8327 cacheResets=1 batches=110211 verts=2894730 texStalls=0 recompiles=777 underruns=0 overruns=0 sleep_us=3380175 queue_ms=106
fps: 60.1
vis: 60.0
cpu: exceptions=8621 cacheResets=1 batches=116961 verts=3072030 texStalls=0 recompiles=777 underruns=0 overruns=0 sleep_us=3460385 queue_ms=101
fps: 60.0
vis: 60.0
cpu: exceptions=8932 cacheResets=1 batches=123711 verts=3249330 texStalls=0 recompiles=777 underruns=0 overruns=0 sleep_us=3530135 queue_ms=99
fps: 60.0
vis: 60.0
cpu: exceptions=9250 cacheResets=1 batches=130461 verts=3426630 texStalls=0 recompiles=777 underruns=0 overruns=0 sleep_us=3597255 queue_ms=103
fps: 60.0
vis: 60.0
cpu: exceptions=9569 cacheResets=1 batches=137211 verts=3603930 texStalls=0 recompiles=777 underruns=0 overruns=0 sleep_us=3661023 queue_ms=100
fps: 60.0
vis: 60.0
cpu: exceptions=9882 cacheResets=1 batches=143961 verts=3781230 texStalls=0 recompiles=777 underruns=0 overruns=0 sleep_us=3730566 queue_ms=105
fps: 60.0
vis: 60.0
cpu: exceptions=10191 cacheResets=1 batches=150711 verts=3958530 texStalls=0 recompiles=777 underruns=0 overruns=0 sleep_us=3802259 queue_ms=101
fps: 58.6
vis: 60.0
cpu: exceptions=10504 cacheResets=1 batches=157883 verts=4149348 texStalls=0 recompiles=777 underruns=0 overruns=0 sleep_us=3864844 queue_ms=89
fps: 59.8
vis: 60.0
cpu: exceptions=10813 cacheResets=1 batches=166733 verts=4394238 texStalls=0 recompiles=777 underruns=0 overruns=0 sleep_us=3888752 queue_ms=94
mark: stop reason: chain guest VI limit
mark: stop_it requested
audio: alist_resample_calls=10077 alist_resample_samples=1250096 alist_zoh_calls=0 alist_zoh_samples=0 musyx_subframes=0 musyx_voices=0 musyx_voice_peak=0
audio_stages: adpcm_calls=9759 adpcm_samples=1154016 envmix_calls=10077 envmix_samples=1250096 mix_calls=79024 mix_samples=10544864 musyx_fx_calls=0 musyx_fx_taps=0 output_calls=897 output_samples=478768
audio_envmix: exp_calls=10077 ge_calls=0 lin_calls=0 nead_calls=0 exp_steady=5510 ge_steady=0 lin_steady=0
audio_gaps: nead_mats=0 nead_efz=0 resample_flag2=0 musyx_ptr10=0
audio_output: stream_requests=3341 stream_fed=1654 input_hz=32006 playback_hz=32006 queue_peak_ms=175
probe_schema: version=2 self=1 interval=127
vm_io: read_ahead=1 reads=0 hits=0 read_bytes=0 writes=0 write_bytes=0 errors=0
subsystem_time: stage=rsp_gfx calls=810 timed_calls=810 period=1 timed_us=5924904
subsystem_time: stage=rsp_audio calls=898 timed_calls=898 period=1 timed_us=548196
subsystem_time: stage=rsp_other calls=0 timed_calls=0 period=1 timed_us=0
subsystem_time: stage=lookup calls=236566 timed_calls=1862 period=127 timed_us=989
subsystem_time: stage=compile calls=777 timed_calls=777 period=1 timed_us=108991
subsystem_time: stage=dispatch calls=262387 timed_calls=2066 period=127 timed_us=4670
subsystem_self: stage=dispatch calls=262387 timed_calls=2066 self_us=2144 dropped=0
subsystem_time: stage=execute_inclusive calls=262387 timed_calls=2066 period=127 timed_us=134659
subsystem_self: stage=execute_inclusive calls=262387 timed_calls=2066 self_us=43080 dropped=0
subsystem_time: stage=rom_copy calls=1024 timed_calls=1024 period=1 timed_us=14866
subsystem_time: stage=present calls=899 timed_calls=899 period=1 timed_us=42548
subsystem_time: stage=limiter calls=867 timed_calls=867 period=1 timed_us=3891647
subsystem_time: stage=vm_fault calls=0 timed_calls=0 period=1 timed_us=0
subsystem_time: stage=vm_victim calls=0 timed_calls=0 period=1 timed_us=0
subsystem_time: stage=vm_read calls=0 timed_calls=0 period=1 timed_us=0
subsystem_time: stage=vm_write calls=0 timed_calls=0 period=1 timed_us=0
subsystem_time: stage=tex_hash calls=147492 timed_calls=147492 period=1 timed_us=1424026
subsystem_time: stage=tex_lookup calls=147492 timed_calls=147492 period=1 timed_us=47957
subsystem_time: stage=tex_load calls=136 timed_calls=136 period=1 timed_us=18891
subsystem_time: stage=tex_activate calls=147492 timed_calls=147492 period=1 timed_us=94970
subsystem_time: stage=draw_triangles calls=167028 timed_calls=167028 period=1 timed_us=475816
subsystem_time: stage=draw_rect calls=5440 timed_calls=5440 period=1 timed_us=118429
subsystem_time: stage=gfx_list calls=810 timed_calls=810 period=1 timed_us=5923335
subsystem_time: stage=gfx_command calls=5319454 timed_calls=41885 period=127 timed_us=51601
gfx_ucodes: mask=00000004
gfx_opcode: op=01 calls=343835 timed_calls=2738 timed_us=6193
gfx_opcode: op=02 calls=4507 timed_calls=41 timed_us=9
gfx_opcode: op=03 calls=108045 timed_calls=828 timed_us=102
gfx_opcode: op=05 calls=40387 timed_calls=324 timed_us=1676
gfx_opcode: op=06 calls=713540 timed_calls=5582 timed_us=25284
gfx_opcode: op=d5 calls=3 timed_calls=0 timed_us=0
gfx_opcode: op=d7 calls=105143 timed_calls=838 timed_us=155
gfx_opcode: op=d8 calls=109877 timed_calls=852 timed_us=119
gfx_opcode: op=d9 calls=416576 timed_calls=3292 timed_us=421
gfx_opcode: op=da calls=172226 timed_calls=1359 timed_us=938
gfx_opcode: op=db calls=73735 timed_calls=589 timed_us=106
gfx_opcode: op=dc calls=7700 timed_calls=64 timed_us=48
gfx_opcode: op=de calls=136822 timed_calls=1083 timed_us=183
gfx_opcode: op=df calls=130819 timed_calls=1038 timed_us=141
gfx_opcode: op=e2 calls=331942 timed_calls=2627 timed_us=349
gfx_opcode: op=e3 calls=238410 timed_calls=1849 timed_us=264
gfx_opcode: op=e4 calls=5440 timed_calls=44 timed_us=1073
gfx_opcode: op=e6 calls=248817 timed_calls=1944 timed_us=235
gfx_opcode: op=e7 calls=719043 timed_calls=5672 timed_us=693
gfx_opcode: op=e8 calls=93600 timed_calls=744 timed_us=88
gfx_opcode: op=e9 calls=810 timed_calls=6 timed_us=7
gfx_opcode: op=ed calls=6080 timed_calls=44 timed_us=14
gfx_opcode: op=f0 calls=104244 timed_calls=839 timed_us=499
gfx_opcode: op=f2 calls=146037 timed_calls=1138 timed_us=297
gfx_opcode: op=f3 calls=127782 timed_calls=994 timed_us=4930
gfx_opcode: op=f4 calls=13870 timed_calls=107 timed_us=573
gfx_opcode: op=f5 calls=342984 timed_calls=2662 timed_us=508
gfx_opcode: op=f6 calls=3080 timed_calls=29 timed_us=2192
gfx_opcode: op=f7 calls=3080 timed_calls=27 timed_us=10
gfx_opcode: op=f8 calls=6650 timed_calls=51 timed_us=10
gfx_opcode: op=f9 calls=75228 timed_calls=583 timed_us=89
gfx_opcode: op=fa calls=118261 timed_calls=953 timed_us=163
gfx_opcode: op=fb calls=14604 timed_calls=117 timed_us=18
gfx_opcode: op=fc calls=112981 timed_calls=894 timed_us=113
gfx_opcode: op=fd calls=235676 timed_calls=1870 timed_us=267
gfx_opcode: op=fe calls=810 timed_calls=7 timed_us=6
gfx_opcode: op=ff calls=6810 timed_calls=56 timed_us=16
subsystem_time: stage=vertex calls=2761556 timed_calls=21744 period=127 timed_us=5627
subsystem_time: stage=gfx_state calls=147504 timed_calls=1161 period=127 timed_us=16134
subsystem_self: stage=gfx_state calls=147504 timed_calls=1161 self_us=3710 dropped=0
subsystem_time: stage=gx_wait calls=4 timed_calls=4 period=1 timed_us=2557
subsystem_time: stage=dma_pi calls=2023 timed_calls=2023 period=1 timed_us=18348
subsystem_time: stage=dma_sp calls=3416 timed_calls=3416 period=1 timed_us=3752
subsystem_time: stage=dma_si calls=4478 timed_calls=4478 period=1 timed_us=22991
subsystem_time: stage=tlb_translate calls=0 timed_calls=0 period=127 timed_us=0
subsystem_time: stage=pif calls=4479 timed_calls=4479 period=1 timed_us=21492
subsystem_time: stage=input calls=3508 timed_calls=3508 period=1 timed_us=15126
subsystem_time: stage=guest_interrupt calls=12507 timed_calls=12507 period=1 timed_us=3992974
subsystem_self: stage=guest_interrupt calls=12507 timed_calls=12507 self_us=29594 dropped=0
subsystem_time: stage=interpreter_inclusive calls=0 timed_calls=0 period=1 timed_us=0
subsystem_self: stage=interpreter_inclusive calls=0 timed_calls=0 self_us=0 dropped=0
subsystem_time: stage=audio_submit calls=898 timed_calls=898 period=1 timed_us=10620
subsystem_time: stage=audio_callback calls=9363 timed_calls=9363 period=1 timed_us=8570
subsystem_time: stage=memory_slow calls=833860 timed_calls=6565 period=127 timed_us=17459
subsystem_self: stage=memory_slow calls=833860 timed_calls=6565 self_us=3544 dropped=0
subsystem_time: stage=jit_invalidate calls=44729 timed_calls=352 period=127 timed_us=84
subsystem_time: stage=cpu_helper calls=10721403 timed_calls=84420 period=127 timed_us=42780
subsystem_time: stage=storage_read calls=0 timed_calls=0 period=1 timed_us=0
subsystem_time: stage=storage_write calls=0 timed_calls=0 period=1 timed_us=0
subsystem_time: stage=save_load calls=0 timed_calls=0 period=1 timed_us=0
subsystem_time: stage=save_write calls=0 timed_calls=0 period=1 timed_us=0
subsystem_time: stage=state_load calls=0 timed_calls=0 period=1 timed_us=0
subsystem_time: stage=state_save calls=0 timed_calls=0 period=1 timed_us=0
subsystem_time: stage=probe_io calls=4 timed_calls=4 period=1 timed_us=35456
subsystem_time: stage=agent_poll calls=1812 timed_calls=1812 period=1 timed_us=556
audio_time: stage=resample sampled_calls=79 sampled_samples=10240 sampled_us=441
audio_time: stage=zoh sampled_calls=0 sampled_samples=0 sampled_us=0
audio_time: stage=adpcm sampled_calls=76 sampled_samples=8016 sampled_us=361
audio_time: stage=envmix_exp sampled_calls=79 sampled_samples=10240 sampled_us=826
audio_time: stage=envmix_ge sampled_calls=0 sampled_samples=0 sampled_us=0
audio_time: stage=envmix_lin sampled_calls=0 sampled_samples=0 sampled_us=0
audio_time: stage=envmix_nead sampled_calls=0 sampled_samples=0 sampled_us=0
audio_time: stage=mix sampled_calls=622 sampled_samples=83008 sampled_us=1386
audio_time: stage=musyx_voice sampled_calls=0 sampled_samples=0 sampled_us=0
audio_time: stage=musyx_fx sampled_calls=0 sampled_samples=0 sampled_us=0
audio_time: stage=output sampled_calls=7 sampled_samples=3712 sampled_us=69
gpu_counters: clks=3699716861 tb_clks=3699716888 ras_busy=223502215 xf_wait_in=3278013541 xf_wait_out=224318060 ras_peak_permille=106 ztop_in=699085056 ztop_out=566246540 z_in=119838268 z_out=102098716 blend_in=686446524 copy_clks=84779697 fifo_overflows=0
game: n=4/9 how=vis vis=900 vi_rate=60 vi0_retrace=8540 wall_us=15225096 sleep_us=3888752 avg_vis=57.92 avg_fps=54.37 exceptions=10823 cacheResets=1 recompiles=777 batches=167028 verts=4402401 texStalls=0 treeDepthMax=12 underruns=0 overruns=0 queue_peak_ms=157 dsp_avg=1.54 dsp_peak=1.90 dsp_samples=31 pmc1=8110249118 pmc2=7992325621 pmc3=0 pmc4=0 mmcr0=00000042 mmcr1=00000000 heap_used=10842648 heap_free=158376 arena1_free=200704 arena2_free=288704 flushes=4 flush_us=35447 padtrace=0 rom=sd:/wii64/roms/Pokemon Snap.rom
=== chain 4/9 end vis=900 how=vis rom=sd:/wii64/roms/Pokemon Snap.rom ===
mark: pad replay records: 1
mark: loadROM: enter
mark: loadROM: before rom_read
mark: ROMCache_load: enter
mark: ROMCache_load: before first read
mark: ROMCache_load: first read returned
mark: ROMCache_load: byte_swap_type set
mark: ROMCache_load: first byte_swap done
menufps: 0.1
menufps: 8.4
menufps: 8.1
menufps: 8.1
menufps: 8.3
menufps: 8.3
menufps: 8.3
mark: ROMCache_load: loop exited normally
mark: ROMCache_load: elapsed_us=3740188 bytes=16777216 vm=0
mark: loadROM: after rom_read
mark: loadROM: before init_memory
mark: loadROM: after init_memory
mark: loadROM: before romOpen_gfx
mark: loadROM: after romOpen_gfx / before romOpen_audio
mark: loadROM: after romOpen_audio / before romOpen_input
mark: loadROM: after romOpen_input / before cpu_init
mark: loadROM: after cpu_init
menufps: 2.4
menufps: 1.0
menufps: 1.0
fps: 1.1
first_vi: vi0_retrace=9885
vis: 0.3
cpu: exceptions=0 cacheResets=0 batches=0 verts=0 texStalls=0 recompiles=0 underruns=0 overruns=0 sleep_us=0 queue_ms=0
mark: CPU core dispatch: dynarec
vis: 60.0
cpu: exceptions=3978 cacheResets=1 batches=0 verts=0 texStalls=0 recompiles=223 underruns=0 overruns=0 sleep_us=102415 queue_ms=156
fps: 1.1
vis: 60.0
cpu: exceptions=8401 cacheResets=1 batches=0 verts=0 texStalls=0 recompiles=396 underruns=0 overruns=0 sleep_us=291234 queue_ms=152
fps: 61.2
vis: 60.0
cpu: exceptions=8584 cacheResets=1 batches=0 verts=0 texStalls=0 recompiles=412 underruns=0 overruns=0 sleep_us=725266 queue_ms=157
vis: 60.0
cpu: exceptions=8854 cacheResets=1 batches=0 verts=0 texStalls=0 recompiles=439 underruns=0 overruns=0 sleep_us=1122850 queue_ms=154
fps: 20.5
vis: 57.0
cpu: exceptions=9579 cacheResets=1 batches=106 verts=2598 texStalls=0 recompiles=697 underruns=0 overruns=0 sleep_us=1425707 queue_ms=132
vis: 60.0
cpu: exceptions=9777 cacheResets=1 batches=3286 verts=80538 texStalls=0 recompiles=767 underruns=0 overruns=0 sleep_us=1684644 queue_ms=128
fps: 61.0
vis: 60.0
cpu: exceptions=9990 cacheResets=1 batches=6466 verts=158478 texStalls=0 recompiles=767 underruns=0 overruns=0 sleep_us=1949599 queue_ms=124
fps: 60.0
vis: 60.0
cpu: exceptions=10201 cacheResets=1 batches=9646 verts=236418 texStalls=0 recompiles=769 underruns=0 overruns=0 sleep_us=2212452 queue_ms=130
fps: 60.0
vis: 60.0
cpu: exceptions=10438 cacheResets=1 batches=12763 verts=310578 texStalls=0 recompiles=786 underruns=0 overruns=0 sleep_us=2464715 queue_ms=126
fps: 60.0
vis: 60.0
cpu: exceptions=10659 cacheResets=1 batches=15853 verts=383118 texStalls=0 recompiles=786 underruns=0 overruns=0 sleep_us=2733047 queue_ms=131
fps: 60.1
vis: 60.0
cpu: exceptions=10880 cacheResets=1 batches=18943 verts=455658 texStalls=0 recompiles=786 underruns=0 overruns=0 sleep_us=3004554 queue_ms=127
fps: 60.0
vis: 60.0
cpu: exceptions=11101 cacheResets=1 batches=22033 verts=528198 texStalls=0 recompiles=786 underruns=0 overruns=0 sleep_us=3275224 queue_ms=133
fps: 60.0
vis: 60.0
cpu: exceptions=11326 cacheResets=1 batches=25123 verts=600738 texStalls=0 recompiles=786 underruns=0 overruns=0 sleep_us=3546440 queue_ms=129
fps: 59.9
vis: 60.0
cpu: exceptions=11546 cacheResets=1 batches=28213 verts=673278 texStalls=0 recompiles=786 underruns=0 overruns=0 sleep_us=3817210 queue_ms=125
fps: 60.0
vis: 60.0
cpu: exceptions=11799 cacheResets=1 batches=31677 verts=764562 texStalls=0 recompiles=818 underruns=0 overruns=0 sleep_us=4047414 queue_ms=130
fps: 59.9
vis: 60.0
cpu: exceptions=12053 cacheResets=1 batches=35277 verts=862662 texStalls=0 recompiles=818 underruns=0 overruns=0 sleep_us=4275832 queue_ms=127
fps: 59.9
vis: 60.0
cpu: exceptions=12284 cacheResets=1 batches=38877 verts=960762 texStalls=0 recompiles=818 underruns=0 overruns=0 sleep_us=4498266 queue_ms=132
fps: 58.8
vis: 60.0
cpu: exceptions=12558 cacheResets=1 batches=42477 verts=1058862 texStalls=0 recompiles=821 underruns=0 overruns=0 sleep_us=4700961 queue_ms=119
fps: 60.0
vis: 60.0
cpu: exceptions=12861 cacheResets=1 batches=46077 verts=1156962 texStalls=0 recompiles=821 underruns=0 overruns=0 sleep_us=4914616 queue_ms=115
fps: 60.2
vis: 60.0
cpu: exceptions=13136 cacheResets=1 batches=49675 verts=1255050 texStalls=0 recompiles=824 underruns=0 overruns=0 sleep_us=5141086 queue_ms=121
fps: 59.9
vis: 60.0
cpu: exceptions=13394 cacheResets=1 batches=53245 verts=1352970 texStalls=0 recompiles=824 underruns=0 overruns=0 sleep_us=5361502 queue_ms=117
fps: 60.0
vis: 60.0
cpu: exceptions=13675 cacheResets=1 batches=56839 verts=1451034 texStalls=0 recompiles=828 underruns=0 overruns=0 sleep_us=5573316 queue_ms=122
fps: 60.0
vis: 60.0
cpu: exceptions=13919 cacheResets=1 batches=60469 verts=1549314 texStalls=0 recompiles=828 underruns=0 overruns=0 sleep_us=5802612 queue_ms=118
fps: 60.0
vis: 60.0
cpu: exceptions=14177 cacheResets=1 batches=64099 verts=1647594 texStalls=0 recompiles=842 underruns=0 overruns=0 sleep_us=6015288 queue_ms=124
fps: 60.0
vis: 60.0
cpu: exceptions=14438 cacheResets=1 batches=67729 verts=1745874 texStalls=0 recompiles=842 underruns=0 overruns=0 sleep_us=6235643 queue_ms=120
fps: 60.0
vis: 60.0
cpu: exceptions=14710 cacheResets=1 batches=71359 verts=1844154 texStalls=0 recompiles=842 underruns=0 overruns=0 sleep_us=6450364 queue_ms=125
fps: 60.0
vis: 60.0
cpu: exceptions=15000 cacheResets=1 batches=74989 verts=1942434 texStalls=0 recompiles=842 underruns=0 overruns=0 sleep_us=6651383 queue_ms=121
fps: 60.0
vis: 60.0
cpu: exceptions=15271 cacheResets=1 batches=78619 verts=2040714 texStalls=0 recompiles=842 underruns=0 overruns=0 sleep_us=6850456 queue_ms=118
fps: 59.9
vis: 60.0
cpu: exceptions=15544 cacheResets=1 batches=82735 verts=2164914 texStalls=0 recompiles=849 underruns=0 overruns=0 sleep_us=7021602 queue_ms=123
fps: 59.9
mark: stop reason: chain guest VI limit
mark: stop_it requested
audio: alist_resample_calls=16730 alist_resample_samples=3078320 alist_zoh_calls=0 alist_zoh_samples=0 musyx_subframes=0 musyx_voices=0 musyx_voice_peak=0
audio_stages: adpcm_calls=16390 adpcm_samples=2635248 envmix_calls=16730 envmix_samples=3078320 mix_calls=106152 mix_samples=19531968 musyx_fx_calls=0 musyx_fx_taps=0 output_calls=897 output_samples=478768
audio_envmix: exp_calls=0 ge_calls=0 lin_calls=16730 nead_calls=0 exp_steady=0 ge_steady=0 lin_steady=10608
audio_gaps: nead_mats=0 nead_efz=0 resample_flag2=0 musyx_ptr10=0
audio_output: stream_requests=3332 stream_fed=1651 input_hz=32006 playback_hz=32006 queue_peak_ms=178
probe_schema: version=2 self=1 interval=127
vm_io: read_ahead=1 reads=0 hits=0 read_bytes=0 writes=0 write_bytes=0 errors=0
subsystem_time: stage=rsp_gfx calls=804 timed_calls=804 period=1 timed_us=2958938
subsystem_time: stage=rsp_audio calls=898 timed_calls=898 period=1 timed_us=876942
subsystem_time: stage=rsp_other calls=0 timed_calls=0 period=1 timed_us=0
subsystem_time: stage=lookup calls=362394 timed_calls=2853 period=127 timed_us=1125
subsystem_time: stage=compile calls=849 timed_calls=849 period=1 timed_us=128896
subsystem_time: stage=dispatch calls=343137 timed_calls=2701 period=127 timed_us=4815
subsystem_self: stage=dispatch calls=343137 timed_calls=2701 self_us=2470 dropped=0
subsystem_time: stage=execute_inclusive calls=343137 timed_calls=2701 period=127 timed_us=128305
subsystem_self: stage=execute_inclusive calls=343137 timed_calls=2701 self_us=32236 dropped=0
subsystem_time: stage=rom_copy calls=10547 timed_calls=10547 period=1 timed_us=30344
subsystem_time: stage=present calls=899 timed_calls=899 period=1 timed_us=37366
subsystem_time: stage=limiter calls=881 timed_calls=881 period=1 timed_us=7190273
subsystem_time: stage=vm_fault calls=0 timed_calls=0 period=1 timed_us=0
subsystem_time: stage=vm_victim calls=0 timed_calls=0 period=1 timed_us=0
subsystem_time: stage=vm_read calls=0 timed_calls=0 period=1 timed_us=0
subsystem_time: stage=vm_write calls=0 timed_calls=0 period=1 timed_us=0
subsystem_time: stage=tex_hash calls=49812 timed_calls=49812 period=1 timed_us=285501
subsystem_time: stage=tex_lookup calls=49812 timed_calls=49812 period=1 timed_us=25413
subsystem_time: stage=tex_load calls=73 timed_calls=73 period=1 timed_us=9078
subsystem_time: stage=tex_activate calls=49812 timed_calls=49812 period=1 timed_us=33755
subsystem_time: stage=draw_triangles calls=86766 timed_calls=86766 period=1 timed_us=440059
subsystem_time: stage=draw_rect calls=1847 timed_calls=1847 period=1 timed_us=27690
subsystem_time: stage=gfx_list calls=804 timed_calls=804 period=1 timed_us=2957342
subsystem_time: stage=gfx_command calls=2396137 timed_calls=18867 period=127 timed_us=24670
gfx_ucodes: mask=00000004
gfx_opcode: op=01 calls=133300 timed_calls=1080 timed_us=2803
gfx_opcode: op=02 calls=80892 timed_calls=640 timed_us=128
gfx_opcode: op=05 calls=13104 timed_calls=107 timed_us=825
gfx_opcode: op=06 calls=374741 timed_calls=2943 timed_us=12568
gfx_opcode: op=d7 calls=63112 timed_calls=495 timed_us=97
gfx_opcode: op=d8 calls=49804 timed_calls=373 timed_us=49
gfx_opcode: op=d9 calls=75510 timed_calls=588 timed_us=76
gfx_opcode: op=da calls=150077 timed_calls=1200 timed_us=747
gfx_opcode: op=db calls=167110 timed_calls=1319 timed_us=225
gfx_opcode: op=dc calls=9609 timed_calls=75 timed_us=47
gfx_opcode: op=de calls=110651 timed_calls=853 timed_us=144
gfx_opcode: op=df calls=90110 timed_calls=709 timed_us=104
gfx_opcode: op=e2 calls=105359 timed_calls=853 timed_us=116
gfx_opcode: op=e3 calls=88163 timed_calls=701 timed_us=107
gfx_opcode: op=e4 calls=432 timed_calls=4 timed_us=84
gfx_opcode: op=e6 calls=87498 timed_calls=684 timed_us=85
gfx_opcode: op=e7 calls=290367 timed_calls=2299 timed_us=295
gfx_opcode: op=e8 calls=29188 timed_calls=230 timed_us=28
gfx_opcode: op=e9 calls=804 timed_calls=6 timed_us=7
gfx_opcode: op=ed calls=5238 timed_calls=40 timed_us=14
gfx_opcode: op=f0 calls=37686 timed_calls=295 timed_us=233
gfx_opcode: op=f2 calls=47475 timed_calls=381 timed_us=100
gfx_opcode: op=f3 calls=46464 timed_calls=349 timed_us=1042
gfx_opcode: op=f4 calls=3348 timed_calls=26 timed_us=230
gfx_opcode: op=f5 calls=118000 timed_calls=947 timed_us=180
gfx_opcode: op=f6 calls=2165 timed_calls=19 timed_us=2410
gfx_opcode: op=f7 calls=1554 timed_calls=11 timed_us=6
gfx_opcode: op=f8 calls=1277 timed_calls=9 timed_us=2
gfx_opcode: op=f9 calls=21603 timed_calls=164 timed_us=27
gfx_opcode: op=fa calls=19865 timed_calls=148 timed_us=26
gfx_opcode: op=fb calls=2777 timed_calls=19 timed_us=3
gfx_opcode: op=fc calls=78437 timed_calls=602 timed_us=78
gfx_opcode: op=fd calls=84429 timed_calls=655 timed_us=96
gfx_opcode: op=fe calls=804 timed_calls=8 timed_us=6
gfx_opcode: op=ff calls=5184 timed_calls=35 timed_us=12
subsystem_time: stage=vertex calls=773903 timed_calls=6093 period=127 timed_us=2455
subsystem_time: stage=gfx_state calls=594766 timed_calls=4683 period=127 timed_us=8291
subsystem_self: stage=gfx_state calls=594766 timed_calls=4683 self_us=5498 dropped=0
subsystem_time: stage=gx_wait calls=4 timed_calls=4 period=1 timed_us=2557
subsystem_time: stage=dma_pi calls=10551 timed_calls=10551 period=1 timed_us=44585
subsystem_time: stage=dma_sp calls=3404 timed_calls=3404 period=1 timed_us=3856
subsystem_time: stage=dma_si calls=963 timed_calls=963 period=1 timed_us=18812
subsystem_time: stage=tlb_translate calls=0 timed_calls=0 period=127 timed_us=0
subsystem_time: stage=pif calls=964 timed_calls=964 period=1 timed_us=17523
subsystem_time: stage=input calls=3536 timed_calls=3536 period=1 timed_us=14765
subsystem_time: stage=guest_interrupt calls=21457 timed_calls=21457 period=1 timed_us=7277998
subsystem_self: stage=guest_interrupt calls=21457 timed_calls=21457 self_us=28282 dropped=0
subsystem_time: stage=interpreter_inclusive calls=0 timed_calls=0 period=1 timed_us=0
subsystem_self: stage=interpreter_inclusive calls=0 timed_calls=0 self_us=0 dropped=0
subsystem_time: stage=audio_submit calls=898 timed_calls=898 period=1 timed_us=10751
subsystem_time: stage=audio_callback calls=9333 timed_calls=9333 period=1 timed_us=8232
subsystem_time: stage=memory_slow calls=945843 timed_calls=7447 period=127 timed_us=48060
subsystem_self: stage=memory_slow calls=945843 timed_calls=7447 self_us=3881 dropped=0
subsystem_time: stage=jit_invalidate calls=168206 timed_calls=1324 period=127 timed_us=332
subsystem_time: stage=cpu_helper calls=8418905 timed_calls=66290 period=127 timed_us=91302
subsystem_time: stage=storage_read calls=0 timed_calls=0 period=1 timed_us=0
subsystem_time: stage=storage_write calls=0 timed_calls=0 period=1 timed_us=0
subsystem_time: stage=save_load calls=0 timed_calls=0 period=1 timed_us=0
subsystem_time: stage=save_write calls=0 timed_calls=0 period=1 timed_us=0
subsystem_time: stage=state_load calls=0 timed_calls=0 period=1 timed_us=0
subsystem_time: stage=state_save calls=0 timed_calls=0 period=1 timed_us=0
subsystem_time: stage=probe_io calls=3 timed_calls=3 period=1 timed_us=28344
subsystem_time: stage=agent_poll calls=1809 timed_calls=1809 period=1 timed_us=498
audio_time: stage=resample sampled_calls=131 sampled_samples=24104 sampled_us=955
audio_time: stage=zoh sampled_calls=0 sampled_samples=0 sampled_us=0
audio_time: stage=adpcm sampled_calls=129 sampled_samples=20256 sampled_us=847
audio_time: stage=envmix_exp sampled_calls=0 sampled_samples=0 sampled_us=0
audio_time: stage=envmix_ge sampled_calls=0 sampled_samples=0 sampled_us=0
audio_time: stage=envmix_lin sampled_calls=131 sampled_samples=24104 sampled_us=1749
audio_time: stage=envmix_nead sampled_calls=0 sampled_samples=0 sampled_us=0
audio_time: stage=mix sampled_calls=835 sampled_samples=153640 sampled_us=2538
audio_time: stage=musyx_voice sampled_calls=0 sampled_samples=0 sampled_us=0
audio_time: stage=musyx_fx sampled_calls=0 sampled_samples=0 sampled_us=0
audio_time: stage=output sampled_calls=7 sampled_samples=3680 sampled_us=69
gpu_counters: clks=3687649519 tb_clks=3687649520 ras_busy=236249787 xf_wait_in=3154661982 xf_wait_out=394734611 ras_peak_permille=89 ztop_in=680704764 ztop_out=653002800 z_in=188267384 z_out=124811220 blend_in=841540632 copy_clks=86893363 fifo_overflows=2445
game: n=5/9 how=vis vis=900 vi_rate=60 vi0_retrace=9885 wall_us=15175429 sleep_us=7187478 avg_vis=57.91 avg_fps=54.41 exceptions=15800 cacheResets=1 recompiles=849 batches=86766 verts=2287758 texStalls=0 treeDepthMax=14 underruns=0 overruns=0 queue_peak_ms=157 dsp_avg=1.54 dsp_peak=1.80 dsp_samples=30 pmc1=5485156202 pmc2=5239955647 pmc3=0 pmc4=0 mmcr0=00000042 mmcr1=00000000 heap_used=10849528 heap_free=151496 arena1_free=200704 arena2_free=288704 flushes=3 flush_us=28344 padtrace=0 rom=sd:/wii64/roms/Super Smash Bros. (U) [!].z64
=== chain 5/9 end vis=900 how=vis rom=sd:/wii64/roms/Super Smash Bros. (U) [!].z64 ===
mark: pad replay records: 1
mark: loadROM: enter
mark: loadROM: before rom_read
mark: ROMCache_load: enter
mark: ROMCache_load: before first read
mark: ROMCache_load: first read returned
mark: ROMCache_load: byte_swap_type set
mark: ROMCache_load: first byte_swap done
menufps: 0.1
menufps: 8.3
menufps: 8.0
menufps: 8.1
menufps: 8.4
mark: ROMCache_load: loop exited normally
mark: ROMCache_load: elapsed_us=2878826 bytes=12582912 vm=0
mark: loadROM: after rom_read
mark: loadROM: before init_memory
mark: loadROM: after init_memory
mark: loadROM: before romOpen_gfx
mark: loadROM: after romOpen_gfx / before romOpen_audio
mark: loadROM: after romOpen_audio / before romOpen_input
mark: loadROM: after romOpen_input / before cpu_init
mark: loadROM: after cpu_init
menufps: 6.3
menufps: 1.9
menufps: 1.0
menufps: 1.0
fps: 2.8
first_vi: vi0_retrace=11176
vis: 4.3
cpu: exceptions=0 cacheResets=0 batches=0 verts=0 texStalls=0 recompiles=0 underruns=0 overruns=0 sleep_us=0 queue_ms=0
mark: CPU core dispatch: dynarec
vis: 60.0
cpu: exceptions=100 cacheResets=1 batches=0 verts=0 texStalls=0 recompiles=296 underruns=0 overruns=0 sleep_us=34368 queue_ms=0
vis: 60.0
cpu: exceptions=267 cacheResets=1 batches=0 verts=0 texStalls=0 recompiles=472 underruns=1 overruns=0 sleep_us=326084 queue_ms=5
fps: 0.8
vis: 60.0
cpu: exceptions=428 cacheResets=1 batches=0 verts=0 texStalls=0 recompiles=675 underruns=1 overruns=0 sleep_us=687602 queue_ms=9
vis: 60.0
cpu: exceptions=698 cacheResets=1 batches=0 verts=0 texStalls=0 recompiles=675 underruns=1 overruns=0 sleep_us=1160047 queue_ms=13
vis: 60.0
cpu: exceptions=931 cacheResets=1 batches=0 verts=0 texStalls=0 recompiles=677 underruns=1 overruns=0 sleep_us=1632890 queue_ms=5
vis: 60.0
cpu: exceptions=1155 cacheResets=1 batches=0 verts=0 texStalls=0 recompiles=677 underruns=1 overruns=0 sleep_us=2106579 queue_ms=9
vis: 60.0
cpu: exceptions=1371 cacheResets=1 batches=0 verts=0 texStalls=0 recompiles=685 underruns=1 overruns=0 sleep_us=2579700 queue_ms=13
vis: 60.0
cpu: exceptions=1595 cacheResets=1 batches=0 verts=0 texStalls=0 recompiles=685 underruns=2 overruns=0 sleep_us=3053496 queue_ms=18
fps: 1.4
vis: 60.0
cpu: exceptions=1748 cacheResets=1 batches=348 verts=1044 texStalls=0 recompiles=713 underruns=2 overruns=0 sleep_us=3391851 queue_ms=22
fps: 60.2
vis: 60.0
cpu: exceptions=1898 cacheResets=1 batches=708 verts=2124 texStalls=0 recompiles=713 underruns=2 overruns=0 sleep_us=3736276 queue_ms=13
fps: 60.0
vis: 60.0
cpu: exceptions=2075 cacheResets=1 batches=4160 verts=45240 texStalls=0 recompiles=796 underruns=2 overruns=0 sleep_us=4089806 queue_ms=15
fps: 56.1
vis: 60.0
cpu: exceptions=2254 cacheResets=1 batches=11300 verts=136860 texStalls=0 recompiles=796 underruns=2 overruns=0 sleep_us=4457634 queue_ms=18
fps: 59.9
vis: 60.0
cpu: exceptions=2441 cacheResets=1 batches=18440 verts=228480 texStalls=0 recompiles=809 underruns=2 overruns=0 sleep_us=4813787 queue_ms=10
fps: 60.0
vis: 60.0
cpu: exceptions=2617 cacheResets=1 batches=25580 verts=320100 texStalls=0 recompiles=809 underruns=2 overruns=0 sleep_us=5173552 queue_ms=13
fps: 60.2
vis: 60.0
cpu: exceptions=2822 cacheResets=1 batches=32720 verts=411720 texStalls=0 recompiles=812 underruns=2 overruns=0 sleep_us=5531015 queue_ms=14
fps: 60.0
vis: 60.0
cpu: exceptions=3002 cacheResets=1 batches=39860 verts=503340 texStalls=0 recompiles=812 underruns=2 overruns=0 sleep_us=5888491 queue_ms=18
fps: 60.0
vis: 60.0
cpu: exceptions=3172 cacheResets=1 batches=47000 verts=594960 texStalls=0 recompiles=813 underruns=2 overruns=0 sleep_us=6249070 queue_ms=10
fps: 60.0
vis: 60.0
cpu: exceptions=3354 cacheResets=1 batches=54140 verts=686580 texStalls=0 recompiles=813 underruns=2 overruns=0 sleep_us=6606440 queue_ms=14
fps: 60.0
vis: 60.0
cpu: exceptions=3555 cacheResets=1 batches=61280 verts=778200 texStalls=0 recompiles=813 underruns=2 overruns=0 sleep_us=6962376 queue_ms=15
fps: 60.0
vis: 60.0
cpu: exceptions=3722 cacheResets=1 batches=68420 verts=869820 texStalls=0 recompiles=813 underruns=2 overruns=0 sleep_us=7324120 queue_ms=5
fps: 60.0
vis: 60.0
cpu: exceptions=3895 cacheResets=1 batches=75560 verts=961440 texStalls=0 recompiles=813 underruns=2 overruns=0 sleep_us=7682282 queue_ms=11
fps: 60.0
vis: 60.0
cpu: exceptions=4068 cacheResets=1 batches=82700 verts=1053060 texStalls=0 recompiles=813 underruns=2 overruns=0 sleep_us=8039947 queue_ms=14
fps: 60.0
vis: 60.0
cpu: exceptions=4264 cacheResets=1 batches=89840 verts=1144680 texStalls=0 recompiles=813 underruns=2 overruns=0 sleep_us=8400074 queue_ms=15
fps: 60.0
vis: 60.0
cpu: exceptions=4437 cacheResets=1 batches=96980 verts=1236300 texStalls=0 recompiles=813 underruns=2 overruns=0 sleep_us=8756640 queue_ms=6
fps: 60.0
vis: 60.0
cpu: exceptions=4608 cacheResets=1 batches=104120 verts=1327920 texStalls=0 recompiles=813 underruns=2 overruns=0 sleep_us=9114839 queue_ms=10
fps: 60.0
vis: 60.0
cpu: exceptions=4775 cacheResets=1 batches=111260 verts=1419540 texStalls=0 recompiles=813 underruns=2 overruns=0 sleep_us=9476335 queue_ms=15
fps: 60.0
vis: 60.0
cpu: exceptions=4974 cacheResets=1 batches=118400 verts=1511160 texStalls=0 recompiles=813 underruns=2 overruns=0 sleep_us=9832115 queue_ms=16
fps: 57.1
vis: 60.0
cpu: exceptions=5151 cacheResets=1 batches=119363 verts=1534314 texStalls=0 recompiles=835 underruns=4 overruns=0 sleep_us=10232664 queue_ms=6
fps: 59.9
vis: 60.0
cpu: exceptions=5340 cacheResets=1 batches=120233 verts=1558434 texStalls=0 recompiles=836 underruns=4 overruns=0 sleep_us=10634210 queue_ms=12
fps: 60.0
mark: stop reason: chain guest VI limit
mark: stop_it requested
audio: alist_resample_calls=18199 alist_resample_samples=2623744 alist_zoh_calls=0 alist_zoh_samples=0 musyx_subframes=0 musyx_voices=0 musyx_voice_peak=0
audio_stages: adpcm_calls=15527 adpcm_samples=620464 envmix_calls=16034 envmix_samples=2305456 mix_calls=41135 mix_samples=6047472 musyx_fx_calls=0 musyx_fx_taps=0 output_calls=433 output_samples=318288
audio_envmix: exp_calls=0 ge_calls=16034 lin_calls=0 nead_calls=0 exp_steady=0 ge_steady=14219 lin_steady=0
audio_gaps: nead_mats=0 nead_efz=0 resample_flag2=0 musyx_ptr10=0
audio_output: stream_requests=2990 stream_fed=1104 input_hz=22047 playback_hz=22047 queue_peak_ms=54
probe_schema: version=2 self=1 interval=127
vm_io: read_ahead=1 reads=0 hits=0 read_bytes=0 writes=0 write_bytes=0 errors=0
subsystem_time: stage=rsp_gfx calls=660 timed_calls=660 period=1 timed_us=1173768
subsystem_time: stage=rsp_audio calls=433 timed_calls=433 period=1 timed_us=491467
subsystem_time: stage=rsp_other calls=0 timed_calls=0 period=1 timed_us=0
subsystem_time: stage=lookup calls=153948 timed_calls=1212 period=127 timed_us=475
subsystem_time: stage=compile calls=837 timed_calls=837 period=1 timed_us=97953
subsystem_time: stage=dispatch calls=128184 timed_calls=1009 period=127 timed_us=2494
subsystem_self: stage=dispatch calls=128184 timed_calls=1009 self_us=1253 dropped=0
subsystem_time: stage=execute_inclusive calls=128184 timed_calls=1009 period=127 timed_us=89362
subsystem_self: stage=execute_inclusive calls=128184 timed_calls=1009 self_us=13961 dropped=0
subsystem_time: stage=rom_copy calls=620 timed_calls=620 period=1 timed_us=12002
subsystem_time: stage=present calls=899 timed_calls=899 period=1 timed_us=34429
subsystem_time: stage=limiter calls=870 timed_calls=870 period=1 timed_us=11005784
subsystem_time: stage=vm_fault calls=0 timed_calls=0 period=1 timed_us=0
subsystem_time: stage=vm_victim calls=0 timed_calls=0 period=1 timed_us=0
subsystem_time: stage=vm_read calls=0 timed_calls=0 period=1 timed_us=0
subsystem_time: stage=vm_write calls=0 timed_calls=0 period=1 timed_us=0
subsystem_time: stage=tex_hash calls=29691 timed_calls=29691 period=1 timed_us=79319
subsystem_time: stage=tex_lookup calls=29691 timed_calls=29691 period=1 timed_us=7868
subsystem_time: stage=tex_load calls=69 timed_calls=69 period=1 timed_us=1377
subsystem_time: stage=tex_activate calls=29691 timed_calls=29691 period=1 timed_us=10917
subsystem_time: stage=draw_triangles calls=121074 timed_calls=121074 period=1 timed_us=215953
subsystem_time: stage=draw_rect calls=17457 timed_calls=17457 period=1 timed_us=101080
subsystem_time: stage=gfx_list calls=660 timed_calls=660 period=1 timed_us=1172640
subsystem_time: stage=gfx_command calls=653190 timed_calls=5143 period=127 timed_us=9670
gfx_ucodes: mask=00001000
gfx_opcode: op=01 calls=12366 timed_calls=106 timed_us=51
gfx_opcode: op=03 calls=1818 timed_calls=16 timed_us=17
gfx_opcode: op=04 calls=48525 timed_calls=374 timed_us=2345
gfx_opcode: op=06 calls=13110 timed_calls=110 timed_us=34
gfx_opcode: op=b1 calls=138519 timed_calls=1076 timed_us=4489
gfx_opcode: op=b6 calls=12297 timed_calls=106 timed_us=17
gfx_opcode: op=b7 calls=12450 timed_calls=104 timed_us=14
gfx_opcode: op=b8 calls=13770 timed_calls=116 timed_us=17
gfx_opcode: op=b9 calls=13164 timed_calls=94 timed_us=23
gfx_opcode: op=ba calls=71856 timed_calls=584 timed_us=110
gfx_opcode: op=bb calls=12945 timed_calls=104 timed_us=21
gfx_opcode: op=bc calls=14745 timed_calls=117 timed_us=19
gfx_opcode: op=bf calls=26967 timed_calls=206 timed_us=307
gfx_opcode: op=e4 calls=17457 timed_calls=143 timed_us=967
gfx_opcode: op=e6 calls=29691 timed_calls=225 timed_us=27
gfx_opcode: op=e7 calls=43050 timed_calls=323 timed_us=40
gfx_opcode: op=e9 calls=660 timed_calls=6 timed_us=4
gfx_opcode: op=ed calls=1320 timed_calls=12 timed_us=6
gfx_opcode: op=f2 calls=31455 timed_calls=248 timed_us=62
gfx_opcode: op=f3 calls=29691 timed_calls=224 timed_us=384
gfx_opcode: op=f5 calls=60855 timed_calls=477 timed_us=91
gfx_opcode: op=f6 calls=660 timed_calls=6 timed_us=6
gfx_opcode: op=f7 calls=660 timed_calls=6 timed_us=3
gfx_opcode: op=fa calls=996 timed_calls=6 timed_us=1
gfx_opcode: op=fc calls=13152 timed_calls=96 timed_us=13
gfx_opcode: op=fd calls=29691 timed_calls=249 timed_us=38
gfx_opcode: op=ff calls=1320 timed_calls=9 timed_us=5
subsystem_time: stage=vertex calls=712209 timed_calls=5607 period=127 timed_us=2305
subsystem_time: stage=gfx_state calls=32799 timed_calls=258 period=127 timed_us=1513
subsystem_self: stage=gfx_state calls=32799 timed_calls=258 self_us=718 dropped=0
subsystem_time: stage=gx_wait calls=4 timed_calls=4 period=1 timed_us=2557
subsystem_time: stage=dma_pi calls=620 timed_calls=620 period=1 timed_us=13320
subsystem_time: stage=dma_sp calls=2186 timed_calls=2186 period=1 timed_us=2339
subsystem_time: stage=dma_si calls=1681 timed_calls=1681 period=1 timed_us=16138
subsystem_time: stage=tlb_translate calls=740966 timed_calls=5834 period=127 timed_us=695
subsystem_time: stage=pif calls=1682 timed_calls=1682 period=1 timed_us=14801
subsystem_time: stage=input calls=2972 timed_calls=2972 period=1 timed_us=11867
subsystem_time: stage=guest_interrupt calls=7046 timed_calls=7046 period=1 timed_us=11109754
subsystem_self: stage=guest_interrupt calls=7046 timed_calls=7046 self_us=20660 dropped=0
subsystem_time: stage=interpreter_inclusive calls=0 timed_calls=0 period=1 timed_us=0
subsystem_self: stage=interpreter_inclusive calls=0 timed_calls=0 self_us=0 dropped=0
subsystem_time: stage=audio_submit calls=433 timed_calls=433 period=1 timed_us=6238
subsystem_time: stage=audio_callback calls=8979 timed_calls=8979 period=1 timed_us=4819
subsystem_time: stage=memory_slow calls=997459 timed_calls=7854 period=127 timed_us=14044
subsystem_self: stage=memory_slow calls=997459 timed_calls=7854 self_us=3944 dropped=0
subsystem_time: stage=jit_invalidate calls=72480 timed_calls=570 period=127 timed_us=118
subsystem_time: stage=cpu_helper calls=4643187 timed_calls=36560 period=127 timed_us=101754
subsystem_time: stage=storage_read calls=0 timed_calls=0 period=1 timed_us=0
subsystem_time: stage=storage_write calls=0 timed_calls=0 period=1 timed_us=0
subsystem_time: stage=save_load calls=0 timed_calls=0 period=1 timed_us=0
subsystem_time: stage=save_write calls=0 timed_calls=0 period=1 timed_us=0
subsystem_time: stage=state_load calls=0 timed_calls=0 period=1 timed_us=0
subsystem_time: stage=state_save calls=0 timed_calls=0 period=1 timed_us=0
subsystem_time: stage=probe_io calls=4 timed_calls=4 period=1 timed_us=55345
subsystem_time: stage=agent_poll calls=1809 timed_calls=1809 period=1 timed_us=455
audio_time: stage=resample sampled_calls=143 sampled_samples=20368 sampled_us=861
audio_time: stage=zoh sampled_calls=0 sampled_samples=0 sampled_us=0
audio_time: stage=adpcm sampled_calls=122 sampled_samples=4912 sampled_us=232
audio_time: stage=envmix_exp sampled_calls=0 sampled_samples=0 sampled_us=0
audio_time: stage=envmix_ge sampled_calls=126 sampled_samples=18352 sampled_us=1121
audio_time: stage=envmix_lin sampled_calls=0 sampled_samples=0 sampled_us=0
audio_time: stage=envmix_nead sampled_calls=0 sampled_samples=0 sampled_us=0
audio_time: stage=mix sampled_calls=323 sampled_samples=47968 sampled_us=795
audio_time: stage=musyx_voice sampled_calls=0 sampled_samples=0 sampled_us=0
audio_time: stage=musyx_fx sampled_calls=0 sampled_samples=0 sampled_us=0
audio_time: stage=output sampled_calls=3 sampled_samples=2192 sampled_us=39
gpu_counters: clks=3687961948 tb_clks=3687961948 ras_busy=47584113 xf_wait_in=3570584946 xf_wait_out=36748950 ras_peak_permille=20 ztop_in=183975604 ztop_out=181443868 z_in=0 z_out=0 blend_in=181618704 copy_clks=74498852 fifo_overflows=0
game: n=6/9 how=vis vis=900 vi_rate=60 vi0_retrace=11176 wall_us=15176714 sleep_us=11003058 avg_vis=58.14 avg_fps=52.43 exceptions=5543 cacheResets=1 recompiles=837 batches=121074 verts=1581750 texStalls=0 treeDepthMax=15 underruns=4 overruns=0 queue_peak_ms=22 dsp_avg=1.38 dsp_peak=1.60 dsp_samples=30 pmc1=2904601760 pmc2=3051780135 pmc3=0 pmc4=0 mmcr0=00000042 mmcr1=00000000 heap_used=10846552 heap_free=154472 arena1_free=200704 arena2_free=288704 flushes=4 flush_us=55344 padtrace=0 rom=sd:/wii64/roms/GoldenEye 007 (USA).z64
=== chain 6/9 end vis=900 how=vis rom=sd:/wii64/roms/GoldenEye 007 (USA).z64 ===
mark: pad replay records: 1
mark: loadROM: enter
mark: loadROM: before rom_read
mark: ROMCache_load: enter
mark: ROMCache_load: before first read
mark: ROMCache_load: first read returned
mark: ROMCache_load: byte_swap_type set
mark: ROMCache_load: first byte_swap done
menufps: 0.1
menufps: 8.4
menufps: 8.0
menufps: 8.1
mark: ROMCache_load: loop exited normally
mark: ROMCache_load: elapsed_us=1979014 bytes=8388608 vm=0
mark: loadROM: after rom_read
mark: loadROM: before init_memory
mark: loadROM: after init_memory
mark: loadROM: before romOpen_gfx
mark: loadROM: after romOpen_gfx / before romOpen_audio
mark: loadROM: after romOpen_audio / before romOpen_input
mark: loadROM: after romOpen_input / before cpu_init
mark: loadROM: after cpu_init
menufps: 2.8
menufps: 1.0
menufps: 1.0
fps: 4.3
first_vi: vi0_retrace=12415
vis: 4.9
cpu: exceptions=0 cacheResets=0 batches=0 verts=0 texStalls=0 recompiles=0 underruns=0 overruns=0 sleep_us=0 queue_ms=0
mark: CPU core dispatch: dynarec
vis: 60.0
cpu: exceptions=60 cacheResets=1 batches=0 verts=0 texStalls=0 recompiles=163 underruns=2 overruns=0 sleep_us=136701 queue_ms=12
fps: 1.2
vis: 60.0
cpu: exceptions=216 cacheResets=1 batches=0 verts=0 texStalls=0 recompiles=207 underruns=2 overruns=0 sleep_us=593618 queue_ms=7
vis: 60.0
cpu: exceptions=516 cacheResets=1 batches=0 verts=0 texStalls=0 recompiles=207 underruns=2 overruns=0 sleep_us=1064840 queue_ms=3
vis: 60.0
cpu: exceptions=816 cacheResets=1 batches=0 verts=0 texStalls=0 recompiles=233 underruns=2 overruns=0 sleep_us=1533857 queue_ms=8
vis: 60.0
cpu: exceptions=1069 cacheResets=1 batches=0 verts=0 texStalls=0 recompiles=287 underruns=2 overruns=0 sleep_us=1994977 queue_ms=5
vis: 60.0
cpu: exceptions=1140 cacheResets=1 batches=0 verts=0 texStalls=0 recompiles=288 underruns=3 overruns=0 sleep_us=2414968 queue_ms=0
fps: 0.4
vis: 60.0
cpu: exceptions=1283 cacheResets=1 batches=0 verts=0 texStalls=0 recompiles=508 underruns=5 overruns=0 sleep_us=2672078 queue_ms=29
vis: 52.8
cpu: exceptions=1425 cacheResets=1 batches=0 verts=0 texStalls=0 recompiles=732 underruns=6 overruns=0 sleep_us=2944789 queue_ms=3
fps: 1.7
vis: 60.0
cpu: exceptions=1613 cacheResets=1 batches=3470 verts=86430 texStalls=0 recompiles=834 underruns=8 overruns=0 sleep_us=3115501 queue_ms=52
fps: 21.5
vis: 60.0
cpu: exceptions=1797 cacheResets=1 batches=6940 verts=172860 texStalls=0 recompiles=835 underruns=8 overruns=0 sleep_us=3342892 queue_ms=50
fps: 20.0
vis: 60.0
cpu: exceptions=1992 cacheResets=1 batches=10410 verts=259290 texStalls=0 recompiles=836 underruns=8 overruns=0 sleep_us=3566899 queue_ms=54
fps: 20.0
vis: 60.0
cpu: exceptions=2190 cacheResets=1 batches=13932 verts=345876 texStalls=0 recompiles=837 underruns=8 overruns=0 sleep_us=3788567 queue_ms=51
fps: 20.0
vis: 60.0
cpu: exceptions=2384 cacheResets=1 batches=17631 verts=432993 texStalls=0 recompiles=840 underruns=8 overruns=0 sleep_us=4012261 queue_ms=46
fps: 20.0
vis: 60.0
cpu: exceptions=2603 cacheResets=1 batches=21425 verts=520395 texStalls=0 recompiles=843 underruns=8 overruns=0 sleep_us=4219859 queue_ms=52
fps: 20.0
vis: 60.0
cpu: exceptions=2839 cacheResets=1 batches=25295 verts=608025 texStalls=0 recompiles=844 underruns=8 overruns=0 sleep_us=4427902 queue_ms=48
fps: 20.0
vis: 60.0
cpu: exceptions=3090 cacheResets=1 batches=29227 verts=695841 texStalls=0 recompiles=844 underruns=8 overruns=0 sleep_us=4629178 queue_ms=53
fps: 20.0
vis: 60.0
cpu: exceptions=3369 cacheResets=1 batches=33211 verts=786165 texStalls=0 recompiles=845 underruns=8 overruns=0 sleep_us=4815144 queue_ms=49
fps: 19.9
vis: 60.0
cpu: exceptions=3652 cacheResets=1 batches=37127 verts=877293 texStalls=0 recompiles=845 underruns=8 overruns=0 sleep_us=5005311 queue_ms=37
fps: 19.7
vis: 60.0
cpu: exceptions=3926 cacheResets=1 batches=40783 verts=968241 texStalls=0 recompiles=845 underruns=8 overruns=0 sleep_us=5199791 queue_ms=42
fps: 20.0
vis: 60.0
cpu: exceptions=4190 cacheResets=1 batches=44353 verts=1058931 texStalls=0 recompiles=845 underruns=8 overruns=0 sleep_us=5400101 queue_ms=38
fps: 20.0
vis: 60.0
cpu: exceptions=4461 cacheResets=1 batches=47923 verts=1149621 texStalls=0 recompiles=845 underruns=8 overruns=0 sleep_us=5596799 queue_ms=44
fps: 20.0
vis: 60.0
cpu: exceptions=4732 cacheResets=1 batches=51495 verts=1240317 texStalls=0 recompiles=845 underruns=8 overruns=0 sleep_us=5790533 queue_ms=39
fps: 20.0
vis: 60.0
cpu: exceptions=5012 cacheResets=1 batches=55120 verts=1331793 texStalls=0 recompiles=846 underruns=8 overruns=0 sleep_us=5977419 queue_ms=46
fps: 19.9
vis: 60.0
cpu: exceptions=5321 cacheResets=1 batches=58812 verts=1423749 texStalls=0 recompiles=848 underruns=8 overruns=0 sleep_us=6147922 queue_ms=41
fps: 20.0
vis: 60.0
cpu: exceptions=5613 cacheResets=1 batches=62585 verts=1515909 texStalls=0 recompiles=856 underruns=8 overruns=0 sleep_us=6323598 queue_ms=37
fps: 20.0
vis: 60.0
cpu: exceptions=5840 cacheResets=1 batches=66575 verts=1608969 texStalls=0 recompiles=863 underruns=8 overruns=0 sleep_us=6517964 queue_ms=43
fps: 20.1
vis: 60.0
cpu: exceptions=6045 cacheResets=1 batches=70579 verts=1702191 texStalls=0 recompiles=864 underruns=8 overruns=0 sleep_us=6726012 queue_ms=40
fps: 20.0
vis: 60.0
cpu: exceptions=6213 cacheResets=1 batches=74502 verts=1795359 texStalls=0 recompiles=866 underruns=8 overruns=0 sleep_us=6938237 queue_ms=44
fps: 20.0
vis: 60.0
cpu: exceptions=6456 cacheResets=1 batches=78189 verts=1887489 texStalls=0 recompiles=866 underruns=8 overruns=0 sleep_us=7132512 queue_ms=41
fps: 20.0
vis: 60.0
cpu: exceptions=6635 cacheResets=1 batches=81834 verts=1979223 texStalls=0 recompiles=866 underruns=8 overruns=0 sleep_us=7346157 queue_ms=46
mark: stop reason: chain guest VI limit
mark: stop_it requested
audio: alist_resample_calls=31161 alist_resample_samples=4158040 alist_zoh_calls=0 alist_zoh_samples=0 musyx_subframes=0 musyx_voices=0 musyx_voice_peak=0
audio_stages: adpcm_calls=24532 adpcm_samples=3305024 envmix_calls=24329 envmix_samples=3246392 mix_calls=22482 mix_samples=6834208 musyx_fx_calls=0 musyx_fx_taps=0 output_calls=862 output_samples=459344
audio_envmix: exp_calls=24329 ge_calls=0 lin_calls=0 nead_calls=0 exp_steady=20470 ge_steady=0 lin_steady=0
audio_gaps: nead_mats=0 nead_efz=0 resample_flag2=0 musyx_ptr10=0
audio_output: stream_requests=3414 stream_fed=1593 input_hz=32006 playback_hz=32006 queue_peak_ms=72
probe_schema: version=2 self=1 interval=127
vm_io: read_ahead=1 reads=0 hits=0 read_bytes=0 writes=0 write_bytes=0 errors=0
subsystem_time: stage=rsp_gfx calls=224 timed_calls=224 period=1 timed_us=2656143
subsystem_time: stage=rsp_audio calls=854 timed_calls=854 period=1 timed_us=740185
subsystem_time: stage=rsp_other calls=0 timed_calls=0 period=1 timed_us=0
subsystem_time: stage=lookup calls=113526 timed_calls=893 period=127 timed_us=548
subsystem_time: stage=compile calls=866 timed_calls=866 period=1 timed_us=222438
subsystem_time: stage=dispatch calls=161299 timed_calls=1270 period=127 timed_us=3921
subsystem_self: stage=dispatch calls=161299 timed_calls=1270 self_us=1642 dropped=0
subsystem_time: stage=execute_inclusive calls=161299 timed_calls=1270 period=127 timed_us=67524
subsystem_self: stage=execute_inclusive calls=161299 timed_calls=1270 self_us=32812 dropped=0
subsystem_time: stage=rom_copy calls=2723 timed_calls=2723 period=1 timed_us=26198
subsystem_time: stage=present calls=899 timed_calls=899 period=1 timed_us=29167
subsystem_time: stage=limiter calls=678 timed_calls=678 period=1 timed_us=7356031
subsystem_time: stage=vm_fault calls=0 timed_calls=0 period=1 timed_us=0
subsystem_time: stage=vm_victim calls=0 timed_calls=0 period=1 timed_us=0
subsystem_time: stage=vm_read calls=0 timed_calls=0 period=1 timed_us=0
subsystem_time: stage=vm_write calls=0 timed_calls=0 period=1 timed_us=0
subsystem_time: stage=tex_hash calls=65264 timed_calls=65264 period=1 timed_us=879381
subsystem_time: stage=tex_lookup calls=65264 timed_calls=65264 period=1 timed_us=43324
subsystem_time: stage=tex_load calls=178 timed_calls=178 period=1 timed_us=12026
subsystem_time: stage=tex_activate calls=65264 timed_calls=65264 period=1 timed_us=36088
subsystem_time: stage=draw_triangles calls=82197 timed_calls=82197 period=1 timed_us=208269
subsystem_time: stage=draw_rect calls=2288 timed_calls=2288 period=1 timed_us=23780
subsystem_time: stage=gfx_list calls=224 timed_calls=224 period=1 timed_us=2655637
subsystem_time: stage=gfx_command calls=1457529 timed_calls=11476 period=127 timed_us=22007
gfx_ucodes: mask=00010000
gfx_opcode: op=01 calls=15727 timed_calls=125 timed_us=61
gfx_opcode: op=03 calls=1768 timed_calls=16 timed_us=13
gfx_opcode: op=04 calls=87954 timed_calls=688 timed_us=2570
gfx_opcode: op=06 calls=36456 timed_calls=253 timed_us=51
gfx_opcode: op=b4 calls=221 timed_calls=3 timed_us=0
gfx_opcode: op=b5 calls=118532 timed_calls=948 timed_us=5713
gfx_opcode: op=b6 calls=8627 timed_calls=77 timed_us=11
gfx_opcode: op=b7 calls=8626 timed_calls=71 timed_us=10
gfx_opcode: op=b8 calls=36680 timed_calls=292 timed_us=42
gfx_opcode: op=b9 calls=9527 timed_calls=80 timed_us=12
gfx_opcode: op=ba calls=24763 timed_calls=194 timed_us=34
gfx_opcode: op=bb calls=28953 timed_calls=221 timed_us=41
gfx_opcode: op=bc calls=5246 timed_calls=47 timed_us=10
gfx_opcode: op=bd calls=1105 timed_calls=7 timed_us=0
gfx_opcode: op=be calls=4199 timed_calls=34 timed_us=4
gfx_opcode: op=bf calls=425741 timed_calls=3324 timed_us=7145
gfx_opcode: op=c0 calls=223 timed_calls=2 timed_us=0
gfx_opcode: op=e4 calls=1846 timed_calls=13 timed_us=141
gfx_opcode: op=e6 calls=79891 timed_calls=625 timed_us=75
gfx_opcode: op=e7 calls=68670 timed_calls=549 timed_us=69
gfx_opcode: op=e8 calls=115398 timed_calls=887 timed_us=112
gfx_opcode: op=e9 calls=224 timed_calls=1 timed_us=1
gfx_opcode: op=ed calls=446 timed_calls=3 timed_us=2
gfx_opcode: op=f0 calls=9945 timed_calls=89 timed_us=236
gfx_opcode: op=f2 calls=53391 timed_calls=439 timed_us=114
gfx_opcode: op=f3 calls=69725 timed_calls=535 timed_us=3192
gfx_opcode: op=f4 calls=221 timed_calls=2 timed_us=48
gfx_opcode: op=f5 calls=133282 timed_calls=1061 timed_us=193
gfx_opcode: op=f6 calls=669 timed_calls=3 timed_us=1032
gfx_opcode: op=f7 calls=448 timed_calls=2 timed_us=1
gfx_opcode: op=f8 calls=884 timed_calls=6 timed_us=1
gfx_opcode: op=fa calls=934 timed_calls=10 timed_us=2
gfx_opcode: op=fb calls=5423 timed_calls=40 timed_us=6
gfx_opcode: op=fc calls=21220 timed_calls=180 timed_us=23
gfx_opcode: op=fd calls=79891 timed_calls=647 timed_us=90
gfx_opcode: op=fe calls=223 timed_calls=0 timed_us=0
gfx_opcode: op=ff calls=450 timed_calls=2 timed_us=0
subsystem_time: stage=vertex calls=942154 timed_calls=7418 period=127 timed_us=2415
subsystem_time: stage=gfx_state calls=68449 timed_calls=538 period=127 timed_us=8782
subsystem_self: stage=gfx_state calls=68449 timed_calls=538 self_us=1117 dropped=0
subsystem_time: stage=gx_wait calls=4 timed_calls=4 period=1 timed_us=2559
subsystem_time: stage=dma_pi calls=2723 timed_calls=2723 period=1 timed_us=30650
subsystem_time: stage=dma_sp calls=2156 timed_calls=2156 period=1 timed_us=2262
subsystem_time: stage=dma_si calls=741 timed_calls=741 period=1 timed_us=5471
subsystem_time: stage=tlb_translate calls=0 timed_calls=0 period=127 timed_us=0
subsystem_time: stage=pif calls=742 timed_calls=742 period=1 timed_us=4870
subsystem_time: stage=input calls=896 timed_calls=896 period=1 timed_us=3916
subsystem_time: stage=guest_interrupt calls=9583 timed_calls=9583 period=1 timed_us=7428863
subsystem_self: stage=guest_interrupt calls=9583 timed_calls=9583 self_us=21166 dropped=0
subsystem_time: stage=interpreter_inclusive calls=0 timed_calls=0 period=1 timed_us=0
subsystem_self: stage=interpreter_inclusive calls=0 timed_calls=0 self_us=0 dropped=0
subsystem_time: stage=audio_submit calls=862 timed_calls=862 period=1 timed_us=10232
subsystem_time: stage=audio_callback calls=9425 timed_calls=9425 period=1 timed_us=7095
subsystem_time: stage=memory_slow calls=580687 timed_calls=4572 period=127 timed_us=11075
subsystem_self: stage=memory_slow calls=580687 timed_calls=4572 self_us=1849 dropped=0
subsystem_time: stage=jit_invalidate calls=37 timed_calls=0 period=127 timed_us=0
subsystem_time: stage=cpu_helper calls=8986319 timed_calls=70758 period=127 timed_us=67835
subsystem_time: stage=storage_read calls=0 timed_calls=0 period=1 timed_us=0
subsystem_time: stage=storage_write calls=0 timed_calls=0 period=1 timed_us=0
subsystem_time: stage=save_load calls=0 timed_calls=0 period=1 timed_us=0
subsystem_time: stage=save_write calls=0 timed_calls=0 period=1 timed_us=0
subsystem_time: stage=state_load calls=0 timed_calls=0 period=1 timed_us=0
subsystem_time: stage=state_save calls=0 timed_calls=0 period=1 timed_us=0
subsystem_time: stage=probe_io calls=3 timed_calls=3 period=1 timed_us=28989
subsystem_time: stage=agent_poll calls=1812 timed_calls=1812 period=1 timed_us=619
audio_time: stage=resample sampled_calls=245 sampled_samples=32672 sampled_us=1411
audio_time: stage=zoh sampled_calls=0 sampled_samples=0 sampled_us=0
audio_time: stage=adpcm sampled_calls=193 sampled_samples=25984 sampled_us=1102
audio_time: stage=envmix_exp sampled_calls=191 sampled_samples=25496 sampled_us=1655
audio_time: stage=envmix_ge sampled_calls=0 sampled_samples=0 sampled_us=0
audio_time: stage=envmix_lin sampled_calls=0 sampled_samples=0 sampled_us=0
audio_time: stage=envmix_nead sampled_calls=0 sampled_samples=0 sampled_us=0
audio_time: stage=mix sampled_calls=177 sampled_samples=53184 sampled_us=868
audio_time: stage=musyx_voice sampled_calls=0 sampled_samples=0 sampled_us=0
audio_time: stage=musyx_fx sampled_calls=0 sampled_samples=0 sampled_us=0
audio_time: stage=output sampled_calls=6 sampled_samples=3216 sampled_us=65
gpu_counters: clks=3698877731 tb_clks=3698877752 ras_busy=46320952 xf_wait_in=3572841094 xf_wait_out=54935256 ras_peak_permille=22 ztop_in=173501184 ztop_out=166272312 z_in=1209948 z_out=655040 blend_in=167710680 copy_clks=28226298 fifo_overflows=0
game: n=7/9 how=vis vis=900 vi_rate=60 vi0_retrace=12415 wall_us=15221629 sleep_us=7353888 avg_vis=57.99 avg_fps=17.14 exceptions=6648 cacheResets=1 recompiles=866 batches=82197 verts=1988382 texStalls=0 treeDepthMax=12 underruns=8 overruns=0 queue_peak_ms=54 dsp_avg=1.51 dsp_peak=1.65 dsp_samples=31 pmc1=5606888806 pmc2=5521000277 pmc3=0 pmc4=0 mmcr0=00000042 mmcr1=00000000 heap_used=10851704 heap_free=149320 arena1_free=200704 arena2_free=288704 flushes=3 flush_us=28988 padtrace=0 rom=sd:/wii64/roms/Wave Race 64 - Kawasaki Jet Ski (USA) (Rev 1).z64
=== chain 7/9 end vis=900 how=vis rom=sd:/wii64/roms/Wave Race 64 - Kawasaki Jet Ski (USA) (Rev 1).z64 ===
mark: pad replay records: 1
mark: loadROM: enter
mark: loadROM: before rom_read
mark: ROMCache_load: enter
mark: ROMCache_load: before first read
mark: ROMCache_load: first read returned
mark: ROMCache_load: byte_swap_type set
mark: ROMCache_load: first byte_swap done
menufps: 0.1
menufps: 8.3
menufps: 8.1
menufps: 8.1
menufps: 7.5
mark: ROMCache_load: loop exited normally
mark: ROMCache_load: elapsed_us=2914710 bytes=12582912 vm=0
mark: loadROM: after rom_read
mark: loadROM: before init_memory
mark: loadROM: after init_memory
mark: loadROM: before romOpen_gfx
mark: loadROM: after romOpen_gfx / before romOpen_audio
mark: loadROM: after romOpen_audio / before romOpen_input
mark: loadROM: after romOpen_input / before cpu_init
mark: loadROM: after cpu_init
menufps: 6.4
menufps: 1.9
menufps: 1.0
menufps: 1.0
fps: 1.0
first_vi: vi0_retrace=13711
vis: 0.5
cpu: exceptions=0 cacheResets=0 batches=0 verts=0 texStalls=0 recompiles=0 underruns=0 overruns=0 sleep_us=0 queue_ms=0
mark: CPU core dispatch: dynarec
vis: 60.0
cpu: exceptions=923 cacheResets=1 batches=0 verts=0 texStalls=0 recompiles=327 underruns=0 overruns=0 sleep_us=201335 queue_ms=125
fps: 1.8
vis: 60.0
cpu: exceptions=1661 cacheResets=1 batches=0 verts=0 texStalls=0 recompiles=534 underruns=0 overruns=0 sleep_us=530476 queue_ms=116
fps: 12.1
vis: 60.0
cpu: exceptions=1965 cacheResets=1 batches=40 verts=960 texStalls=0 recompiles=683 underruns=0 overruns=0 sleep_us=873082 queue_ms=121
vis: 60.0
cpu: exceptions=2842 cacheResets=1 batches=70 verts=1680 texStalls=0 recompiles=692 underruns=0 overruns=0 sleep_us=1237489 queue_ms=125
fps: 18.7
vis: 60.0
cpu: exceptions=2947 cacheResets=1 batches=145 verts=3480 texStalls=0 recompiles=692 underruns=0 overruns=0 sleep_us=1677138 queue_ms=129
fps: 30.0
vis: 60.0
cpu: exceptions=3055 cacheResets=1 batches=225 verts=5400 texStalls=0 recompiles=692 underruns=0 overruns=0 sleep_us=2114385 queue_ms=121
fps: 30.5
vis: 60.0
cpu: exceptions=3160 cacheResets=1 batches=300 verts=7200 texStalls=0 recompiles=692 underruns=0 overruns=0 sleep_us=2553724 queue_ms=112
fps: 30.0
vis: 60.0
cpu: exceptions=3265 cacheResets=1 batches=375 verts=9000 texStalls=0 recompiles=697 underruns=0 overruns=0 sleep_us=2997180 queue_ms=116
vis: 60.0
cpu: exceptions=3607 cacheResets=1 batches=380 verts=9120 texStalls=0 recompiles=765 underruns=0 overruns=0 sleep_us=3279878 queue_ms=121
fps: 12.2
vis: 60.0
cpu: exceptions=3920 cacheResets=1 batches=759 verts=17781 texStalls=0 recompiles=890 underruns=0 overruns=0 sleep_us=3582717 queue_ms=112
fps: 29.8
vis: 60.0
cpu: exceptions=4037 cacheResets=1 batches=1743 verts=38949 texStalls=0 recompiles=905 underruns=0 overruns=0 sleep_us=3953423 queue_ms=116
fps: 31.1
vis: 60.0
cpu: exceptions=4173 cacheResets=1 batches=2680 verts=58968 texStalls=0 recompiles=907 underruns=0 overruns=0 sleep_us=4326066 queue_ms=121
fps: 30.0
vis: 60.0
cpu: exceptions=4294 cacheResets=1 batches=3610 verts=78903 texStalls=0 recompiles=919 underruns=0 overruns=0 sleep_us=4693408 queue_ms=125
fps: 30.0
vis: 60.0
cpu: exceptions=4412 cacheResets=1 batches=4540 verts=98838 texStalls=0 recompiles=919 underruns=0 overruns=0 sleep_us=5064912 queue_ms=116
fps: 30.0
vis: 60.0
cpu: exceptions=4529 cacheResets=1 batches=5470 verts=118773 texStalls=0 recompiles=925 underruns=0 overruns=0 sleep_us=5435609 queue_ms=121
fps: 30.0
vis: 60.0
cpu: exceptions=4647 cacheResets=1 batches=6400 verts=138708 texStalls=0 recompiles=925 underruns=0 overruns=0 sleep_us=5809211 queue_ms=125
fps: 30.0
vis: 60.0
cpu: exceptions=4760 cacheResets=1 batches=7330 verts=158643 texStalls=0 recompiles=926 underruns=0 overruns=0 sleep_us=6186973 queue_ms=116
fps: 30.0
vis: 60.0
cpu: exceptions=4871 cacheResets=1 batches=8260 verts=178578 texStalls=0 recompiles=926 underruns=0 overruns=0 sleep_us=6566434 queue_ms=121
fps: 30.0
vis: 60.0
cpu: exceptions=4982 cacheResets=1 batches=9190 verts=198513 texStalls=0 recompiles=926 underruns=0 overruns=0 sleep_us=6945387 queue_ms=125
fps: 30.0
vis: 60.0
cpu: exceptions=5095 cacheResets=1 batches=10120 verts=218448 texStalls=0 recompiles=926 underruns=0 overruns=0 sleep_us=7322494 queue_ms=129
fps: 30.0
vis: 60.0
cpu: exceptions=5208 cacheResets=1 batches=10924 verts=234561 texStalls=0 recompiles=926 underruns=0 overruns=0 sleep_us=7705209 queue_ms=121
fps: 30.0
vis: 60.0
cpu: exceptions=5333 cacheResets=1 batches=11448 verts=246147 texStalls=0 recompiles=935 underruns=0 overruns=0 sleep_us=8084573 queue_ms=125
fps: 30.0
vis: 60.0
cpu: exceptions=5460 cacheResets=1 batches=12239 verts=261468 texStalls=0 recompiles=935 underruns=0 overruns=0 sleep_us=8448997 queue_ms=129
fps: 30.0
vis: 60.0
cpu: exceptions=5585 cacheResets=1 batches=13268 verts=278217 texStalls=0 recompiles=935 underruns=0 overruns=0 sleep_us=8802036 queue_ms=121
fps: 30.0
vis: 60.0
cpu: exceptions=5703 cacheResets=1 batches=14399 verts=295578 texStalls=0 recompiles=946 underruns=0 overruns=0 sleep_us=9144982 queue_ms=125
fps: 30.0
vis: 60.0
cpu: exceptions=5823 cacheResets=1 batches=15194 verts=310923 texStalls=0 recompiles=947 underruns=0 overruns=0 sleep_us=9490018 queue_ms=129
fps: 29.3
vis: 60.0
cpu: exceptions=5944 cacheResets=1 batches=15934 verts=325938 texStalls=0 recompiles=947 underruns=0 overruns=0 sleep_us=9841257 queue_ms=121
fps: 30.1
vis: 60.0
cpu: exceptions=6065 cacheResets=1 batches=16588 verts=340437 texStalls=0 recompiles=947 underruns=0 overruns=0 sleep_us=10211455 queue_ms=112
fps: 30.0
vis: 60.0
cpu: exceptions=6186 cacheResets=1 batches=17048 verts=353772 texStalls=0 recompiles=947 underruns=0 overruns=0 sleep_us=10596189 queue_ms=116
fps: 30.0
mark: stop reason: chain guest VI limit
mark: stop_it requested
audio: alist_resample_calls=9757 alist_resample_samples=1397968 alist_zoh_calls=0 alist_zoh_samples=0 musyx_subframes=0 musyx_voices=0 musyx_voice_peak=0
audio_stages: adpcm_calls=7520 adpcm_samples=460832 envmix_calls=7516 envmix_samples=1068128 mix_calls=67230 mix_samples=9895200 musyx_fx_calls=0 musyx_fx_taps=0 output_calls=448 output_samples=329840
audio_envmix: exp_calls=0 ge_calls=7516 lin_calls=0 nead_calls=0 exp_steady=0 ge_steady=7194 lin_steady=0
audio_gaps: nead_mats=0 nead_efz=0 resample_flag2=0 musyx_ptr10=0
audio_output: stream_requests=2827 stream_fed=1135 input_hz=22047 playback_hz=22047 queue_peak_ms=166
probe_schema: version=2 self=1 interval=127
vm_io: read_ahead=1 reads=0 hits=0 read_bytes=0 writes=0 write_bytes=0 errors=0
subsystem_time: stage=rsp_gfx calls=393 timed_calls=393 period=1 timed_us=725486
subsystem_time: stage=rsp_audio calls=448 timed_calls=448 period=1 timed_us=443091
subsystem_time: stage=rsp_other calls=0 timed_calls=0 period=1 timed_us=0
subsystem_time: stage=lookup calls=124045 timed_calls=976 period=127 timed_us=513
subsystem_time: stage=compile calls=947 timed_calls=947 period=1 timed_us=145788
subsystem_time: stage=dispatch calls=255024 timed_calls=2008 period=127 timed_us=3491
subsystem_self: stage=dispatch calls=255024 timed_calls=2008 self_us=1586 dropped=0
subsystem_time: stage=execute_inclusive calls=255024 timed_calls=2008 period=127 timed_us=154352
subsystem_self: stage=execute_inclusive calls=255024 timed_calls=2008 self_us=22896 dropped=0
subsystem_time: stage=rom_copy calls=1133 timed_calls=1133 period=1 timed_us=12064
subsystem_time: stage=present calls=899 timed_calls=899 period=1 timed_us=21604
subsystem_time: stage=limiter calls=881 timed_calls=881 period=1 timed_us=10962510
subsystem_time: stage=vm_fault calls=0 timed_calls=0 period=1 timed_us=0
subsystem_time: stage=vm_victim calls=0 timed_calls=0 period=1 timed_us=0
subsystem_time: stage=vm_read calls=0 timed_calls=0 period=1 timed_us=0
subsystem_time: stage=vm_write calls=0 timed_calls=0 period=1 timed_us=0
subsystem_time: stage=tex_hash calls=12379 timed_calls=12379 period=1 timed_us=118361
subsystem_time: stage=tex_lookup calls=12379 timed_calls=12379 period=1 timed_us=5066
subsystem_time: stage=tex_load calls=103 timed_calls=103 period=1 timed_us=4267
subsystem_time: stage=tex_activate calls=12379 timed_calls=12379 period=1 timed_us=7009
subsystem_time: stage=draw_triangles calls=17454 timed_calls=17454 period=1 timed_us=45935
subsystem_time: stage=draw_rect calls=5382 timed_calls=5382 period=1 timed_us=49064
subsystem_time: stage=gfx_list calls=393 timed_calls=393 period=1 timed_us=724769
subsystem_time: stage=gfx_command calls=269016 timed_calls=2118 period=127 timed_us=5050
gfx_ucodes: mask=00000200
gfx_opcode: op=01 calls=5357 timed_calls=45 timed_us=25
gfx_opcode: op=03 calls=1414 timed_calls=8 timed_us=6
gfx_opcode: op=04 calls=21288 timed_calls=175 timed_us=597
gfx_opcode: op=05 calls=18264 timed_calls=145 timed_us=2505
gfx_opcode: op=06 calls=6379 timed_calls=54 timed_us=11
gfx_opcode: op=07 calls=16101 timed_calls=115 timed_us=22
gfx_opcode: op=b4 calls=707 timed_calls=6 timed_us=1
gfx_opcode: op=b6 calls=1567 timed_calls=8 timed_us=1
gfx_opcode: op=b7 calls=4373 timed_calls=38 timed_us=5
gfx_opcode: op=b8 calls=6599 timed_calls=48 timed_us=7
gfx_opcode: op=b9 calls=4709 timed_calls=35 timed_us=6
gfx_opcode: op=ba calls=18621 timed_calls=151 timed_us=29
gfx_opcode: op=bb calls=390 timed_calls=4 timed_us=2
gfx_opcode: op=bc calls=15575 timed_calls=111 timed_us=21
gfx_opcode: op=e4 calls=4751 timed_calls=35 timed_us=275
gfx_opcode: op=e6 calls=13189 timed_calls=101 timed_us=12
gfx_opcode: op=e7 calls=25108 timed_calls=214 timed_us=29
gfx_opcode: op=e9 calls=393 timed_calls=2 timed_us=2
gfx_opcode: op=ed calls=2260 timed_calls=9 timed_us=3
gfx_opcode: op=ef calls=2973 timed_calls=24 timed_us=5
gfx_opcode: op=f2 calls=13189 timed_calls=107 timed_us=27
gfx_opcode: op=f3 calls=13189 timed_calls=100 timed_us=628
gfx_opcode: op=f5 calls=26378 timed_calls=209 timed_us=40
gfx_opcode: op=f6 calls=1411 timed_calls=10 timed_us=485
gfx_opcode: op=f7 calls=1163 timed_calls=11 timed_us=5
gfx_opcode: op=f8 calls=383 timed_calls=1 timed_us=0
gfx_opcode: op=f9 calls=383 timed_calls=1 timed_us=0
gfx_opcode: op=fa calls=13791 timed_calls=120 timed_us=21
gfx_opcode: op=fb calls=7666 timed_calls=53 timed_us=8
gfx_opcode: op=fc calls=5150 timed_calls=38 timed_us=6
gfx_opcode: op=fd calls=13189 timed_calls=112 timed_us=16
gfx_opcode: op=fe calls=1163 timed_calls=11 timed_us=5
gfx_opcode: op=ff calls=1943 timed_calls=17 timed_us=7
subsystem_time: stage=vertex calls=183788 timed_calls=1447 period=127 timed_us=382
subsystem_time: stage=gfx_state calls=127408 timed_calls=1003 period=127 timed_us=1832
subsystem_self: stage=gfx_state calls=127408 timed_calls=1003 self_us=805 dropped=0
subsystem_time: stage=gx_wait calls=4 timed_calls=4 period=1 timed_us=2559
subsystem_time: stage=dma_pi calls=1133 timed_calls=1133 period=1 timed_us=14114
subsystem_time: stage=dma_sp calls=1682 timed_calls=1682 period=1 timed_us=1746
subsystem_time: stage=dma_si calls=2587 timed_calls=2587 period=1 timed_us=10794
subsystem_time: stage=tlb_translate calls=0 timed_calls=0 period=127 timed_us=0
subsystem_time: stage=pif calls=2588 timed_calls=2588 period=1 timed_us=11689
subsystem_time: stage=input calls=1600 timed_calls=1600 period=1 timed_us=6900
subsystem_time: stage=guest_interrupt calls=7073 timed_calls=7073 period=1 timed_us=11038840
subsystem_self: stage=guest_interrupt calls=7073 timed_calls=7073 self_us=22570 dropped=0
subsystem_time: stage=interpreter_inclusive calls=0 timed_calls=0 period=1 timed_us=0
subsystem_self: stage=interpreter_inclusive calls=0 timed_calls=0 self_us=0 dropped=0
subsystem_time: stage=audio_submit calls=448 timed_calls=448 period=1 timed_us=5508
subsystem_time: stage=audio_callback calls=8808 timed_calls=8808 period=1 timed_us=5082
subsystem_time: stage=memory_slow calls=807212 timed_calls=6356 period=127 timed_us=7120
subsystem_self: stage=memory_slow calls=807212 timed_calls=6356 self_us=2137 dropped=0
subsystem_time: stage=jit_invalidate calls=40 timed_calls=0 period=127 timed_us=0
subsystem_time: stage=cpu_helper calls=6798404 timed_calls=53530 period=127 timed_us=58036
subsystem_time: stage=storage_read calls=0 timed_calls=0 period=1 timed_us=0
subsystem_time: stage=storage_write calls=0 timed_calls=0 period=1 timed_us=0
subsystem_time: stage=save_load calls=0 timed_calls=0 period=1 timed_us=0
subsystem_time: stage=save_write calls=0 timed_calls=0 period=1 timed_us=0
subsystem_time: stage=state_load calls=0 timed_calls=0 period=1 timed_us=0
subsystem_time: stage=state_save calls=0 timed_calls=0 period=1 timed_us=0
subsystem_time: stage=probe_io calls=4 timed_calls=4 period=1 timed_us=38758
subsystem_time: stage=agent_poll calls=1808 timed_calls=1808 period=1 timed_us=433
audio_time: stage=resample sampled_calls=76 sampled_samples=10832 sampled_us=461
audio_time: stage=zoh sampled_calls=0 sampled_samples=0 sampled_us=0
audio_time: stage=adpcm sampled_calls=59 sampled_samples=3808 sampled_us=171
audio_time: stage=envmix_exp sampled_calls=0 sampled_samples=0 sampled_us=0
audio_time: stage=envmix_ge sampled_calls=59 sampled_samples=8240 sampled_us=449
audio_time: stage=envmix_lin sampled_calls=0 sampled_samples=0 sampled_us=0
audio_time: stage=envmix_nead sampled_calls=0 sampled_samples=0 sampled_us=0
audio_time: stage=mix sampled_calls=529 sampled_samples=77792 sampled_us=1258
audio_time: stage=musyx_voice sampled_calls=0 sampled_samples=0 sampled_us=0
audio_time: stage=musyx_fx sampled_calls=0 sampled_samples=0 sampled_us=0
audio_time: stage=output sampled_calls=3 sampled_samples=2176 sampled_us=35
gpu_counters: clks=3683500521 tb_clks=3683500532 ras_busy=70884407 xf_wait_in=3574607341 xf_wait_out=84227079 ras_peak_permille=28 ztop_in=276331212 ztop_out=267707432 z_in=78532 z_out=45532 blend_in=267855556 copy_clks=43448000 fifo_overflows=0
game: n=8/9 how=vis vis=900 vi_rate=60 vi0_retrace=13711 wall_us=15158340 sleep_us=10959815 avg_vis=58.02 avg_fps=26.31 exceptions=6298 cacheResets=1 recompiles=947 batches=17454 verts=366078 texStalls=0 treeDepthMax=13 underruns=0 overruns=0 queue_peak_ms=129 dsp_avg=1.38 dsp_peak=1.60 dsp_samples=30 pmc1=2934595338 pmc2=2888135695 pmc3=0 pmc4=0 mmcr0=00000042 mmcr1=00000000 heap_used=10855928 heap_free=145096 arena1_free=200704 arena2_free=288704 flushes=4 flush_us=38757 padtrace=0 rom=sd:/wii64/roms/Diddy Kong Racing (USA) (En,Fr) (Rev 1).z64
=== chain 8/9 end vis=900 how=vis rom=sd:/wii64/roms/Diddy Kong Racing (USA) (En,Fr) (Rev 1).z64 ===
mark: pad replay records: 1
mark: loadROM: enter
mark: loadROM: before rom_read
mark: ROMCache_load: enter
menufps: 0.1
menufps: 0.2
mark: ROMCache_load: before first read
mark: ROMCache_load: first read returned
mark: ROMCache_load: byte_swap_type set
mark: ROMCache_load: first byte_swap done
menufps: 0.2
menufps: 8.5
menufps: 8.1
menufps: 7.8
menufps: 8.2
menufps: 8.3
menufps: 7.6
menufps: 1.3
menufps: 1.3
menufps: 1.3
menufps: 1.3
menufps: 1.2
menufps: 1.2
menufps: 1.2
menufps: 3.7
menufps: 8.4
menufps: 8.3
menufps: 8.3
menufps: 8.0
mark: ROMCache_load: loop exited normally
menufps: 3.4
menufps: 1.1
menufps: 1.2
menufps: 1.1
menufps: 1.1
menufps: 1.1
menufps: 1.1
menufps: 1.1
menufps: 1.1
menufps: 1.1
menufps: 1.1
menufps: 1.1
menufps: 1.1
menufps: 1.1
menufps: 1.1
menufps: 1.1
menufps: 1.1
menufps: 1.1
menufps: 1.1
menufps: 1.1
mark: ROMCache_load: preflush_us=17680168 writes=2040 bytes=16711680
mark: ROMCache_load: elapsed_us=39788295 bytes=33554432 vm=1
mark: loadROM: after rom_read
mark: loadROM: before init_memory
mark: loadROM: after init_memory
mark: loadROM: before romOpen_gfx
mark: loadROM: after romOpen_gfx / before romOpen_audio
mark: loadROM: after romOpen_audio / before romOpen_input
mark: loadROM: after romOpen_input / before cpu_init
mark: loadROM: after cpu_init
menufps: 3.1
menufps: 1.0
menufps: 1.0
fps: 0.0
first_vi: vi0_retrace=17213
vis: 0.7
cpu: exceptions=0 cacheResets=0 batches=0 verts=0 texStalls=0 recompiles=0 underruns=0 overruns=0 sleep_us=0 queue_ms=0
mark: CPU core dispatch: dynarec
vis: 60.0
cpu: exceptions=33 cacheResets=1 batches=0 verts=0 texStalls=0 recompiles=82 underruns=0 overruns=0 sleep_us=5876 queue_ms=0
vis: 60.0
cpu: exceptions=63 cacheResets=1 batches=0 verts=0 texStalls=0 recompiles=82 underruns=0 overruns=0 sleep_us=345313 queue_ms=0
vis: 60.0
cpu: exceptions=93 cacheResets=1 batches=0 verts=0 texStalls=0 recompiles=82 underruns=0 overruns=0 sleep_us=673587 queue_ms=0
vis: 60.0
cpu: exceptions=205 cacheResets=1 batches=0 verts=0 texStalls=0 recompiles=182 underruns=0 overruns=0 sleep_us=972616 queue_ms=0
vis: 60.0
cpu: exceptions=246 cacheResets=1 batches=0 verts=0 texStalls=0 recompiles=188 underruns=0 overruns=0 sleep_us=1337217 queue_ms=0
vis: 60.0
cpu: exceptions=288 cacheResets=1 batches=0 verts=0 texStalls=0 recompiles=188 underruns=0 overruns=0 sleep_us=1697318 queue_ms=0
vis: 60.0
cpu: exceptions=318 cacheResets=1 batches=0 verts=0 texStalls=0 recompiles=188 underruns=0 overruns=0 sleep_us=2054884 queue_ms=0
vis: 60.0
cpu: exceptions=395 cacheResets=1 batches=0 verts=0 texStalls=0 recompiles=314 underruns=1 overruns=0 sleep_us=2481557 queue_ms=24
vis: 60.0
cpu: exceptions=472 cacheResets=1 batches=0 verts=0 texStalls=0 recompiles=323 underruns=1 overruns=0 sleep_us=2936872 queue_ms=28
vis: 60.0
cpu: exceptions=547 cacheResets=1 batches=0 verts=0 texStalls=0 recompiles=323 underruns=1 overruns=0 sleep_us=3396203 queue_ms=33
vis: 60.0
cpu: exceptions=740 cacheResets=1 batches=0 verts=0 texStalls=0 recompiles=434 underruns=2 overruns=0 sleep_us=3614074 queue_ms=37
vis: 60.0
cpu: exceptions=964 cacheResets=1 batches=0 verts=0 texStalls=0 recompiles=434 underruns=2 overruns=0 sleep_us=3816997 queue_ms=41
vis: 60.0
cpu: exceptions=1151 cacheResets=1 batches=0 verts=0 texStalls=0 recompiles=448 underruns=2 overruns=0 sleep_us=4035952 queue_ms=46
vis: 59.8
cpu: exceptions=1392 cacheResets=1 batches=0 verts=0 texStalls=0 recompiles=497 underruns=2 overruns=0 sleep_us=4230775 queue_ms=37
fps: 0.1
vis: 60.0
cpu: exceptions=1686 cacheResets=1 batches=591 verts=8424 texStalls=0 recompiles=1254 underruns=3 overruns=0 sleep_us=4366625 queue_ms=120
fps: 31.2
vis: 60.0
cpu: exceptions=1960 cacheResets=1 batches=1476 verts=20754 texStalls=0 recompiles=1255 underruns=3 overruns=0 sleep_us=4717653 queue_ms=124
fps: 29.4
vis: 60.0
cpu: exceptions=2237 cacheResets=1 batches=2361 verts=33084 texStalls=0 recompiles=1276 underruns=3 overruns=0 sleep_us=5056964 queue_ms=115
fps: 30.0
vis: 60.0
cpu: exceptions=2514 cacheResets=1 batches=3246 verts=45414 texStalls=0 recompiles=1279 underruns=3 overruns=0 sleep_us=5415859 queue_ms=120
fps: 30.0
vis: 60.0
cpu: exceptions=2789 cacheResets=1 batches=4131 verts=57744 texStalls=0 recompiles=1280 underruns=3 overruns=0 sleep_us=5774791 queue_ms=111
fps: 30.0
vis: 60.0
cpu: exceptions=3075 cacheResets=1 batches=5016 verts=70074 texStalls=0 recompiles=1300 underruns=3 overruns=0 sleep_us=6121291 queue_ms=115
fps: 30.0
vis: 60.0
cpu: exceptions=3358 cacheResets=1 batches=5901 verts=82404 texStalls=0 recompiles=1300 underruns=3 overruns=0 sleep_us=6468095 queue_ms=120
fps: 30.0
vis: 60.0
cpu: exceptions=3638 cacheResets=1 batches=6786 verts=94734 texStalls=0 recompiles=1302 underruns=3 overruns=0 sleep_us=6819128 queue_ms=111
fps: 30.0
vis: 60.0
cpu: exceptions=3919 cacheResets=1 batches=7671 verts=107064 texStalls=0 recompiles=1351 underruns=3 overruns=0 sleep_us=7166491 queue_ms=115
fps: 30.0
vis: 60.0
cpu: exceptions=4197 cacheResets=1 batches=7971 verts=112194 texStalls=0 recompiles=1366 underruns=3 overruns=0 sleep_us=7538270 queue_ms=120
fps: 30.0
vis: 60.0
cpu: exceptions=4351 cacheResets=1 batches=8071 verts=113904 texStalls=0 recompiles=1383 underruns=3 overruns=0 sleep_us=7902648 queue_ms=124
fps: 30.0
vis: 60.0
cpu: exceptions=4498 cacheResets=1 batches=8476 verts=141129 texStalls=0 recompiles=1384 underruns=3 overruns=0 sleep_us=8262938 queue_ms=115
fps: 30.0
vis: 60.0
cpu: exceptions=4646 cacheResets=1 batches=8881 verts=168354 texStalls=0 recompiles=1386 underruns=3 overruns=0 sleep_us=8625222 queue_ms=120
fps: 30.0
vis: 60.0
cpu: exceptions=4793 cacheResets=1 batches=9286 verts=195579 texStalls=0 recompiles=1387 underruns=3 overruns=0 sleep_us=8994516 queue_ms=124
fps: 30.0
vis: 60.0
cpu: exceptions=4939 cacheResets=1 batches=9691 verts=222804 texStalls=0 recompiles=1387 underruns=3 overruns=0 sleep_us=9361787 queue_ms=128
fps: 30.0
mark: stop reason: chain guest VI limit
mark: stop_it requested
audio: alist_resample_calls=11186 alist_resample_samples=2058224 alist_zoh_calls=0 alist_zoh_samples=0 musyx_subframes=0 musyx_voices=0 musyx_voice_peak=0
audio_stages: adpcm_calls=6590 adpcm_samples=722912 envmix_calls=8440 envmix_samples=1552960 mix_calls=54920 mix_samples=10105280 musyx_fx_calls=0 musyx_fx_taps=0 output_calls=342 output_samples=251896
audio_envmix: exp_calls=0 ge_calls=0 lin_calls=8440 nead_calls=0 exp_steady=0 ge_steady=0 lin_steady=7902
audio_gaps: nead_mats=0 nead_efz=0 resample_flag2=0 musyx_ptr10=0
audio_output: stream_requests=4258 stream_fed=867 input_hz=22047 playback_hz=22047 queue_peak_ms=141
probe_schema: version=2 self=1 interval=127
vm_io: read_ahead=1 reads=58 hits=277 read_bytes=1900544 writes=0 write_bytes=0 errors=0
subsystem_time: stage=rsp_gfx calls=238 timed_calls=238 period=1 timed_us=434251
subsystem_time: stage=rsp_audio calls=343 timed_calls=343 period=1 timed_us=423893
subsystem_time: stage=rsp_other calls=1 timed_calls=1 period=1 timed_us=4
subsystem_time: stage=lookup calls=152057 timed_calls=1197 period=127 timed_us=603
subsystem_time: stage=compile calls=1389 timed_calls=1389 period=1 timed_us=208269
subsystem_time: stage=dispatch calls=249282 timed_calls=1962 period=127 timed_us=4785
subsystem_self: stage=dispatch calls=249282 timed_calls=1962 self_us=1940 dropped=0
subsystem_time: stage=execute_inclusive calls=249282 timed_calls=1962 period=127 timed_us=86621
subsystem_self: stage=execute_inclusive calls=249282 timed_calls=1962 self_us=38997 dropped=0
subsystem_time: stage=rom_copy calls=1048 timed_calls=1048 period=1 timed_us=252186
subsystem_time: stage=present calls=899 timed_calls=899 period=1 timed_us=240099
subsystem_time: stage=limiter calls=844 timed_calls=844 period=1 timed_us=9705419
subsystem_time: stage=vm_fault calls=335 timed_calls=335 period=1 timed_us=234515
subsystem_time: stage=vm_victim calls=335 timed_calls=335 period=1 timed_us=389
subsystem_time: stage=vm_read calls=58 timed_calls=58 period=1 timed_us=218629
subsystem_time: stage=vm_write calls=0 timed_calls=0 period=1 timed_us=0
subsystem_time: stage=tex_hash calls=7634 timed_calls=7634 period=1 timed_us=69131
subsystem_time: stage=tex_lookup calls=7634 timed_calls=7634 period=1 timed_us=2007
subsystem_time: stage=tex_load calls=24 timed_calls=24 period=1 timed_us=3617
subsystem_time: stage=tex_activate calls=7634 timed_calls=7634 period=1 timed_us=4459
subsystem_time: stage=draw_triangles calls=10096 timed_calls=10096 period=1 timed_us=26026
subsystem_time: stage=draw_rect calls=1687 timed_calls=1687 period=1 timed_us=8887
subsystem_time: stage=gfx_list calls=238 timed_calls=238 period=1 timed_us=433755
subsystem_time: stage=gfx_command calls=176157 timed_calls=1387 period=127 timed_us=3982
gfx_ucodes: mask=00000004
gfx_opcode: op=00 calls=237 timed_calls=1 timed_us=0
gfx_opcode: op=01 calls=5860 timed_calls=51 timed_us=401
gfx_opcode: op=05 calls=17853 timed_calls=141 timed_us=743
gfx_opcode: op=06 calls=32745 timed_calls=254 timed_us=884
gfx_opcode: op=d7 calls=979 timed_calls=6 timed_us=1
gfx_opcode: op=d9 calls=7439 timed_calls=61 timed_us=8
gfx_opcode: op=da calls=6173 timed_calls=51 timed_us=19
gfx_opcode: op=db calls=5265 timed_calls=41 timed_us=8
gfx_opcode: op=dc calls=1858 timed_calls=16 timed_us=13
gfx_opcode: op=de calls=1346 timed_calls=12 timed_us=3
gfx_opcode: op=df calls=1584 timed_calls=11 timed_us=1
gfx_opcode: op=e2 calls=2119 timed_calls=18 timed_us=3
gfx_opcode: op=e3 calls=11276 timed_calls=82 timed_us=14
gfx_opcode: op=e6 calls=10066 timed_calls=87 timed_us=10
gfx_opcode: op=e7 calls=30043 timed_calls=248 timed_us=31
gfx_opcode: op=e8 calls=2432 timed_calls=16 timed_us=2
gfx_opcode: op=e9 calls=238 timed_calls=1 timed_us=0
gfx_opcode: op=ed calls=2162 timed_calls=11 timed_us=3
gfx_opcode: op=f0 calls=2432 timed_calls=21 timed_us=10
gfx_opcode: op=f2 calls=3086 timed_calls=23 timed_us=6
gfx_opcode: op=f3 calls=7634 timed_calls=59 timed_us=344
gfx_opcode: op=f5 calls=8229 timed_calls=62 timed_us=12
gfx_opcode: op=f6 calls=1925 timed_calls=14 timed_us=1289
gfx_opcode: op=f7 calls=948 timed_calls=8 timed_us=3
gfx_opcode: op=f8 calls=237 timed_calls=3 timed_us=1
gfx_opcode: op=fa calls=234 timed_calls=0 timed_us=0
gfx_opcode: op=fc calls=979 timed_calls=11 timed_us=2
gfx_opcode: op=fd calls=10066 timed_calls=73 timed_us=10
gfx_opcode: op=fe calls=237 timed_calls=2 timed_us=1
gfx_opcode: op=ff calls=475 timed_calls=3 timed_us=1
subsystem_time: stage=vertex calls=98130 timed_calls=772 period=127 timed_us=332
subsystem_time: stage=gfx_state calls=11689 timed_calls=92 period=127 timed_us=777
subsystem_self: stage=gfx_state calls=11689 timed_calls=92 self_us=194 dropped=0
subsystem_time: stage=gx_wait calls=4 timed_calls=4 period=1 timed_us=2558
subsystem_time: stage=dma_pi calls=1048 timed_calls=1048 period=1 timed_us=254586
subsystem_time: stage=dma_sp calls=1162 timed_calls=1162 period=1 timed_us=1331
subsystem_time: stage=dma_si calls=1351 timed_calls=1351 period=1 timed_us=3529
subsystem_time: stage=tlb_translate calls=0 timed_calls=0 period=127 timed_us=0
subsystem_time: stage=pif calls=1352 timed_calls=1352 period=1 timed_us=2942
subsystem_time: stage=input calls=388 timed_calls=388 period=1 timed_us=1678
subsystem_time: stage=guest_interrupt calls=5839 timed_calls=5839 period=1 timed_us=9990569
subsystem_self: stage=guest_interrupt calls=5839 timed_calls=5839 self_us=20615 dropped=0
subsystem_time: stage=interpreter_inclusive calls=0 timed_calls=0 period=1 timed_us=0
subsystem_self: stage=interpreter_inclusive calls=0 timed_calls=0 self_us=0 dropped=0
subsystem_time: stage=audio_submit calls=343 timed_calls=343 period=1 timed_us=5478
subsystem_time: stage=audio_callback calls=10264 timed_calls=10264 period=1 timed_us=4618
subsystem_time: stage=memory_slow calls=1083878 timed_calls=8534 period=127 timed_us=10399
subsystem_self: stage=memory_slow calls=1083878 timed_calls=8534 self_us=2842 dropped=0
subsystem_time: stage=jit_invalidate calls=41 timed_calls=0 period=127 timed_us=0
subsystem_time: stage=cpu_helper calls=10247893 timed_calls=80692 period=127 timed_us=88129
subsystem_time: stage=storage_read calls=0 timed_calls=0 period=1 timed_us=0
subsystem_time: stage=storage_write calls=0 timed_calls=0 period=1 timed_us=0
subsystem_time: stage=save_load calls=0 timed_calls=0 period=1 timed_us=0
subsystem_time: stage=save_write calls=0 timed_calls=0 period=1 timed_us=0
subsystem_time: stage=state_load calls=0 timed_calls=0 period=1 timed_us=0
subsystem_time: stage=state_save calls=0 timed_calls=0 period=1 timed_us=0
subsystem_time: stage=probe_io calls=3 timed_calls=3 period=1 timed_us=31004
subsystem_time: stage=agent_poll calls=1810 timed_calls=1810 period=1 timed_us=510
audio_time: stage=resample sampled_calls=88 sampled_samples=16192 sampled_us=631
audio_time: stage=zoh sampled_calls=0 sampled_samples=0 sampled_us=0
audio_time: stage=adpcm sampled_calls=51 sampled_samples=5680 sampled_us=243
audio_time: stage=envmix_exp sampled_calls=0 sampled_samples=0 sampled_us=0
audio_time: stage=envmix_ge sampled_calls=0 sampled_samples=0 sampled_us=0
audio_time: stage=envmix_lin sampled_calls=66 sampled_samples=12144 sampled_us=633
audio_time: stage=envmix_nead sampled_calls=0 sampled_samples=0 sampled_us=0
audio_time: stage=mix sampled_calls=432 sampled_samples=79488 sampled_us=1273
audio_time: stage=musyx_voice sampled_calls=0 sampled_samples=0 sampled_us=0
audio_time: stage=musyx_fx sampled_calls=0 sampled_samples=0 sampled_us=0
audio_time: stage=output sampled_calls=2 sampled_samples=1472 sampled_us=26
gpu_counters: clks=3691528642 tb_clks=3691528656 ras_busy=49122465 xf_wait_in=3614718902 xf_wait_out=66016668 ras_peak_permille=24 ztop_in=195052828 ztop_out=194067848 z_in=0 z_out=0 blend_in=194117552 copy_clks=67338747 fifo_overflows=0
game: n=9/9 how=vis vis=900 vi_rate=60 vi0_retrace=17213 wall_us=15191348 sleep_us=9702880 avg_vis=58.01 avg_fps=26.52 exceptions=5085 cacheResets=1 recompiles=1389 batches=10096 verts=250029 texStalls=0 treeDepthMax=15 underruns=3 overruns=0 queue_peak_ms=128 dsp_avg=1.29 dsp_peak=1.80 dsp_samples=30 pmc1=3692029787 pmc2=3939175033 pmc3=0 pmc4=0 mmcr0=00000042 mmcr1=00000000 heap_used=10885624 heap_free=115400 arena1_free=200704 arena2_free=288704 flushes=3 flush_us=31003 padtrace=0 rom=sd:/wii64/roms/Donkey Kong 64 (USA).z64
=== chain 9/9 end vis=900 how=vis rom=sd:/wii64/roms/Donkey Kong 64 (USA).z64 ===
