--- wii64 perf log ---
mark: diag config: wiiload arguments
mark: wiiload dynacore argument received
mark: diag received dynacore line
mark: diag requested core: dynarec
mark: pad replay records: 7
selftest:
  raw[0]=51286222858805181
  raw[1]=51286222858805182
  raw[2]=51286222858805200
  raw[3]=51286222858805213
  raw[4]=51286222858805226
  delta[0]=0us
  delta[1]=0us
  delta[2]=0us
  delta[3]=0us
mark: audio quality: accurate
mark: audio modes: n64=0 output=0 mixer=0 latency=2 sync=0
mark: diag applied core: dynarec
mark: HBC agent ready
mark: loadROM: enter
mark: loadROM: before rom_read
mark: ROMCache_load: enter
mark: ROMCache_load: before first read
mark: ROMCache_load: first read returned
mark: ROMCache_load: byte_swap_type set
mark: ROMCache_load: first byte_swap done
menufps: 10.2
menufps: 8.3
menufps: 8.0
mark: ROMCache_load: loop exited normally
mark: ROMCache_load: elapsed_us=1913619 bytes=8388608 vm=0
mark: loadROM: after rom_read
mark: loadROM: before init_memory
mark: loadROM: after init_memory
mark: loadROM: before romOpen_gfx
mark: loadROM: after romOpen_gfx / before romOpen_audio
mark: loadROM: after romOpen_audio / before romOpen_input
mark: loadROM: after romOpen_input / before cpu_init
mark: loadROM: after cpu_init
menufps: 2.9
menufps: 0.9
menufps: 1.0
fps: 0.0
first_vi: vi0_retrace=330
vis: 0.0
cpu: exceptions=0 cacheResets=0 batches=0 verts=0 texStalls=0 recompiles=0 underruns=0 overruns=0 sleep_us=0 queue_ms=0
mark: CPU core dispatch: dynarec
vis: 60.0
cpu: exceptions=240 cacheResets=1 batches=0 verts=0 texStalls=0 recompiles=189 underruns=1 overruns=0 sleep_us=227977 queue_ms=118
vis: 60.0
cpu: exceptions=540 cacheResets=1 batches=0 verts=0 texStalls=0 recompiles=198 underruns=1 overruns=0 sleep_us=704342 queue_ms=123
vis: 60.0
cpu: exceptions=840 cacheResets=1 batches=0 verts=0 texStalls=0 recompiles=204 underruns=1 overruns=0 sleep_us=1180905 queue_ms=120
vis: 60.0
cpu: exceptions=1134 cacheResets=1 batches=0 verts=0 texStalls=0 recompiles=204 underruns=1 overruns=0 sleep_us=1658094 queue_ms=124
fps: 0.5
vis: 60.0
cpu: exceptions=1430 cacheResets=1 batches=414 verts=9387 texStalls=0 recompiles=468 underruns=2 overruns=0 sleep_us=1967548 queue_ms=2
fps: 20.0
vis: 60.0
cpu: exceptions=1587 cacheResets=1 batches=2484 verts=56322 texStalls=0 recompiles=475 underruns=2 overruns=0 sleep_us=2376758 queue_ms=9
fps: 30.0
vis: 60.0
cpu: exceptions=1751 cacheResets=1 batches=4554 verts=103257 texStalls=0 recompiles=478 underruns=2 overruns=0 sleep_us=2784789 queue_ms=6
fps: 30.0
vis: 60.0
cpu: exceptions=1893 cacheResets=1 batches=6624 verts=150192 texStalls=0 recompiles=478 underruns=2 overruns=0 sleep_us=3202204 queue_ms=2
fps: 30.0
vis: 60.0
cpu: exceptions=2035 cacheResets=1 batches=8694 verts=197127 texStalls=0 recompiles=478 underruns=2 overruns=0 sleep_us=3619383 queue_ms=7
fps: 30.0
vis: 60.0
cpu: exceptions=2177 cacheResets=1 batches=10767 verts=244080 texStalls=0 recompiles=489 underruns=2 overruns=0 sleep_us=4035051 queue_ms=4
fps: 30.0
vis: 60.0
cpu: exceptions=2318 cacheResets=1 batches=12574 verts=284835 texStalls=0 recompiles=498 underruns=2 overruns=0 sleep_us=4455544 queue_ms=9
vis: 60.0
cpu: exceptions=2637 cacheResets=1 batches=12574 verts=284835 texStalls=0 recompiles=675 underruns=4 overruns=0 sleep_us=4617516 queue_ms=32
vis: 60.0
cpu: exceptions=2727 cacheResets=1 batches=12574 verts=284835 texStalls=0 recompiles=733 underruns=4 overruns=0 sleep_us=4800815 queue_ms=37
vis: 60.0
cpu: exceptions=2817 cacheResets=1 batches=12574 verts=284835 texStalls=0 recompiles=784 underruns=4 overruns=0 sleep_us=5065574 queue_ms=34
fps: 4.9
vis: 60.0
cpu: exceptions=2960 cacheResets=1 batches=13906 verts=302151 texStalls=0 recompiles=910 underruns=6 overruns=0 sleep_us=5286199 queue_ms=8
fps: 15.1
vis: 60.0
cpu: exceptions=3117 cacheResets=1 batches=18791 verts=366426 texStalls=0 recompiles=910 underruns=6 overruns=0 sleep_us=5421270 queue_ms=13
fps: 30.0
vis: 60.0
cpu: exceptions=3272 cacheResets=1 batches=23669 verts=430407 texStalls=0 recompiles=927 underruns=6 overruns=0 sleep_us=5555790 queue_ms=8
fps: 30.0
vis: 60.0
cpu: exceptions=3435 cacheResets=1 batches=28530 verts=494268 texStalls=0 recompiles=927 underruns=6 overruns=0 sleep_us=5690469 queue_ms=14
fps: 30.0
vis: 60.0
cpu: exceptions=3590 cacheResets=1 batches=33394 verts=558147 texStalls=0 recompiles=927 underruns=6 overruns=0 sleep_us=5835882 queue_ms=10
fps: 29.2
vis: 60.0
cpu: exceptions=3761 cacheResets=1 batches=38257 verts=622020 texStalls=0 recompiles=927 underruns=7 overruns=0 sleep_us=5965376 queue_ms=6
fps: 30.0
vis: 59.9
cpu: exceptions=3977 cacheResets=1 batches=43145 verts=686043 texStalls=0 recompiles=936 underruns=7 overruns=0 sleep_us=6074625 queue_ms=3
fps: 20.4
vis: 60.0
cpu: exceptions=4233 cacheResets=1 batches=43740 verts=693786 texStalls=0 recompiles=1065 underruns=10 overruns=0 sleep_us=6326231 queue_ms=13
fps: 31.6
vis: 60.0
cpu: exceptions=4400 cacheResets=1 batches=44546 verts=704202 texStalls=0 recompiles=1065 underruns=10 overruns=0 sleep_us=6703887 queue_ms=8
fps: 30.0
vis: 60.0
cpu: exceptions=4572 cacheResets=1 batches=45341 verts=714552 texStalls=0 recompiles=1065 underruns=10 overruns=0 sleep_us=7080931 queue_ms=13
fps: 30.0
vis: 60.0
cpu: exceptions=4737 cacheResets=1 batches=46136 verts=724902 texStalls=0 recompiles=1065 underruns=10 overruns=0 sleep_us=7468207 queue_ms=9
fps: 30.0
vis: 60.0
cpu: exceptions=4910 cacheResets=1 batches=46931 verts=735252 texStalls=0 recompiles=1065 underruns=10 overruns=0 sleep_us=7843941 queue_ms=6
fps: 30.0
vis: 60.0
cpu: exceptions=5089 cacheResets=1 batches=47726 verts=745602 texStalls=0 recompiles=1065 underruns=10 overruns=0 sleep_us=8213531 queue_ms=10
fps: 30.0
vis: 60.0
cpu: exceptions=5262 cacheResets=1 batches=48521 verts=755952 texStalls=0 recompiles=1065 underruns=10 overruns=0 sleep_us=8586894 queue_ms=7
fps: 30.0
vis: 60.0
cpu: exceptions=5431 cacheResets=1 batches=49316 verts=766302 texStalls=0 recompiles=1065 underruns=10 overruns=0 sleep_us=8967251 queue_ms=13
vis: 60.0
cpu: exceptions=5596 cacheResets=1 batches=50111 verts=776652 texStalls=0 recompiles=1065 underruns=10 overruns=0 sleep_us=9355109 queue_ms=8
fps: 30.0
vis: 60.0
cpu: exceptions=5778 cacheResets=1 batches=50626 verts=785322 texStalls=0 recompiles=1068 underruns=10 overruns=0 sleep_us=9744713 queue_ms=14
fps: 30.0
vis: 60.0
cpu: exceptions=5953 cacheResets=1 batches=51134 verts=793950 texStalls=0 recompiles=1071 underruns=10 overruns=0 sleep_us=10133363 queue_ms=10
fps: 30.0
vis: 60.0
cpu: exceptions=6202 cacheResets=1 batches=51236 verts=795678 texStalls=0 recompiles=1131 underruns=10 overruns=0 sleep_us=10415917 queue_ms=7
fps: 2.2
vis: 60.0
cpu: exceptions=6352 cacheResets=1 batches=51791 verts=806694 texStalls=0 recompiles=1530 underruns=11 overruns=0 sleep_us=10618805 queue_ms=32
fps: 32.4
vis: 60.0
cpu: exceptions=6487 cacheResets=1 batches=54701 verts=879324 texStalls=0 recompiles=1534 underruns=11 overruns=0 sleep_us=10944325 queue_ms=29
vis: 60.0
cpu: exceptions=6622 cacheResets=1 batches=57611 verts=951954 texStalls=0 recompiles=1534 underruns=11 overruns=0 sleep_us=11270252 queue_ms=35
fps: 30.0
vis: 60.0
cpu: exceptions=6757 cacheResets=1 batches=60521 verts=1024584 texStalls=0 recompiles=1534 underruns=11 overruns=0 sleep_us=11596133 queue_ms=32
fps: 30.0
vis: 60.0
cpu: exceptions=6892 cacheResets=1 batches=63431 verts=1097214 texStalls=0 recompiles=1534 underruns=11 overruns=0 sleep_us=11922111 queue_ms=36
fps: 30.0
vis: 60.0
cpu: exceptions=7044 cacheResets=1 batches=67349 verts=1175892 texStalls=0 recompiles=1544 underruns=11 overruns=0 sleep_us=12208443 queue_ms=33
fps: 29.2
vis: 60.0
cpu: exceptions=7219 cacheResets=1 batches=71516 verts=1256064 texStalls=0 recompiles=1545 underruns=11 overruns=0 sleep_us=12473918 queue_ms=20
fps: 30.0
vis: 60.0
cpu: exceptions=7399 cacheResets=1 batches=75671 verts=1336164 texStalls=0 recompiles=1545 underruns=11 overruns=0 sleep_us=12735552 queue_ms=25
fps: 30.0
vis: 60.0
cpu: exceptions=7580 cacheResets=1 batches=79826 verts=1416264 texStalls=0 recompiles=1545 underruns=11 overruns=0 sleep_us=12992688 queue_ms=22
fps: 30.0
vis: 60.0
cpu: exceptions=7775 cacheResets=1 batches=83981 verts=1496364 texStalls=0 recompiles=1545 underruns=11 overruns=0 sleep_us=13240783 queue_ms=27
fps: 29.9
vis: 60.0
cpu: exceptions=7988 cacheResets=1 batches=88136 verts=1576464 texStalls=0 recompiles=1545 underruns=11 overruns=0 sleep_us=13480414 queue_ms=23
fps: 30.0
vis: 60.0
cpu: exceptions=8196 cacheResets=1 batches=92291 verts=1656564 texStalls=0 recompiles=1545 underruns=11 overruns=0 sleep_us=13721881 queue_ms=28
fps: 30.0
vis: 60.0
cpu: exceptions=8415 cacheResets=1 batches=96446 verts=1736664 texStalls=0 recompiles=1545 underruns=11 overruns=0 sleep_us=13954678 queue_ms=25
fps: 30.0
vis: 60.0
cpu: exceptions=8620 cacheResets=1 batches=100601 verts=1816764 texStalls=0 recompiles=1545 underruns=11 overruns=0 sleep_us=14198354 queue_ms=20
fps: 30.0
vis: 60.0
cpu: exceptions=8814 cacheResets=1 batches=104756 verts=1896864 texStalls=0 recompiles=1545 underruns=11 overruns=0 sleep_us=14451209 queue_ms=26
fps: 30.0
vis: 60.0
cpu: exceptions=9006 cacheResets=1 batches=108911 verts=1976964 texStalls=0 recompiles=1545 underruns=11 overruns=0 sleep_us=14705859 queue_ms=22
fps: 30.0
vis: 60.0
cpu: exceptions=9170 cacheResets=1 batches=113066 verts=2057064 texStalls=0 recompiles=1547 underruns=11 overruns=0 sleep_us=14979733 queue_ms=27
fps: 30.0
vis: 60.0
cpu: exceptions=9314 cacheResets=1 batches=117221 verts=2137164 texStalls=0 recompiles=1547 underruns=11 overruns=0 sleep_us=15265312 queue_ms=24
fps: 30.0
vis: 60.0
cpu: exceptions=9454 cacheResets=1 batches=121376 verts=2217264 texStalls=0 recompiles=1547 underruns=11 overruns=0 sleep_us=15553978 queue_ms=29
fps: 30.0
vis: 60.0
cpu: exceptions=9594 cacheResets=1 batches=125531 verts=2297364 texStalls=0 recompiles=1547 underruns=11 overruns=0 sleep_us=15842064 queue_ms=25
fps: 30.0
vis: 60.0
cpu: exceptions=9732 cacheResets=1 batches=129686 verts=2377464 texStalls=0 recompiles=1547 underruns=11 overruns=0 sleep_us=16133746 queue_ms=21
fps: 30.0
vis: 60.0
cpu: exceptions=9867 cacheResets=1 batches=133841 verts=2457564 texStalls=0 recompiles=1547 underruns=11 overruns=0 sleep_us=16430964 queue_ms=27
fps: 30.0
vis: 60.0
cpu: exceptions=10002 cacheResets=1 batches=137996 verts=2537664 texStalls=0 recompiles=1547 underruns=11 overruns=0 sleep_us=16728336 queue_ms=23
fps: 30.1
vis: 60.0
cpu: exceptions=10137 cacheResets=1 batches=141311 verts=2612724 texStalls=0 recompiles=1548 underruns=11 overruns=0 sleep_us=17047746 queue_ms=29
fps: 30.0
vis: 60.0
cpu: exceptions=10272 cacheResets=1 batches=144206 verts=2685264 texStalls=0 recompiles=1548 underruns=11 overruns=0 sleep_us=17378171 queue_ms=25
fps: 30.0
vis: 60.0
cpu: exceptions=10413 cacheResets=1 batches=147130 verts=2758452 texStalls=0 recompiles=1568 underruns=11 overruns=0 sleep_us=17698632 queue_ms=21
fps: 29.0
vis: 60.0
cpu: exceptions=10578 cacheResets=1 batches=150445 verts=2840622 texStalls=0 recompiles=1568 underruns=11 overruns=0 sleep_us=17974461 queue_ms=18
fps: 30.2
vis: 60.0
cpu: exceptions=10739 cacheResets=1 batches=153280 verts=2903976 texStalls=0 recompiles=1569 underruns=11 overruns=0 sleep_us=18275187 queue_ms=13
fps: 30.0
vis: 60.0
cpu: exceptions=10897 cacheResets=1 batches=155695 verts=2950866 texStalls=0 recompiles=1569 underruns=11 overruns=0 sleep_us=18597432 queue_ms=10
fps: 30.0
vis: 60.0
cpu: exceptions=11061 cacheResets=1 batches=158110 verts=2997756 texStalls=0 recompiles=1572 underruns=11 overruns=0 sleep_us=18913991 queue_ms=15
fps: 29.9
vis: 60.0
cpu: exceptions=11257 cacheResets=1 batches=160525 verts=3044646 texStalls=0 recompiles=1572 underruns=11 overruns=0 sleep_us=19204985 queue_ms=11
fps: 30.0
vis: 60.0
cpu: exceptions=11445 cacheResets=1 batches=162946 verts=3091566 texStalls=0 recompiles=1572 underruns=11 overruns=0 sleep_us=19503900 queue_ms=17
fps: 30.0
vis: 60.0
cpu: exceptions=11612 cacheResets=1 batches=165451 verts=3138906 texStalls=0 recompiles=1572 underruns=11 overruns=0 sleep_us=19815218 queue_ms=13
fps: 29.9
vis: 60.0
cpu: exceptions=11793 cacheResets=1 batches=167980 verts=3186318 texStalls=0 recompiles=1572 underruns=11 overruns=0 sleep_us=20109588 queue_ms=18
fps: 29.9
vis: 60.0
cpu: exceptions=11987 cacheResets=1 batches=170634 verts=3235617 texStalls=0 recompiles=1572 underruns=11 overruns=0 sleep_us=20385625 queue_ms=14
fps: 30.1
vis: 60.0
cpu: exceptions=12181 cacheResets=1 batches=173368 verts=3286164 texStalls=0 recompiles=1572 underruns=11 overruns=0 sleep_us=20666900 queue_ms=11
fps: 30.0
vis: 60.0
cpu: exceptions=12351 cacheResets=1 batches=176144 verts=3336837 texStalls=0 recompiles=1572 underruns=11 overruns=0 sleep_us=20966997 queue_ms=15
fps: 29.9
vis: 60.0
cpu: exceptions=12528 cacheResets=1 batches=178982 verts=3387792 texStalls=0 recompiles=1572 underruns=11 overruns=0 sleep_us=21258599 queue_ms=12
fps: 30.0
vis: 60.0
cpu: exceptions=12716 cacheResets=1 batches=181862 verts=3438957 texStalls=0 recompiles=1572 underruns=11 overruns=0 sleep_us=21536260 queue_ms=18
fps: 30.0
vis: 60.0
cpu: exceptions=12922 cacheResets=1 batches=184742 verts=3490122 texStalls=0 recompiles=1572 underruns=11 overruns=0 sleep_us=21800722 queue_ms=13
fps: 30.0
vis: 60.0
cpu: exceptions=13104 cacheResets=1 batches=187660 verts=3542511 texStalls=0 recompiles=1572 underruns=11 overruns=0 sleep_us=22084900 queue_ms=10
fps: 30.0
vis: 60.0
cpu: exceptions=13272 cacheResets=1 batches=190690 verts=3598356 texStalls=0 recompiles=1572 underruns=11 overruns=0 sleep_us=22369034 queue_ms=15
fps: 30.0
vis: 60.0
cpu: exceptions=13458 cacheResets=1 batches=193720 verts=3654201 texStalls=0 recompiles=1572 underruns=11 overruns=0 sleep_us=22638301 queue_ms=12
fps: 30.0
vis: 60.0
cpu: exceptions=13660 cacheResets=1 batches=196750 verts=3710046 texStalls=0 recompiles=1572 underruns=11 overruns=0 sleep_us=22889358 queue_ms=16
fps: 30.0
vis: 60.0
cpu: exceptions=13850 cacheResets=1 batches=199782 verts=3766173 texStalls=0 recompiles=1572 underruns=11 overruns=0 sleep_us=23155576 queue_ms=13
vis: 60.0
cpu: exceptions=14020 cacheResets=1 batches=202784 verts=3822630 texStalls=0 recompiles=1572 underruns=11 overruns=0 sleep_us=23443077 queue_ms=18
fps: 29.9
mark: stop reason: chain guest VI limit
mark: stop_it requested
audio: alist_resample_calls=42763 alist_resample_samples=5572696 alist_zoh_calls=0 alist_zoh_samples=0 musyx_subframes=0 musyx_voices=0 musyx_voice_peak=0
audio_stages: adpcm_calls=41651 adpcm_samples=5505360 envmix_calls=40317 envmix_samples=5378800 mix_calls=9436 mix_samples=3019520 musyx_fx_calls=0 musyx_fx_taps=0 output_calls=2360 output_samples=1259104
audio_envmix: exp_calls=40317 ge_calls=0 lin_calls=0 nead_calls=0 exp_steady=33833 ge_steady=0 lin_steady=0
audio_gaps: nead_mats=0 nead_efz=0 resample_flag2=0 musyx_ptr10=0
audio_output: stream_requests=6163 stream_fed=4371 input_hz=32006 playback_hz=32006 queue_peak_ms=143
probe_schema: version=2 self=1 interval=127
vm_io: read_ahead=1 reads=0 hits=0 read_bytes=0 writes=0 write_bytes=0 errors=0
subsystem_time: stage=rsp_gfx calls=1046 timed_calls=1046 period=1 timed_us=4651386
subsystem_time: stage=rsp_audio calls=2359 timed_calls=2359 period=1 timed_us=1170127
subsystem_time: stage=rsp_other calls=0 timed_calls=0 period=1 timed_us=0
subsystem_time: stage=lookup calls=6905930 timed_calls=54377 period=127 timed_us=12741
subsystem_time: stage=compile calls=1572 timed_calls=1572 period=1 timed_us=165501
subsystem_time: stage=dispatch calls=6520258 timed_calls=51340 period=127 timed_us=48137
subsystem_self: stage=dispatch calls=6520258 timed_calls=51340 self_us=31478 dropped=0
subsystem_time: stage=execute_inclusive calls=6520258 timed_calls=51340 period=127 timed_us=318272
subsystem_self: stage=execute_inclusive calls=6520258 timed_calls=51340 self_us=71264 dropped=0
subsystem_time: stage=rom_copy calls=3129 timed_calls=3129 period=1 timed_us=41842
subsystem_time: stage=present calls=2399 timed_calls=2399 period=1 timed_us=51980
subsystem_time: stage=limiter calls=2359 timed_calls=2359 period=1 timed_us=23715057
subsystem_time: stage=vm_fault calls=0 timed_calls=0 period=1 timed_us=0
subsystem_time: stage=vm_victim calls=0 timed_calls=0 period=1 timed_us=0
subsystem_time: stage=vm_read calls=0 timed_calls=0 period=1 timed_us=0
subsystem_time: stage=vm_write calls=0 timed_calls=0 period=1 timed_us=0
subsystem_time: stage=tex_hash calls=85146 timed_calls=85146 period=1 timed_us=605414
subsystem_time: stage=tex_lookup calls=85146 timed_calls=85146 period=1 timed_us=46590
subsystem_time: stage=tex_load calls=177 timed_calls=177 period=1 timed_us=7230
subsystem_time: stage=tex_activate calls=85146 timed_calls=85146 period=1 timed_us=49838
subsystem_time: stage=draw_triangles calls=205472 timed_calls=205472 period=1 timed_us=574450
subsystem_time: stage=draw_rect calls=8799 timed_calls=8799 period=1 timed_us=68280
subsystem_time: stage=gfx_list calls=1046 timed_calls=1046 period=1 timed_us=4649312
subsystem_time: stage=gfx_command calls=2786625 timed_calls=21941 period=127 timed_us=38507
gfx_ucodes: mask=00000001
gfx_opcode: op=01 calls=75428 timed_calls=587 timed_us=281
gfx_opcode: op=03 calls=73618 timed_calls=585 timed_us=284
gfx_opcode: op=04 calls=202050 timed_calls=1616 timed_us=8811
gfx_opcode: op=06 calls=145128 timed_calls=1101 timed_us=197
gfx_opcode: op=b4 calls=4451 timed_calls=36 timed_us=7
gfx_opcode: op=b6 calls=23954 timed_calls=175 timed_us=24
gfx_opcode: op=b7 calls=21046 timed_calls=140 timed_us=19
gfx_opcode: op=b8 calls=140317 timed_calls=1089 timed_us=138
gfx_opcode: op=b9 calls=30685 timed_calls=249 timed_us=40
gfx_opcode: op=ba calls=19636 timed_calls=172 timed_us=39
gfx_opcode: op=bb calls=51786 timed_calls=405 timed_us=80
gfx_opcode: op=bc calls=19397 timed_calls=152 timed_us=39
gfx_opcode: op=bd calls=3892 timed_calls=30 timed_us=4
gfx_opcode: op=bf calls=1291612 timed_calls=10147 timed_us=18870
gfx_opcode: op=e4 calls=6448 timed_calls=45 timed_us=436
gfx_opcode: op=e6 calls=85146 timed_calls=649 timed_us=79
gfx_opcode: op=e7 calls=100885 timed_calls=816 timed_us=111
gfx_opcode: op=e8 calls=34686 timed_calls=275 timed_us=36
gfx_opcode: op=e9 calls=1046 timed_calls=7 timed_us=8
gfx_opcode: op=ed calls=7377 timed_calls=52 timed_us=19
gfx_opcode: op=f2 calls=70828 timed_calls=572 timed_us=155
gfx_opcode: op=f3 calls=85146 timed_calls=682 timed_us=5493
gfx_opcode: op=f5 calls=132655 timed_calls=1046 timed_us=197
gfx_opcode: op=f6 calls=3397 timed_calls=24 timed_us=1187
gfx_opcode: op=f7 calls=2351 timed_calls=21 timed_us=9
gfx_opcode: op=f9 calls=38 timed_calls=0 timed_us=0
gfx_opcode: op=fa calls=5665 timed_calls=49 timed_us=9
gfx_opcode: op=fb calls=7254 timed_calls=59 timed_us=10
gfx_opcode: op=fc calls=52419 timed_calls=425 timed_us=61
gfx_opcode: op=fd calls=85146 timed_calls=713 timed_us=123
gfx_opcode: op=fe calls=1046 timed_calls=6 timed_us=5
gfx_opcode: op=ff calls=2092 timed_calls=16 timed_us=11
subsystem_time: stage=vertex calls=2212166 timed_calls=17418 period=127 timed_us=5587
subsystem_time: stage=gfx_state calls=314516 timed_calls=2476 period=127 timed_us=9086
subsystem_self: stage=gfx_state calls=314516 timed_calls=2476 self_us=3243 dropped=0
subsystem_time: stage=gx_wait calls=4 timed_calls=4 period=1 timed_us=2534
subsystem_time: stage=dma_pi calls=3129 timed_calls=3129 period=1 timed_us=95996
subsystem_time: stage=dma_sp calls=6810 timed_calls=6810 period=1 timed_us=6095
subsystem_time: stage=dma_si calls=1690 timed_calls=1690 period=1 timed_us=24959
subsystem_time: stage=tlb_translate calls=200897 timed_calls=1581 period=127 timed_us=174
subsystem_time: stage=pif calls=1691 timed_calls=1691 period=1 timed_us=23125
subsystem_time: stage=input calls=4180 timed_calls=4180 period=1 timed_us=19380
subsystem_time: stage=guest_interrupt calls=17258 timed_calls=17258 period=1 timed_us=23872109
subsystem_self: stage=guest_interrupt calls=17258 timed_calls=17258 self_us=42048 dropped=0
subsystem_time: stage=interpreter_inclusive calls=0 timed_calls=0 period=1 timed_us=0
subsystem_self: stage=interpreter_inclusive calls=0 timed_calls=0 self_us=0 dropped=0
subsystem_time: stage=audio_submit calls=2360 timed_calls=2360 period=1 timed_us=27106
subsystem_time: stage=audio_callback calls=24653 timed_calls=24653 period=1 timed_us=18316
subsystem_time: stage=memory_slow calls=1118269 timed_calls=8805 period=127 timed_us=52657
subsystem_self: stage=memory_slow calls=1118269 timed_calls=8805 self_us=4385 dropped=0
subsystem_time: stage=jit_invalidate calls=385672 timed_calls=3036 period=127 timed_us=651
subsystem_time: stage=cpu_helper calls=17895744 timed_calls=140911 period=127 timed_us=209013
subsystem_time: stage=storage_read calls=0 timed_calls=0 period=1 timed_us=0
subsystem_time: stage=storage_write calls=0 timed_calls=0 period=1 timed_us=0
subsystem_time: stage=save_load calls=0 timed_calls=0 period=1 timed_us=0
subsystem_time: stage=save_write calls=0 timed_calls=0 period=1 timed_us=0
subsystem_time: stage=state_load calls=0 timed_calls=0 period=1 timed_us=0
subsystem_time: stage=state_save calls=0 timed_calls=0 period=1 timed_us=0
subsystem_time: stage=probe_io calls=6 timed_calls=6 period=1 timed_us=70080
subsystem_time: stage=agent_poll calls=4810 timed_calls=4810 period=1 timed_us=1156
audio_time: stage=resample sampled_calls=336 sampled_samples=43888 sampled_us=1884
audio_time: stage=zoh sampled_calls=0 sampled_samples=0 sampled_us=0
audio_time: stage=adpcm sampled_calls=327 sampled_samples=42240 sampled_us=1758
audio_time: stage=envmix_exp sampled_calls=317 sampled_samples=42336 sampled_us=4087
audio_time: stage=envmix_ge sampled_calls=0 sampled_samples=0 sampled_us=0
audio_time: stage=envmix_lin sampled_calls=0 sampled_samples=0 sampled_us=0
audio_time: stage=envmix_nead sampled_calls=0 sampled_samples=0 sampled_us=0
audio_time: stage=mix sampled_calls=74 sampled_samples=23680 sampled_us=405
audio_time: stage=musyx_voice sampled_calls=0 sampled_samples=0 sampled_us=0
audio_time: stage=musyx_fx sampled_calls=0 sampled_samples=0 sampled_us=0
audio_time: stage=output sampled_calls=18 sampled_samples=9584 sampled_us=174
gpu_counters: clks=9771511800 tb_clks=9771512180 ras_busy=198173494 xf_wait_in=9330177405 xf_wait_out=276633980 ras_peak_permille=34 ztop_in=761479616 ztop_out=724568796 z_in=1416436 z_out=1344756 blend_in=726253688 copy_clks=118880375 fifo_overflows=0
game: n=1/9 how=vis vis=2400 vi_rate=60 vi0_retrace=330 wall_us=40211868 sleep_us=23708255 avg_vis=59.25 avg_fps=27.95 exceptions=14189 cacheResets=1 recompiles=1572 batches=205472 verts=3874836 texStalls=0 treeDepthMax=14 underruns=12 overruns=0 queue_peak_ms=124 dsp_avg=1.53 dsp_peak=1.85 dsp_samples=80 pmc1=11920470442 pmc2=12149511476 pmc3=0 pmc4=0 mmcr0=00000042 mmcr1=00000000 heap_used=10876792 heap_free=35720 arena1_free=311296 arena2_free=288704 flushes=6 flush_us=70078 padtrace=11 rom=sd:/wii64/roms/Super Mario 64.v64
=== chain 1/9 end vis=2400 how=vis rom=sd:/wii64/roms/Super Mario 64.v64 ===
mark: pad replay records: 22
mark: loadROM: enter
mark: loadROM: before rom_read
mark: ROMCache_load: enter
mark: ROMCache_load: before first read
mark: ROMCache_load: first read returned
mark: ROMCache_load: byte_swap_type set
mark: ROMCache_load: first byte_swap done
menufps: 0.0
menufps: 8.3
menufps: 8.3
menufps: 8.3
menufps: 8.1
menufps: 8.0
mark: ROMCache_load: loop exited normally
mark: ROMCache_load: elapsed_us=3175898 bytes=13893632 vm=0
mark: loadROM: after rom_read
mark: loadROM: before init_memory
mark: loadROM: after init_memory
mark: loadROM: before romOpen_gfx
mark: loadROM: after romOpen_gfx / before romOpen_audio
mark: loadROM: after romOpen_audio / before romOpen_input
mark: loadROM: after romOpen_input / before cpu_init
mark: loadROM: after cpu_init
menufps: 2.1
menufps: 1.0
menufps: 1.0
fps: 1.9
first_vi: vi0_retrace=3143
vis: 4.1
cpu: exceptions=0 cacheResets=0 batches=0 verts=0 texStalls=0 recompiles=0 underruns=0 overruns=0 sleep_us=0 queue_ms=0
mark: CPU core dispatch: dynarec
vis: 60.0
cpu: exceptions=1030 cacheResets=1 batches=0 verts=0 texStalls=0 recompiles=316 underruns=1 overruns=0 sleep_us=80600 queue_ms=106
vis: 60.0
cpu: exceptions=1330 cacheResets=1 batches=0 verts=0 texStalls=0 recompiles=316 underruns=1 overruns=0 sleep_us=550553 queue_ms=113
vis: 60.0
cpu: exceptions=1630 cacheResets=1 batches=0 verts=0 texStalls=0 recompiles=331 underruns=1 overruns=0 sleep_us=1018974 queue_ms=109
vis: 60.0
cpu: exceptions=1929 cacheResets=1 batches=0 verts=0 texStalls=0 recompiles=331 underruns=1 overruns=0 sleep_us=1488918 queue_ms=116
vis: 60.0
cpu: exceptions=2229 cacheResets=1 batches=0 verts=0 texStalls=0 recompiles=331 underruns=1 overruns=0 sleep_us=1958828 queue_ms=113
vis: 60.0
cpu: exceptions=2529 cacheResets=1 batches=0 verts=0 texStalls=0 recompiles=331 underruns=1 overruns=0 sleep_us=2428628 queue_ms=120
vis: 60.0
cpu: exceptions=2864 cacheResets=1 batches=0 verts=0 texStalls=0 recompiles=344 underruns=1 overruns=0 sleep_us=2890211 queue_ms=116
fps: 0.8
vis: 60.0
cpu: exceptions=3438 cacheResets=1 batches=64 verts=4140 texStalls=0 recompiles=468 underruns=1 overruns=0 sleep_us=3313732 queue_ms=122
fps: 1.6
vis: 60.0
cpu: exceptions=3543 cacheResets=1 batches=576 verts=37260 texStalls=0 recompiles=528 underruns=1 overruns=0 sleep_us=3588887 queue_ms=17
fps: 31.0
vis: 60.0
cpu: exceptions=3684 cacheResets=1 batches=1536 verts=99360 texStalls=0 recompiles=528 underruns=1 overruns=0 sleep_us=3854991 queue_ms=25
fps: 30.0
vis: 60.0
cpu: exceptions=3820 cacheResets=1 batches=2304 verts=149040 texStalls=0 recompiles=566 underruns=1 overruns=0 sleep_us=4101675 queue_ms=20
vis: 60.0
cpu: exceptions=3916 cacheResets=1 batches=2304 verts=149040 texStalls=0 recompiles=566 underruns=1 overruns=0 sleep_us=4279961 queue_ms=17
fps: 3.9
vis: 60.0
cpu: exceptions=4015 cacheResets=1 batches=2424 verts=149760 texStalls=0 recompiles=598 underruns=1 overruns=0 sleep_us=4555913 queue_ms=23
fps: 1.7
vis: 59.3
cpu: exceptions=4117 cacheResets=1 batches=2904 verts=152640 texStalls=0 recompiles=610 underruns=4 overruns=0 sleep_us=4881838 queue_ms=17
fps: 30.7
vis: 59.4
cpu: exceptions=4331 cacheResets=1 batches=4704 verts=163440 texStalls=0 recompiles=611 underruns=4 overruns=0 sleep_us=5019929 queue_ms=11
fps: 29.7
vis: 59.5
cpu: exceptions=4532 cacheResets=1 batches=6504 verts=174240 texStalls=0 recompiles=614 underruns=5 overruns=0 sleep_us=5154959 queue_ms=19
fps: 29.7
vis: 59.5
cpu: exceptions=4725 cacheResets=1 batches=8304 verts=185040 texStalls=0 recompiles=614 underruns=5 overruns=0 sleep_us=5286381 queue_ms=15
fps: 29.8
vis: 59.5
cpu: exceptions=4919 cacheResets=1 batches=10104 verts=195840 texStalls=0 recompiles=614 underruns=5 overruns=0 sleep_us=5419150 queue_ms=10
fps: 29.7
vis: 59.5
cpu: exceptions=5098 cacheResets=1 batches=11904 verts=206640 texStalls=0 recompiles=614 underruns=6 overruns=0 sleep_us=5555556 queue_ms=16
fps: 28.9
vis: 59.5
cpu: exceptions=5276 cacheResets=1 batches=13704 verts=217440 texStalls=0 recompiles=618 underruns=7 overruns=0 sleep_us=5691042 queue_ms=13
vis: 60.0
cpu: exceptions=5457 cacheResets=1 batches=15024 verts=225360 texStalls=0 recompiles=625 underruns=7 overruns=0 sleep_us=5823638 queue_ms=8
vis: 60.0
cpu: exceptions=5608 cacheResets=1 batches=15024 verts=225360 texStalls=0 recompiles=625 underruns=7 overruns=0 sleep_us=5972206 queue_ms=14
vis: 60.0
cpu: exceptions=5716 cacheResets=1 batches=15024 verts=225360 texStalls=0 recompiles=631 underruns=7 overruns=0 sleep_us=6189221 queue_ms=10
fps: 7.0
vis: 59.9
cpu: exceptions=5838 cacheResets=1 batches=15024 verts=225360 texStalls=0 recompiles=674 underruns=8 overruns=0 sleep_us=6419201 queue_ms=17
fps: 31.7
vis: 59.7
cpu: exceptions=6051 cacheResets=1 batches=15024 verts=225360 texStalls=0 recompiles=674 underruns=8 overruns=0 sleep_us=6592344 queue_ms=23
fps: 29.8
vis: 59.8
cpu: exceptions=6240 cacheResets=1 batches=15024 verts=225360 texStalls=0 recompiles=674 underruns=8 overruns=0 sleep_us=6767842 queue_ms=19
fps: 29.9
vis: 59.8
cpu: exceptions=6411 cacheResets=1 batches=15024 verts=225360 texStalls=0 recompiles=674 underruns=8 overruns=0 sleep_us=6947550 queue_ms=16
fps: 29.9
vis: 59.8
cpu: exceptions=6578 cacheResets=1 batches=15024 verts=225360 texStalls=0 recompiles=674 underruns=8 overruns=0 sleep_us=7128692 queue_ms=12
fps: 29.9
vis: 59.8
cpu: exceptions=6748 cacheResets=1 batches=15024 verts=225360 texStalls=0 recompiles=674 underruns=8 overruns=0 sleep_us=7310505 queue_ms=19
fps: 29.9
vis: 59.2
cpu: exceptions=6921 cacheResets=1 batches=15024 verts=225360 texStalls=0 recompiles=681 underruns=8 overruns=0 sleep_us=7491629 queue_ms=16
fps: 29.6
vis: 59.7
cpu: exceptions=7087 cacheResets=1 batches=15024 verts=225360 texStalls=0 recompiles=686 underruns=8 overruns=0 sleep_us=7655848 queue_ms=11
fps: 29.9
vis: 59.8
cpu: exceptions=7256 cacheResets=1 batches=15024 verts=225360 texStalls=0 recompiles=686 underruns=8 overruns=0 sleep_us=7835459 queue_ms=7
fps: 29.9
vis: 59.9
cpu: exceptions=7428 cacheResets=1 batches=15024 verts=225360 texStalls=0 recompiles=686 underruns=8 overruns=0 sleep_us=8024990 queue_ms=14
fps: 29.9
vis: 59.9
cpu: exceptions=7588 cacheResets=1 batches=15024 verts=225360 texStalls=0 recompiles=686 underruns=8 overruns=0 sleep_us=8216650 queue_ms=10
fps: 30.0
vis: 59.9
cpu: exceptions=7762 cacheResets=1 batches=15024 verts=225360 texStalls=0 recompiles=686 underruns=8 overruns=0 sleep_us=8406098 queue_ms=7
fps: 29.9
vis: 59.9
cpu: exceptions=7938 cacheResets=1 batches=15024 verts=225360 texStalls=0 recompiles=686 underruns=8 overruns=0 sleep_us=8596088 queue_ms=14
fps: 30.0
vis: 59.9
cpu: exceptions=8106 cacheResets=1 batches=15024 verts=225360 texStalls=0 recompiles=686 underruns=8 overruns=0 sleep_us=8786065 queue_ms=10
fps: 30.0
vis: 59.9
cpu: exceptions=8281 cacheResets=1 batches=15024 verts=225360 texStalls=0 recompiles=686 underruns=8 overruns=0 sleep_us=8976159 queue_ms=6
fps: 29.9
vis: 59.9
cpu: exceptions=8450 cacheResets=1 batches=15024 verts=225360 texStalls=0 recompiles=686 underruns=8 overruns=0 sleep_us=9169441 queue_ms=12
fps: 29.2
vis: 59.7
cpu: exceptions=8616 cacheResets=1 batches=15024 verts=225360 texStalls=0 recompiles=688 underruns=9 overruns=0 sleep_us=9383186 queue_ms=8
fps: 29.8
vis: 60.0
cpu: exceptions=8775 cacheResets=1 batches=15024 verts=225360 texStalls=0 recompiles=688 underruns=10 overruns=0 sleep_us=9594293 queue_ms=16
fps: 30.0
vis: 59.9
cpu: exceptions=8941 cacheResets=1 batches=15024 verts=225360 texStalls=0 recompiles=688 underruns=10 overruns=0 sleep_us=9801728 queue_ms=22
fps: 29.9
vis: 59.9
cpu: exceptions=9132 cacheResets=1 batches=15024 verts=225360 texStalls=0 recompiles=688 underruns=10 overruns=0 sleep_us=9986486 queue_ms=17
fps: 30.0
vis: 59.9
cpu: exceptions=9305 cacheResets=1 batches=15024 verts=225360 texStalls=0 recompiles=688 underruns=10 overruns=0 sleep_us=10179435 queue_ms=14
fps: 30.0
vis: 59.9
cpu: exceptions=9461 cacheResets=1 batches=15024 verts=225360 texStalls=0 recompiles=688 underruns=10 overruns=0 sleep_us=10385260 queue_ms=20
fps: 29.9
vis: 59.9
cpu: exceptions=9618 cacheResets=1 batches=15024 verts=225360 texStalls=0 recompiles=688 underruns=10 overruns=0 sleep_us=10590636 queue_ms=17
fps: 30.0
vis: 59.9
cpu: exceptions=9771 cacheResets=1 batches=15024 verts=225360 texStalls=0 recompiles=688 underruns=10 overruns=0 sleep_us=10797422 queue_ms=13
fps: 30.0
vis: 60.0
cpu: exceptions=9929 cacheResets=1 batches=15024 verts=225360 texStalls=0 recompiles=688 underruns=10 overruns=0 sleep_us=11007601 queue_ms=19
fps: 30.0
vis: 59.9
cpu: exceptions=10084 cacheResets=1 batches=15024 verts=225360 texStalls=0 recompiles=688 underruns=10 overruns=0 sleep_us=11219532 queue_ms=14
fps: 30.0
vis: 59.9
cpu: exceptions=10246 cacheResets=1 batches=15024 verts=225360 texStalls=0 recompiles=688 underruns=10 overruns=0 sleep_us=11432362 queue_ms=20
fps: 29.9
vis: 60.0
cpu: exceptions=10398 cacheResets=1 batches=15024 verts=225360 texStalls=0 recompiles=688 underruns=10 overruns=0 sleep_us=11642351 queue_ms=17
fps: 30.0
vis: 60.0
cpu: exceptions=10554 cacheResets=1 batches=15024 verts=225360 texStalls=0 recompiles=688 underruns=10 overruns=0 sleep_us=11848352 queue_ms=23
fps: 30.0
vis: 60.0
cpu: exceptions=10703 cacheResets=1 batches=15024 verts=225360 texStalls=0 recompiles=688 underruns=10 overruns=0 sleep_us=12068529 queue_ms=20
fps: 29.9
vis: 59.8
cpu: exceptions=10905 cacheResets=1 batches=15024 verts=225360 texStalls=0 recompiles=688 underruns=10 overruns=0 sleep_us=12255583 queue_ms=16
fps: 29.9
vis: 59.8
cpu: exceptions=11098 cacheResets=1 batches=15024 verts=225360 texStalls=0 recompiles=688 underruns=10 overruns=0 sleep_us=12434106 queue_ms=22
fps: 29.9
vis: 59.9
cpu: exceptions=11280 cacheResets=1 batches=15024 verts=225360 texStalls=0 recompiles=688 underruns=10 overruns=0 sleep_us=12620295 queue_ms=17
fps: 30.0
vis: 59.9
cpu: exceptions=11454 cacheResets=1 batches=15024 verts=225360 texStalls=0 recompiles=688 underruns=10 overruns=0 sleep_us=12810784 queue_ms=13
fps: 30.0
vis: 59.9
cpu: exceptions=11625 cacheResets=1 batches=15024 verts=225360 texStalls=0 recompiles=688 underruns=10 overruns=0 sleep_us=13001615 queue_ms=20
fps: 29.9
vis: 59.8
cpu: exceptions=11797 cacheResets=1 batches=15024 verts=225360 texStalls=0 recompiles=688 underruns=10 overruns=0 sleep_us=13191802 queue_ms=16
fps: 28.3
vis: 59.8
cpu: exceptions=11971 cacheResets=1 batches=15024 verts=225360 texStalls=0 recompiles=692 underruns=11 overruns=0 sleep_us=13381054 queue_ms=12
vis: 60.0
cpu: exceptions=12130 cacheResets=1 batches=15024 verts=225360 texStalls=0 recompiles=692 underruns=11 overruns=0 sleep_us=13561729 queue_ms=8
vis: 60.0
cpu: exceptions=12257 cacheResets=1 batches=15024 verts=225360 texStalls=0 recompiles=692 underruns=11 overruns=0 sleep_us=13715223 queue_ms=4
vis: 60.0
cpu: exceptions=12376 cacheResets=1 batches=15024 verts=225360 texStalls=0 recompiles=692 underruns=11 overruns=0 sleep_us=13920345 queue_ms=11
fps: 6.7
vis: 59.7
cpu: exceptions=12555 cacheResets=1 batches=15024 verts=225360 texStalls=0 recompiles=720 underruns=12 overruns=0 sleep_us=14125418 queue_ms=29
fps: 31.8
vis: 58.8
cpu: exceptions=12748 cacheResets=1 batches=15024 verts=225360 texStalls=0 recompiles=721 underruns=12 overruns=0 sleep_us=14275478 queue_ms=26
fps: 29.2
vis: 60.0
cpu: exceptions=12969 cacheResets=1 batches=15024 verts=225360 texStalls=0 recompiles=721 underruns=12 overruns=0 sleep_us=14376722 queue_ms=22
fps: 30.2
vis: 59.5
cpu: exceptions=13180 cacheResets=1 batches=15024 verts=225360 texStalls=0 recompiles=721 underruns=12 overruns=0 sleep_us=14483742 queue_ms=17
fps: 29.7
vis: 59.4
cpu: exceptions=13384 cacheResets=1 batches=15024 verts=225360 texStalls=0 recompiles=721 underruns=12 overruns=0 sleep_us=14600276 queue_ms=13
fps: 29.7
vis: 59.4
cpu: exceptions=13572 cacheResets=1 batches=15024 verts=225360 texStalls=0 recompiles=721 underruns=12 overruns=0 sleep_us=14765072 queue_ms=10
fps: 29.8
vis: 59.1
cpu: exceptions=13759 cacheResets=1 batches=15024 verts=225360 texStalls=0 recompiles=724 underruns=12 overruns=0 sleep_us=14923315 queue_ms=6
fps: 29.5
vis: 59.8
cpu: exceptions=13945 cacheResets=1 batches=15024 verts=225360 texStalls=0 recompiles=731 underruns=13 overruns=0 sleep_us=15076019 queue_ms=13
fps: 29.9
vis: 59.6
cpu: exceptions=14125 cacheResets=1 batches=15024 verts=225360 texStalls=0 recompiles=731 underruns=13 overruns=0 sleep_us=15259565 queue_ms=10
fps: 29.8
vis: 59.3
cpu: exceptions=14318 cacheResets=1 batches=15024 verts=225360 texStalls=0 recompiles=731 underruns=13 overruns=0 sleep_us=15426227 queue_ms=5
fps: 29.9
vis: 59.7
cpu: exceptions=14505 cacheResets=1 batches=15024 verts=225360 texStalls=0 recompiles=731 underruns=14 overruns=0 sleep_us=15600414 queue_ms=22
fps: 29.8
vis: 59.8
cpu: exceptions=14681 cacheResets=1 batches=15024 verts=225360 texStalls=0 recompiles=731 underruns=14 overruns=0 sleep_us=15784447 queue_ms=19
fps: 30.0
vis: 59.8
cpu: exceptions=14848 cacheResets=1 batches=15024 verts=225360 texStalls=0 recompiles=731 underruns=14 overruns=0 sleep_us=15984041 queue_ms=15
fps: 29.9
vis: 59.8
cpu: exceptions=15023 cacheResets=1 batches=15024 verts=225360 texStalls=0 recompiles=731 underruns=14 overruns=0 sleep_us=16173736 queue_ms=22
fps: 30.0
vis: 60.0
cpu: exceptions=15181 cacheResets=1 batches=15024 verts=225360 texStalls=0 recompiles=731 underruns=14 overruns=0 sleep_us=16385264 queue_ms=18
fps: 30.0
vis: 59.9
cpu: exceptions=15342 cacheResets=1 batches=15024 verts=225360 texStalls=0 recompiles=731 underruns=14 overruns=0 sleep_us=16596993 queue_ms=13
fps: 28.9
vis: 59.6
cpu: exceptions=15526 cacheResets=1 batches=15024 verts=225360 texStalls=0 recompiles=732 underruns=15 overruns=0 sleep_us=16773329 queue_ms=9
vis: 60.0
cpu: exceptions=15697 cacheResets=1 batches=15024 verts=225360 texStalls=0 recompiles=732 underruns=15 overruns=0 sleep_us=16939021 queue_ms=16
vis: 60.0
cpu: exceptions=15804 cacheResets=1 batches=15024 verts=225360 texStalls=0 recompiles=732 underruns=15 overruns=0 sleep_us=17102801 queue_ms=13
vis: 60.0
cpu: exceptions=15954 cacheResets=1 batches=15024 verts=225360 texStalls=0 recompiles=733 underruns=15 overruns=0 sleep_us=17321500 queue_ms=8
vis: 60.0
cpu: exceptions=16116 cacheResets=1 batches=15024 verts=225360 texStalls=0 recompiles=734 underruns=15 overruns=0 sleep_us=17541797 queue_ms=14
fps: 6.4
vis: 59.7
cpu: exceptions=16297 cacheResets=1 batches=15024 verts=225360 texStalls=0 recompiles=761 underruns=17 overruns=0 sleep_us=17671250 queue_ms=32
fps: 32.2
vis: 59.7
cpu: exceptions=16477 cacheResets=1 batches=15024 verts=225360 texStalls=0 recompiles=761 underruns=17 overruns=0 sleep_us=17841669 queue_ms=27
fps: 29.8
vis: 59.8
cpu: exceptions=16653 cacheResets=1 batches=15024 verts=225360 texStalls=0 recompiles=761 underruns=17 overruns=0 sleep_us=18014346 queue_ms=34
fps: 30.0
vis: 59.7
cpu: exceptions=16826 cacheResets=1 batches=15024 verts=225360 texStalls=0 recompiles=761 underruns=17 overruns=0 sleep_us=18187077 queue_ms=30
fps: 29.8
vis: 59.7
cpu: exceptions=17001 cacheResets=1 batches=15024 verts=225360 texStalls=0 recompiles=761 underruns=17 overruns=0 sleep_us=18363874 queue_ms=26
fps: 29.9
vis: 58.9
cpu: exceptions=17172 cacheResets=1 batches=15024 verts=225360 texStalls=0 recompiles=765 underruns=17 overruns=0 sleep_us=18537766 queue_ms=22
fps: 29.3
vis: 59.5
cpu: exceptions=17350 cacheResets=1 batches=15024 verts=225360 texStalls=0 recompiles=767 underruns=17 overruns=0 sleep_us=18685424 queue_ms=17
fps: 29.8
vis: 59.6
cpu: exceptions=17517 cacheResets=1 batches=15024 verts=225360 texStalls=0 recompiles=767 underruns=17 overruns=0 sleep_us=18837744 queue_ms=13
fps: 29.9
vis: 59.6
cpu: exceptions=17687 cacheResets=1 batches=15024 verts=225360 texStalls=0 recompiles=767 underruns=17 overruns=0 sleep_us=19004501 queue_ms=9
fps: 29.8
vis: 59.2
cpu: exceptions=17867 cacheResets=1 batches=15024 verts=225360 texStalls=0 recompiles=767 underruns=17 overruns=0 sleep_us=19167856 queue_ms=5
fps: 29.6
vis: 59.7
cpu: exceptions=18045 cacheResets=1 batches=15024 verts=225360 texStalls=0 recompiles=767 underruns=18 overruns=0 sleep_us=19325909 queue_ms=12
fps: 29.8
vis: 59.7
cpu: exceptions=18220 cacheResets=1 batches=15024 verts=225360 texStalls=0 recompiles=767 underruns=18 overruns=0 sleep_us=19487529 queue_ms=8
fps: 29.9
vis: 59.8
cpu: exceptions=18386 cacheResets=1 batches=15024 verts=225360 texStalls=0 recompiles=767 underruns=18 overruns=0 sleep_us=19657622 queue_ms=14
fps: 29.9
vis: 59.3
cpu: exceptions=18554 cacheResets=1 batches=15024 verts=225360 texStalls=0 recompiles=767 underruns=18 overruns=0 sleep_us=19845819 queue_ms=11
fps: 29.6
vis: 59.8
cpu: exceptions=18711 cacheResets=1 batches=15024 verts=225360 texStalls=0 recompiles=767 underruns=18 overruns=0 sleep_us=20037671 queue_ms=7
fps: 29.1
vis: 59.7
cpu: exceptions=18870 cacheResets=1 batches=15024 verts=225360 texStalls=0 recompiles=767 underruns=19 overruns=0 sleep_us=20227711 queue_ms=14
fps: 29.8
vis: 60.0
cpu: exceptions=20025 cacheResets=1 batches=15024 verts=225360 texStalls=0 recompiles=776 underruns=19 overruns=0 sleep_us=20365329 queue_ms=10
vis: 60.0
cpu: exceptions=20192 cacheResets=1 batches=15024 verts=225360 texStalls=0 recompiles=829 underruns=19 overruns=0 sleep_us=20647514 queue_ms=17
vis: 60.0
cpu: exceptions=20290 cacheResets=1 batches=15024 verts=225360 texStalls=0 recompiles=829 underruns=19 overruns=0 sleep_us=21002696 queue_ms=13
vis: 60.0
cpu: exceptions=20479 cacheResets=1 batches=15024 verts=225360 texStalls=0 recompiles=1016 underruns=20 overruns=0 sleep_us=21314466 queue_ms=31
vis: 60.0
cpu: exceptions=20558 cacheResets=1 batches=15024 verts=225360 texStalls=0 recompiles=1016 underruns=21 overruns=0 sleep_us=21761940 queue_ms=5
fps: 3.2
vis: 60.0
cpu: exceptions=20764 cacheResets=1 batches=19639 verts=268494 texStalls=0 recompiles=1373 underruns=23 overruns=0 sleep_us=21812720 queue_ms=35
fps: 31.7
vis: 59.5
cpu: exceptions=21001 cacheResets=1 batches=25239 verts=319914 texStalls=0 recompiles=1405 underruns=23 overruns=0 sleep_us=21853470 queue_ms=31
fps: 29.6
vis: 58.0
cpu: exceptions=21296 cacheResets=1 batches=31151 verts=373206 texStalls=0 recompiles=1410 underruns=23 overruns=0 sleep_us=21862205 queue_ms=17
fps: 28.8
vis: 55.7
cpu: exceptions=21613 cacheResets=1 batches=36857 verts=424074 texStalls=0 recompiles=1410 underruns=26 overruns=0 sleep_us=21866867 queue_ms=13
fps: 27.4
vis: 54.2
cpu: exceptions=21958 cacheResets=1 batches=42695 verts=475734 texStalls=0 recompiles=1416 underruns=30 overruns=0 sleep_us=21871319 queue_ms=5
fps: 27.5
vis: 60.0
cpu: exceptions=22291 cacheResets=1 batches=48000 verts=525384 texStalls=0 recompiles=1417 underruns=32 overruns=0 sleep_us=21890123 queue_ms=23
fps: 31.1
vis: 60.0
cpu: exceptions=22592 cacheResets=1 batches=52181 verts=568290 texStalls=0 recompiles=1417 underruns=32 overruns=0 sleep_us=21982486 queue_ms=30
fps: 30.0
vis: 60.0
cpu: exceptions=22905 cacheResets=1 batches=55753 verts=607542 texStalls=0 recompiles=1421 underruns=32 overruns=0 sleep_us=22063058 queue_ms=26
fps: 30.1
vis: 60.0
cpu: exceptions=23222 cacheResets=1 batches=58849 verts=643938 texStalls=0 recompiles=1422 underruns=32 overruns=0 sleep_us=22174318 queue_ms=22
fps: 30.0
vis: 60.0
cpu: exceptions=23530 cacheResets=1 batches=61869 verts=679878 texStalls=0 recompiles=1435 underruns=32 overruns=0 sleep_us=22278658 queue_ms=28
fps: 29.9
vis: 60.0
cpu: exceptions=23832 cacheResets=1 batches=64798 verts=715272 texStalls=0 recompiles=1502 underruns=32 overruns=0 sleep_us=22367557 queue_ms=24
fps: 30.1
vis: 60.0
cpu: exceptions=24138 cacheResets=1 batches=67707 verts=750546 texStalls=0 recompiles=1504 underruns=32 overruns=0 sleep_us=22463183 queue_ms=31
fps: 30.1
vis: 60.0
cpu: exceptions=24453 cacheResets=1 batches=70590 verts=785664 texStalls=0 recompiles=1504 underruns=32 overruns=0 sleep_us=22580064 queue_ms=26
fps: 30.0
vis: 60.0
cpu: exceptions=24747 cacheResets=1 batches=73478 verts=820812 texStalls=0 recompiles=1504 underruns=32 overruns=0 sleep_us=22704472 queue_ms=34
fps: 29.2
vis: 60.0
cpu: exceptions=25033 cacheResets=1 batches=76422 verts=856296 texStalls=0 recompiles=1504 underruns=32 overruns=0 sleep_us=22835514 queue_ms=19
mark: stop reason: chain guest VI limit
mark: stop_it requested
audio: alist_resample_calls=124134 alist_resample_samples=18520696 alist_zoh_calls=0 alist_zoh_samples=0 musyx_subframes=0 musyx_voices=0 musyx_voice_peak=0
audio_stages: adpcm_calls=128102 adpcm_samples=19590016 envmix_calls=124134 envmix_samples=18520696 mix_calls=21240 mix_samples=8156160 musyx_fx_calls=0 musyx_fx_taps=0 output_calls=3566 output_samples=1595408
audio_envmix: exp_calls=0 ge_calls=0 lin_calls=0 nead_calls=124134 exp_steady=0 ge_steady=0 lin_steady=0
audio_gaps: nead_mats=0 nead_efz=0 resample_flag2=0 musyx_ptr10=0
audio_output: stream_requests=7385 stream_fed=5539 input_hz=26807 playback_hz=26807 queue_peak_ms=139
probe_schema: version=2 self=1 interval=127
vm_io: read_ahead=1 reads=0 hits=0 read_bytes=0 writes=0 write_bytes=0 errors=0
subsystem_time: stage=rsp_gfx calls=1428 timed_calls=1428 period=1 timed_us=19663974
subsystem_time: stage=rsp_audio calls=3540 timed_calls=3540 period=1 timed_us=3014257
subsystem_time: stage=rsp_other calls=0 timed_calls=0 period=1 timed_us=0
subsystem_time: stage=lookup calls=8678100 timed_calls=68331 period=127 timed_us=15475
subsystem_time: stage=compile calls=1504 timed_calls=1504 period=1 timed_us=203213
subsystem_time: stage=dispatch calls=8651835 timed_calls=68124 period=127 timed_us=60179
subsystem_self: stage=dispatch calls=8651835 timed_calls=68124 self_us=39673 dropped=0
subsystem_time: stage=execute_inclusive calls=8651835 timed_calls=68124 period=127 timed_us=470961
subsystem_self: stage=execute_inclusive calls=8651835 timed_calls=68124 self_us=116495 dropped=0
subsystem_time: stage=rom_copy calls=8289 timed_calls=8289 period=1 timed_us=71285
subsystem_time: stage=present calls=3599 timed_calls=3599 period=1 timed_us=66125
subsystem_time: stage=limiter calls=2140 timed_calls=2140 period=1 timed_us=22849761
subsystem_time: stage=vm_fault calls=0 timed_calls=0 period=1 timed_us=0
subsystem_time: stage=vm_victim calls=0 timed_calls=0 period=1 timed_us=0
subsystem_time: stage=vm_read calls=0 timed_calls=0 period=1 timed_us=0
subsystem_time: stage=vm_write calls=0 timed_calls=0 period=1 timed_us=0
subsystem_time: stage=tex_hash calls=231269 timed_calls=231269 period=1 timed_us=1564838
subsystem_time: stage=tex_lookup calls=231269 timed_calls=231269 period=1 timed_us=357852
subsystem_time: stage=tex_load calls=1733 timed_calls=1733 period=1 timed_us=127613
subsystem_time: stage=tex_activate calls=231269 timed_calls=231269 period=1 timed_us=63537
subsystem_time: stage=draw_triangles calls=76811 timed_calls=76811 period=1 timed_us=169032
subsystem_time: stage=draw_rect calls=199209 timed_calls=199209 period=1 timed_us=2563957
subsystem_time: stage=gfx_list calls=1428 timed_calls=1428 period=1 timed_us=19660819
subsystem_time: stage=gfx_command calls=3052105 timed_calls=24032 period=127 timed_us=158300
gfx_ucodes: mask=00040000
gfx_opcode: op=01 calls=39357 timed_calls=314 timed_us=144
gfx_opcode: op=03 calls=4732 timed_calls=44 timed_us=48
gfx_opcode: op=04 calls=74849 timed_calls=554 timed_us=1989
gfx_opcode: op=06 calls=126570 timed_calls=947 timed_us=158
gfx_opcode: op=b1 calls=89645 timed_calls=765 timed_us=5697
gfx_opcode: op=b4 calls=811 timed_calls=8 timed_us=1
gfx_opcode: op=b5 calls=21636 timed_calls=179 timed_us=286
gfx_opcode: op=b6 calls=21527 timed_calls=177 timed_us=29
gfx_opcode: op=b7 calls=13822 timed_calls=106 timed_us=16
gfx_opcode: op=b8 calls=127998 timed_calls=986 timed_us=126
gfx_opcode: op=b9 calls=89659 timed_calls=704 timed_us=115
gfx_opcode: op=ba calls=160056 timed_calls=1283 timed_us=228
gfx_opcode: op=bb calls=35718 timed_calls=296 timed_us=63
gfx_opcode: op=bc calls=34815 timed_calls=258 timed_us=60
gfx_opcode: op=bd calls=36 timed_calls=0 timed_us=0
gfx_opcode: op=bf calls=64440 timed_calls=456 timed_us=2022
gfx_opcode: op=c0 calls=16873 timed_calls=139 timed_us=20
gfx_opcode: op=e4 calls=190158 timed_calls=1505 timed_us=20824
gfx_opcode: op=e6 calls=236572 timed_calls=1861 timed_us=224
gfx_opcode: op=e7 calls=327789 timed_calls=2617 timed_us=334
gfx_opcode: op=e8 calls=41869 timed_calls=342 timed_us=40
gfx_opcode: op=e9 calls=1428 timed_calls=10 timed_us=15
gfx_opcode: op=ed calls=8043 timed_calls=63 timed_us=30
gfx_opcode: op=f0 calls=4851 timed_calls=38 timed_us=190
gfx_opcode: op=f2 calls=227707 timed_calls=1790 timed_us=475
gfx_opcode: op=f3 calls=40772 timed_calls=309 timed_us=3487
gfx_opcode: op=f4 calls=190949 timed_calls=1508 timed_us=13006
gfx_opcode: op=f5 calls=464279 timed_calls=3643 timed_us=657
gfx_opcode: op=f6 calls=10516 timed_calls=95 timed_us=2779
gfx_opcode: op=f7 calls=10090 timed_calls=83 timed_us=33
gfx_opcode: op=fa calls=40837 timed_calls=309 timed_us=58
gfx_opcode: op=fb calls=23942 timed_calls=183 timed_us=29
gfx_opcode: op=fc calls=67479 timed_calls=531 timed_us=77
gfx_opcode: op=fd calls=236572 timed_calls=1881 timed_us=306
gfx_opcode: op=fe calls=1427 timed_calls=12 timed_us=9
gfx_opcode: op=ff calls=4281 timed_calls=36 timed_us=102702
subsystem_time: stage=vertex calls=544112 timed_calls=4284 period=127 timed_us=1347
subsystem_time: stage=gfx_state calls=287905 timed_calls=2266 period=127 timed_us=21664
subsystem_self: stage=gfx_state calls=287905 timed_calls=2266 self_us=4959 dropped=0
subsystem_time: stage=gx_wait calls=4 timed_calls=4 period=1 timed_us=2553
subsystem_time: stage=dma_pi calls=8289 timed_calls=8289 period=1 timed_us=144854
subsystem_time: stage=dma_sp calls=9936 timed_calls=9936 period=1 timed_us=10080
subsystem_time: stage=dma_si calls=2986 timed_calls=2986 period=1 timed_us=34111
subsystem_time: stage=tlb_translate calls=0 timed_calls=0 period=127 timed_us=0
subsystem_time: stage=pif calls=2987 timed_calls=2987 period=1 timed_us=31653
subsystem_time: stage=input calls=5712 timed_calls=5712 period=1 timed_us=25576
subsystem_time: stage=guest_interrupt calls=33470 timed_calls=33470 period=1 timed_us=23088893
subsystem_self: stage=guest_interrupt calls=33470 timed_calls=33470 self_us=63343 dropped=0
subsystem_time: stage=interpreter_inclusive calls=0 timed_calls=0 period=1 timed_us=0
subsystem_self: stage=interpreter_inclusive calls=0 timed_calls=0 self_us=0 dropped=0
subsystem_time: stage=audio_submit calls=3566 timed_calls=3566 period=1 timed_us=35041
subsystem_time: stage=audio_callback calls=36078 timed_calls=36078 period=1 timed_us=25264
subsystem_time: stage=memory_slow calls=1357231 timed_calls=10686 period=127 timed_us=233802
subsystem_self: stage=memory_slow calls=1357231 timed_calls=10686 self_us=5884 dropped=0
subsystem_time: stage=jit_invalidate calls=26265 timed_calls=206 period=127 timed_us=45
subsystem_time: stage=cpu_helper calls=35812700 timed_calls=281989 period=127 timed_us=241328
subsystem_time: stage=storage_read calls=0 timed_calls=0 period=1 timed_us=0
subsystem_time: stage=storage_write calls=0 timed_calls=0 period=1 timed_us=0
subsystem_time: stage=save_load calls=0 timed_calls=0 period=1 timed_us=0
subsystem_time: stage=save_write calls=0 timed_calls=0 period=1 timed_us=0
subsystem_time: stage=state_load calls=0 timed_calls=0 period=1 timed_us=0
subsystem_time: stage=state_save calls=0 timed_calls=0 period=1 timed_us=0
subsystem_time: stage=probe_io calls=8 timed_calls=8 period=1 timed_us=116574
subsystem_time: stage=agent_poll calls=7231 timed_calls=7231 period=1 timed_us=1779
audio_time: stage=resample sampled_calls=977 sampled_samples=145512 sampled_us=6186
audio_time: stage=zoh sampled_calls=0 sampled_samples=0 sampled_us=0
audio_time: stage=adpcm sampled_calls=1008 sampled_samples=155232 sampled_us=6425
audio_time: stage=envmix_exp sampled_calls=0 sampled_samples=0 sampled_us=0
audio_time: stage=envmix_ge sampled_calls=0 sampled_samples=0 sampled_us=0
audio_time: stage=envmix_lin sampled_calls=0 sampled_samples=0 sampled_us=0
audio_time: stage=envmix_nead sampled_calls=977 sampled_samples=145512 sampled_us=8736
audio_time: stage=mix sampled_calls=167 sampled_samples=64128 sampled_us=1033
audio_time: stage=musyx_voice sampled_calls=0 sampled_samples=0 sampled_us=0
audio_time: stage=musyx_fx sampled_calls=0 sampled_samples=0 sampled_us=0
audio_time: stage=output sampled_calls=28 sampled_samples=12480 sampled_us=220
gpu_counters: clks=14720559631 tb_clks=14720559712 ras_busy=376776191 xf_wait_in=14308192149 xf_wait_out=188676264 ras_peak_permille=41 ztop_in=1452451800 ztop_out=1423814504 z_in=5198904 z_out=4386100 blend_in=1429335260 copy_clks=145890260 fifo_overflows=0
game: n=2/9 how=vis vis=3600 vi_rate=60 vi0_retrace=3143 wall_us=60578341 sleep_us=22843499 avg_vis=59.25 avg_fps=27.48 exceptions=25069 cacheResets=1 recompiles=1504 batches=76811 verts=861006 texStalls=0 treeDepthMax=14 underruns=33 overruns=0 queue_peak_ms=122 dsp_avg=1.50 dsp_peak=1.80 dsp_samples=121 pmc1=27357169100 pmc2=30243350961 pmc3=0 pmc4=0 mmcr0=00000042 mmcr1=00000000 heap_used=10895544 heap_free=33352 arena1_free=294912 arena2_free=288704 flushes=8 flush_us=116572 padtrace=21 rom=sd:/wii64/roms/Mario Kart 64.v64
=== chain 2/9 end vis=3600 how=vis rom=sd:/wii64/roms/Mario Kart 64.v64 ===
mark: pad replay records: 1
mark: loadROM: enter
mark: loadROM: before rom_read
mark: ROMCache_load: enter
mark: ROMCache_load: before first read
mark: ROMCache_load: first read returned
mark: ROMCache_load: byte_swap_type set
mark: ROMCache_load: first byte_swap done
menufps: 0.0
menufps: 8.5
menufps: 8.1
menufps: 8.0
menufps: 7.8
menufps: 8.0
menufps: 8.1
mark: ROMCache_load: loop exited normally
mark: ROMCache_load: elapsed_us=3823807 bytes=16777216 vm=0
mark: loadROM: after rom_read
mark: loadROM: before init_memory
mark: loadROM: after init_memory
mark: loadROM: before romOpen_gfx
mark: loadROM: after romOpen_gfx / before romOpen_audio
mark: loadROM: after romOpen_audio / before romOpen_input
mark: loadROM: after romOpen_input / before cpu_init
mark: loadROM: after cpu_init
menufps: 6.6
menufps: 1.9
menufps: 1.0
menufps: 1.0
fps: 1.3
first_vi: vi0_retrace=7215
vis: 0.5
cpu: exceptions=0 cacheResets=0 batches=0 verts=0 texStalls=0 recompiles=0 underruns=0 overruns=0 sleep_us=0 queue_ms=0
mark: CPU core dispatch: dynarec
vis: 45.2
cpu: exceptions=30 cacheResets=1 batches=0 verts=0 texStalls=0 recompiles=138 underruns=0 overruns=0 sleep_us=0 queue_ms=0
vis: 60.0
cpu: exceptions=60 cacheResets=1 batches=0 verts=0 texStalls=0 recompiles=138 underruns=0 overruns=0 sleep_us=277285 queue_ms=0
vis: 58.9
cpu: exceptions=225 cacheResets=1 batches=0 verts=0 texStalls=0 recompiles=232 underruns=0 overruns=0 sleep_us=512697 queue_ms=0
vis: 60.0
cpu: exceptions=519 cacheResets=1 batches=0 verts=0 texStalls=0 recompiles=616 underruns=1 overruns=0 sleep_us=760692 queue_ms=21
fps: 0.4
vis: 60.0
cpu: exceptions=727 cacheResets=1 batches=44 verts=2262 texStalls=0 recompiles=1897 underruns=2 overruns=0 sleep_us=877370 queue_ms=52
vis: 60.0
cpu: exceptions=882 cacheResets=1 batches=44 verts=2262 texStalls=0 recompiles=1902 underruns=2 overruns=0 sleep_us=1127797 queue_ms=56
fps: 1.3
vis: 60.0
cpu: exceptions=1065 cacheResets=1 batches=387 verts=14094 texStalls=0 recompiles=1990 underruns=2 overruns=0 sleep_us=1369596 queue_ms=61
fps: 30.0
vis: 60.0
cpu: exceptions=1252 cacheResets=1 batches=1177 verts=35124 texStalls=0 recompiles=2005 underruns=2 overruns=0 sleep_us=1635938 queue_ms=65
fps: 30.0
vis: 60.0
cpu: exceptions=1435 cacheResets=1 batches=2204 verts=57576 texStalls=0 recompiles=2008 underruns=2 overruns=0 sleep_us=1892023 queue_ms=69
fps: 30.0
vis: 60.0
cpu: exceptions=1618 cacheResets=1 batches=3260 verts=80202 texStalls=0 recompiles=2008 underruns=2 overruns=0 sleep_us=2146890 queue_ms=61
fps: 30.0
vis: 60.0
cpu: exceptions=1794 cacheResets=1 batches=4321 verts=102648 texStalls=0 recompiles=2011 underruns=2 overruns=0 sleep_us=2400781 queue_ms=65
fps: 30.0
vis: 60.0
cpu: exceptions=1989 cacheResets=1 batches=5383 verts=124680 texStalls=0 recompiles=2011 underruns=2 overruns=0 sleep_us=2655637 queue_ms=61
fps: 30.0
vis: 60.0
cpu: exceptions=2173 cacheResets=1 batches=6417 verts=146544 texStalls=0 recompiles=2028 underruns=2 overruns=0 sleep_us=2910019 queue_ms=65
fps: 30.0
vis: 60.0
cpu: exceptions=2356 cacheResets=1 batches=7583 verts=174672 texStalls=0 recompiles=2028 underruns=2 overruns=0 sleep_us=3147222 queue_ms=70
fps: 29.9
vis: 60.0
cpu: exceptions=2557 cacheResets=1 batches=9167 verts=213516 texStalls=0 recompiles=2035 underruns=2 overruns=0 sleep_us=3333047 queue_ms=61
fps: 30.0
vis: 60.0
cpu: exceptions=2747 cacheResets=1 batches=10846 verts=247458 texStalls=0 recompiles=2046 underruns=2 overruns=0 sleep_us=3525392 queue_ms=57
fps: 30.1
vis: 60.0
cpu: exceptions=2921 cacheResets=1 batches=12375 verts=272292 texStalls=0 recompiles=2062 underruns=2 overruns=0 sleep_us=3752507 queue_ms=61
fps: 30.0
vis: 60.0
cpu: exceptions=3096 cacheResets=1 batches=13663 verts=295680 texStalls=0 recompiles=2062 underruns=2 overruns=0 sleep_us=4007680 queue_ms=66
fps: 29.4
vis: 60.0
cpu: exceptions=3268 cacheResets=1 batches=14744 verts=317826 texStalls=0 recompiles=2063 underruns=2 overruns=0 sleep_us=4273407 queue_ms=57
fps: 30.0
vis: 60.0
cpu: exceptions=3456 cacheResets=1 batches=15784 verts=339726 texStalls=0 recompiles=2063 underruns=2 overruns=0 sleep_us=4534857 queue_ms=61
fps: 30.0
vis: 60.0
cpu: exceptions=3638 cacheResets=1 batches=16805 verts=361512 texStalls=0 recompiles=2063 underruns=2 overruns=0 sleep_us=4795689 queue_ms=44
fps: 29.9
vis: 60.0
cpu: exceptions=3832 cacheResets=1 batches=18106 verts=397746 texStalls=0 recompiles=2063 underruns=2 overruns=0 sleep_us=5008724 queue_ms=49
fps: 30.0
vis: 60.0
cpu: exceptions=4032 cacheResets=1 batches=19443 verts=435108 texStalls=0 recompiles=2064 underruns=2 overruns=0 sleep_us=5220966 queue_ms=53
fps: 29.9
vis: 60.0
cpu: exceptions=4235 cacheResets=1 batches=21682 verts=470712 texStalls=0 recompiles=2080 underruns=2 overruns=0 sleep_us=5399037 queue_ms=57
fps: 29.7
vis: 60.0
cpu: exceptions=4422 cacheResets=1 batches=26578 verts=511338 texStalls=0 recompiles=2080 underruns=2 overruns=0 sleep_us=5512091 queue_ms=62
fps: 30.0
vis: 60.0
cpu: exceptions=4617 cacheResets=1 batches=31920 verts=554640 texStalls=0 recompiles=2080 underruns=2 overruns=0 sleep_us=5617743 queue_ms=45
fps: 30.0
vis: 60.0
cpu: exceptions=4809 cacheResets=1 batches=37021 verts=596496 texStalls=0 recompiles=2081 underruns=2 overruns=0 sleep_us=5737749 queue_ms=49
fps: 30.0
vis: 60.0
cpu: exceptions=5005 cacheResets=1 batches=42078 verts=638088 texStalls=0 recompiles=2082 underruns=2 overruns=0 sleep_us=5858608 queue_ms=53
fps: 30.0
vis: 59.6
cpu: exceptions=5204 cacheResets=1 batches=47253 verts=680388 texStalls=0 recompiles=2082 underruns=2 overruns=0 sleep_us=5974671 queue_ms=58
fps: 29.9
vis: 60.0
cpu: exceptions=5414 cacheResets=1 batches=51910 verts=733260 texStalls=0 recompiles=2083 underruns=2 overruns=0 sleep_us=6081246 queue_ms=41
mark: stop reason: chain guest VI limit
mark: stop_it requested
audio: alist_resample_calls=7273 alist_resample_samples=1338232 alist_zoh_calls=0 alist_zoh_samples=0 musyx_subframes=0 musyx_voices=0 musyx_voice_peak=0
audio_stages: adpcm_calls=5684 adpcm_samples=629344 envmix_calls=5654 envmix_samples=1040336 mix_calls=32380 mix_samples=5957920 musyx_fx_calls=0 musyx_fx_taps=0 output_calls=405 output_samples=297160
audio_envmix: exp_calls=0 ge_calls=0 lin_calls=5654 nead_calls=0 exp_steady=0 ge_steady=0 lin_steady=5208
audio_gaps: nead_mats=0 nead_efz=0 resample_flag2=0 musyx_ptr10=0
audio_output: stream_requests=3472 stream_fed=1031 input_hz=21998 playback_hz=21998 queue_peak_ms=87
probe_schema: version=2 self=1 interval=127
vm_io: read_ahead=1 reads=0 hits=0 read_bytes=0 writes=0 write_bytes=0 errors=0
subsystem_time: stage=rsp_gfx calls=358 timed_calls=358 period=1 timed_us=1672902
subsystem_time: stage=rsp_audio calls=406 timed_calls=406 period=1 timed_us=307860
subsystem_time: stage=rsp_other calls=0 timed_calls=0 period=1 timed_us=0
subsystem_time: stage=lookup calls=4415575 timed_calls=34768 period=127 timed_us=8739
subsystem_time: stage=compile calls=2083 timed_calls=2083 period=1 timed_us=177805
subsystem_time: stage=dispatch calls=4132134 timed_calls=32536 period=127 timed_us=31874
subsystem_self: stage=dispatch calls=4132134 timed_calls=32536 self_us=20198 dropped=0
subsystem_time: stage=execute_inclusive calls=4132134 timed_calls=32536 period=127 timed_us=92115
subsystem_self: stage=execute_inclusive calls=4132134 timed_calls=32536 self_us=48234 dropped=0
subsystem_time: stage=rom_copy calls=640 timed_calls=640 period=1 timed_us=14314
subsystem_time: stage=present calls=899 timed_calls=899 period=1 timed_us=62608
subsystem_time: stage=limiter calls=848 timed_calls=848 period=1 timed_us=6117116
subsystem_time: stage=vm_fault calls=0 timed_calls=0 period=1 timed_us=0
subsystem_time: stage=vm_victim calls=0 timed_calls=0 period=1 timed_us=0
subsystem_time: stage=vm_read calls=0 timed_calls=0 period=1 timed_us=0
subsystem_time: stage=vm_write calls=0 timed_calls=0 period=1 timed_us=0
subsystem_time: stage=tex_hash calls=48848 timed_calls=48848 period=1 timed_us=388659
subsystem_time: stage=tex_lookup calls=48848 timed_calls=48848 period=1 timed_us=12658
subsystem_time: stage=tex_load calls=28 timed_calls=28 period=1 timed_us=1994
subsystem_time: stage=tex_activate calls=48848 timed_calls=48848 period=1 timed_us=30899
subsystem_time: stage=draw_triangles calls=52520 timed_calls=52520 period=1 timed_us=204486
subsystem_time: stage=draw_rect calls=0 timed_calls=0 period=1 timed_us=0
subsystem_time: stage=gfx_list calls=358 timed_calls=358 period=1 timed_us=1672209
subsystem_time: stage=gfx_command calls=1088190 timed_calls=8568 period=127 timed_us=14283
gfx_ucodes: mask=00000002
gfx_opcode: op=01 calls=45295 timed_calls=363 timed_us=189
gfx_opcode: op=03 calls=1920 timed_calls=16 timed_us=9
gfx_opcode: op=04 calls=38254 timed_calls=315 timed_us=1355
gfx_opcode: op=06 calls=56222 timed_calls=453 timed_us=73
gfx_opcode: op=b1 calls=122759 timed_calls=950 timed_us=7426
gfx_opcode: op=b6 calls=23590 timed_calls=186 timed_us=23
gfx_opcode: op=b7 calls=20998 timed_calls=159 timed_us=19
gfx_opcode: op=b8 calls=56580 timed_calls=447 timed_us=55
gfx_opcode: op=b9 calls=20685 timed_calls=148 timed_us=21
gfx_opcode: op=ba calls=59170 timed_calls=468 timed_us=70
gfx_opcode: op=bb calls=19239 timed_calls=161 timed_us=31
gfx_opcode: op=bc calls=44452 timed_calls=340 timed_us=49
gfx_opcode: op=bd calls=39275 timed_calls=306 timed_us=38
gfx_opcode: op=bf calls=1784 timed_calls=14 timed_us=98
gfx_opcode: op=e6 calls=44251 timed_calls=347 timed_us=39
gfx_opcode: op=e7 calls=155667 timed_calls=1211 timed_us=139
gfx_opcode: op=e9 calls=358 timed_calls=3 timed_us=3
gfx_opcode: op=ed calls=358 timed_calls=4 timed_us=4
gfx_opcode: op=f0 calls=4597 timed_calls=37 timed_us=33
gfx_opcode: op=f2 calls=46899 timed_calls=370 timed_us=95
gfx_opcode: op=f3 calls=48848 timed_calls=395 timed_us=2886
gfx_opcode: op=f5 calls=97281 timed_calls=769 timed_us=137
gfx_opcode: op=f6 calls=716 timed_calls=9 timed_us=667
gfx_opcode: op=f7 calls=716 timed_calls=3 timed_us=2
gfx_opcode: op=f9 calls=5752 timed_calls=38 timed_us=5
gfx_opcode: op=fa calls=41646 timed_calls=332 timed_us=57
gfx_opcode: op=fb calls=17478 timed_calls=137 timed_us=26
gfx_opcode: op=fc calls=18523 timed_calls=141 timed_us=19
gfx_opcode: op=fd calls=53445 timed_calls=437 timed_us=68
gfx_opcode: op=fe calls=358 timed_calls=4 timed_us=3
gfx_opcode: op=ff calls=1074 timed_calls=5 timed_us=2
subsystem_time: stage=vertex calls=360552 timed_calls=2838 period=127 timed_us=888
subsystem_time: stage=gfx_state calls=84009 timed_calls=661 period=127 timed_us=4786
subsystem_self: stage=gfx_state calls=84009 timed_calls=661 self_us=1366 dropped=0
subsystem_time: stage=gx_wait calls=4 timed_calls=4 period=1 timed_us=2555
subsystem_time: stage=dma_pi calls=640 timed_calls=640 period=1 timed_us=27314
subsystem_time: stage=dma_sp calls=1528 timed_calls=1528 period=1 timed_us=1733
subsystem_time: stage=dma_si calls=1147 timed_calls=1147 period=1 timed_us=11710
subsystem_time: stage=tlb_translate calls=0 timed_calls=0 period=127 timed_us=0
subsystem_time: stage=pif calls=1149 timed_calls=1149 period=1 timed_us=10722
subsystem_time: stage=input calls=807 timed_calls=807 period=1 timed_us=8463
subsystem_time: stage=guest_interrupt calls=6624 timed_calls=6624 period=1 timed_us=6227801
subsystem_self: stage=guest_interrupt calls=6624 timed_calls=6624 self_us=22509 dropped=0
subsystem_time: stage=interpreter_inclusive calls=0 timed_calls=0 period=1 timed_us=0
subsystem_self: stage=interpreter_inclusive calls=0 timed_calls=0 self_us=0 dropped=0
subsystem_time: stage=audio_submit calls=405 timed_calls=405 period=1 timed_us=6577
subsystem_time: stage=audio_callback calls=9520 timed_calls=9520 period=1 timed_us=5347
subsystem_time: stage=memory_slow calls=487973 timed_calls=3842 period=127 timed_us=3554
subsystem_self: stage=memory_slow calls=487973 timed_calls=3842 self_us=1742 dropped=0
subsystem_time: stage=jit_invalidate calls=283441 timed_calls=2231 period=127 timed_us=554
subsystem_time: stage=cpu_helper calls=12620516 timed_calls=99374 period=127 timed_us=71520
subsystem_time: stage=storage_read calls=0 timed_calls=0 period=1 timed_us=0
subsystem_time: stage=storage_write calls=0 timed_calls=0 period=1 timed_us=0
subsystem_time: stage=save_load calls=0 timed_calls=0 period=1 timed_us=0
subsystem_time: stage=save_write calls=0 timed_calls=0 period=1 timed_us=0
subsystem_time: stage=state_load calls=0 timed_calls=0 period=1 timed_us=0
subsystem_time: stage=state_save calls=0 timed_calls=0 period=1 timed_us=0
subsystem_time: stage=probe_io calls=3 timed_calls=3 period=1 timed_us=32152
subsystem_time: stage=agent_poll calls=1817 timed_calls=1817 period=1 timed_us=557
audio_time: stage=resample sampled_calls=57 sampled_samples=10488 sampled_us=412
audio_time: stage=zoh sampled_calls=0 sampled_samples=0 sampled_us=0
audio_time: stage=adpcm sampled_calls=44 sampled_samples=4752 sampled_us=212
audio_time: stage=envmix_exp sampled_calls=0 sampled_samples=0 sampled_us=0
audio_time: stage=envmix_ge sampled_calls=0 sampled_samples=0 sampled_us=0
audio_time: stage=envmix_lin sampled_calls=44 sampled_samples=8096 sampled_us=705
audio_time: stage=envmix_nead sampled_calls=0 sampled_samples=0 sampled_us=0
audio_time: stage=mix sampled_calls=254 sampled_samples=46736 sampled_us=773
audio_time: stage=musyx_voice sampled_calls=0 sampled_samples=0 sampled_us=0
audio_time: stage=musyx_fx sampled_calls=0 sampled_samples=0 sampled_us=0
audio_time: stage=output sampled_calls=3 sampled_samples=2208 sampled_us=39
gpu_counters: clks=3720326158 tb_clks=3720326240 ras_busy=138662887 xf_wait_in=3282232416 xf_wait_out=388538681 ras_peak_permille=49 ztop_in=544501860 ztop_out=521074744 z_in=0 z_out=0 blend_in=521137424 copy_clks=50676197 fifo_overflows=830
game: n=3/9 how=vis vis=900 vi_rate=60 vi0_retrace=7215 wall_us=15309807 sleep_us=6114598 avg_vis=57.56 avg_fps=26.61 exceptions=5450 cacheResets=1 recompiles=2083 batches=52520 verts=741906 texStalls=0 treeDepthMax=31 underruns=3 overruns=0 queue_peak_ms=70 dsp_avg=1.40 dsp_peak=1.75 dsp_samples=31 pmc1=6486906068 pmc2=6689848555 pmc3=0 pmc4=0 mmcr0=00000042 mmcr1=00000000 heap_used=10930424 heap_free=35336 arena1_free=258048 arena2_free=288704 flushes=3 flush_us=32151 padtrace=0 rom=sd:/wii64/roms/Banjo-Kazooie.V64
=== chain 3/9 end vis=900 how=vis rom=sd:/wii64/roms/Banjo-Kazooie.V64 ===
mark: pad replay records: 1
mark: loadROM: enter
mark: loadROM: before rom_read
mark: ROMCache_load: enter
mark: ROMCache_load: before first read
mark: ROMCache_load: first read returned
mark: ROMCache_load: byte_swap_type set
mark: ROMCache_load: first byte_swap done
menufps: 0.1
menufps: 8.4
menufps: 8.3
menufps: 8.0
menufps: 8.1
menufps: 7.5
menufps: 8.1
mark: ROMCache_load: loop exited normally
mark: ROMCache_load: elapsed_us=3815157 bytes=16777216 vm=0
mark: loadROM: after rom_read
mark: loadROM: before init_memory
mark: loadROM: after init_memory
mark: loadROM: before romOpen_gfx
mark: loadROM: after romOpen_gfx / before romOpen_audio
mark: loadROM: after romOpen_audio / before romOpen_input
mark: loadROM: after romOpen_input / before cpu_init
mark: loadROM: after cpu_init
menufps: 3.4
menufps: 1.0
menufps: 1.0
fps: 0.7
first_vi: vi0_retrace=8571
vis: 0.9
cpu: exceptions=0 cacheResets=0 batches=0 verts=0 texStalls=0 recompiles=0 underruns=0 overruns=0 sleep_us=0 queue_ms=0
mark: CPU core dispatch: dynarec
vis: 60.0
cpu: exceptions=1472 cacheResets=1 batches=0 verts=0 texStalls=0 recompiles=421 underruns=0 overruns=0 sleep_us=75147 queue_ms=157
fps: 3.1
vis: 60.0
cpu: exceptions=2356 cacheResets=1 batches=0 verts=0 texStalls=0 recompiles=425 underruns=0 overruns=0 sleep_us=412233 queue_ms=160
fps: 60.9
vis: 60.0
cpu: exceptions=2626 cacheResets=1 batches=0 verts=0 texStalls=0 recompiles=425 underruns=0 overruns=0 sleep_us=824303 queue_ms=156
fps: 60.0
vis: 60.0
cpu: exceptions=2919 cacheResets=1 batches=0 verts=0 texStalls=0 recompiles=468 underruns=0 overruns=0 sleep_us=1223340 queue_ms=162
vis: 60.0
cpu: exceptions=3299 cacheResets=1 batches=0 verts=0 texStalls=0 recompiles=468 underruns=0 overruns=0 sleep_us=1572191 queue_ms=157
fps: 14.7
vis: 51.8
cpu: exceptions=3628 cacheResets=1 batches=1934 verts=51708 texStalls=0 recompiles=742 underruns=0 overruns=0 sleep_us=1744803 queue_ms=87
fps: 57.1
vis: 60.0
cpu: exceptions=3919 cacheResets=1 batches=8714 verts=229188 texStalls=0 recompiles=763 underruns=0 overruns=0 sleep_us=1767617 queue_ms=82
fps: 58.9
vis: 60.0
cpu: exceptions=4214 cacheResets=1 batches=15486 verts=406620 texStalls=0 recompiles=771 underruns=0 overruns=0 sleep_us=1791949 queue_ms=78
fps: 60.0
vis: 60.0
cpu: exceptions=4513 cacheResets=1 batches=22236 verts=583920 texStalls=0 recompiles=775 underruns=0 overruns=0 sleep_us=1816893 queue_ms=75
fps: 60.0
vis: 60.0
cpu: exceptions=4804 cacheResets=1 batches=28986 verts=761220 texStalls=0 recompiles=775 underruns=0 overruns=0 sleep_us=1845544 queue_ms=79
fps: 60.0
vis: 60.0
cpu: exceptions=5093 cacheResets=1 batches=35736 verts=938520 texStalls=0 recompiles=775 underruns=0 overruns=0 sleep_us=1876485 queue_ms=77
fps: 60.0
vis: 60.0
cpu: exceptions=5387 cacheResets=1 batches=42486 verts=1115820 texStalls=0 recompiles=775 underruns=0 overruns=0 sleep_us=1904206 queue_ms=72
fps: 60.0
vis: 60.0
cpu: exceptions=5674 cacheResets=1 batches=49236 verts=1293120 texStalls=0 recompiles=777 underruns=0 overruns=0 sleep_us=1935930 queue_ms=78
fps: 60.0
vis: 60.0
cpu: exceptions=5968 cacheResets=1 batches=55986 verts=1470420 texStalls=0 recompiles=777 underruns=0 overruns=0 sleep_us=1958502 queue_ms=74
fps: 60.0
vis: 60.0
cpu: exceptions=6266 cacheResets=1 batches=62736 verts=1647720 texStalls=0 recompiles=777 underruns=0 overruns=0 sleep_us=1978889 queue_ms=80
fps: 60.0
vis: 60.0
cpu: exceptions=6560 cacheResets=1 batches=69486 verts=1825020 texStalls=0 recompiles=777 underruns=0 overruns=0 sleep_us=1998902 queue_ms=75
fps: 60.0
vis: 60.0
cpu: exceptions=6858 cacheResets=1 batches=76236 verts=2002320 texStalls=0 recompiles=777 underruns=0 overruns=0 sleep_us=2016627 queue_ms=81
fps: 60.0
vis: 60.0
cpu: exceptions=7151 cacheResets=1 batches=82986 verts=2179620 texStalls=0 recompiles=777 underruns=0 overruns=0 sleep_us=2036055 queue_ms=77
fps: 60.0
vis: 60.0
cpu: exceptions=7442 cacheResets=1 batches=89736 verts=2356920 texStalls=0 recompiles=777 underruns=0 overruns=0 sleep_us=2057550 queue_ms=73
fps: 60.0
vis: 60.0
cpu: exceptions=7732 cacheResets=1 batches=96486 verts=2534220 texStalls=0 recompiles=777 underruns=0 overruns=0 sleep_us=2080541 queue_ms=79
fps: 60.0
vis: 60.0
cpu: exceptions=8021 cacheResets=1 batches=103236 verts=2711520 texStalls=0 recompiles=777 underruns=0 overruns=0 sleep_us=2107923 queue_ms=74
fps: 59.6
vis: 59.8
cpu: exceptions=8318 cacheResets=1 batches=109986 verts=2888820 texStalls=0 recompiles=777 underruns=0 overruns=0 sleep_us=2129336 queue_ms=80
fps: 60.1
vis: 60.0
cpu: exceptions=8611 cacheResets=1 batches=116736 verts=3066120 texStalls=0 recompiles=777 underruns=0 overruns=0 sleep_us=2134723 queue_ms=76
fps: 59.1
vis: 59.0
cpu: exceptions=8924 cacheResets=1 batches=123486 verts=3243420 texStalls=0 recompiles=777 underruns=0 overruns=0 sleep_us=2134723 queue_ms=73
fps: 58.7
vis: 58.6
cpu: exceptions=9242 cacheResets=1 batches=130236 verts=3420720 texStalls=0 recompiles=777 underruns=0 overruns=0 sleep_us=2134723 queue_ms=59
fps: 58.8
vis: 58.8
cpu: exceptions=9560 cacheResets=1 batches=136986 verts=3598020 texStalls=0 recompiles=777 underruns=0 overruns=0 sleep_us=2134723 queue_ms=47
fps: 58.7
vis: 58.8
cpu: exceptions=9873 cacheResets=1 batches=143736 verts=3775320 texStalls=0 recompiles=777 underruns=0 overruns=0 sleep_us=2134723 queue_ms=34
fps: 57.9
vis: 59.3
cpu: exceptions=10182 cacheResets=1 batches=150486 verts=3952620 texStalls=0 recompiles=777 underruns=0 overruns=0 sleep_us=2134723 queue_ms=21
fps: 59.7
vis: 58.3
cpu: exceptions=10494 cacheResets=1 batches=157588 verts=4141185 texStalls=0 recompiles=777 underruns=1 overruns=0 sleep_us=2135680 queue_ms=18
fps: 52.3
vis: 52.8
cpu: exceptions=10771 cacheResets=1 batches=165553 verts=4361586 texStalls=0 recompiles=777 underruns=8 overruns=0 sleep_us=2135680 queue_ms=18
mark: stop reason: chain guest VI limit
mark: stop_it requested
audio: alist_resample_calls=10077 alist_resample_samples=1250096 alist_zoh_calls=0 alist_zoh_samples=0 musyx_subframes=0 musyx_voices=0 musyx_voice_peak=0
audio_stages: adpcm_calls=9759 adpcm_samples=1154016 envmix_calls=10077 envmix_samples=1250096 mix_calls=79024 mix_samples=10544864 musyx_fx_calls=0 musyx_fx_taps=0 output_calls=897 output_samples=478768
audio_envmix: exp_calls=10077 ge_calls=0 lin_calls=0 nead_calls=0 exp_steady=5510 ge_steady=0 lin_steady=0
audio_gaps: nead_mats=0 nead_efz=0 resample_flag2=0 musyx_ptr10=0
audio_output: stream_requests=3444 stream_fed=1662 input_hz=32006 playback_hz=32006 queue_peak_ms=181
probe_schema: version=2 self=1 interval=127
vm_io: read_ahead=1 reads=0 hits=0 read_bytes=0 writes=0 write_bytes=0 errors=0
subsystem_time: stage=rsp_gfx calls=810 timed_calls=810 period=1 timed_us=6550891
subsystem_time: stage=rsp_audio calls=898 timed_calls=898 period=1 timed_us=593417
subsystem_time: stage=rsp_other calls=0 timed_calls=0 period=1 timed_us=0
subsystem_time: stage=lookup calls=3610038 timed_calls=28425 period=127 timed_us=6229
subsystem_time: stage=compile calls=777 timed_calls=777 period=1 timed_us=106309
subsystem_time: stage=dispatch calls=3517139 timed_calls=27694 period=127 timed_us=25013
subsystem_self: stage=dispatch calls=3517139 timed_calls=27694 self_us=16324 dropped=0
subsystem_time: stage=execute_inclusive calls=3517139 timed_calls=27694 period=127 timed_us=121280
subsystem_self: stage=execute_inclusive calls=3517139 timed_calls=27694 self_us=48694 dropped=0
subsystem_time: stage=rom_copy calls=1024 timed_calls=1024 period=1 timed_us=14748
subsystem_time: stage=present calls=899 timed_calls=899 period=1 timed_us=42419
subsystem_time: stage=limiter calls=643 timed_calls=643 period=1 timed_us=2137746
subsystem_time: stage=vm_fault calls=0 timed_calls=0 period=1 timed_us=0
subsystem_time: stage=vm_victim calls=0 timed_calls=0 period=1 timed_us=0
subsystem_time: stage=vm_read calls=0 timed_calls=0 period=1 timed_us=0
subsystem_time: stage=vm_write calls=0 timed_calls=0 period=1 timed_us=0
subsystem_time: stage=tex_hash calls=147492 timed_calls=147492 period=1 timed_us=875614
subsystem_time: stage=tex_lookup calls=147492 timed_calls=147492 period=1 timed_us=60841
subsystem_time: stage=tex_load calls=136 timed_calls=136 period=1 timed_us=18893
subsystem_time: stage=tex_activate calls=147492 timed_calls=147492 period=1 timed_us=94651
subsystem_time: stage=draw_triangles calls=167028 timed_calls=167028 period=1 timed_us=609756
subsystem_time: stage=draw_rect calls=5440 timed_calls=5440 period=1 timed_us=125389
subsystem_time: stage=gfx_list calls=810 timed_calls=810 period=1 timed_us=6549375
subsystem_time: stage=gfx_command calls=5319454 timed_calls=41885 period=127 timed_us=55712
gfx_ucodes: mask=00000004
gfx_opcode: op=01 calls=343835 timed_calls=2738 timed_us=9478
gfx_opcode: op=02 calls=4507 timed_calls=41 timed_us=9
gfx_opcode: op=03 calls=108045 timed_calls=828 timed_us=97
gfx_opcode: op=05 calls=40387 timed_calls=324 timed_us=2175
gfx_opcode: op=06 calls=713540 timed_calls=5582 timed_us=21921
gfx_opcode: op=d5 calls=3 timed_calls=0 timed_us=0
gfx_opcode: op=d7 calls=105143 timed_calls=838 timed_us=147
gfx_opcode: op=d8 calls=109877 timed_calls=852 timed_us=110
gfx_opcode: op=d9 calls=416576 timed_calls=3292 timed_us=425
gfx_opcode: op=da calls=172226 timed_calls=1359 timed_us=903
gfx_opcode: op=db calls=73735 timed_calls=589 timed_us=107
gfx_opcode: op=dc calls=7700 timed_calls=64 timed_us=50
gfx_opcode: op=de calls=136822 timed_calls=1083 timed_us=210
gfx_opcode: op=df calls=130819 timed_calls=1038 timed_us=133
gfx_opcode: op=e2 calls=331942 timed_calls=2627 timed_us=357
gfx_opcode: op=e3 calls=238410 timed_calls=1849 timed_us=289
gfx_opcode: op=e4 calls=5440 timed_calls=44 timed_us=1111
gfx_opcode: op=e6 calls=248817 timed_calls=1944 timed_us=233
gfx_opcode: op=e7 calls=719043 timed_calls=5672 timed_us=673
gfx_opcode: op=e8 calls=93600 timed_calls=744 timed_us=87
gfx_opcode: op=e9 calls=810 timed_calls=6 timed_us=7
gfx_opcode: op=ed calls=6080 timed_calls=44 timed_us=15
gfx_opcode: op=f0 calls=104244 timed_calls=839 timed_us=692
gfx_opcode: op=f2 calls=146037 timed_calls=1138 timed_us=309
gfx_opcode: op=f3 calls=127782 timed_calls=994 timed_us=8497
gfx_opcode: op=f4 calls=13870 timed_calls=107 timed_us=1151
gfx_opcode: op=f5 calls=342984 timed_calls=2662 timed_us=503
gfx_opcode: op=f6 calls=3080 timed_calls=29 timed_us=2185
gfx_opcode: op=f7 calls=3080 timed_calls=27 timed_us=12
gfx_opcode: op=f8 calls=6650 timed_calls=51 timed_us=11
gfx_opcode: op=f9 calls=75228 timed_calls=583 timed_us=96
gfx_opcode: op=fa calls=118261 timed_calls=953 timed_us=178
gfx_opcode: op=fb calls=14604 timed_calls=117 timed_us=20
gfx_opcode: op=fc calls=112981 timed_calls=894 timed_us=135
gfx_opcode: op=fd calls=235676 timed_calls=1870 timed_us=268
gfx_opcode: op=fe calls=810 timed_calls=7 timed_us=6
gfx_opcode: op=ff calls=6810 timed_calls=56 timed_us=20
subsystem_time: stage=vertex calls=2761556 timed_calls=21744 period=127 timed_us=5729
subsystem_time: stage=gfx_state calls=147504 timed_calls=1161 period=127 timed_us=11680
subsystem_self: stage=gfx_state calls=147504 timed_calls=1161 self_us=3538 dropped=0
subsystem_time: stage=gx_wait calls=4 timed_calls=4 period=1 timed_us=2562
subsystem_time: stage=dma_pi calls=2023 timed_calls=2023 period=1 timed_us=30370
subsystem_time: stage=dma_sp calls=3416 timed_calls=3416 period=1 timed_us=3833
subsystem_time: stage=dma_si calls=4478 timed_calls=4478 period=1 timed_us=22430
subsystem_time: stage=tlb_translate calls=0 timed_calls=0 period=127 timed_us=0
subsystem_time: stage=pif calls=4479 timed_calls=4479 period=1 timed_us=20940
subsystem_time: stage=input calls=3508 timed_calls=3508 period=1 timed_us=14732
subsystem_time: stage=guest_interrupt calls=12476 timed_calls=12476 period=1 timed_us=2240687
subsystem_self: stage=guest_interrupt calls=12476 timed_calls=12476 self_us=28558 dropped=0
subsystem_time: stage=interpreter_inclusive calls=0 timed_calls=0 period=1 timed_us=0
subsystem_self: stage=interpreter_inclusive calls=0 timed_calls=0 self_us=0 dropped=0
subsystem_time: stage=audio_submit calls=898 timed_calls=898 period=1 timed_us=10497
subsystem_time: stage=audio_callback calls=9557 timed_calls=9557 period=1 timed_us=8363
subsystem_time: stage=memory_slow calls=833888 timed_calls=6566 period=127 timed_us=49528
subsystem_self: stage=memory_slow calls=833888 timed_calls=6566 self_us=3319 dropped=0
subsystem_time: stage=jit_invalidate calls=92899 timed_calls=731 period=127 timed_us=156
subsystem_time: stage=cpu_helper calls=10719386 timed_calls=84404 period=127 timed_us=16148
subsystem_time: stage=storage_read calls=0 timed_calls=0 period=1 timed_us=0
subsystem_time: stage=storage_write calls=0 timed_calls=0 period=1 timed_us=0
subsystem_time: stage=save_load calls=0 timed_calls=0 period=1 timed_us=0
subsystem_time: stage=save_write calls=0 timed_calls=0 period=1 timed_us=0
subsystem_time: stage=state_load calls=0 timed_calls=0 period=1 timed_us=0
subsystem_time: stage=state_save calls=0 timed_calls=0 period=1 timed_us=0
subsystem_time: stage=probe_io calls=4 timed_calls=4 period=1 timed_us=39561
subsystem_time: stage=agent_poll calls=1823 timed_calls=1823 period=1 timed_us=524
audio_time: stage=resample sampled_calls=79 sampled_samples=10240 sampled_us=444
audio_time: stage=zoh sampled_calls=0 sampled_samples=0 sampled_us=0
audio_time: stage=adpcm sampled_calls=76 sampled_samples=8016 sampled_us=376
audio_time: stage=envmix_exp sampled_calls=79 sampled_samples=10240 sampled_us=1194
audio_time: stage=envmix_ge sampled_calls=0 sampled_samples=0 sampled_us=0
audio_time: stage=envmix_lin sampled_calls=0 sampled_samples=0 sampled_us=0
audio_time: stage=envmix_nead sampled_calls=0 sampled_samples=0 sampled_us=0
audio_time: stage=mix sampled_calls=622 sampled_samples=83008 sampled_us=1336
audio_time: stage=musyx_voice sampled_calls=0 sampled_samples=0 sampled_us=0
audio_time: stage=musyx_fx sampled_calls=0 sampled_samples=0 sampled_us=0
audio_time: stage=output sampled_calls=7 sampled_samples=3712 sampled_us=67
gpu_counters: clks=3742500741 tb_clks=3742500820 ras_busy=223493292 xf_wait_in=3333700195 xf_wait_out=195496590 ras_peak_permille=102 ztop_in=699049364 ztop_out=566202948 z_in=119838328 z_out=102098716 blend_in=686410128 copy_clks=84737322 fifo_overflows=0
game: n=4/9 how=vis vis=900 vi_rate=60 vi0_retrace=8571 wall_us=15401157 sleep_us=2135680 avg_vis=57.36 avg_fps=53.81 exceptions=10824 cacheResets=1 recompiles=777 batches=167028 verts=4402401 texStalls=0 treeDepthMax=12 underruns=10 overruns=0 queue_peak_ms=162 dsp_avg=1.69 dsp_peak=1.90 dsp_samples=31 pmc1=9497753429 pmc2=10067044183 pmc3=0 pmc4=0 mmcr0=00000042 mmcr1=00000000 heap_used=10842648 heap_free=155880 arena1_free=225280 arena2_free=288704 flushes=4 flush_us=39560 padtrace=0 rom=sd:/wii64/roms/Pokemon Snap.rom
=== chain 4/9 end vis=900 how=vis rom=sd:/wii64/roms/Pokemon Snap.rom ===
mark: pad replay records: 1
mark: loadROM: enter
mark: loadROM: before rom_read
mark: ROMCache_load: enter
mark: ROMCache_load: before first read
mark: ROMCache_load: first read returned
mark: ROMCache_load: byte_swap_type set
mark: ROMCache_load: first byte_swap done
menufps: 0.1
menufps: 8.4
menufps: 7.5
menufps: 8.3
menufps: 8.3
menufps: 8.3
menufps: 8.0
mark: ROMCache_load: loop exited normally
mark: ROMCache_load: elapsed_us=3800054 bytes=16777216 vm=0
mark: loadROM: after rom_read
mark: loadROM: before init_memory
mark: loadROM: after init_memory
mark: loadROM: before romOpen_gfx
mark: loadROM: after romOpen_gfx / before romOpen_audio
mark: loadROM: after romOpen_audio / before romOpen_input
mark: loadROM: after romOpen_input / before cpu_init
mark: loadROM: after cpu_init
menufps: 3.4
menufps: 1.0
menufps: 1.0
fps: 1.6
first_vi: vi0_retrace=9929
vis: 0.8
cpu: exceptions=0 cacheResets=0 batches=0 verts=0 texStalls=0 recompiles=0 underruns=0 overruns=0 sleep_us=0 queue_ms=0
mark: CPU core dispatch: dynarec
vis: 60.0
cpu: exceptions=3974 cacheResets=1 batches=0 verts=0 texStalls=0 recompiles=223 underruns=0 overruns=0 sleep_us=34733 queue_ms=147
fps: 1.1
vis: 60.0
cpu: exceptions=8400 cacheResets=1 batches=0 verts=0 texStalls=0 recompiles=394 underruns=0 overruns=0 sleep_us=128405 queue_ms=152
fps: 61.1
vis: 60.0
cpu: exceptions=8583 cacheResets=1 batches=0 verts=0 texStalls=0 recompiles=410 underruns=0 overruns=0 sleep_us=549571 queue_ms=148
vis: 60.0
cpu: exceptions=8853 cacheResets=1 batches=0 verts=0 texStalls=0 recompiles=437 underruns=0 overruns=0 sleep_us=934222 queue_ms=154
vis: 58.4
cpu: exceptions=9725 cacheResets=1 batches=0 verts=0 texStalls=0 recompiles=591 underruns=0 overruns=0 sleep_us=1234785 queue_ms=141
fps: 19.7
vis: 60.0
cpu: exceptions=9926 cacheResets=1 batches=3074 verts=75342 texStalls=0 recompiles=765 underruns=0 overruns=0 sleep_us=1430301 queue_ms=137
fps: 63.3
vis: 60.0
cpu: exceptions=10138 cacheResets=1 batches=6254 verts=153282 texStalls=0 recompiles=765 underruns=0 overruns=0 sleep_us=1656219 queue_ms=133
fps: 60.0
vis: 60.0
cpu: exceptions=10349 cacheResets=1 batches=9434 verts=231222 texStalls=0 recompiles=767 underruns=0 overruns=0 sleep_us=1880023 queue_ms=139
fps: 60.0
vis: 60.0
cpu: exceptions=10586 cacheResets=1 batches=12557 verts=305742 texStalls=0 recompiles=784 underruns=0 overruns=0 sleep_us=2088337 queue_ms=135
fps: 60.0
vis: 60.0
cpu: exceptions=10810 cacheResets=1 batches=15647 verts=378282 texStalls=0 recompiles=784 underruns=0 overruns=0 sleep_us=2306930 queue_ms=140
fps: 60.1
vis: 60.0
cpu: exceptions=11032 cacheResets=1 batches=18737 verts=450822 texStalls=0 recompiles=784 underruns=0 overruns=0 sleep_us=2531989 queue_ms=136
fps: 59.9
vis: 60.0
cpu: exceptions=11252 cacheResets=1 batches=21827 verts=523362 texStalls=0 recompiles=784 underruns=0 overruns=0 sleep_us=2756823 queue_ms=142
fps: 60.0
vis: 60.0
cpu: exceptions=11476 cacheResets=1 batches=24917 verts=595902 texStalls=0 recompiles=784 underruns=0 overruns=0 sleep_us=2980722 queue_ms=138
fps: 60.0
vis: 60.0
cpu: exceptions=11699 cacheResets=1 batches=28007 verts=668442 texStalls=0 recompiles=784 underruns=0 overruns=0 sleep_us=3205027 queue_ms=134
fps: 60.0
vis: 60.0
cpu: exceptions=11950 cacheResets=1 batches=31857 verts=759942 texStalls=0 recompiles=829 underruns=0 overruns=0 sleep_us=3373089 queue_ms=139
fps: 59.9
vis: 60.0
cpu: exceptions=12204 cacheResets=1 batches=36087 verts=860922 texStalls=0 recompiles=829 underruns=0 overruns=0 sleep_us=3539810 queue_ms=136
fps: 58.8
vis: 60.0
cpu: exceptions=12434 cacheResets=1 batches=40317 verts=961902 texStalls=0 recompiles=829 underruns=0 overruns=0 sleep_us=3707731 queue_ms=132
fps: 59.9
vis: 60.0
cpu: exceptions=12704 cacheResets=1 batches=44547 verts=1062882 texStalls=0 recompiles=832 underruns=0 overruns=0 sleep_us=3851021 queue_ms=128
fps: 59.9
vis: 60.0
cpu: exceptions=13006 cacheResets=1 batches=48777 verts=1163862 texStalls=0 recompiles=832 underruns=0 overruns=0 sleep_us=4004049 queue_ms=133
fps: 60.2
vis: 60.0
cpu: exceptions=13283 cacheResets=1 batches=53007 verts=1264842 texStalls=0 recompiles=833 underruns=0 overruns=0 sleep_us=4174748 queue_ms=130
fps: 60.0
vis: 60.0
cpu: exceptions=13537 cacheResets=1 batches=57207 verts=1365642 texStalls=0 recompiles=835 underruns=0 overruns=0 sleep_us=4337736 queue_ms=126
fps: 60.0
vis: 60.0
cpu: exceptions=13820 cacheResets=1 batches=61427 verts=1466562 texStalls=0 recompiles=839 underruns=0 overruns=0 sleep_us=4494294 queue_ms=131
fps: 60.1
vis: 60.0
cpu: exceptions=14068 cacheResets=1 batches=65687 verts=1567722 texStalls=0 recompiles=839 underruns=0 overruns=0 sleep_us=4678157 queue_ms=127
fps: 60.0
vis: 60.0
cpu: exceptions=14329 cacheResets=1 batches=69947 verts=1668882 texStalls=0 recompiles=851 underruns=0 overruns=0 sleep_us=4844886 queue_ms=133
fps: 60.0
vis: 60.0
cpu: exceptions=14584 cacheResets=1 batches=74207 verts=1770042 texStalls=0 recompiles=851 underruns=0 overruns=0 sleep_us=5020215 queue_ms=129
fps: 60.0
vis: 60.0
cpu: exceptions=14859 cacheResets=1 batches=78467 verts=1871202 texStalls=0 recompiles=851 underruns=0 overruns=0 sleep_us=5187414 queue_ms=125
fps: 59.9
vis: 60.0
cpu: exceptions=15143 cacheResets=1 batches=82727 verts=1972362 texStalls=0 recompiles=851 underruns=0 overruns=0 sleep_us=5346079 queue_ms=130
fps: 60.0
vis: 60.0
cpu: exceptions=15420 cacheResets=1 batches=86987 verts=2073522 texStalls=0 recompiles=851 underruns=0 overruns=0 sleep_us=5502203 queue_ms=127
fps: 59.9
vis: 60.0
cpu: exceptions=15691 cacheResets=1 batches=91897 verts=2198832 texStalls=0 recompiles=853 underruns=0 overruns=0 sleep_us=5627227 queue_ms=132
fps: 60.0
mark: stop reason: chain guest VI limit
vis: 57.9
cpu: exceptions=15948 cacheResets=1 batches=96769 verts=2324634 texStalls=0 recompiles=853 underruns=0 overruns=0 sleep_us=5747883 queue_ms=111
mark: stop_it requested
audio: alist_resample_calls=16686 alist_resample_samples=3070224 alist_zoh_calls=0 alist_zoh_samples=0 musyx_subframes=0 musyx_voices=0 musyx_voice_peak=0
audio_stages: adpcm_calls=16351 adpcm_samples=2627312 envmix_calls=16686 envmix_samples=3070224 mix_calls=106152 mix_samples=19531968 musyx_fx_calls=0 musyx_fx_taps=0 output_calls=897 output_samples=478768
audio_envmix: exp_calls=0 ge_calls=0 lin_calls=16686 nead_calls=0 exp_steady=0 ge_steady=0 lin_steady=10581
audio_gaps: nead_mats=0 nead_efz=0 resample_flag2=0 musyx_ptr10=0
audio_output: stream_requests=3333 stream_fed=1650 input_hz=32006 playback_hz=32006 queue_peak_ms=173
probe_schema: version=2 self=1 interval=127
vm_io: read_ahead=1 reads=0 hits=0 read_bytes=0 writes=0 write_bytes=0 errors=0
subsystem_time: stage=rsp_gfx calls=802 timed_calls=802 period=1 timed_us=3248294
subsystem_time: stage=rsp_audio calls=898 timed_calls=898 period=1 timed_us=977368
subsystem_time: stage=rsp_other calls=0 timed_calls=0 period=1 timed_us=0
subsystem_time: stage=lookup calls=3192258 timed_calls=25135 period=127 timed_us=5660
subsystem_time: stage=compile calls=853 timed_calls=853 period=1 timed_us=128156
subsystem_time: stage=dispatch calls=2956515 timed_calls=23279 period=127 timed_us=21946
subsystem_self: stage=dispatch calls=2956515 timed_calls=23279 self_us=14273 dropped=0
subsystem_time: stage=execute_inclusive calls=2956515 timed_calls=23279 period=127 timed_us=126955
subsystem_self: stage=execute_inclusive calls=2956515 timed_calls=23279 self_us=37279 dropped=0
subsystem_time: stage=rom_copy calls=10701 timed_calls=10701 period=1 timed_us=30182
subsystem_time: stage=present calls=899 timed_calls=899 period=1 timed_us=38022
subsystem_time: stage=limiter calls=852 timed_calls=852 period=1 timed_us=5750487
subsystem_time: stage=vm_fault calls=0 timed_calls=0 period=1 timed_us=0
subsystem_time: stage=vm_victim calls=0 timed_calls=0 period=1 timed_us=0
subsystem_time: stage=vm_read calls=0 timed_calls=0 period=1 timed_us=0
subsystem_time: stage=vm_write calls=0 timed_calls=0 period=1 timed_us=0
subsystem_time: stage=tex_hash calls=64253 timed_calls=64253 period=1 timed_us=354639
subsystem_time: stage=tex_lookup calls=64253 timed_calls=64253 period=1 timed_us=42709
subsystem_time: stage=tex_load calls=104 timed_calls=104 period=1 timed_us=10721
subsystem_time: stage=tex_activate calls=64253 timed_calls=64253 period=1 timed_us=44212
subsystem_time: stage=draw_triangles calls=96769 timed_calls=96769 period=1 timed_us=342444
subsystem_time: stage=draw_rect calls=1843 timed_calls=1843 period=1 timed_us=27579
subsystem_time: stage=gfx_list calls=802 timed_calls=802 period=1 timed_us=3246629
subsystem_time: stage=gfx_command calls=2613861 timed_calls=20581 period=127 timed_us=24415
gfx_ucodes: mask=00000004
gfx_opcode: op=01 calls=140110 timed_calls=1430 timed_us=3971
gfx_opcode: op=02 calls=86703 timed_calls=559 timed_us=108
gfx_opcode: op=05 calls=15650 timed_calls=100 timed_us=670
gfx_opcode: op=06 calls=379614 timed_calls=2687 timed_us=10480
gfx_opcode: op=d7 calls=65982 timed_calls=426 timed_us=76
gfx_opcode: op=d8 calls=50592 timed_calls=461 timed_us=70
gfx_opcode: op=d9 calls=80934 timed_calls=635 timed_us=99
gfx_opcode: op=da calls=150962 timed_calls=1226 timed_us=729
gfx_opcode: op=db calls=170943 timed_calls=1061 timed_us=178
gfx_opcode: op=dc calls=9587 timed_calls=61 timed_us=41
gfx_opcode: op=de calls=105940 timed_calls=814 timed_us=153
gfx_opcode: op=df calls=87877 timed_calls=830 timed_us=106
gfx_opcode: op=e2 calls=105504 timed_calls=1096 timed_us=148
gfx_opcode: op=e3 calls=102337 timed_calls=893 timed_us=143
gfx_opcode: op=e4 calls=432 timed_calls=4 timed_us=85
gfx_opcode: op=e6 calls=114993 timed_calls=978 timed_us=116
gfx_opcode: op=e7 calls=337079 timed_calls=2535 timed_us=311
gfx_opcode: op=e8 calls=37632 timed_calls=234 timed_us=28
gfx_opcode: op=e9 calls=802 timed_calls=5 timed_us=7
gfx_opcode: op=ed calls=5224 timed_calls=31 timed_us=11
gfx_opcode: op=f0 calls=50740 timed_calls=448 timed_us=473
gfx_opcode: op=f2 calls=60982 timed_calls=674 timed_us=184
gfx_opcode: op=f3 calls=60905 timed_calls=523 timed_us=2037
gfx_opcode: op=f4 calls=3348 timed_calls=26 timed_us=457
gfx_opcode: op=f5 calls=152665 timed_calls=940 timed_us=182
gfx_opcode: op=f6 calls=2159 timed_calls=14 timed_us=1635
gfx_opcode: op=f7 calls=1550 timed_calls=12 timed_us=10
gfx_opcode: op=f8 calls=1271 timed_calls=7 timed_us=1
gfx_opcode: op=f9 calls=21547 timed_calls=140 timed_us=26
gfx_opcode: op=fa calls=13663 timed_calls=83 timed_us=15
gfx_opcode: op=fb calls=2767 timed_calls=19 timed_us=4
gfx_opcode: op=fc calls=75471 timed_calls=750 timed_us=101
gfx_opcode: op=fd calls=111924 timed_calls=842 timed_us=130
gfx_opcode: op=fe calls=802 timed_calls=7 timed_us=6
gfx_opcode: op=ff calls=5170 timed_calls=30 timed_us=12
subsystem_time: stage=vertex calls=830124 timed_calls=6536 period=127 timed_us=2731
subsystem_time: stage=gfx_state calls=491154 timed_calls=3867 period=127 timed_us=8913
subsystem_self: stage=gfx_state calls=491154 timed_calls=3867 self_us=5123 dropped=0
subsystem_time: stage=gx_wait calls=4 timed_calls=4 period=1 timed_us=2556
subsystem_time: stage=dma_pi calls=10702 timed_calls=10702 period=1 timed_us=75025
subsystem_time: stage=dma_sp calls=3400 timed_calls=3400 period=1 timed_us=3749
subsystem_time: stage=dma_si calls=963 timed_calls=963 period=1 timed_us=18582
subsystem_time: stage=tlb_translate calls=0 timed_calls=0 period=127 timed_us=0
subsystem_time: stage=pif calls=964 timed_calls=964 period=1 timed_us=17368
subsystem_time: stage=input calls=3536 timed_calls=3536 period=1 timed_us=14619
subsystem_time: stage=guest_interrupt calls=21711 timed_calls=21711 period=1 timed_us=5840420
subsystem_self: stage=guest_interrupt calls=21711 timed_calls=21711 self_us=27264 dropped=0
subsystem_time: stage=interpreter_inclusive calls=0 timed_calls=0 period=1 timed_us=0
subsystem_self: stage=interpreter_inclusive calls=0 timed_calls=0 self_us=0 dropped=0
subsystem_time: stage=audio_submit calls=898 timed_calls=898 period=1 timed_us=15351
subsystem_time: stage=audio_callback calls=9336 timed_calls=9336 period=1 timed_us=7905
subsystem_time: stage=memory_slow calls=953984 timed_calls=7511 period=127 timed_us=41801
subsystem_self: stage=memory_slow calls=953984 timed_calls=7511 self_us=3334 dropped=0
subsystem_time: stage=jit_invalidate calls=235743 timed_calls=1856 period=127 timed_us=462
subsystem_time: stage=cpu_helper calls=8441986 timed_calls=66472 period=127 timed_us=40050
subsystem_time: stage=storage_read calls=0 timed_calls=0 period=1 timed_us=0
subsystem_time: stage=storage_write calls=0 timed_calls=0 period=1 timed_us=0
subsystem_time: stage=save_load calls=0 timed_calls=0 period=1 timed_us=0
subsystem_time: stage=save_write calls=0 timed_calls=0 period=1 timed_us=0
subsystem_time: stage=state_load calls=0 timed_calls=0 period=1 timed_us=0
subsystem_time: stage=state_save calls=0 timed_calls=0 period=1 timed_us=0
subsystem_time: stage=probe_io calls=3 timed_calls=3 period=1 timed_us=31116
subsystem_time: stage=agent_poll calls=1810 timed_calls=1810 period=1 timed_us=505
audio_time: stage=resample sampled_calls=131 sampled_samples=24104 sampled_us=966
audio_time: stage=zoh sampled_calls=0 sampled_samples=0 sampled_us=0
audio_time: stage=adpcm sampled_calls=128 sampled_samples=21280 sampled_us=902
audio_time: stage=envmix_exp sampled_calls=0 sampled_samples=0 sampled_us=0
audio_time: stage=envmix_ge sampled_calls=0 sampled_samples=0 sampled_us=0
audio_time: stage=envmix_lin sampled_calls=131 sampled_samples=24104 sampled_us=2429
audio_time: stage=envmix_nead sampled_calls=0 sampled_samples=0 sampled_us=0
audio_time: stage=mix sampled_calls=835 sampled_samples=153640 sampled_us=2539
audio_time: stage=musyx_voice sampled_calls=0 sampled_samples=0 sampled_us=0
audio_time: stage=musyx_fx sampled_calls=0 sampled_samples=0 sampled_us=0
audio_time: stage=output sampled_calls=7 sampled_samples=3680 sampled_us=93
gpu_counters: clks=3689283950 tb_clks=3689284028 ras_busy=232720890 xf_wait_in=3166414062 xf_wait_out=376858906 ras_peak_permille=88 ztop_in=674772040 ztop_out=648883744 z_in=187382756 z_out=124251384 blend_in=836527700 copy_clks=86544370 fifo_overflows=668
game: n=5/9 how=vis vis=900 vi_rate=60 vi0_retrace=9929 wall_us=15182154 sleep_us=5747883 avg_vis=57.97 avg_fps=54.47 exceptions=15949 cacheResets=1 recompiles=853 batches=96769 verts=2324634 texStalls=0 treeDepthMax=14 underruns=0 overruns=0 queue_peak_ms=154 dsp_avg=1.50 dsp_peak=1.85 dsp_samples=31 pmc1=6689570451 pmc2=6746428764 pmc3=0 pmc4=0 mmcr0=00000042 mmcr1=00000000 heap_used=10849272 heap_free=149256 arena1_free=225280 arena2_free=288704 flushes=3 flush_us=31116 padtrace=0 rom=sd:/wii64/roms/Super Smash Bros. (U) [!].z64
=== chain 5/9 end vis=900 how=vis rom=sd:/wii64/roms/Super Smash Bros. (U) [!].z64 ===
mark: pad replay records: 1
mark: loadROM: enter
mark: loadROM: before rom_read
mark: ROMCache_load: enter
mark: ROMCache_load: before first read
mark: ROMCache_load: first read returned
mark: ROMCache_load: byte_swap_type set
mark: ROMCache_load: first byte_swap done
menufps: 0.1
menufps: 8.1
menufps: 8.0
menufps: 8.1
menufps: 8.1
mark: ROMCache_load: loop exited normally
mark: ROMCache_load: elapsed_us=2902166 bytes=12582912 vm=0
mark: loadROM: after rom_read
mark: loadROM: before init_memory
mark: loadROM: after init_memory
mark: loadROM: before romOpen_gfx
mark: loadROM: after romOpen_gfx / before romOpen_audio
mark: loadROM: after romOpen_audio / before romOpen_input
mark: loadROM: after romOpen_input / before cpu_init
mark: loadROM: after cpu_init
menufps: 6.4
menufps: 1.9
menufps: 1.0
menufps: 1.0
fps: 2.6
first_vi: vi0_retrace=11222
vis: 0.2
cpu: exceptions=0 cacheResets=0 batches=0 verts=0 texStalls=0 recompiles=0 underruns=0 overruns=0 sleep_us=0 queue_ms=0
mark: CPU core dispatch: dynarec
vis: 60.0
cpu: exceptions=100 cacheResets=1 batches=0 verts=0 texStalls=0 recompiles=296 underruns=0 overruns=0 sleep_us=23490 queue_ms=0
vis: 60.0
cpu: exceptions=267 cacheResets=1 batches=0 verts=0 texStalls=0 recompiles=472 underruns=1 overruns=0 sleep_us=216545 queue_ms=5
fps: 0.8
vis: 60.0
cpu: exceptions=428 cacheResets=1 batches=0 verts=0 texStalls=0 recompiles=675 underruns=1 overruns=0 sleep_us=532773 queue_ms=9
vis: 60.0
cpu: exceptions=698 cacheResets=1 batches=0 verts=0 texStalls=0 recompiles=675 underruns=1 overruns=0 sleep_us=996124 queue_ms=0
vis: 60.0
cpu: exceptions=931 cacheResets=1 batches=0 verts=0 texStalls=0 recompiles=677 underruns=1 overruns=0 sleep_us=1459982 queue_ms=5
vis: 60.0
cpu: exceptions=1155 cacheResets=1 batches=0 verts=0 texStalls=0 recompiles=677 underruns=2 overruns=0 sleep_us=1924392 queue_ms=9
vis: 60.0
cpu: exceptions=1371 cacheResets=1 batches=0 verts=0 texStalls=0 recompiles=685 underruns=2 overruns=0 sleep_us=2388565 queue_ms=13
vis: 60.0
cpu: exceptions=1595 cacheResets=1 batches=0 verts=0 texStalls=0 recompiles=685 underruns=2 overruns=0 sleep_us=2853451 queue_ms=18
fps: 1.4
vis: 60.0
cpu: exceptions=1748 cacheResets=1 batches=348 verts=1044 texStalls=0 recompiles=713 underruns=2 overruns=0 sleep_us=3157755 queue_ms=9
fps: 60.2
vis: 60.0
cpu: exceptions=1898 cacheResets=1 batches=708 verts=2124 texStalls=0 recompiles=713 underruns=2 overruns=0 sleep_us=3466902 queue_ms=13
fps: 60.0
vis: 60.0
cpu: exceptions=2075 cacheResets=1 batches=4160 verts=45240 texStalls=0 recompiles=796 underruns=2 overruns=0 sleep_us=3792233 queue_ms=15
fps: 56.1
vis: 60.0
cpu: exceptions=2254 cacheResets=1 batches=11300 verts=136860 texStalls=0 recompiles=796 underruns=2 overruns=0 sleep_us=4127305 queue_ms=18
fps: 59.9
vis: 60.0
cpu: exceptions=2442 cacheResets=1 batches=18440 verts=228480 texStalls=0 recompiles=809 underruns=2 overruns=0 sleep_us=4446933 queue_ms=10
fps: 60.0
vis: 60.0
cpu: exceptions=2618 cacheResets=1 batches=25580 verts=320100 texStalls=0 recompiles=809 underruns=2 overruns=0 sleep_us=4770719 queue_ms=13
fps: 60.2
vis: 60.0
cpu: exceptions=2823 cacheResets=1 batches=32720 verts=411720 texStalls=0 recompiles=812 underruns=2 overruns=0 sleep_us=5091514 queue_ms=14
fps: 60.0
vis: 60.0
cpu: exceptions=3003 cacheResets=1 batches=39860 verts=503340 texStalls=0 recompiles=812 underruns=2 overruns=0 sleep_us=5411906 queue_ms=5
fps: 60.0
vis: 60.0
cpu: exceptions=3173 cacheResets=1 batches=47000 verts=594960 texStalls=0 recompiles=813 underruns=2 overruns=0 sleep_us=5736537 queue_ms=10
fps: 60.0
vis: 60.0
cpu: exceptions=3355 cacheResets=1 batches=54140 verts=686580 texStalls=0 recompiles=813 underruns=2 overruns=0 sleep_us=6056888 queue_ms=14
fps: 60.0
vis: 60.0
cpu: exceptions=3556 cacheResets=1 batches=61280 verts=778200 texStalls=0 recompiles=813 underruns=2 overruns=0 sleep_us=6375576 queue_ms=15
fps: 60.0
vis: 60.0
cpu: exceptions=3723 cacheResets=1 batches=68420 verts=869820 texStalls=0 recompiles=813 underruns=2 overruns=0 sleep_us=6701642 queue_ms=5
fps: 60.0
vis: 60.0
cpu: exceptions=3896 cacheResets=1 batches=75560 verts=961440 texStalls=0 recompiles=813 underruns=2 overruns=0 sleep_us=7022687 queue_ms=11
fps: 60.0
vis: 60.0
cpu: exceptions=4069 cacheResets=1 batches=82700 verts=1053060 texStalls=0 recompiles=813 underruns=2 overruns=0 sleep_us=7342810 queue_ms=14
fps: 60.0
vis: 60.0
cpu: exceptions=4265 cacheResets=1 batches=89840 verts=1144680 texStalls=0 recompiles=813 underruns=2 overruns=0 sleep_us=7666806 queue_ms=2
fps: 60.0
vis: 60.0
cpu: exceptions=4438 cacheResets=1 batches=96980 verts=1236300 texStalls=0 recompiles=813 underruns=2 overruns=0 sleep_us=7985701 queue_ms=6
fps: 60.0
vis: 60.0
cpu: exceptions=4609 cacheResets=1 batches=104120 verts=1327920 texStalls=0 recompiles=813 underruns=2 overruns=0 sleep_us=8307400 queue_ms=10
fps: 56.8
vis: 60.0
cpu: exceptions=4776 cacheResets=1 batches=111260 verts=1419540 texStalls=0 recompiles=813 underruns=3 overruns=0 sleep_us=8633361 queue_ms=15
fps: 60.0
vis: 60.0
cpu: exceptions=4975 cacheResets=1 batches=118400 verts=1511160 texStalls=0 recompiles=813 underruns=3 overruns=0 sleep_us=8951501 queue_ms=16
fps: 60.5
vis: 60.0
cpu: exceptions=5152 cacheResets=1 batches=119363 verts=1534314 texStalls=0 recompiles=835 underruns=3 overruns=0 sleep_us=9328162 queue_ms=6
fps: 59.9
vis: 60.0
cpu: exceptions=5341 cacheResets=1 batches=120233 verts=1558434 texStalls=0 recompiles=836 underruns=3 overruns=0 sleep_us=9705363 queue_ms=12
fps: 60.0
mark: stop reason: chain guest VI limit
mark: stop_it requested
audio: alist_resample_calls=18199 alist_resample_samples=2623744 alist_zoh_calls=0 alist_zoh_samples=0 musyx_subframes=0 musyx_voices=0 musyx_voice_peak=0
audio_stages: adpcm_calls=15527 adpcm_samples=620464 envmix_calls=16034 envmix_samples=2305456 mix_calls=41135 mix_samples=6047472 musyx_fx_calls=0 musyx_fx_taps=0 output_calls=433 output_samples=318288
audio_envmix: exp_calls=0 ge_calls=16034 lin_calls=0 nead_calls=0 exp_steady=0 ge_steady=14219 lin_steady=0
audio_gaps: nead_mats=0 nead_efz=0 resample_flag2=0 musyx_ptr10=0
audio_output: stream_requests=2986 stream_fed=1104 input_hz=22047 playback_hz=22047 queue_peak_ms=52
probe_schema: version=2 self=1 interval=127
vm_io: read_ahead=1 reads=0 hits=0 read_bytes=0 writes=0 write_bytes=0 errors=0
subsystem_time: stage=rsp_gfx calls=660 timed_calls=660 period=1 timed_us=1390223
subsystem_time: stage=rsp_audio calls=433 timed_calls=433 period=1 timed_us=574284
subsystem_time: stage=rsp_other calls=0 timed_calls=0 period=1 timed_us=0
subsystem_time: stage=lookup calls=1656663 timed_calls=13044 period=127 timed_us=2845
subsystem_time: stage=compile calls=837 timed_calls=837 period=1 timed_us=95443
subsystem_time: stage=dispatch calls=1558097 timed_calls=12268 period=127 timed_us=16504
subsystem_self: stage=dispatch calls=1558097 timed_calls=12268 self_us=10451 dropped=0
subsystem_time: stage=execute_inclusive calls=1558097 timed_calls=12268 period=127 timed_us=63853
subsystem_self: stage=execute_inclusive calls=1558097 timed_calls=12268 self_us=16464 dropped=0
subsystem_time: stage=rom_copy calls=620 timed_calls=620 period=1 timed_us=11897
subsystem_time: stage=present calls=899 timed_calls=899 period=1 timed_us=35638
subsystem_time: stage=limiter calls=868 timed_calls=868 period=1 timed_us=10051464
subsystem_time: stage=vm_fault calls=0 timed_calls=0 period=1 timed_us=0
subsystem_time: stage=vm_victim calls=0 timed_calls=0 period=1 timed_us=0
subsystem_time: stage=vm_read calls=0 timed_calls=0 period=1 timed_us=0
subsystem_time: stage=vm_write calls=0 timed_calls=0 period=1 timed_us=0
subsystem_time: stage=tex_hash calls=29691 timed_calls=29691 period=1 timed_us=64003
subsystem_time: stage=tex_lookup calls=29691 timed_calls=29691 period=1 timed_us=9752
subsystem_time: stage=tex_load calls=69 timed_calls=69 period=1 timed_us=1370
subsystem_time: stage=tex_activate calls=29691 timed_calls=29691 period=1 timed_us=12493
subsystem_time: stage=draw_triangles calls=121074 timed_calls=121074 period=1 timed_us=259736
subsystem_time: stage=draw_rect calls=17457 timed_calls=17457 period=1 timed_us=120694
subsystem_time: stage=gfx_list calls=660 timed_calls=660 period=1 timed_us=1389314
subsystem_time: stage=gfx_command calls=653190 timed_calls=5143 period=127 timed_us=11348
gfx_ucodes: mask=00001000
gfx_opcode: op=01 calls=12366 timed_calls=106 timed_us=45
gfx_opcode: op=03 calls=1818 timed_calls=16 timed_us=18
gfx_opcode: op=04 calls=48525 timed_calls=374 timed_us=3338
gfx_opcode: op=06 calls=13110 timed_calls=110 timed_us=22
gfx_opcode: op=b1 calls=138519 timed_calls=1076 timed_us=4772
gfx_opcode: op=b6 calls=12297 timed_calls=106 timed_us=18
gfx_opcode: op=b7 calls=12450 timed_calls=104 timed_us=15
gfx_opcode: op=b8 calls=13770 timed_calls=116 timed_us=17
gfx_opcode: op=b9 calls=13164 timed_calls=94 timed_us=15
gfx_opcode: op=ba calls=71856 timed_calls=584 timed_us=103
gfx_opcode: op=bb calls=12945 timed_calls=104 timed_us=24
gfx_opcode: op=bc calls=14745 timed_calls=117 timed_us=22
gfx_opcode: op=bf calls=26967 timed_calls=206 timed_us=366
gfx_opcode: op=e4 calls=17457 timed_calls=143 timed_us=1143
gfx_opcode: op=e6 calls=29691 timed_calls=225 timed_us=28
gfx_opcode: op=e7 calls=43050 timed_calls=323 timed_us=42
gfx_opcode: op=e9 calls=660 timed_calls=6 timed_us=5
gfx_opcode: op=ed calls=1320 timed_calls=12 timed_us=6
gfx_opcode: op=f2 calls=31455 timed_calls=248 timed_us=70
gfx_opcode: op=f3 calls=29691 timed_calls=224 timed_us=654
gfx_opcode: op=f5 calls=60855 timed_calls=477 timed_us=94
gfx_opcode: op=f6 calls=660 timed_calls=6 timed_us=6
gfx_opcode: op=f7 calls=660 timed_calls=6 timed_us=4
gfx_opcode: op=fa calls=996 timed_calls=6 timed_us=1
gfx_opcode: op=fc calls=13152 timed_calls=96 timed_us=16
gfx_opcode: op=fd calls=29691 timed_calls=249 timed_us=39
gfx_opcode: op=ff calls=1320 timed_calls=9 timed_us=6
subsystem_time: stage=vertex calls=712209 timed_calls=5607 period=127 timed_us=2342
subsystem_time: stage=gfx_state calls=32799 timed_calls=258 period=127 timed_us=1417
subsystem_self: stage=gfx_state calls=32799 timed_calls=258 self_us=709 dropped=0
subsystem_time: stage=gx_wait calls=4 timed_calls=4 period=1 timed_us=2550
subsystem_time: stage=dma_pi calls=620 timed_calls=620 period=1 timed_us=25996
subsystem_time: stage=dma_sp calls=2186 timed_calls=2186 period=1 timed_us=1976
subsystem_time: stage=dma_si calls=1681 timed_calls=1681 period=1 timed_us=15640
subsystem_time: stage=tlb_translate calls=2212043 timed_calls=17417 period=127 timed_us=2134
subsystem_time: stage=pif calls=1682 timed_calls=1682 period=1 timed_us=14333
subsystem_time: stage=input calls=2972 timed_calls=2972 period=1 timed_us=11575
subsystem_time: stage=guest_interrupt calls=7047 timed_calls=7047 period=1 timed_us=10158350
subsystem_self: stage=guest_interrupt calls=7047 timed_calls=7047 self_us=22030 dropped=0
subsystem_time: stage=interpreter_inclusive calls=0 timed_calls=0 period=1 timed_us=0
subsystem_self: stage=interpreter_inclusive calls=0 timed_calls=0 self_us=0 dropped=0
subsystem_time: stage=audio_submit calls=433 timed_calls=433 period=1 timed_us=6195
subsystem_time: stage=audio_callback calls=8985 timed_calls=8985 period=1 timed_us=4594
subsystem_time: stage=memory_slow calls=997483 timed_calls=7854 period=127 timed_us=15535
subsystem_self: stage=memory_slow calls=997483 timed_calls=7854 self_us=3998 dropped=0
subsystem_time: stage=jit_invalidate calls=98566 timed_calls=776 period=127 timed_us=152
subsystem_time: stage=cpu_helper calls=4641847 timed_calls=36549 period=127 timed_us=79976
subsystem_time: stage=storage_read calls=0 timed_calls=0 period=1 timed_us=0
subsystem_time: stage=storage_write calls=0 timed_calls=0 period=1 timed_us=0
subsystem_time: stage=save_load calls=0 timed_calls=0 period=1 timed_us=0
subsystem_time: stage=save_write calls=0 timed_calls=0 period=1 timed_us=0
subsystem_time: stage=state_load calls=0 timed_calls=0 period=1 timed_us=0
subsystem_time: stage=state_save calls=0 timed_calls=0 period=1 timed_us=0
subsystem_time: stage=probe_io calls=4 timed_calls=4 period=1 timed_us=55773
subsystem_time: stage=agent_poll calls=1810 timed_calls=1810 period=1 timed_us=414
audio_time: stage=resample sampled_calls=143 sampled_samples=20368 sampled_us=869
audio_time: stage=zoh sampled_calls=0 sampled_samples=0 sampled_us=0
audio_time: stage=adpcm sampled_calls=122 sampled_samples=4912 sampled_us=235
audio_time: stage=envmix_exp sampled_calls=0 sampled_samples=0 sampled_us=0
audio_time: stage=envmix_ge sampled_calls=126 sampled_samples=18352 sampled_us=1782
audio_time: stage=envmix_lin sampled_calls=0 sampled_samples=0 sampled_us=0
audio_time: stage=envmix_nead sampled_calls=0 sampled_samples=0 sampled_us=0
audio_time: stage=mix sampled_calls=323 sampled_samples=47968 sampled_us=772
audio_time: stage=musyx_voice sampled_calls=0 sampled_samples=0 sampled_us=0
audio_time: stage=musyx_fx sampled_calls=0 sampled_samples=0 sampled_us=0
audio_time: stage=output sampled_calls=3 sampled_samples=2192 sampled_us=38
gpu_counters: clks=3689879090 tb_clks=3689879168 ras_busy=47586425 xf_wait_in=3569776879 xf_wait_out=36368002 ras_peak_permille=20 ztop_in=183984852 ztop_out=181453168 z_in=0 z_out=0 blend_in=181633564 copy_clks=74454989 fifo_overflows=0
game: n=6/9 how=vis vis=900 vi_rate=60 vi0_retrace=11222 wall_us=15184603 sleep_us=10048840 avg_vis=58.01 avg_fps=52.44 exceptions=5544 cacheResets=1 recompiles=837 batches=121074 verts=1581750 texStalls=0 treeDepthMax=15 underruns=3 overruns=0 queue_peak_ms=18 dsp_avg=1.32 dsp_peak=1.60 dsp_samples=30 pmc1=3598372525 pmc2=3942517517 pmc3=0 pmc4=0 mmcr0=00000042 mmcr1=00000000 heap_used=10846552 heap_free=151976 arena1_free=225280 arena2_free=288704 flushes=4 flush_us=55772 padtrace=0 rom=sd:/wii64/roms/GoldenEye 007 (USA).z64
=== chain 6/9 end vis=900 how=vis rom=sd:/wii64/roms/GoldenEye 007 (USA).z64 ===
mark: pad replay records: 1
mark: loadROM: enter
mark: loadROM: before rom_read
mark: ROMCache_load: enter
mark: ROMCache_load: before first read
mark: ROMCache_load: first read returned
mark: ROMCache_load: byte_swap_type set
mark: ROMCache_load: first byte_swap done
menufps: 0.1
menufps: 8.5
menufps: 8.3
menufps: 8.3
mark: ROMCache_load: loop exited normally
mark: ROMCache_load: elapsed_us=1877871 bytes=8388608 vm=0
mark: loadROM: after rom_read
mark: loadROM: before init_memory
mark: loadROM: after init_memory
mark: loadROM: before romOpen_gfx
mark: loadROM: after romOpen_gfx / before romOpen_audio
mark: loadROM: after romOpen_audio / before romOpen_input
mark: loadROM: after romOpen_input / before cpu_init
mark: loadROM: after cpu_init
menufps: 2.4
menufps: 1.0
menufps: 1.0
fps: 4.2
first_vi: vi0_retrace=12452
vis: 5.0
cpu: exceptions=0 cacheResets=0 batches=0 verts=0 texStalls=0 recompiles=0 underruns=0 overruns=0 sleep_us=0 queue_ms=0
mark: CPU core dispatch: dynarec
vis: 60.0
cpu: exceptions=60 cacheResets=1 batches=0 verts=0 texStalls=0 recompiles=163 underruns=2 overruns=0 sleep_us=68423 queue_ms=57
fps: 1.2
vis: 60.0
cpu: exceptions=216 cacheResets=1 batches=0 verts=0 texStalls=0 recompiles=207 underruns=2 overruns=0 sleep_us=520802 queue_ms=61
vis: 60.0
cpu: exceptions=516 cacheResets=1 batches=0 verts=0 texStalls=0 recompiles=207 underruns=2 overruns=0 sleep_us=987446 queue_ms=57
vis: 60.0
cpu: exceptions=816 cacheResets=1 batches=0 verts=0 texStalls=0 recompiles=233 underruns=2 overruns=0 sleep_us=1451769 queue_ms=62
vis: 60.0
cpu: exceptions=1069 cacheResets=1 batches=0 verts=0 texStalls=0 recompiles=287 underruns=2 overruns=0 sleep_us=1909272 queue_ms=59
vis: 60.0
cpu: exceptions=1140 cacheResets=1 batches=0 verts=0 texStalls=0 recompiles=288 underruns=3 overruns=0 sleep_us=2315654 queue_ms=0
fps: 0.4
vis: 59.3
cpu: exceptions=1283 cacheResets=1 batches=0 verts=0 texStalls=0 recompiles=508 underruns=5 overruns=0 sleep_us=2522093 queue_ms=20
vis: 52.8
cpu: exceptions=1425 cacheResets=1 batches=0 verts=0 texStalls=0 recompiles=732 underruns=7 overruns=0 sleep_us=2731075 queue_ms=3
fps: 1.7
vis: 60.0
cpu: exceptions=1613 cacheResets=1 batches=3470 verts=86430 texStalls=0 recompiles=834 underruns=9 overruns=0 sleep_us=2855510 queue_ms=52
fps: 21.3
vis: 60.0
cpu: exceptions=1797 cacheResets=1 batches=6940 verts=172860 texStalls=0 recompiles=835 underruns=9 overruns=0 sleep_us=3033242 queue_ms=50
fps: 20.0
vis: 60.0
cpu: exceptions=1992 cacheResets=1 batches=10410 verts=259290 texStalls=0 recompiles=836 underruns=9 overruns=0 sleep_us=3207605 queue_ms=54
fps: 20.0
vis: 60.0
cpu: exceptions=2190 cacheResets=1 batches=13932 verts=345876 texStalls=0 recompiles=838 underruns=9 overruns=0 sleep_us=3377269 queue_ms=51
fps: 20.0
vis: 60.0
cpu: exceptions=2384 cacheResets=1 batches=17630 verts=432990 texStalls=0 recompiles=839 underruns=9 overruns=0 sleep_us=3553656 queue_ms=55
fps: 20.0
vis: 60.0
cpu: exceptions=2603 cacheResets=1 batches=21424 verts=520392 texStalls=0 recompiles=843 underruns=9 overruns=0 sleep_us=3707773 queue_ms=52
fps: 20.0
vis: 60.0
cpu: exceptions=2839 cacheResets=1 batches=25294 verts=608022 texStalls=0 recompiles=843 underruns=9 overruns=0 sleep_us=3859736 queue_ms=48
fps: 19.6
vis: 60.0
cpu: exceptions=3090 cacheResets=1 batches=29227 verts=695841 texStalls=0 recompiles=844 underruns=9 overruns=0 sleep_us=4002687 queue_ms=44
fps: 20.0
vis: 60.0
cpu: exceptions=3369 cacheResets=1 batches=33211 verts=786165 texStalls=0 recompiles=845 underruns=9 overruns=0 sleep_us=4127678 queue_ms=40
fps: 20.0
vis: 60.0
cpu: exceptions=3652 cacheResets=1 batches=37127 verts=877293 texStalls=0 recompiles=845 underruns=9 overruns=0 sleep_us=4257204 queue_ms=46
fps: 20.0
vis: 60.0
cpu: exceptions=3926 cacheResets=1 batches=40783 verts=968241 texStalls=0 recompiles=845 underruns=9 overruns=0 sleep_us=4391537 queue_ms=42
fps: 20.0
vis: 60.0
cpu: exceptions=4190 cacheResets=1 batches=44353 verts=1058931 texStalls=0 recompiles=845 underruns=9 overruns=0 sleep_us=4532021 queue_ms=38
fps: 20.0
vis: 60.0
cpu: exceptions=4461 cacheResets=1 batches=47923 verts=1149621 texStalls=0 recompiles=845 underruns=9 overruns=0 sleep_us=4669031 queue_ms=44
fps: 20.0
vis: 60.0
cpu: exceptions=4732 cacheResets=1 batches=51495 verts=1240317 texStalls=0 recompiles=845 underruns=9 overruns=0 sleep_us=4802069 queue_ms=39
fps: 20.0
vis: 60.0
cpu: exceptions=5012 cacheResets=1 batches=55120 verts=1331793 texStalls=0 recompiles=847 underruns=9 overruns=0 sleep_us=4927716 queue_ms=46
fps: 19.9
vis: 60.0
cpu: exceptions=5321 cacheResets=1 batches=58814 verts=1423755 texStalls=0 recompiles=848 underruns=9 overruns=0 sleep_us=5034262 queue_ms=41
fps: 20.0
vis: 60.0
cpu: exceptions=5613 cacheResets=1 batches=62569 verts=1515864 texStalls=0 recompiles=856 underruns=9 overruns=0 sleep_us=5146859 queue_ms=46
fps: 20.1
vis: 60.0
cpu: exceptions=5840 cacheResets=1 batches=66556 verts=1608891 texStalls=0 recompiles=863 underruns=9 overruns=0 sleep_us=5285690 queue_ms=43
fps: 20.1
vis: 60.0
cpu: exceptions=6045 cacheResets=1 batches=70512 verts=1701957 texStalls=0 recompiles=864 underruns=9 overruns=0 sleep_us=5439149 queue_ms=40
fps: 20.0
vis: 60.0
cpu: exceptions=6213 cacheResets=1 batches=74366 verts=1795242 texStalls=0 recompiles=866 underruns=9 overruns=0 sleep_us=5599577 queue_ms=44
fps: 20.0
vis: 60.0
cpu: exceptions=6456 cacheResets=1 batches=78077 verts=1887846 texStalls=0 recompiles=872 underruns=9 overruns=0 sleep_us=5731287 queue_ms=41
fps: 20.0
vis: 60.0
cpu: exceptions=6635 cacheResets=1 batches=81741 verts=1979865 texStalls=0 recompiles=878 underruns=9 overruns=0 sleep_us=5887626 queue_ms=46
mark: stop reason: chain guest VI limit
mark: stop_it requested
audio: alist_resample_calls=31161 alist_resample_samples=4158040 alist_zoh_calls=0 alist_zoh_samples=0 musyx_subframes=0 musyx_voices=0 musyx_voice_peak=0
audio_stages: adpcm_calls=24532 adpcm_samples=3305024 envmix_calls=24329 envmix_samples=3246392 mix_calls=22482 mix_samples=6834208 musyx_fx_calls=0 musyx_fx_taps=0 output_calls=862 output_samples=459344
audio_envmix: exp_calls=24329 ge_calls=0 lin_calls=0 nead_calls=0 exp_steady=20470 ge_steady=0 lin_steady=0
audio_gaps: nead_mats=0 nead_efz=0 resample_flag2=0 musyx_ptr10=0
audio_output: stream_requests=3429 stream_fed=1593 input_hz=32006 playback_hz=32006 queue_peak_ms=81
probe_schema: version=2 self=1 interval=127
vm_io: read_ahead=1 reads=0 hits=0 read_bytes=0 writes=0 write_bytes=0 errors=0
subsystem_time: stage=rsp_gfx calls=224 timed_calls=224 period=1 timed_us=3272679
subsystem_time: stage=rsp_audio calls=854 timed_calls=854 period=1 timed_us=854412
subsystem_time: stage=rsp_other calls=0 timed_calls=0 period=1 timed_us=0
subsystem_time: stage=lookup calls=2010443 timed_calls=15830 period=127 timed_us=3942
subsystem_time: stage=compile calls=878 timed_calls=878 period=1 timed_us=226354
subsystem_time: stage=dispatch calls=2010406 timed_calls=15829 period=127 timed_us=16343
subsystem_self: stage=dispatch calls=2010406 timed_calls=15829 self_us=10339 dropped=0
subsystem_time: stage=execute_inclusive calls=2010406 timed_calls=15829 period=127 timed_us=136274
subsystem_self: stage=execute_inclusive calls=2010406 timed_calls=15829 self_us=48854 dropped=0
subsystem_time: stage=rom_copy calls=2723 timed_calls=2723 period=1 timed_us=26179
subsystem_time: stage=present calls=899 timed_calls=899 period=1 timed_us=29033
subsystem_time: stage=limiter calls=638 timed_calls=638 period=1 timed_us=5895874
subsystem_time: stage=vm_fault calls=0 timed_calls=0 period=1 timed_us=0
subsystem_time: stage=vm_victim calls=0 timed_calls=0 period=1 timed_us=0
subsystem_time: stage=vm_read calls=0 timed_calls=0 period=1 timed_us=0
subsystem_time: stage=vm_write calls=0 timed_calls=0 period=1 timed_us=0
subsystem_time: stage=tex_hash calls=65202 timed_calls=65202 period=1 timed_us=842665
subsystem_time: stage=tex_lookup calls=65202 timed_calls=65202 period=1 timed_us=66683
subsystem_time: stage=tex_load calls=178 timed_calls=178 period=1 timed_us=12005
subsystem_time: stage=tex_activate calls=65202 timed_calls=65202 period=1 timed_us=38807
subsystem_time: stage=draw_triangles calls=82105 timed_calls=82105 period=1 timed_us=269100
subsystem_time: stage=draw_rect calls=2290 timed_calls=2290 period=1 timed_us=26018
subsystem_time: stage=gfx_list calls=224 timed_calls=224 period=1 timed_us=3272185
subsystem_time: stage=gfx_command calls=1457238 timed_calls=11474 period=127 timed_us=28030
gfx_ucodes: mask=00010000
gfx_opcode: op=01 calls=15696 timed_calls=122 timed_us=59
gfx_opcode: op=03 calls=1768 timed_calls=17 timed_us=17
gfx_opcode: op=04 calls=87861 timed_calls=667 timed_us=3701
gfx_opcode: op=06 calls=36412 timed_calls=254 timed_us=52
gfx_opcode: op=b4 calls=221 timed_calls=2 timed_us=0
gfx_opcode: op=b5 calls=118506 timed_calls=941 timed_us=5968
gfx_opcode: op=b6 calls=8617 timed_calls=86 timed_us=11
gfx_opcode: op=b7 calls=8616 timed_calls=67 timed_us=9
gfx_opcode: op=b8 calls=36636 timed_calls=264 timed_us=34
gfx_opcode: op=b9 calls=9517 timed_calls=69 timed_us=11
gfx_opcode: op=ba calls=24763 timed_calls=191 timed_us=34
gfx_opcode: op=bb calls=28940 timed_calls=217 timed_us=44
gfx_opcode: op=bc calls=5246 timed_calls=44 timed_us=12
gfx_opcode: op=bd calls=1105 timed_calls=6 timed_us=0
gfx_opcode: op=be calls=4199 timed_calls=38 timed_us=4
gfx_opcode: op=bf calls=426008 timed_calls=3357 timed_us=8643
gfx_opcode: op=c0 calls=223 timed_calls=2 timed_us=0
gfx_opcode: op=e4 calls=1848 timed_calls=13 timed_us=151
gfx_opcode: op=e6 calls=79863 timed_calls=664 timed_us=78
gfx_opcode: op=e7 calls=68614 timed_calls=550 timed_us=68
gfx_opcode: op=e8 calls=115372 timed_calls=929 timed_us=109
gfx_opcode: op=e9 calls=224 timed_calls=2 timed_us=3
gfx_opcode: op=ed calls=446 timed_calls=4 timed_us=2
gfx_opcode: op=f0 calls=9945 timed_calls=85 timed_us=387
gfx_opcode: op=f2 calls=53363 timed_calls=426 timed_us=107
gfx_opcode: op=f3 calls=69697 timed_calls=562 timed_us=6128
gfx_opcode: op=f4 calls=221 timed_calls=4 timed_us=173
gfx_opcode: op=f5 calls=133226 timed_calls=1035 timed_us=186
gfx_opcode: op=f6 calls=669 timed_calls=5 timed_us=1040
gfx_opcode: op=f7 calls=448 timed_calls=2 timed_us=1
gfx_opcode: op=f8 calls=884 timed_calls=8 timed_us=2
gfx_opcode: op=fa calls=936 timed_calls=10 timed_us=2
gfx_opcode: op=fb calls=5405 timed_calls=52 timed_us=9
gfx_opcode: op=fc calls=21207 timed_calls=160 timed_us=23
gfx_opcode: op=fd calls=79863 timed_calls=616 timed_us=100
gfx_opcode: op=fe calls=223 timed_calls=1 timed_us=0
gfx_opcode: op=ff calls=450 timed_calls=2 timed_us=1
subsystem_time: stage=vertex calls=942851 timed_calls=7424 period=127 timed_us=2529
subsystem_time: stage=gfx_state calls=68369 timed_calls=538 period=127 timed_us=8563
subsystem_self: stage=gfx_state calls=68369 timed_calls=538 self_us=1185 dropped=0
subsystem_time: stage=gx_wait calls=4 timed_calls=4 period=1 timed_us=2558
subsystem_time: stage=dma_pi calls=2723 timed_calls=2723 period=1 timed_us=51458
subsystem_time: stage=dma_sp calls=2156 timed_calls=2156 period=1 timed_us=2189
subsystem_time: stage=dma_si calls=741 timed_calls=741 period=1 timed_us=5450
subsystem_time: stage=tlb_translate calls=0 timed_calls=0 period=127 timed_us=0
subsystem_time: stage=pif calls=742 timed_calls=742 period=1 timed_us=4849
subsystem_time: stage=input calls=896 timed_calls=896 period=1 timed_us=3864
subsystem_time: stage=guest_interrupt calls=9576 timed_calls=9576 period=1 timed_us=5967933
subsystem_self: stage=guest_interrupt calls=9576 timed_calls=9576 self_us=19935 dropped=0
subsystem_time: stage=interpreter_inclusive calls=0 timed_calls=0 period=1 timed_us=0
subsystem_self: stage=interpreter_inclusive calls=0 timed_calls=0 self_us=0 dropped=0
subsystem_time: stage=audio_submit calls=862 timed_calls=862 period=1 timed_us=9947
subsystem_time: stage=audio_callback calls=9455 timed_calls=9455 period=1 timed_us=7109
subsystem_time: stage=memory_slow calls=580584 timed_calls=4571 period=127 timed_us=24261
subsystem_self: stage=memory_slow calls=580584 timed_calls=4571 self_us=1871 dropped=0
subsystem_time: stage=jit_invalidate calls=37 timed_calls=0 period=127 timed_us=0
subsystem_time: stage=cpu_helper calls=8983733 timed_calls=70738 period=127 timed_us=31138
subsystem_time: stage=storage_read calls=0 timed_calls=0 period=1 timed_us=0
subsystem_time: stage=storage_write calls=0 timed_calls=0 period=1 timed_us=0
subsystem_time: stage=save_load calls=0 timed_calls=0 period=1 timed_us=0
subsystem_time: stage=save_write calls=0 timed_calls=0 period=1 timed_us=0
subsystem_time: stage=state_load calls=0 timed_calls=0 period=1 timed_us=0
subsystem_time: stage=state_save calls=0 timed_calls=0 period=1 timed_us=0
subsystem_time: stage=probe_io calls=3 timed_calls=3 period=1 timed_us=30878
subsystem_time: stage=agent_poll calls=1813 timed_calls=1813 period=1 timed_us=487
audio_time: stage=resample sampled_calls=245 sampled_samples=32672 sampled_us=1406
audio_time: stage=zoh sampled_calls=0 sampled_samples=0 sampled_us=0
audio_time: stage=adpcm sampled_calls=193 sampled_samples=25984 sampled_us=1115
audio_time: stage=envmix_exp sampled_calls=191 sampled_samples=25496 sampled_us=2574
audio_time: stage=envmix_ge sampled_calls=0 sampled_samples=0 sampled_us=0
audio_time: stage=envmix_lin sampled_calls=0 sampled_samples=0 sampled_us=0
audio_time: stage=envmix_nead sampled_calls=0 sampled_samples=0 sampled_us=0
audio_time: stage=mix sampled_calls=177 sampled_samples=53184 sampled_us=861
audio_time: stage=musyx_voice sampled_calls=0 sampled_samples=0 sampled_us=0
audio_time: stage=musyx_fx sampled_calls=0 sampled_samples=0 sampled_us=0
audio_time: stage=output sampled_calls=6 sampled_samples=3216 sampled_us=55
gpu_counters: clks=3702847048 tb_clks=3702847128 ras_busy=46264049 xf_wait_in=3575287942 xf_wait_out=50138850 ras_peak_permille=22 ztop_in=173285800 ztop_out=166025396 z_in=1207528 z_out=653252 blend_in=167478672 copy_clks=28209367 fifo_overflows=0
game: n=7/9 how=vis vis=900 vi_rate=60 vi0_retrace=12452 wall_us=15237962 sleep_us=5894002 avg_vis=57.97 avg_fps=17.13 exceptions=6648 cacheResets=1 recompiles=878 batches=82105 verts=1989030 texStalls=0 treeDepthMax=12 underruns=9 overruns=0 queue_peak_ms=62 dsp_avg=1.46 dsp_peak=1.70 dsp_samples=31 pmc1=6672130275 pmc2=6954319010 pmc3=0 pmc4=0 mmcr0=00000042 mmcr1=00000000 heap_used=10852472 heap_free=146056 arena1_free=225280 arena2_free=288704 flushes=3 flush_us=30878 padtrace=0 rom=sd:/wii64/roms/Wave Race 64 - Kawasaki Jet Ski (USA) (Rev 1).z64
=== chain 7/9 end vis=900 how=vis rom=sd:/wii64/roms/Wave Race 64 - Kawasaki Jet Ski (USA) (Rev 1).z64 ===
mark: pad replay records: 1
mark: loadROM: enter
mark: loadROM: before rom_read
mark: ROMCache_load: enter
mark: ROMCache_load: before first read
mark: ROMCache_load: first read returned
mark: ROMCache_load: byte_swap_type set
mark: ROMCache_load: first byte_swap done
menufps: 0.1
menufps: 8.4
menufps: 7.7
menufps: 8.1
menufps: 8.4
mark: ROMCache_load: loop exited normally
mark: ROMCache_load: elapsed_us=2903143 bytes=12582912 vm=0
mark: loadROM: after rom_read
mark: loadROM: before init_memory
mark: loadROM: after init_memory
mark: loadROM: before romOpen_gfx
mark: loadROM: after romOpen_gfx / before romOpen_audio
mark: loadROM: after romOpen_audio / before romOpen_input
mark: loadROM: after romOpen_input / before cpu_init
mark: loadROM: after cpu_init
menufps: 6.2
menufps: 1.9
menufps: 1.0
menufps: 1.0
fps: 0.5
first_vi: vi0_retrace=13748
vis: 0.5
cpu: exceptions=0 cacheResets=0 batches=0 verts=0 texStalls=0 recompiles=0 underruns=0 overruns=0 sleep_us=0 queue_ms=0
mark: CPU core dispatch: dynarec
vis: 60.0
cpu: exceptions=923 cacheResets=1 batches=0 verts=0 texStalls=0 recompiles=326 underruns=0 overruns=0 sleep_us=188199 queue_ms=112
fps: 1.8
vis: 60.0
cpu: exceptions=1662 cacheResets=1 batches=0 verts=0 texStalls=0 recompiles=533 underruns=0 overruns=0 sleep_us=502734 queue_ms=116
fps: 12.1
vis: 60.0
cpu: exceptions=1966 cacheResets=1 batches=40 verts=960 texStalls=0 recompiles=682 underruns=0 overruns=0 sleep_us=829793 queue_ms=121
vis: 60.0
cpu: exceptions=2842 cacheResets=1 batches=70 verts=1680 texStalls=0 recompiles=691 underruns=0 overruns=0 sleep_us=1176046 queue_ms=125
fps: 18.5
vis: 60.0
cpu: exceptions=2947 cacheResets=1 batches=145 verts=3480 texStalls=0 recompiles=691 underruns=0 overruns=0 sleep_us=1602744 queue_ms=103
fps: 30.0
vis: 60.0
cpu: exceptions=3055 cacheResets=1 batches=225 verts=5400 texStalls=0 recompiles=691 underruns=0 overruns=0 sleep_us=2026575 queue_ms=108
fps: 31.1
vis: 60.0
cpu: exceptions=3160 cacheResets=1 batches=300 verts=7200 texStalls=0 recompiles=691 underruns=0 overruns=0 sleep_us=2452971 queue_ms=112
fps: 30.0
vis: 60.0
cpu: exceptions=3265 cacheResets=1 batches=375 verts=9000 texStalls=0 recompiles=696 underruns=0 overruns=0 sleep_us=2884889 queue_ms=116
vis: 60.0
cpu: exceptions=3609 cacheResets=1 batches=380 verts=9120 texStalls=0 recompiles=764 underruns=0 overruns=0 sleep_us=3146242 queue_ms=108
fps: 12.2
vis: 60.0
cpu: exceptions=3922 cacheResets=1 batches=759 verts=17781 texStalls=0 recompiles=889 underruns=0 overruns=0 sleep_us=3430259 queue_ms=112
fps: 29.8
vis: 60.0
cpu: exceptions=4039 cacheResets=1 batches=1743 verts=38949 texStalls=0 recompiles=904 underruns=0 overruns=0 sleep_us=3778372 queue_ms=116
fps: 31.1
vis: 60.0
cpu: exceptions=4175 cacheResets=1 batches=2680 verts=58968 texStalls=0 recompiles=906 underruns=0 overruns=0 sleep_us=4127983 queue_ms=121
fps: 30.0
vis: 60.0
cpu: exceptions=4296 cacheResets=1 batches=3610 verts=78903 texStalls=0 recompiles=918 underruns=0 overruns=0 sleep_us=4471939 queue_ms=112
fps: 30.0
vis: 60.0
cpu: exceptions=4414 cacheResets=1 batches=4540 verts=98838 texStalls=0 recompiles=918 underruns=0 overruns=0 sleep_us=4819272 queue_ms=116
fps: 30.0
vis: 60.0
cpu: exceptions=4531 cacheResets=1 batches=5470 verts=118773 texStalls=0 recompiles=924 underruns=0 overruns=0 sleep_us=5166647 queue_ms=121
fps: 30.0
vis: 60.0
cpu: exceptions=4649 cacheResets=1 batches=6400 verts=138708 texStalls=0 recompiles=924 underruns=0 overruns=0 sleep_us=5516806 queue_ms=112
fps: 30.0
vis: 60.0
cpu: exceptions=4762 cacheResets=1 batches=7330 verts=158643 texStalls=0 recompiles=925 underruns=0 overruns=0 sleep_us=5872369 queue_ms=116
fps: 30.0
vis: 60.0
cpu: exceptions=4873 cacheResets=1 batches=8260 verts=178578 texStalls=0 recompiles=925 underruns=0 overruns=0 sleep_us=6230668 queue_ms=121
fps: 30.0
vis: 60.0
cpu: exceptions=4984 cacheResets=1 batches=9190 verts=198513 texStalls=0 recompiles=925 underruns=0 overruns=0 sleep_us=6587955 queue_ms=125
fps: 30.0
vis: 60.0
cpu: exceptions=5097 cacheResets=1 batches=10120 verts=218448 texStalls=0 recompiles=925 underruns=0 overruns=0 sleep_us=6942444 queue_ms=116
fps: 30.0
vis: 60.0
cpu: exceptions=5210 cacheResets=1 batches=10924 verts=234561 texStalls=0 recompiles=925 underruns=0 overruns=0 sleep_us=7303797 queue_ms=121
fps: 30.0
vis: 60.0
cpu: exceptions=5335 cacheResets=1 batches=11448 verts=246147 texStalls=0 recompiles=934 underruns=0 overruns=0 sleep_us=7658737 queue_ms=125
fps: 30.0
vis: 60.0
cpu: exceptions=5462 cacheResets=1 batches=12239 verts=261468 texStalls=0 recompiles=934 underruns=0 overruns=0 sleep_us=7991420 queue_ms=116
fps: 30.0
vis: 60.0
cpu: exceptions=5587 cacheResets=1 batches=13268 verts=278217 texStalls=0 recompiles=934 underruns=0 overruns=0 sleep_us=8309053 queue_ms=121
fps: 28.3
vis: 60.0
cpu: exceptions=5705 cacheResets=1 batches=14399 verts=295578 texStalls=0 recompiles=945 underruns=0 overruns=0 sleep_us=8614386 queue_ms=99
fps: 30.0
vis: 60.0
cpu: exceptions=5825 cacheResets=1 batches=15194 verts=310923 texStalls=0 recompiles=946 underruns=0 overruns=0 sleep_us=8920195 queue_ms=90
fps: 30.0
vis: 60.0
cpu: exceptions=5946 cacheResets=1 batches=15934 verts=325938 texStalls=0 recompiles=946 underruns=0 overruns=0 sleep_us=9235760 queue_ms=95
fps: 30.1
vis: 60.0
cpu: exceptions=6067 cacheResets=1 batches=16588 verts=340437 texStalls=0 recompiles=946 underruns=0 overruns=0 sleep_us=9576578 queue_ms=99
fps: 30.0
vis: 60.0
cpu: exceptions=6188 cacheResets=1 batches=17048 verts=353772 texStalls=0 recompiles=946 underruns=0 overruns=0 sleep_us=9937201 queue_ms=103
mark: stop reason: chain guest VI limit
mark: stop_it requested
audio: alist_resample_calls=9757 alist_resample_samples=1397968 alist_zoh_calls=0 alist_zoh_samples=0 musyx_subframes=0 musyx_voices=0 musyx_voice_peak=0
audio_stages: adpcm_calls=7520 adpcm_samples=460832 envmix_calls=7516 envmix_samples=1068128 mix_calls=67230 mix_samples=9895200 musyx_fx_calls=0 musyx_fx_taps=0 output_calls=448 output_samples=329840
audio_envmix: exp_calls=0 ge_calls=7516 lin_calls=0 nead_calls=0 exp_steady=0 ge_steady=7194 lin_steady=0
audio_gaps: nead_mats=0 nead_efz=0 resample_flag2=0 musyx_ptr10=0
audio_output: stream_requests=2825 stream_fed=1137 input_hz=22047 playback_hz=22047 queue_peak_ms=160
probe_schema: version=2 self=1 interval=127
vm_io: read_ahead=1 reads=0 hits=0 read_bytes=0 writes=0 write_bytes=0 errors=0
subsystem_time: stage=rsp_gfx calls=393 timed_calls=393 period=1 timed_us=812115
subsystem_time: stage=rsp_audio calls=448 timed_calls=448 period=1 timed_us=480411
subsystem_time: stage=rsp_other calls=0 timed_calls=0 period=1 timed_us=0
subsystem_time: stage=lookup calls=1667634 timed_calls=13130 period=127 timed_us=3136
subsystem_time: stage=compile calls=946 timed_calls=946 period=1 timed_us=142441
subsystem_time: stage=dispatch calls=1666060 timed_calls=13118 period=127 timed_us=12663
subsystem_self: stage=dispatch calls=1666060 timed_calls=13118 self_us=8098 dropped=0
subsystem_time: stage=execute_inclusive calls=1666060 timed_calls=13118 period=127 timed_us=175859
subsystem_self: stage=execute_inclusive calls=1666060 timed_calls=13118 self_us=27699 dropped=0
subsystem_time: stage=rom_copy calls=1133 timed_calls=1133 period=1 timed_us=12086
subsystem_time: stage=present calls=899 timed_calls=899 period=1 timed_us=21690
subsystem_time: stage=limiter calls=880 timed_calls=880 period=1 timed_us=10281286
subsystem_time: stage=vm_fault calls=0 timed_calls=0 period=1 timed_us=0
subsystem_time: stage=vm_victim calls=0 timed_calls=0 period=1 timed_us=0
subsystem_time: stage=vm_read calls=0 timed_calls=0 period=1 timed_us=0
subsystem_time: stage=vm_write calls=0 timed_calls=0 period=1 timed_us=0
subsystem_time: stage=tex_hash calls=12379 timed_calls=12379 period=1 timed_us=123873
subsystem_time: stage=tex_lookup calls=12379 timed_calls=12379 period=1 timed_us=6462
subsystem_time: stage=tex_load calls=103 timed_calls=103 period=1 timed_us=4237
subsystem_time: stage=tex_activate calls=12379 timed_calls=12379 period=1 timed_us=7530
subsystem_time: stage=draw_triangles calls=17454 timed_calls=17454 period=1 timed_us=57121
subsystem_time: stage=draw_rect calls=5382 timed_calls=5382 period=1 timed_us=50334
subsystem_time: stage=gfx_list calls=393 timed_calls=393 period=1 timed_us=811397
subsystem_time: stage=gfx_command calls=269016 timed_calls=2118 period=127 timed_us=5718
gfx_ucodes: mask=00000200
gfx_opcode: op=01 calls=5357 timed_calls=45 timed_us=26
gfx_opcode: op=03 calls=1414 timed_calls=8 timed_us=6
gfx_opcode: op=04 calls=21288 timed_calls=175 timed_us=596
gfx_opcode: op=05 calls=18264 timed_calls=145 timed_us=2672
gfx_opcode: op=06 calls=6379 timed_calls=54 timed_us=11
gfx_opcode: op=07 calls=16101 timed_calls=115 timed_us=23
gfx_opcode: op=b4 calls=707 timed_calls=6 timed_us=1
gfx_opcode: op=b6 calls=1567 timed_calls=8 timed_us=2
gfx_opcode: op=b7 calls=4373 timed_calls=38 timed_us=6
gfx_opcode: op=b8 calls=6599 timed_calls=48 timed_us=6
gfx_opcode: op=b9 calls=4709 timed_calls=35 timed_us=6
gfx_opcode: op=ba calls=18621 timed_calls=151 timed_us=29
gfx_opcode: op=bb calls=390 timed_calls=4 timed_us=3
gfx_opcode: op=bc calls=15575 timed_calls=111 timed_us=23
gfx_opcode: op=e4 calls=4751 timed_calls=35 timed_us=299
gfx_opcode: op=e6 calls=13189 timed_calls=101 timed_us=12
gfx_opcode: op=e7 calls=25108 timed_calls=214 timed_us=30
gfx_opcode: op=e9 calls=393 timed_calls=2 timed_us=2
gfx_opcode: op=ed calls=2260 timed_calls=9 timed_us=4
gfx_opcode: op=ef calls=2973 timed_calls=24 timed_us=4
gfx_opcode: op=f2 calls=13189 timed_calls=107 timed_us=30
gfx_opcode: op=f3 calls=13189 timed_calls=100 timed_us=1090
gfx_opcode: op=f5 calls=26378 timed_calls=209 timed_us=40
gfx_opcode: op=f6 calls=1411 timed_calls=10 timed_us=493
gfx_opcode: op=f7 calls=1163 timed_calls=11 timed_us=6
gfx_opcode: op=f8 calls=383 timed_calls=1 timed_us=0
gfx_opcode: op=f9 calls=383 timed_calls=1 timed_us=0
gfx_opcode: op=fa calls=13791 timed_calls=120 timed_us=21
gfx_opcode: op=fb calls=7666 timed_calls=53 timed_us=13
gfx_opcode: op=fc calls=5150 timed_calls=38 timed_us=6
gfx_opcode: op=fd calls=13189 timed_calls=112 timed_us=17
gfx_opcode: op=fe calls=1163 timed_calls=11 timed_us=5
gfx_opcode: op=ff calls=1943 timed_calls=17 timed_us=9
subsystem_time: stage=vertex calls=183788 timed_calls=1447 period=127 timed_us=415
subsystem_time: stage=gfx_state calls=127408 timed_calls=1003 period=127 timed_us=1895
subsystem_self: stage=gfx_state calls=127408 timed_calls=1003 self_us=811 dropped=0
subsystem_time: stage=gx_wait calls=4 timed_calls=4 period=1 timed_us=2561
subsystem_time: stage=dma_pi calls=1133 timed_calls=1133 period=1 timed_us=23658
subsystem_time: stage=dma_sp calls=1682 timed_calls=1682 period=1 timed_us=1512
subsystem_time: stage=dma_si calls=2587 timed_calls=2587 period=1 timed_us=10724
subsystem_time: stage=tlb_translate calls=0 timed_calls=0 period=127 timed_us=0
subsystem_time: stage=pif calls=2588 timed_calls=2588 period=1 timed_us=11523
subsystem_time: stage=input calls=1600 timed_calls=1600 period=1 timed_us=6853
subsystem_time: stage=guest_interrupt calls=7077 timed_calls=7077 period=1 timed_us=10376202
subsystem_self: stage=guest_interrupt calls=7077 timed_calls=7077 self_us=23385 dropped=0
subsystem_time: stage=interpreter_inclusive calls=0 timed_calls=0 period=1 timed_us=0
subsystem_self: stage=interpreter_inclusive calls=0 timed_calls=0 self_us=0 dropped=0
subsystem_time: stage=audio_submit calls=448 timed_calls=448 period=1 timed_us=5520
subsystem_time: stage=audio_callback calls=8820 timed_calls=8820 period=1 timed_us=5069
subsystem_time: stage=memory_slow calls=807322 timed_calls=6356 period=127 timed_us=7921
subsystem_self: stage=memory_slow calls=807322 timed_calls=6356 self_us=2186 dropped=0
subsystem_time: stage=jit_invalidate calls=1574 timed_calls=12 period=127 timed_us=2
subsystem_time: stage=cpu_helper calls=6796279 timed_calls=53514 period=127 timed_us=119624
subsystem_time: stage=storage_read calls=0 timed_calls=0 period=1 timed_us=0
subsystem_time: stage=storage_write calls=0 timed_calls=0 period=1 timed_us=0
subsystem_time: stage=save_load calls=0 timed_calls=0 period=1 timed_us=0
subsystem_time: stage=save_write calls=0 timed_calls=0 period=1 timed_us=0
subsystem_time: stage=state_load calls=0 timed_calls=0 period=1 timed_us=0
subsystem_time: stage=state_save calls=0 timed_calls=0 period=1 timed_us=0
subsystem_time: stage=probe_io calls=4 timed_calls=4 period=1 timed_us=56635
subsystem_time: stage=agent_poll calls=1809 timed_calls=1809 period=1 timed_us=411
audio_time: stage=resample sampled_calls=76 sampled_samples=10832 sampled_us=469
audio_time: stage=zoh sampled_calls=0 sampled_samples=0 sampled_us=0
audio_time: stage=adpcm sampled_calls=59 sampled_samples=3808 sampled_us=172
audio_time: stage=envmix_exp sampled_calls=0 sampled_samples=0 sampled_us=0
audio_time: stage=envmix_ge sampled_calls=59 sampled_samples=8240 sampled_us=747
audio_time: stage=envmix_lin sampled_calls=0 sampled_samples=0 sampled_us=0
audio_time: stage=envmix_nead sampled_calls=0 sampled_samples=0 sampled_us=0
audio_time: stage=mix sampled_calls=529 sampled_samples=77792 sampled_us=1223
audio_time: stage=musyx_voice sampled_calls=0 sampled_samples=0 sampled_us=0
audio_time: stage=musyx_fx sampled_calls=0 sampled_samples=0 sampled_us=0
audio_time: stage=output sampled_calls=3 sampled_samples=2176 sampled_us=32
gpu_counters: clks=3688562157 tb_clks=3688562240 ras_busy=70884913 xf_wait_in=3582213807 xf_wait_out=81022011 ras_peak_permille=28 ztop_in=276333236 ztop_out=267708404 z_in=78532 z_out=45532 blend_in=267857388 copy_clks=43424507 fifo_overflows=0
game: n=8/9 how=vis vis=900 vi_rate=60 vi0_retrace=13748 wall_us=15179169 sleep_us=10278769 avg_vis=58.02 avg_fps=26.13 exceptions=6300 cacheResets=1 recompiles=946 batches=17454 verts=366078 texStalls=0 treeDepthMax=13 underruns=0 overruns=0 queue_peak_ms=125 dsp_avg=1.40 dsp_peak=1.65 dsp_samples=30 pmc1=3429433370 pmc2=3593525871 pmc3=0 pmc4=0 mmcr0=00000042 mmcr1=00000000 heap_used=10855896 heap_free=142632 arena1_free=225280 arena2_free=288704 flushes=4 flush_us=56634 padtrace=0 rom=sd:/wii64/roms/Diddy Kong Racing (USA) (En,Fr) (Rev 1).z64
=== chain 8/9 end vis=900 how=vis rom=sd:/wii64/roms/Diddy Kong Racing (USA) (En,Fr) (Rev 1).z64 ===
mark: pad replay records: 1
mark: loadROM: enter
mark: loadROM: before rom_read
mark: ROMCache_load: enter
menufps: 0.1
menufps: 0.2
mark: ROMCache_load: before first read
mark: ROMCache_load: first read returned
mark: ROMCache_load: byte_swap_type set
mark: ROMCache_load: first byte_swap done
menufps: 0.2
menufps: 8.5
menufps: 8.3
menufps: 8.3
menufps: 8.3
menufps: 7.5
menufps: 8.0
menufps: 2.8
menufps: 1.3
menufps: 1.3
menufps: 1.3
menufps: 1.2
menufps: 1.3
menufps: 1.2
menufps: 3.6
menufps: 7.5
menufps: 8.0
menufps: 8.0
menufps: 8.1
menufps: 7.8
mark: ROMCache_load: loop exited normally
menufps: 2.1
menufps: 1.1
menufps: 1.2
menufps: 1.1
menufps: 1.1
menufps: 1.1
menufps: 1.1
menufps: 1.1
menufps: 1.1
menufps: 1.1
menufps: 1.1
menufps: 1.1
menufps: 1.1
menufps: 1.1
menufps: 1.1
menufps: 1.1
menufps: 1.1
menufps: 1.1
menufps: 1.1
menufps: 1.1
mark: ROMCache_load: preflush_us=17705972 writes=2040 bytes=16711680
mark: ROMCache_load: elapsed_us=39942879 bytes=33554432 vm=1
mark: loadROM: after rom_read
mark: loadROM: before init_memory
mark: loadROM: after init_memory
mark: loadROM: before romOpen_gfx
mark: loadROM: after romOpen_gfx / before romOpen_audio
mark: loadROM: after romOpen_audio / before romOpen_input
mark: loadROM: after romOpen_input / before cpu_init
mark: loadROM: after cpu_init
menufps: 3.1
menufps: 1.0
menufps: 1.0
fps: 0.4
first_vi: vi0_retrace=17261
vis: 0.7
cpu: exceptions=0 cacheResets=0 batches=0 verts=0 texStalls=0 recompiles=0 underruns=0 overruns=0 sleep_us=0 queue_ms=0
mark: CPU core dispatch: dynarec
vis: 55.9
cpu: exceptions=31 cacheResets=1 batches=0 verts=0 texStalls=0 recompiles=82 underruns=0 overruns=0 sleep_us=0 queue_ms=0
vis: 60.0
cpu: exceptions=61 cacheResets=1 batches=0 verts=0 texStalls=0 recompiles=82 underruns=0 overruns=0 sleep_us=326780 queue_ms=0
vis: 60.0
cpu: exceptions=91 cacheResets=1 batches=0 verts=0 texStalls=0 recompiles=82 underruns=0 overruns=0 sleep_us=652649 queue_ms=0
vis: 60.0
cpu: exceptions=199 cacheResets=1 batches=0 verts=0 texStalls=0 recompiles=182 underruns=0 overruns=0 sleep_us=926661 queue_ms=0
vis: 60.0
cpu: exceptions=244 cacheResets=1 batches=0 verts=0 texStalls=0 recompiles=188 underruns=0 overruns=0 sleep_us=1250438 queue_ms=0
vis: 60.0
cpu: exceptions=286 cacheResets=1 batches=0 verts=0 texStalls=0 recompiles=188 underruns=0 overruns=0 sleep_us=1571222 queue_ms=0
vis: 60.0
cpu: exceptions=316 cacheResets=1 batches=0 verts=0 texStalls=0 recompiles=188 underruns=0 overruns=0 sleep_us=1889564 queue_ms=0
vis: 60.0
cpu: exceptions=390 cacheResets=1 batches=0 verts=0 texStalls=0 recompiles=314 underruns=1 overruns=0 sleep_us=2298097 queue_ms=30
vis: 60.0
cpu: exceptions=467 cacheResets=1 batches=0 verts=0 texStalls=0 recompiles=323 underruns=1 overruns=0 sleep_us=2745394 queue_ms=34
vis: 60.0
cpu: exceptions=542 cacheResets=1 batches=0 verts=0 texStalls=0 recompiles=323 underruns=1 overruns=0 sleep_us=3197083 queue_ms=38
vis: 60.0
cpu: exceptions=733 cacheResets=1 batches=0 verts=0 texStalls=0 recompiles=434 underruns=2 overruns=0 sleep_us=3407733 queue_ms=43
vis: 60.0
cpu: exceptions=949 cacheResets=1 batches=0 verts=0 texStalls=0 recompiles=434 underruns=2 overruns=0 sleep_us=3591179 queue_ms=47
vis: 60.0
cpu: exceptions=1140 cacheResets=1 batches=0 verts=0 texStalls=0 recompiles=448 underruns=2 overruns=0 sleep_us=3790516 queue_ms=51
vis: 60.0
cpu: exceptions=1382 cacheResets=1 batches=0 verts=0 texStalls=0 recompiles=484 underruns=2 overruns=0 sleep_us=3969242 queue_ms=43
fps: 0.1
vis: 60.0
cpu: exceptions=1670 cacheResets=1 batches=532 verts=7602 texStalls=0 recompiles=1251 underruns=3 overruns=0 sleep_us=4074254 queue_ms=112
fps: 31.1
vis: 60.0
cpu: exceptions=1944 cacheResets=1 batches=1417 verts=19932 texStalls=0 recompiles=1255 underruns=3 overruns=0 sleep_us=4398126 queue_ms=104
fps: 30.0
vis: 60.0
cpu: exceptions=2221 cacheResets=1 batches=2302 verts=32262 texStalls=0 recompiles=1276 underruns=3 overruns=0 sleep_us=4712091 queue_ms=108
fps: 30.0
vis: 60.0
cpu: exceptions=2498 cacheResets=1 batches=3187 verts=44592 texStalls=0 recompiles=1279 underruns=3 overruns=0 sleep_us=5046310 queue_ms=112
fps: 30.0
vis: 60.0
cpu: exceptions=2772 cacheResets=1 batches=4072 verts=56922 texStalls=0 recompiles=1280 underruns=3 overruns=0 sleep_us=5381773 queue_ms=104
fps: 30.0
vis: 60.0
cpu: exceptions=3059 cacheResets=1 batches=4957 verts=69252 texStalls=0 recompiles=1300 underruns=3 overruns=0 sleep_us=5702492 queue_ms=108
fps: 30.0
vis: 60.0
cpu: exceptions=3339 cacheResets=1 batches=5842 verts=81582 texStalls=0 recompiles=1300 underruns=3 overruns=0 sleep_us=6022171 queue_ms=112
fps: 30.0
vis: 60.0
cpu: exceptions=3620 cacheResets=1 batches=6727 verts=93912 texStalls=0 recompiles=1302 underruns=3 overruns=0 sleep_us=6346556 queue_ms=104
fps: 30.0
vis: 60.0
cpu: exceptions=3903 cacheResets=1 batches=7612 verts=106242 texStalls=0 recompiles=1351 underruns=3 overruns=0 sleep_us=6669542 queue_ms=108
fps: 30.1
vis: 60.0
cpu: exceptions=4188 cacheResets=1 batches=7951 verts=111852 texStalls=0 recompiles=1366 underruns=3 overruns=0 sleep_us=7019362 queue_ms=112
fps: 30.0
vis: 60.0
cpu: exceptions=4342 cacheResets=1 batches=8071 verts=113904 texStalls=0 recompiles=1383 underruns=3 overruns=0 sleep_us=7362351 queue_ms=117
fps: 30.0
vis: 60.0
cpu: exceptions=4490 cacheResets=1 batches=8449 verts=139314 texStalls=0 recompiles=1384 underruns=3 overruns=0 sleep_us=7696949 queue_ms=108
fps: 30.0
vis: 60.0
cpu: exceptions=4637 cacheResets=1 batches=8854 verts=166539 texStalls=0 recompiles=1386 underruns=3 overruns=0 sleep_us=8033886 queue_ms=112
fps: 30.0
vis: 60.0
cpu: exceptions=4782 cacheResets=1 batches=9259 verts=193764 texStalls=0 recompiles=1387 underruns=3 overruns=0 sleep_us=8381202 queue_ms=117
fps: 30.0
vis: 60.0
cpu: exceptions=4932 cacheResets=1 batches=9664 verts=220989 texStalls=0 recompiles=1387 underruns=3 overruns=0 sleep_us=8724890 queue_ms=121
fps: 30.0
vis: 60.0
cpu: exceptions=5082 cacheResets=1 batches=10069 verts=248214 texStalls=0 recompiles=1389 underruns=3 overruns=0 sleep_us=9065855 queue_ms=112
mark: stop reason: chain guest VI limit
mark: stop_it requested
audio: alist_resample_calls=11186 alist_resample_samples=2058224 alist_zoh_calls=0 alist_zoh_samples=0 musyx_subframes=0 musyx_voices=0 musyx_voice_peak=0
audio_stages: adpcm_calls=6590 adpcm_samples=722912 envmix_calls=8440 envmix_samples=1552960 mix_calls=54920 mix_samples=10105280 musyx_fx_calls=0 musyx_fx_taps=0 output_calls=342 output_samples=251896
audio_envmix: exp_calls=0 ge_calls=0 lin_calls=8440 nead_calls=0 exp_steady=0 ge_steady=0 lin_steady=7902
audio_gaps: nead_mats=0 nead_efz=0 resample_flag2=0 musyx_ptr10=0
audio_output: stream_requests=4275 stream_fed=868 input_hz=22047 playback_hz=22047 queue_peak_ms=133
probe_schema: version=2 self=1 interval=127
vm_io: read_ahead=1 reads=58 hits=277 read_bytes=1900544 writes=0 write_bytes=0 errors=0
subsystem_time: stage=rsp_gfx calls=238 timed_calls=238 period=1 timed_us=496476
subsystem_time: stage=rsp_audio calls=343 timed_calls=343 period=1 timed_us=473993
subsystem_time: stage=rsp_other calls=1 timed_calls=1 period=1 timed_us=4
subsystem_time: stage=lookup calls=1605608 timed_calls=12642 period=127 timed_us=3246
subsystem_time: stage=compile calls=1389 timed_calls=1389 period=1 timed_us=203729
subsystem_time: stage=dispatch calls=1604033 timed_calls=12630 period=127 timed_us=13457
subsystem_self: stage=dispatch calls=1604033 timed_calls=12630 self_us=8129 dropped=0
subsystem_time: stage=execute_inclusive calls=1604033 timed_calls=12630 period=127 timed_us=140371
subsystem_self: stage=execute_inclusive calls=1604033 timed_calls=12630 self_us=43901 dropped=0
subsystem_time: stage=rom_copy calls=1048 timed_calls=1048 period=1 timed_us=252162
subsystem_time: stage=present calls=899 timed_calls=899 period=1 timed_us=240557
subsystem_time: stage=limiter calls=843 timed_calls=843 period=1 timed_us=9068289
subsystem_time: stage=vm_fault calls=335 timed_calls=335 period=1 timed_us=234508
subsystem_time: stage=vm_victim calls=335 timed_calls=335 period=1 timed_us=398
subsystem_time: stage=vm_read calls=58 timed_calls=58 period=1 timed_us=218556
subsystem_time: stage=vm_write calls=0 timed_calls=0 period=1 timed_us=0
subsystem_time: stage=tex_hash calls=7634 timed_calls=7634 period=1 timed_us=73019
subsystem_time: stage=tex_lookup calls=7634 timed_calls=7634 period=1 timed_us=2496
subsystem_time: stage=tex_load calls=24 timed_calls=24 period=1 timed_us=3609
subsystem_time: stage=tex_activate calls=7634 timed_calls=7634 period=1 timed_us=4744
subsystem_time: stage=draw_triangles calls=10096 timed_calls=10096 period=1 timed_us=33025
subsystem_time: stage=draw_rect calls=1687 timed_calls=1687 period=1 timed_us=8839
subsystem_time: stage=gfx_list calls=238 timed_calls=238 period=1 timed_us=496024
subsystem_time: stage=gfx_command calls=176157 timed_calls=1387 period=127 timed_us=4535
gfx_ucodes: mask=00000004
gfx_opcode: op=00 calls=237 timed_calls=1 timed_us=0
gfx_opcode: op=01 calls=5860 timed_calls=51 timed_us=555
gfx_opcode: op=05 calls=17853 timed_calls=141 timed_us=787
gfx_opcode: op=06 calls=32745 timed_calls=254 timed_us=985
gfx_opcode: op=d7 calls=979 timed_calls=6 timed_us=1
gfx_opcode: op=d9 calls=7439 timed_calls=61 timed_us=10
gfx_opcode: op=da calls=6173 timed_calls=51 timed_us=21
gfx_opcode: op=db calls=5265 timed_calls=41 timed_us=10
gfx_opcode: op=dc calls=1858 timed_calls=16 timed_us=14
gfx_opcode: op=de calls=1346 timed_calls=12 timed_us=6
gfx_opcode: op=df calls=1584 timed_calls=11 timed_us=2
gfx_opcode: op=e2 calls=2119 timed_calls=18 timed_us=4
gfx_opcode: op=e3 calls=11276 timed_calls=82 timed_us=15
gfx_opcode: op=e6 calls=10066 timed_calls=87 timed_us=10
gfx_opcode: op=e7 calls=30043 timed_calls=248 timed_us=36
gfx_opcode: op=e8 calls=2432 timed_calls=16 timed_us=1
gfx_opcode: op=e9 calls=238 timed_calls=1 timed_us=0
gfx_opcode: op=ed calls=2162 timed_calls=11 timed_us=3
gfx_opcode: op=f0 calls=2432 timed_calls=21 timed_us=15
gfx_opcode: op=f2 calls=3086 timed_calls=23 timed_us=7
gfx_opcode: op=f3 calls=7634 timed_calls=59 timed_us=567
gfx_opcode: op=f5 calls=8229 timed_calls=62 timed_us=12
gfx_opcode: op=f6 calls=1925 timed_calls=14 timed_us=1301
gfx_opcode: op=f7 calls=948 timed_calls=8 timed_us=3
gfx_opcode: op=f8 calls=237 timed_calls=3 timed_us=1
gfx_opcode: op=fa calls=234 timed_calls=0 timed_us=0
gfx_opcode: op=fc calls=979 timed_calls=11 timed_us=2
gfx_opcode: op=fd calls=10066 timed_calls=73 timed_us=10
gfx_opcode: op=fe calls=237 timed_calls=2 timed_us=1
gfx_opcode: op=ff calls=475 timed_calls=3 timed_us=2
subsystem_time: stage=vertex calls=98130 timed_calls=772 period=127 timed_us=348
subsystem_time: stage=gfx_state calls=11689 timed_calls=92 period=127 timed_us=798
subsystem_self: stage=gfx_state calls=11689 timed_calls=92 self_us=198 dropped=0
subsystem_time: stage=gx_wait calls=4 timed_calls=4 period=1 timed_us=2557
subsystem_time: stage=dma_pi calls=1048 timed_calls=1048 period=1 timed_us=271616
subsystem_time: stage=dma_sp calls=1162 timed_calls=1162 period=1 timed_us=1117
subsystem_time: stage=dma_si calls=1351 timed_calls=1351 period=1 timed_us=3504
subsystem_time: stage=tlb_translate calls=0 timed_calls=0 period=127 timed_us=0
subsystem_time: stage=pif calls=1352 timed_calls=1352 period=1 timed_us=2853
subsystem_time: stage=input calls=388 timed_calls=388 period=1 timed_us=1704
subsystem_time: stage=guest_interrupt calls=5827 timed_calls=5827 period=1 timed_us=9353237
subsystem_self: stage=guest_interrupt calls=5827 timed_calls=5827 self_us=19992 dropped=0
subsystem_time: stage=interpreter_inclusive calls=0 timed_calls=0 period=1 timed_us=0
subsystem_self: stage=interpreter_inclusive calls=0 timed_calls=0 self_us=0 dropped=0
subsystem_time: stage=audio_submit calls=343 timed_calls=343 period=1 timed_us=5511
subsystem_time: stage=audio_callback calls=10307 timed_calls=10307 period=1 timed_us=4496
subsystem_time: stage=memory_slow calls=1083681 timed_calls=8532 period=127 timed_us=17261
subsystem_self: stage=memory_slow calls=1083681 timed_calls=8532 self_us=2734 dropped=0
subsystem_time: stage=jit_invalidate calls=1575 timed_calls=12 period=127 timed_us=2
subsystem_time: stage=cpu_helper calls=10245474 timed_calls=80673 period=127 timed_us=64974
subsystem_time: stage=storage_read calls=0 timed_calls=0 period=1 timed_us=0
subsystem_time: stage=storage_write calls=0 timed_calls=0 period=1 timed_us=0
subsystem_time: stage=save_load calls=0 timed_calls=0 period=1 timed_us=0
subsystem_time: stage=save_write calls=0 timed_calls=0 period=1 timed_us=0
subsystem_time: stage=state_load calls=0 timed_calls=0 period=1 timed_us=0
subsystem_time: stage=state_save calls=0 timed_calls=0 period=1 timed_us=0
subsystem_time: stage=probe_io calls=3 timed_calls=3 period=1 timed_us=32231
subsystem_time: stage=agent_poll calls=1813 timed_calls=1813 period=1 timed_us=437
audio_time: stage=resample sampled_calls=88 sampled_samples=16192 sampled_us=641
audio_time: stage=zoh sampled_calls=0 sampled_samples=0 sampled_us=0
audio_time: stage=adpcm sampled_calls=51 sampled_samples=5680 sampled_us=243
audio_time: stage=envmix_exp sampled_calls=0 sampled_samples=0 sampled_us=0
audio_time: stage=envmix_ge sampled_calls=0 sampled_samples=0 sampled_us=0
audio_time: stage=envmix_lin sampled_calls=66 sampled_samples=12144 sampled_us=1032
audio_time: stage=envmix_nead sampled_calls=0 sampled_samples=0 sampled_us=0
audio_time: stage=mix sampled_calls=432 sampled_samples=79488 sampled_us=1288
audio_time: stage=musyx_voice sampled_calls=0 sampled_samples=0 sampled_us=0
audio_time: stage=musyx_fx sampled_calls=0 sampled_samples=0 sampled_us=0
audio_time: stage=output sampled_calls=2 sampled_samples=1472 sampled_us=26
gpu_counters: clks=3704751102 tb_clks=3704751184 ras_busy=49118975 xf_wait_in=3627645672 xf_wait_out=65722570 ras_peak_permille=24 ztop_in=195038868 ztop_out=194053736 z_in=0 z_out=0 blend_in=194104604 copy_clks=67300327 fifo_overflows=0
game: n=9/9 how=vis vis=900 vi_rate=60 vi0_retrace=17261 wall_us=15245839 sleep_us=9065855 avg_vis=57.95 avg_fps=26.57 exceptions=5087 cacheResets=1 recompiles=1389 batches=10096 verts=250029 texStalls=0 treeDepthMax=15 underruns=3 overruns=0 queue_peak_ms=121 dsp_avg=1.30 dsp_peak=1.60 dsp_samples=31 pmc1=4177424821 pmc2=4614892904 pmc3=0 pmc4=0 mmcr0=00000042 mmcr1=00000000 heap_used=10885624 heap_free=112904 arena1_free=225280 arena2_free=288704 flushes=3 flush_us=32230 padtrace=0 rom=sd:/wii64/roms/Donkey Kong 64 (USA).z64
=== chain 9/9 end vis=900 how=vis rom=sd:/wii64/roms/Donkey Kong 64 (USA).z64 ===
