--- wii64 perf log ---
mark: diag config: wiiload arguments
mark: wiiload dynacore argument received
mark: diag received dynacore line
mark: diag requested core: dynarec
mark: pad replay records: 7
selftest:
  raw[0]=51286013695888210
  raw[1]=51286013695888215
  raw[2]=51286013695888230
  raw[3]=51286013695888243
  raw[4]=51286013695888255
  delta[0]=0us
  delta[1]=0us
  delta[2]=0us
  delta[3]=0us
mark: audio quality: accurate
mark: audio modes: n64=0 output=0 mixer=0 latency=2 sync=0
mark: diag applied core: dynarec
mark: HBC agent ready
mark: loadROM: enter
mark: loadROM: before rom_read
mark: ROMCache_load: enter
mark: ROMCache_load: before first read
mark: ROMCache_load: first read returned
mark: ROMCache_load: byte_swap_type set
mark: ROMCache_load: first byte_swap done
menufps: 10.2
menufps: 8.4
menufps: 7.9
mark: ROMCache_load: loop exited normally
mark: ROMCache_load: elapsed_us=1927131 bytes=8388608 vm=0
mark: loadROM: after rom_read
mark: loadROM: before init_memory
mark: loadROM: after init_memory
mark: loadROM: before romOpen_gfx
mark: loadROM: after romOpen_gfx / before romOpen_audio
mark: loadROM: after romOpen_audio / before romOpen_input
mark: loadROM: after romOpen_input / before cpu_init
mark: loadROM: after cpu_init
menufps: 2.9
menufps: 0.8
menufps: 1.0
fps: 0.0
first_vi: vi0_retrace=332
vis: 0.0
cpu: exceptions=0 cacheResets=0 batches=0 verts=0 texStalls=0 recompiles=0 underruns=0 overruns=0 sleep_us=0 queue_ms=0
mark: CPU core dispatch: dynarec
vis: 60.0
cpu: exceptions=240 cacheResets=1 batches=0 verts=0 texStalls=0 recompiles=189 underruns=2 overruns=0 sleep_us=228066 queue_ms=127
vis: 60.0
cpu: exceptions=540 cacheResets=1 batches=0 verts=0 texStalls=0 recompiles=198 underruns=2 overruns=0 sleep_us=704765 queue_ms=123
vis: 60.0
cpu: exceptions=840 cacheResets=1 batches=0 verts=0 texStalls=0 recompiles=204 underruns=2 overruns=0 sleep_us=1181664 queue_ms=129
vis: 60.0
cpu: exceptions=1135 cacheResets=1 batches=0 verts=0 texStalls=0 recompiles=204 underruns=2 overruns=0 sleep_us=1659139 queue_ms=124
fps: 0.5
vis: 60.0
cpu: exceptions=1431 cacheResets=1 batches=414 verts=9387 texStalls=0 recompiles=468 underruns=3 overruns=0 sleep_us=1967972 queue_ms=11
fps: 20.0
vis: 60.0
cpu: exceptions=1588 cacheResets=1 batches=2484 verts=56322 texStalls=0 recompiles=475 underruns=3 overruns=0 sleep_us=2377742 queue_ms=9
fps: 30.0
vis: 60.0
cpu: exceptions=1752 cacheResets=1 batches=4554 verts=103257 texStalls=0 recompiles=478 underruns=3 overruns=0 sleep_us=2786608 queue_ms=15
fps: 30.0
vis: 60.0
cpu: exceptions=1894 cacheResets=1 batches=6624 verts=150192 texStalls=0 recompiles=478 underruns=3 overruns=0 sleep_us=3204745 queue_ms=11
fps: 30.0
vis: 60.0
cpu: exceptions=2036 cacheResets=1 batches=8694 verts=197127 texStalls=0 recompiles=478 underruns=3 overruns=0 sleep_us=3622741 queue_ms=7
fps: 30.0
vis: 60.0
cpu: exceptions=2178 cacheResets=1 batches=10767 verts=244080 texStalls=0 recompiles=489 underruns=3 overruns=0 sleep_us=4039338 queue_ms=13
fps: 30.0
vis: 60.0
cpu: exceptions=2319 cacheResets=1 batches=12574 verts=284835 texStalls=0 recompiles=498 underruns=3 overruns=0 sleep_us=4460801 queue_ms=9
vis: 60.0
cpu: exceptions=2638 cacheResets=1 batches=12574 verts=284835 texStalls=0 recompiles=675 underruns=5 overruns=0 sleep_us=4622736 queue_ms=32
vis: 60.0
cpu: exceptions=2728 cacheResets=1 batches=12574 verts=284835 texStalls=0 recompiles=733 underruns=5 overruns=0 sleep_us=4806330 queue_ms=28
vis: 60.0
cpu: exceptions=2818 cacheResets=1 batches=12574 verts=284835 texStalls=0 recompiles=784 underruns=5 overruns=0 sleep_us=5072496 queue_ms=25
fps: 4.9
vis: 60.0
cpu: exceptions=2961 cacheResets=1 batches=13906 verts=302151 texStalls=0 recompiles=910 underruns=7 overruns=0 sleep_us=5296353 queue_ms=8
fps: 15.1
vis: 60.0
cpu: exceptions=3118 cacheResets=1 batches=18790 verts=366420 texStalls=0 recompiles=910 underruns=7 overruns=0 sleep_us=5441633 queue_ms=4
fps: 30.0
vis: 60.0
cpu: exceptions=3273 cacheResets=1 batches=23662 verts=430365 texStalls=0 recompiles=927 underruns=7 overruns=0 sleep_us=5586176 queue_ms=8
fps: 30.0
vis: 60.0
cpu: exceptions=3436 cacheResets=1 batches=28523 verts=494226 texStalls=0 recompiles=927 underruns=7 overruns=0 sleep_us=5731049 queue_ms=5
fps: 30.0
vis: 60.0
cpu: exceptions=3591 cacheResets=1 batches=33391 verts=558129 texStalls=0 recompiles=927 underruns=7 overruns=0 sleep_us=5886597 queue_ms=10
fps: 29.1
vis: 60.0
cpu: exceptions=3762 cacheResets=1 batches=38254 verts=622002 texStalls=0 recompiles=927 underruns=9 overruns=0 sleep_us=6026572 queue_ms=6
fps: 29.9
vis: 60.0
cpu: exceptions=3978 cacheResets=1 batches=43136 verts=685989 texStalls=0 recompiles=936 underruns=9 overruns=0 sleep_us=6146233 queue_ms=12
fps: 20.0
vis: 60.0
cpu: exceptions=4234 cacheResets=1 batches=43730 verts=693726 texStalls=0 recompiles=1065 underruns=12 overruns=0 sleep_us=6395636 queue_ms=14
fps: 31.6
vis: 60.0
cpu: exceptions=4401 cacheResets=1 batches=44536 verts=704142 texStalls=0 recompiles=1065 underruns=12 overruns=0 sleep_us=6776261 queue_ms=18
fps: 30.0
vis: 60.0
cpu: exceptions=4573 cacheResets=1 batches=45331 verts=714492 texStalls=0 recompiles=1065 underruns=12 overruns=0 sleep_us=7156258 queue_ms=13
fps: 30.0
vis: 60.0
cpu: exceptions=4738 cacheResets=1 batches=46126 verts=724842 texStalls=0 recompiles=1065 underruns=12 overruns=0 sleep_us=7546739 queue_ms=11
fps: 30.0
vis: 60.0
cpu: exceptions=4911 cacheResets=1 batches=46921 verts=735192 texStalls=0 recompiles=1065 underruns=12 overruns=0 sleep_us=7925309 queue_ms=15
fps: 30.0
vis: 60.0
cpu: exceptions=5090 cacheResets=1 batches=47716 verts=745542 texStalls=0 recompiles=1065 underruns=12 overruns=0 sleep_us=8297923 queue_ms=12
fps: 30.0
vis: 60.0
cpu: exceptions=5263 cacheResets=1 batches=48511 verts=755892 texStalls=0 recompiles=1065 underruns=12 overruns=0 sleep_us=8674591 queue_ms=17
fps: 30.0
vis: 60.0
cpu: exceptions=5432 cacheResets=1 batches=49306 verts=766242 texStalls=0 recompiles=1065 underruns=12 overruns=0 sleep_us=9058101 queue_ms=13
fps: 30.0
vis: 60.0
cpu: exceptions=5597 cacheResets=1 batches=50101 verts=776592 texStalls=0 recompiles=1065 underruns=12 overruns=0 sleep_us=9448882 queue_ms=19
vis: 60.0
cpu: exceptions=5779 cacheResets=1 batches=50616 verts=785262 texStalls=0 recompiles=1068 underruns=12 overruns=0 sleep_us=9840320 queue_ms=14
fps: 30.0
vis: 60.0
cpu: exceptions=5954 cacheResets=1 batches=51124 verts=793890 texStalls=0 recompiles=1071 underruns=12 overruns=0 sleep_us=10230663 queue_ms=12
fps: 30.0
vis: 60.0
cpu: exceptions=6202 cacheResets=1 batches=51226 verts=795618 texStalls=0 recompiles=1131 underruns=12 overruns=0 sleep_us=10513737 queue_ms=16
fps: 4.1
vis: 60.0
cpu: exceptions=6352 cacheResets=1 batches=51781 verts=806634 texStalls=0 recompiles=1530 underruns=13 overruns=0 sleep_us=10715807 queue_ms=25
fps: 32.4
vis: 60.0
cpu: exceptions=6487 cacheResets=1 batches=54691 verts=879264 texStalls=0 recompiles=1534 underruns=13 overruns=0 sleep_us=11046922 queue_ms=32
vis: 60.0
cpu: exceptions=6622 cacheResets=1 batches=57601 verts=951894 texStalls=0 recompiles=1534 underruns=13 overruns=0 sleep_us=11377858 queue_ms=27
fps: 30.0
vis: 60.0
cpu: exceptions=6757 cacheResets=1 batches=60511 verts=1024524 texStalls=0 recompiles=1534 underruns=13 overruns=0 sleep_us=11709292 queue_ms=33
fps: 30.0
vis: 60.0
cpu: exceptions=6892 cacheResets=1 batches=63421 verts=1097154 texStalls=0 recompiles=1534 underruns=13 overruns=0 sleep_us=12040724 queue_ms=29
fps: 30.0
vis: 60.0
cpu: exceptions=7044 cacheResets=1 batches=67339 verts=1175832 texStalls=0 recompiles=1544 underruns=13 overruns=0 sleep_us=12333288 queue_ms=26
fps: 29.2
vis: 60.0
cpu: exceptions=7219 cacheResets=1 batches=71506 verts=1256004 texStalls=0 recompiles=1545 underruns=13 overruns=0 sleep_us=12606130 queue_ms=22
fps: 30.0
vis: 60.0
cpu: exceptions=7398 cacheResets=1 batches=75661 verts=1336104 texStalls=0 recompiles=1545 underruns=13 overruns=0 sleep_us=12874428 queue_ms=18
fps: 30.0
vis: 60.0
cpu: exceptions=7580 cacheResets=1 batches=79816 verts=1416204 texStalls=0 recompiles=1545 underruns=13 overruns=0 sleep_us=13138367 queue_ms=14
fps: 30.0
vis: 60.0
cpu: exceptions=7777 cacheResets=1 batches=83971 verts=1496304 texStalls=0 recompiles=1545 underruns=13 overruns=0 sleep_us=13393048 queue_ms=20
fps: 29.9
vis: 60.0
cpu: exceptions=7991 cacheResets=1 batches=88126 verts=1576404 texStalls=0 recompiles=1545 underruns=13 overruns=0 sleep_us=13639882 queue_ms=16
fps: 30.0
vis: 60.0
cpu: exceptions=8200 cacheResets=1 batches=92281 verts=1656504 texStalls=0 recompiles=1545 underruns=13 overruns=0 sleep_us=13888654 queue_ms=21
fps: 30.0
vis: 60.0
cpu: exceptions=8419 cacheResets=1 batches=96436 verts=1736604 texStalls=0 recompiles=1545 underruns=13 overruns=0 sleep_us=14128341 queue_ms=18
fps: 30.0
vis: 60.0
cpu: exceptions=8624 cacheResets=1 batches=100591 verts=1816704 texStalls=0 recompiles=1545 underruns=13 overruns=0 sleep_us=14378208 queue_ms=23
fps: 30.0
vis: 60.0
cpu: exceptions=8819 cacheResets=1 batches=104746 verts=1896804 texStalls=0 recompiles=1545 underruns=13 overruns=0 sleep_us=14637831 queue_ms=19
fps: 30.0
vis: 60.0
cpu: exceptions=9011 cacheResets=1 batches=108901 verts=1976904 texStalls=0 recompiles=1545 underruns=13 overruns=0 sleep_us=14900046 queue_ms=16
fps: 30.1
vis: 60.0
cpu: exceptions=9174 cacheResets=1 batches=113056 verts=2057004 texStalls=0 recompiles=1547 underruns=13 overruns=0 sleep_us=15180778 queue_ms=20
fps: 30.0
vis: 60.0
cpu: exceptions=9318 cacheResets=1 batches=117211 verts=2137104 texStalls=0 recompiles=1547 underruns=13 overruns=0 sleep_us=15473693 queue_ms=17
fps: 30.0
vis: 60.0
cpu: exceptions=9458 cacheResets=1 batches=121366 verts=2217204 texStalls=0 recompiles=1547 underruns=13 overruns=0 sleep_us=15769116 queue_ms=22
fps: 30.0
vis: 60.0
cpu: exceptions=9598 cacheResets=1 batches=125521 verts=2297304 texStalls=0 recompiles=1547 underruns=13 overruns=0 sleep_us=16064629 queue_ms=18
fps: 30.0
vis: 60.0
cpu: exceptions=9735 cacheResets=1 batches=129676 verts=2377404 texStalls=0 recompiles=1547 underruns=13 overruns=0 sleep_us=16363114 queue_ms=23
fps: 30.0
vis: 60.0
cpu: exceptions=9870 cacheResets=1 batches=133831 verts=2457504 texStalls=0 recompiles=1547 underruns=13 overruns=0 sleep_us=16667122 queue_ms=20
fps: 30.0
vis: 60.0
cpu: exceptions=10005 cacheResets=1 batches=137986 verts=2537604 texStalls=0 recompiles=1547 underruns=13 overruns=0 sleep_us=16971221 queue_ms=25
fps: 30.1
vis: 60.0
cpu: exceptions=10140 cacheResets=1 batches=141301 verts=2612664 texStalls=0 recompiles=1548 underruns=13 overruns=0 sleep_us=17296558 queue_ms=21
fps: 30.0
vis: 60.0
cpu: exceptions=10275 cacheResets=1 batches=144196 verts=2685204 texStalls=0 recompiles=1548 underruns=13 overruns=0 sleep_us=17632533 queue_ms=18
fps: 30.0
vis: 60.0
cpu: exceptions=10416 cacheResets=1 batches=147120 verts=2758392 texStalls=0 recompiles=1568 underruns=13 overruns=0 sleep_us=17958593 queue_ms=22
fps: 29.0
vis: 60.0
cpu: exceptions=10581 cacheResets=1 batches=150435 verts=2840562 texStalls=0 recompiles=1568 underruns=13 overruns=0 sleep_us=18240387 queue_ms=10
fps: 30.2
vis: 60.0
cpu: exceptions=10742 cacheResets=1 batches=153270 verts=2903916 texStalls=0 recompiles=1569 underruns=13 overruns=0 sleep_us=18545820 queue_ms=6
fps: 30.0
vis: 60.0
cpu: exceptions=10900 cacheResets=1 batches=155685 verts=2950806 texStalls=0 recompiles=1569 underruns=13 overruns=0 sleep_us=18872800 queue_ms=3
fps: 30.0
vis: 60.0
cpu: exceptions=11064 cacheResets=1 batches=158100 verts=2997696 texStalls=0 recompiles=1572 underruns=13 overruns=0 sleep_us=19194174 queue_ms=7
fps: 29.9
vis: 60.0
cpu: exceptions=11260 cacheResets=1 batches=160515 verts=3044586 texStalls=0 recompiles=1572 underruns=13 overruns=0 sleep_us=19489923 queue_ms=5
fps: 30.0
vis: 60.0
cpu: exceptions=11448 cacheResets=1 batches=162936 verts=3091506 texStalls=0 recompiles=1572 underruns=13 overruns=0 sleep_us=19793530 queue_ms=9
fps: 30.0
vis: 60.0
cpu: exceptions=11615 cacheResets=1 batches=165441 verts=3138846 texStalls=0 recompiles=1572 underruns=13 overruns=0 sleep_us=20109281 queue_ms=6
fps: 30.0
vis: 60.0
cpu: exceptions=11796 cacheResets=1 batches=167970 verts=3186258 texStalls=0 recompiles=1572 underruns=13 overruns=0 sleep_us=20408546 queue_ms=11
fps: 29.9
vis: 60.0
cpu: exceptions=11990 cacheResets=1 batches=170624 verts=3235557 texStalls=0 recompiles=1572 underruns=13 overruns=0 sleep_us=20689462 queue_ms=7
fps: 30.1
vis: 60.0
cpu: exceptions=12183 cacheResets=1 batches=173358 verts=3286104 texStalls=0 recompiles=1572 underruns=13 overruns=0 sleep_us=20976466 queue_ms=4
fps: 30.0
vis: 60.0
cpu: exceptions=12353 cacheResets=1 batches=176134 verts=3336777 texStalls=0 recompiles=1572 underruns=13 overruns=0 sleep_us=21282894 queue_ms=9
fps: 29.9
vis: 60.0
cpu: exceptions=12530 cacheResets=1 batches=178972 verts=3387732 texStalls=0 recompiles=1572 underruns=13 overruns=0 sleep_us=21580652 queue_ms=5
fps: 30.0
vis: 60.0
cpu: exceptions=12716 cacheResets=1 batches=181852 verts=3438897 texStalls=0 recompiles=1572 underruns=13 overruns=0 sleep_us=21864901 queue_ms=10
fps: 30.0
vis: 60.0
cpu: exceptions=12922 cacheResets=1 batches=184732 verts=3490062 texStalls=0 recompiles=1572 underruns=13 overruns=0 sleep_us=22135258 queue_ms=7
fps: 30.0
vis: 60.0
cpu: exceptions=13104 cacheResets=1 batches=187650 verts=3542451 texStalls=0 recompiles=1572 underruns=13 overruns=0 sleep_us=22425591 queue_ms=11
fps: 30.0
vis: 60.0
cpu: exceptions=13272 cacheResets=1 batches=190680 verts=3598296 texStalls=0 recompiles=1572 underruns=13 overruns=0 sleep_us=22716169 queue_ms=8
fps: 30.0
vis: 60.0
cpu: exceptions=13458 cacheResets=1 batches=193710 verts=3654141 texStalls=0 recompiles=1572 underruns=13 overruns=0 sleep_us=22992472 queue_ms=4
fps: 30.0
vis: 60.0
cpu: exceptions=13660 cacheResets=1 batches=196740 verts=3709986 texStalls=0 recompiles=1572 underruns=13 overruns=0 sleep_us=23250422 queue_ms=9
fps: 30.0
vis: 60.0
cpu: exceptions=13851 cacheResets=1 batches=199772 verts=3766113 texStalls=0 recompiles=1572 underruns=13 overruns=0 sleep_us=23522956 queue_ms=6
vis: 60.0
cpu: exceptions=14021 cacheResets=1 batches=202774 verts=3822570 texStalls=0 recompiles=1572 underruns=13 overruns=0 sleep_us=23815621 queue_ms=11
fps: 30.0
mark: stop reason: chain guest VI limit
mark: stop_it requested
audio: alist_resample_calls=42765 alist_resample_samples=5573352 alist_zoh_calls=0 alist_zoh_samples=0 musyx_subframes=0 musyx_voices=0 musyx_voice_peak=0
audio_stages: adpcm_calls=41654 adpcm_samples=5505920 envmix_calls=40319 envmix_samples=5379504 mix_calls=9436 mix_samples=3019520 musyx_fx_calls=0 musyx_fx_taps=0 output_calls=2360 output_samples=1259152
audio_envmix: exp_calls=40319 ge_calls=0 lin_calls=0 nead_calls=0 exp_steady=33834 ge_steady=0 lin_steady=0
audio_gaps: nead_mats=0 nead_efz=0 resample_flag2=0 musyx_ptr10=0
audio_output: stream_requests=6247 stream_fed=4371 input_hz=32006 playback_hz=32006 queue_peak_ms=149
probe_schema: version=2 self=1 interval=127
vm_io: read_ahead=1 reads=0 hits=0 read_bytes=0 writes=0 write_bytes=0 errors=0
subsystem_time: stage=rsp_gfx calls=1046 timed_calls=1046 period=1 timed_us=4255038
subsystem_time: stage=rsp_audio calls=2359 timed_calls=2359 period=1 timed_us=1169962
subsystem_time: stage=rsp_other calls=0 timed_calls=0 period=1 timed_us=0
subsystem_time: stage=lookup calls=6904839 timed_calls=54368 period=127 timed_us=12366
subsystem_time: stage=compile calls=1572 timed_calls=1572 period=1 timed_us=165405
subsystem_time: stage=dispatch calls=6519167 timed_calls=51332 period=127 timed_us=50931
subsystem_self: stage=dispatch calls=6519167 timed_calls=51332 self_us=33219 dropped=0
subsystem_time: stage=execute_inclusive calls=6519167 timed_calls=51332 period=127 timed_us=246545
subsystem_self: stage=execute_inclusive calls=6519167 timed_calls=51332 self_us=77570 dropped=0
subsystem_time: stage=rom_copy calls=3129 timed_calls=3129 period=1 timed_us=41963
subsystem_time: stage=present calls=2399 timed_calls=2399 period=1 timed_us=50526
subsystem_time: stage=limiter calls=2366 timed_calls=2366 period=1 timed_us=24092953
subsystem_time: stage=vm_fault calls=0 timed_calls=0 period=1 timed_us=0
subsystem_time: stage=vm_victim calls=0 timed_calls=0 period=1 timed_us=0
subsystem_time: stage=vm_read calls=0 timed_calls=0 period=1 timed_us=0
subsystem_time: stage=vm_write calls=0 timed_calls=0 period=1 timed_us=0
subsystem_time: stage=tex_hash calls=85136 timed_calls=85136 period=1 timed_us=583303
subsystem_time: stage=tex_lookup calls=85136 timed_calls=85136 period=1 timed_us=40617
subsystem_time: stage=tex_load calls=177 timed_calls=177 period=1 timed_us=7216
subsystem_time: stage=tex_activate calls=85136 timed_calls=85136 period=1 timed_us=48660
subsystem_time: stage=draw_triangles calls=205462 timed_calls=205462 period=1 timed_us=570004
subsystem_time: stage=draw_rect calls=8799 timed_calls=8799 period=1 timed_us=62993
subsystem_time: stage=gfx_list calls=1046 timed_calls=1046 period=1 timed_us=4253137
subsystem_time: stage=gfx_command calls=2786375 timed_calls=21939 period=127 timed_us=34307
subsystem_time: stage=vertex calls=2212126 timed_calls=17418 period=127 timed_us=5503
subsystem_time: stage=gfx_state calls=314506 timed_calls=2476 period=127 timed_us=8801
subsystem_self: stage=gfx_state calls=314506 timed_calls=2476 self_us=3193 dropped=0
subsystem_time: stage=gx_wait calls=4 timed_calls=4 period=1 timed_us=2547
subsystem_time: stage=dma_pi calls=3129 timed_calls=3129 period=1 timed_us=94655
subsystem_time: stage=dma_sp calls=6810 timed_calls=6810 period=1 timed_us=6249
subsystem_time: stage=dma_si calls=1690 timed_calls=1690 period=1 timed_us=24743
subsystem_time: stage=tlb_translate calls=200897 timed_calls=1581 period=127 timed_us=174
subsystem_time: stage=pif calls=1691 timed_calls=1691 period=1 timed_us=22921
subsystem_time: stage=input calls=4180 timed_calls=4180 period=1 timed_us=19381
subsystem_time: stage=guest_interrupt calls=17255 timed_calls=17255 period=1 timed_us=24251054
subsystem_self: stage=guest_interrupt calls=17255 timed_calls=17255 self_us=42129 dropped=0
subsystem_time: stage=interpreter_inclusive calls=0 timed_calls=0 period=1 timed_us=0
subsystem_self: stage=interpreter_inclusive calls=0 timed_calls=0 self_us=0 dropped=0
subsystem_time: stage=audio_submit calls=2360 timed_calls=2360 period=1 timed_us=26412
subsystem_time: stage=audio_callback calls=24658 timed_calls=24658 period=1 timed_us=18599
subsystem_time: stage=memory_slow calls=1118295 timed_calls=8805 period=127 timed_us=77587
subsystem_self: stage=memory_slow calls=1118295 timed_calls=8805 self_us=4491 dropped=0
subsystem_time: stage=jit_invalidate calls=385672 timed_calls=3036 period=127 timed_us=625
subsystem_time: stage=cpu_helper calls=17894527 timed_calls=140901 period=127 timed_us=290511
subsystem_time: stage=storage_read calls=0 timed_calls=0 period=1 timed_us=0
subsystem_time: stage=storage_write calls=0 timed_calls=0 period=1 timed_us=0
subsystem_time: stage=save_load calls=0 timed_calls=0 period=1 timed_us=0
subsystem_time: stage=save_write calls=0 timed_calls=0 period=1 timed_us=0
subsystem_time: stage=state_load calls=0 timed_calls=0 period=1 timed_us=0
subsystem_time: stage=state_save calls=0 timed_calls=0 period=1 timed_us=0
subsystem_time: stage=probe_io calls=6 timed_calls=6 period=1 timed_us=72634
subsystem_time: stage=agent_poll calls=4810 timed_calls=4810 period=1 timed_us=991
audio_time: stage=resample sampled_calls=336 sampled_samples=43952 sampled_us=1864
audio_time: stage=zoh sampled_calls=0 sampled_samples=0 sampled_us=0
audio_time: stage=adpcm sampled_calls=327 sampled_samples=42704 sampled_us=1794
audio_time: stage=envmix_exp sampled_calls=317 sampled_samples=42280 sampled_us=3993
audio_time: stage=envmix_ge sampled_calls=0 sampled_samples=0 sampled_us=0
audio_time: stage=envmix_lin sampled_calls=0 sampled_samples=0 sampled_us=0
audio_time: stage=envmix_nead sampled_calls=0 sampled_samples=0 sampled_us=0
audio_time: stage=mix sampled_calls=74 sampled_samples=23680 sampled_us=402
audio_time: stage=musyx_voice sampled_calls=0 sampled_samples=0 sampled_us=0
audio_time: stage=musyx_fx sampled_calls=0 sampled_samples=0 sampled_us=0
audio_time: stage=output sampled_calls=18 sampled_samples=9616 sampled_us=168
gpu_counters: clks=9772965819 tb_clks=9772965888 ras_busy=198172240 xf_wait_in=9326125080 xf_wait_out=281863250 ras_peak_permille=34 ztop_in=761476920 ztop_out=724565928 z_in=1416440 z_out=1344756 blend_in=726248728 copy_clks=118884275 fifo_overflows=54
game: n=1/9 how=vis vis=2400 vi_rate=60 vi0_retrace=332 wall_us=40217839 sleep_us=24085812 avg_vis=59.25 avg_fps=27.97 exceptions=14189 cacheResets=1 recompiles=1572 batches=205462 verts=3874776 texStalls=0 treeDepthMax=14 underruns=15 overruns=0 queue_peak_ms=129 dsp_avg=1.53 dsp_peak=1.80 dsp_samples=80 pmc1=11645502087 pmc2=11705161021 pmc3=0 pmc4=0 mmcr0=00000042 mmcr1=00000000 heap_used=10876792 heap_free=37064 arena1_free=327680 arena2_free=288704 flushes=6 flush_us=72632 padtrace=11 rom=sd:/wii64/roms/Super Mario 64.v64
=== chain 1/9 end vis=2400 how=vis rom=sd:/wii64/roms/Super Mario 64.v64 ===
mark: pad replay records: 22
mark: loadROM: enter
mark: loadROM: before rom_read
mark: ROMCache_load: enter
mark: ROMCache_load: before first read
mark: ROMCache_load: first read returned
mark: ROMCache_load: byte_swap_type set
mark: ROMCache_load: first byte_swap done
menufps: 0.0
menufps: 8.5
menufps: 8.3
menufps: 8.3
menufps: 8.3
mark: ROMCache_load: loop exited normally
mark: ROMCache_load: elapsed_us=3075627 bytes=13893632 vm=0
mark: loadROM: after rom_read
mark: loadROM: before init_memory
mark: loadROM: after init_memory
mark: loadROM: before romOpen_gfx
mark: loadROM: after romOpen_gfx / before romOpen_audio
mark: loadROM: after romOpen_audio / before romOpen_input
mark: loadROM: after romOpen_input / before cpu_init
mark: loadROM: after cpu_init
menufps: 6.1
menufps: 1.9
menufps: 1.0
menufps: 1.0
fps: 1.9
first_vi: vi0_retrace=3137
vis: 4.1
cpu: exceptions=0 cacheResets=0 batches=0 verts=0 texStalls=0 recompiles=0 underruns=0 overruns=0 sleep_us=0 queue_ms=0
mark: CPU core dispatch: dynarec
vis: 60.0
cpu: exceptions=1029 cacheResets=1 batches=0 verts=0 texStalls=0 recompiles=316 underruns=2 overruns=0 sleep_us=77683 queue_ms=116
vis: 60.0
cpu: exceptions=1329 cacheResets=1 batches=0 verts=0 texStalls=0 recompiles=316 underruns=2 overruns=0 sleep_us=547914 queue_ms=124
vis: 60.0
cpu: exceptions=1629 cacheResets=1 batches=0 verts=0 texStalls=0 recompiles=331 underruns=2 overruns=0 sleep_us=1016604 queue_ms=120
vis: 60.0
cpu: exceptions=1928 cacheResets=1 batches=0 verts=0 texStalls=0 recompiles=331 underruns=2 overruns=0 sleep_us=1486798 queue_ms=116
vis: 60.0
cpu: exceptions=2228 cacheResets=1 batches=0 verts=0 texStalls=0 recompiles=331 underruns=2 overruns=0 sleep_us=1956844 queue_ms=124
vis: 60.0
cpu: exceptions=2527 cacheResets=1 batches=0 verts=0 texStalls=0 recompiles=331 underruns=2 overruns=0 sleep_us=2426989 queue_ms=120
vis: 60.0
cpu: exceptions=2863 cacheResets=1 batches=0 verts=0 texStalls=0 recompiles=344 underruns=2 overruns=0 sleep_us=2889091 queue_ms=127
fps: 0.8
vis: 60.0
cpu: exceptions=3437 cacheResets=1 batches=64 verts=4140 texStalls=0 recompiles=468 underruns=2 overruns=0 sleep_us=3308957 queue_ms=122
fps: 1.6
vis: 60.0
cpu: exceptions=3542 cacheResets=1 batches=576 verts=37260 texStalls=0 recompiles=528 underruns=2 overruns=0 sleep_us=3517541 queue_ms=28
fps: 31.0
vis: 60.0
cpu: exceptions=3683 cacheResets=1 batches=1536 verts=99360 texStalls=0 recompiles=528 underruns=2 overruns=0 sleep_us=3660973 queue_ms=25
fps: 30.0
vis: 60.0
cpu: exceptions=3819 cacheResets=1 batches=2304 verts=149040 texStalls=0 recompiles=566 underruns=2 overruns=0 sleep_us=3809680 queue_ms=31
vis: 60.0
cpu: exceptions=3915 cacheResets=1 batches=2304 verts=149040 texStalls=0 recompiles=566 underruns=2 overruns=0 sleep_us=3985421 queue_ms=28
fps: 3.9
vis: 60.0
cpu: exceptions=4014 cacheResets=1 batches=2424 verts=149760 texStalls=0 recompiles=598 underruns=2 overruns=0 sleep_us=4252492 queue_ms=34
fps: 1.7
vis: 56.8
cpu: exceptions=4116 cacheResets=1 batches=2904 verts=152640 texStalls=0 recompiles=610 underruns=6 overruns=0 sleep_us=4571276 queue_ms=7
fps: 29.4
vis: 58.6
cpu: exceptions=4330 cacheResets=1 batches=4704 verts=163440 texStalls=0 recompiles=611 underruns=7 overruns=0 sleep_us=4605670 queue_ms=11
fps: 29.3
vis: 58.6
cpu: exceptions=4531 cacheResets=1 batches=6504 verts=174240 texStalls=0 recompiles=614 underruns=8 overruns=0 sleep_us=4637285 queue_ms=8
fps: 29.3
vis: 58.6
cpu: exceptions=4724 cacheResets=1 batches=8304 verts=185040 texStalls=0 recompiles=614 underruns=9 overruns=0 sleep_us=4665488 queue_ms=15
fps: 29.3
vis: 58.6
cpu: exceptions=4918 cacheResets=1 batches=10104 verts=195840 texStalls=0 recompiles=614 underruns=10 overruns=0 sleep_us=4694459 queue_ms=10
fps: 29.3
vis: 58.6
cpu: exceptions=5097 cacheResets=1 batches=11904 verts=206640 texStalls=0 recompiles=614 underruns=11 overruns=0 sleep_us=4727786 queue_ms=5
fps: 28.4
vis: 58.6
cpu: exceptions=5275 cacheResets=1 batches=13704 verts=217440 texStalls=0 recompiles=618 underruns=13 overruns=0 sleep_us=4760095 queue_ms=13
vis: 60.0
cpu: exceptions=5455 cacheResets=1 batches=15024 verts=225360 texStalls=0 recompiles=625 underruns=14 overruns=0 sleep_us=4810528 queue_ms=29
vis: 60.0
cpu: exceptions=5606 cacheResets=1 batches=15024 verts=225360 texStalls=0 recompiles=625 underruns=14 overruns=0 sleep_us=4956824 queue_ms=25
vis: 60.0
cpu: exceptions=5714 cacheResets=1 batches=15024 verts=225360 texStalls=0 recompiles=631 underruns=14 overruns=0 sleep_us=5171311 queue_ms=21
fps: 7.4
vis: 58.1
cpu: exceptions=5836 cacheResets=1 batches=15024 verts=225360 texStalls=0 recompiles=674 underruns=15 overruns=0 sleep_us=5385724 queue_ms=17
fps: 30.8
vis: 58.8
cpu: exceptions=6049 cacheResets=1 batches=15024 verts=225360 texStalls=0 recompiles=674 underruns=15 overruns=0 sleep_us=5455934 queue_ms=13
fps: 29.4
vis: 58.9
cpu: exceptions=6238 cacheResets=1 batches=15024 verts=225360 texStalls=0 recompiles=674 underruns=15 overruns=0 sleep_us=5529020 queue_ms=8
fps: 29.4
vis: 58.9
cpu: exceptions=6409 cacheResets=1 batches=15024 verts=225360 texStalls=0 recompiles=674 underruns=16 overruns=0 sleep_us=5606028 queue_ms=5
fps: 29.5
vis: 58.9
cpu: exceptions=6576 cacheResets=1 batches=15024 verts=225360 texStalls=0 recompiles=674 underruns=17 overruns=0 sleep_us=5685174 queue_ms=12
fps: 29.5
vis: 59.0
cpu: exceptions=6746 cacheResets=1 batches=15024 verts=225360 texStalls=0 recompiles=674 underruns=18 overruns=0 sleep_us=5764469 queue_ms=8
fps: 29.5
vis: 58.4
cpu: exceptions=6919 cacheResets=1 batches=15024 verts=225360 texStalls=0 recompiles=681 underruns=19 overruns=0 sleep_us=5842828 queue_ms=16
fps: 29.2
vis: 58.8
cpu: exceptions=7085 cacheResets=1 batches=15024 verts=225360 texStalls=0 recompiles=686 underruns=20 overruns=0 sleep_us=5905953 queue_ms=11
fps: 29.5
vis: 59.0
cpu: exceptions=7254 cacheResets=1 batches=15024 verts=225360 texStalls=0 recompiles=686 underruns=20 overruns=0 sleep_us=5981979 queue_ms=7
fps: 29.5
vis: 59.0
cpu: exceptions=7426 cacheResets=1 batches=15024 verts=225360 texStalls=0 recompiles=686 underruns=21 overruns=0 sleep_us=6067481 queue_ms=14
fps: 29.5
vis: 59.0
cpu: exceptions=7586 cacheResets=1 batches=15024 verts=225360 texStalls=0 recompiles=686 underruns=22 overruns=0 sleep_us=6155657 queue_ms=10
fps: 29.5
vis: 59.0
cpu: exceptions=7760 cacheResets=1 batches=15024 verts=225360 texStalls=0 recompiles=686 underruns=23 overruns=0 sleep_us=6240955 queue_ms=17
fps: 29.5
vis: 59.0
cpu: exceptions=7936 cacheResets=1 batches=15024 verts=225360 texStalls=0 recompiles=686 underruns=24 overruns=0 sleep_us=6327221 queue_ms=25
fps: 29.5
vis: 59.0
cpu: exceptions=8104 cacheResets=1 batches=15024 verts=225360 texStalls=0 recompiles=686 underruns=24 overruns=0 sleep_us=6414061 queue_ms=10
fps: 29.5
vis: 59.0
cpu: exceptions=8279 cacheResets=1 batches=15024 verts=225360 texStalls=0 recompiles=686 underruns=25 overruns=0 sleep_us=6500613 queue_ms=17
fps: 29.5
vis: 59.1
cpu: exceptions=8448 cacheResets=1 batches=15024 verts=225360 texStalls=0 recompiles=686 underruns=25 overruns=0 sleep_us=6589102 queue_ms=12
fps: 29.0
vis: 58.8
cpu: exceptions=8614 cacheResets=1 batches=15024 verts=225360 texStalls=0 recompiles=688 underruns=27 overruns=0 sleep_us=6698990 queue_ms=8
fps: 29.3
vis: 59.1
cpu: exceptions=8773 cacheResets=1 batches=15024 verts=225360 texStalls=0 recompiles=688 underruns=28 overruns=0 sleep_us=6806778 queue_ms=16
fps: 29.6
vis: 59.0
cpu: exceptions=8939 cacheResets=1 batches=15024 verts=225360 texStalls=0 recompiles=688 underruns=28 overruns=0 sleep_us=6910252 queue_ms=11
fps: 29.5
vis: 59.0
cpu: exceptions=9130 cacheResets=1 batches=15024 verts=225360 texStalls=0 recompiles=688 underruns=29 overruns=0 sleep_us=6991624 queue_ms=7
fps: 29.5
vis: 59.1
cpu: exceptions=9303 cacheResets=1 batches=15024 verts=225360 texStalls=0 recompiles=688 underruns=30 overruns=0 sleep_us=7080384 queue_ms=14
fps: 29.5
vis: 59.0
cpu: exceptions=9459 cacheResets=1 batches=15024 verts=225360 texStalls=0 recompiles=688 underruns=30 overruns=0 sleep_us=7181939 queue_ms=10
fps: 29.5
vis: 59.1
cpu: exceptions=9616 cacheResets=1 batches=15024 verts=225360 texStalls=0 recompiles=688 underruns=31 overruns=0 sleep_us=7283562 queue_ms=6
fps: 29.6
vis: 59.1
cpu: exceptions=9770 cacheResets=1 batches=15024 verts=225360 texStalls=0 recompiles=688 underruns=32 overruns=0 sleep_us=7387021 queue_ms=13
fps: 29.5
vis: 59.1
cpu: exceptions=9928 cacheResets=1 batches=15024 verts=225360 texStalls=0 recompiles=688 underruns=33 overruns=0 sleep_us=7493707 queue_ms=19
fps: 29.5
vis: 59.1
cpu: exceptions=10083 cacheResets=1 batches=15024 verts=225360 texStalls=0 recompiles=688 underruns=33 overruns=0 sleep_us=7602114 queue_ms=14
fps: 29.5
vis: 59.1
cpu: exceptions=10245 cacheResets=1 batches=15024 verts=225360 texStalls=0 recompiles=688 underruns=34 overruns=0 sleep_us=7711031 queue_ms=10
fps: 29.5
vis: 59.1
cpu: exceptions=10397 cacheResets=1 batches=15024 verts=225360 texStalls=0 recompiles=688 underruns=35 overruns=0 sleep_us=7816628 queue_ms=17
fps: 29.6
vis: 59.1
cpu: exceptions=10553 cacheResets=1 batches=15024 verts=225360 texStalls=0 recompiles=688 underruns=35 overruns=0 sleep_us=7919008 queue_ms=13
fps: 29.5
vis: 59.1
cpu: exceptions=10702 cacheResets=1 batches=15024 verts=225360 texStalls=0 recompiles=688 underruns=36 overruns=0 sleep_us=8035305 queue_ms=9
fps: 29.5
vis: 58.9
cpu: exceptions=10904 cacheResets=1 batches=15024 verts=225360 texStalls=0 recompiles=688 underruns=36 overruns=0 sleep_us=8118704 queue_ms=5
fps: 29.4
vis: 58.9
cpu: exceptions=11097 cacheResets=1 batches=15024 verts=225360 texStalls=0 recompiles=688 underruns=37 overruns=0 sleep_us=8193155 queue_ms=11
fps: 29.4
vis: 59.0
cpu: exceptions=11279 cacheResets=1 batches=15024 verts=225360 texStalls=0 recompiles=688 underruns=38 overruns=0 sleep_us=8275460 queue_ms=7
fps: 29.5
vis: 59.0
cpu: exceptions=11454 cacheResets=1 batches=15024 verts=225360 texStalls=0 recompiles=688 underruns=39 overruns=0 sleep_us=8361773 queue_ms=13
fps: 29.5
vis: 59.0
cpu: exceptions=11625 cacheResets=1 batches=15024 verts=225360 texStalls=0 recompiles=688 underruns=39 overruns=0 sleep_us=8449038 queue_ms=10
fps: 29.5
vis: 58.9
cpu: exceptions=11797 cacheResets=1 batches=15024 verts=225360 texStalls=0 recompiles=688 underruns=40 overruns=0 sleep_us=8535757 queue_ms=5
fps: 28.6
vis: 58.9
cpu: exceptions=11971 cacheResets=1 batches=15024 verts=225360 texStalls=0 recompiles=692 underruns=42 overruns=0 sleep_us=8621886 queue_ms=1
vis: 60.0
cpu: exceptions=12130 cacheResets=1 batches=15024 verts=225360 texStalls=0 recompiles=692 underruns=43 overruns=0 sleep_us=8719957 queue_ms=19
vis: 60.0
cpu: exceptions=12257 cacheResets=1 batches=15024 verts=225360 texStalls=0 recompiles=692 underruns=43 overruns=0 sleep_us=8870602 queue_ms=15
vis: 60.0
cpu: exceptions=12376 cacheResets=1 batches=15024 verts=225360 texStalls=0 recompiles=692 underruns=43 overruns=0 sleep_us=9073378 queue_ms=22
fps: 7.1
vis: 57.0
cpu: exceptions=12554 cacheResets=1 batches=15024 verts=225360 texStalls=0 recompiles=720 underruns=44 overruns=0 sleep_us=9270742 queue_ms=19
fps: 30.4
vis: 57.2
cpu: exceptions=12747 cacheResets=1 batches=15024 verts=225360 texStalls=0 recompiles=721 underruns=45 overruns=0 sleep_us=9328889 queue_ms=4
fps: 27.7
vis: 57.9
cpu: exceptions=12960 cacheResets=1 batches=15024 verts=225360 texStalls=0 recompiles=721 underruns=48 overruns=0 sleep_us=9343199 queue_ms=16
fps: 29.4
vis: 60.0
cpu: exceptions=13170 cacheResets=1 batches=15024 verts=225360 texStalls=0 recompiles=721 underruns=49 overruns=0 sleep_us=9351682 queue_ms=33
fps: 29.5
vis: 57.3
cpu: exceptions=13371 cacheResets=1 batches=15024 verts=225360 texStalls=0 recompiles=721 underruns=49 overruns=0 sleep_us=9367005 queue_ms=13
fps: 29.6
vis: 58.6
cpu: exceptions=13556 cacheResets=1 batches=15024 verts=225360 texStalls=0 recompiles=721 underruns=50 overruns=0 sleep_us=9432929 queue_ms=10
fps: 29.3
vis: 58.8
cpu: exceptions=13745 cacheResets=1 batches=15024 verts=225360 texStalls=0 recompiles=721 underruns=51 overruns=0 sleep_us=9490921 queue_ms=16
fps: 29.5
vis: 58.8
cpu: exceptions=13933 cacheResets=1 batches=15024 verts=225360 texStalls=0 recompiles=731 underruns=52 overruns=0 sleep_us=9540817 queue_ms=13
fps: 29.4
vis: 58.7
cpu: exceptions=14112 cacheResets=1 batches=15024 verts=225360 texStalls=0 recompiles=731 underruns=53 overruns=0 sleep_us=9623164 queue_ms=19
fps: 29.2
vis: 60.0
cpu: exceptions=14302 cacheResets=1 batches=15024 verts=225360 texStalls=0 recompiles=731 underruns=54 overruns=0 sleep_us=9700314 queue_ms=25
fps: 30.2
vis: 58.9
cpu: exceptions=14489 cacheResets=1 batches=15024 verts=225360 texStalls=0 recompiles=731 underruns=54 overruns=0 sleep_us=9745687 queue_ms=22
fps: 29.4
vis: 58.9
cpu: exceptions=14669 cacheResets=1 batches=15024 verts=225360 texStalls=0 recompiles=731 underruns=54 overruns=0 sleep_us=9827385 queue_ms=7
fps: 29.4
vis: 59.0
cpu: exceptions=14837 cacheResets=1 batches=15024 verts=225360 texStalls=0 recompiles=731 underruns=55 overruns=0 sleep_us=9923397 queue_ms=13
fps: 29.5
vis: 58.9
cpu: exceptions=15013 cacheResets=1 batches=15024 verts=225360 texStalls=0 recompiles=731 underruns=56 overruns=0 sleep_us=10011282 queue_ms=8
fps: 29.5
vis: 59.1
cpu: exceptions=15172 cacheResets=1 batches=15024 verts=225360 texStalls=0 recompiles=731 underruns=57 overruns=0 sleep_us=10118303 queue_ms=16
fps: 29.6
vis: 59.0
cpu: exceptions=15330 cacheResets=1 batches=15024 verts=225360 texStalls=0 recompiles=731 underruns=57 overruns=0 sleep_us=10228378 queue_ms=11
fps: 27.7
vis: 58.8
cpu: exceptions=15515 cacheResets=1 batches=15024 verts=225360 texStalls=0 recompiles=731 underruns=60 overruns=0 sleep_us=10302706 queue_ms=17
fps: 29.2
vis: 60.0
cpu: exceptions=15689 cacheResets=1 batches=15024 verts=225360 texStalls=0 recompiles=732 underruns=60 overruns=0 sleep_us=10380876 queue_ms=14
vis: 60.0
cpu: exceptions=15798 cacheResets=1 batches=15024 verts=225360 texStalls=0 recompiles=732 underruns=60 overruns=0 sleep_us=10541678 queue_ms=21
vis: 60.0
cpu: exceptions=15944 cacheResets=1 batches=15024 verts=225360 texStalls=0 recompiles=733 underruns=60 overruns=0 sleep_us=10747943 queue_ms=16
vis: 60.0
cpu: exceptions=16104 cacheResets=1 batches=15024 verts=225360 texStalls=0 recompiles=734 underruns=60 overruns=0 sleep_us=10976812 queue_ms=22
fps: 0.6
vis: 58.8
cpu: exceptions=16287 cacheResets=1 batches=15024 verts=225360 texStalls=0 recompiles=761 underruns=62 overruns=0 sleep_us=11022087 queue_ms=40
fps: 31.8
vis: 58.9
cpu: exceptions=16461 cacheResets=1 batches=15024 verts=225360 texStalls=0 recompiles=761 underruns=62 overruns=0 sleep_us=11091095 queue_ms=36
fps: 29.4
vis: 58.9
cpu: exceptions=16639 cacheResets=1 batches=15024 verts=225360 texStalls=0 recompiles=761 underruns=62 overruns=0 sleep_us=11161054 queue_ms=21
fps: 29.5
vis: 58.9
cpu: exceptions=16812 cacheResets=1 batches=15024 verts=225360 texStalls=0 recompiles=761 underruns=62 overruns=0 sleep_us=11232450 queue_ms=17
fps: 29.5
vis: 58.8
cpu: exceptions=16986 cacheResets=1 batches=15024 verts=225360 texStalls=0 recompiles=761 underruns=62 overruns=0 sleep_us=11308140 queue_ms=13
fps: 29.4
vis: 58.9
cpu: exceptions=17159 cacheResets=1 batches=15024 verts=225360 texStalls=0 recompiles=761 underruns=63 overruns=0 sleep_us=11379649 queue_ms=9
fps: 29.4
vis: 58.7
cpu: exceptions=17331 cacheResets=1 batches=15024 verts=225360 texStalls=0 recompiles=767 underruns=64 overruns=0 sleep_us=11423961 queue_ms=16
fps: 29.4
vis: 58.4
cpu: exceptions=17502 cacheResets=1 batches=15024 verts=225360 texStalls=0 recompiles=767 underruns=65 overruns=0 sleep_us=11478507 queue_ms=13
fps: 29.2
vis: 58.9
cpu: exceptions=17673 cacheResets=1 batches=15024 verts=225360 texStalls=0 recompiles=767 underruns=66 overruns=0 sleep_us=11544596 queue_ms=9
fps: 29.5
vis: 58.8
cpu: exceptions=17854 cacheResets=1 batches=15024 verts=225360 texStalls=0 recompiles=767 underruns=67 overruns=0 sleep_us=11608271 queue_ms=16
fps: 29.4
vis: 58.9
cpu: exceptions=18035 cacheResets=1 batches=15024 verts=225360 texStalls=0 recompiles=767 underruns=68 overruns=0 sleep_us=11662545 queue_ms=12
fps: 29.4
vis: 58.5
cpu: exceptions=18210 cacheResets=1 batches=15024 verts=225360 texStalls=0 recompiles=767 underruns=68 overruns=0 sleep_us=11727502 queue_ms=7
fps: 29.2
vis: 58.9
cpu: exceptions=18376 cacheResets=1 batches=15024 verts=225360 texStalls=0 recompiles=767 underruns=69 overruns=0 sleep_us=11795993 queue_ms=14
fps: 29.5
vis: 58.9
cpu: exceptions=18539 cacheResets=1 batches=15024 verts=225360 texStalls=0 recompiles=767 underruns=69 overruns=0 sleep_us=11884952 queue_ms=11
fps: 29.5
vis: 58.9
cpu: exceptions=18700 cacheResets=1 batches=15024 verts=225360 texStalls=0 recompiles=767 underruns=70 overruns=0 sleep_us=11974379 queue_ms=7
fps: 28.3
vis: 58.5
cpu: exceptions=18859 cacheResets=1 batches=15024 verts=225360 texStalls=0 recompiles=767 underruns=72 overruns=0 sleep_us=12068252 queue_ms=14
fps: 29.2
vis: 60.0
cpu: exceptions=19812 cacheResets=1 batches=15024 verts=225360 texStalls=0 recompiles=774 underruns=73 overruns=0 sleep_us=12126438 queue_ms=21
vis: 60.0
cpu: exceptions=20186 cacheResets=1 batches=15024 verts=225360 texStalls=0 recompiles=827 underruns=73 overruns=0 sleep_us=12393545 queue_ms=28
vis: 60.0
cpu: exceptions=20285 cacheResets=1 batches=15024 verts=225360 texStalls=0 recompiles=829 underruns=73 overruns=0 sleep_us=12746190 queue_ms=23
vis: 57.5
cpu: exceptions=20460 cacheResets=1 batches=15024 verts=225360 texStalls=0 recompiles=999 underruns=73 overruns=0 sleep_us=13063799 queue_ms=3
vis: 60.0
cpu: exceptions=20556 cacheResets=1 batches=15024 verts=225360 texStalls=0 recompiles=1016 underruns=74 overruns=0 sleep_us=13533691 queue_ms=16
fps: 3.5
vis: 60.0
cpu: exceptions=20741 cacheResets=1 batches=18916 verts=261780 texStalls=0 recompiles=1373 underruns=78 overruns=0 sleep_us=13563245 queue_ms=40
fps: 31.6
vis: 60.0
cpu: exceptions=20975 cacheResets=1 batches=24481 verts=312990 texStalls=0 recompiles=1405 underruns=78 overruns=0 sleep_us=13572104 queue_ms=25
fps: 28.6
vis: 54.2
cpu: exceptions=21253 cacheResets=1 batches=30343 verts=365982 texStalls=0 recompiles=1409 underruns=81 overruns=0 sleep_us=13572104 queue_ms=3
fps: 26.5
vis: 51.7
cpu: exceptions=21543 cacheResets=1 batches=35608 verts=413016 texStalls=0 recompiles=1410 underruns=87 overruns=0 sleep_us=13576727 queue_ms=7
fps: 25.4
vis: 49.9
cpu: exceptions=21861 cacheResets=1 batches=41037 verts=461034 texStalls=0 recompiles=1410 underruns=94 overruns=0 sleep_us=13581412 queue_ms=2
fps: 25.1
vis: 52.0
cpu: exceptions=22166 cacheResets=1 batches=46065 verts=506646 texStalls=0 recompiles=1417 underruns=100 overruns=0 sleep_us=13586155 queue_ms=5
fps: 28.2
vis: 60.0
cpu: exceptions=22474 cacheResets=1 batches=50570 verts=551496 texStalls=0 recompiles=1417 underruns=102 overruns=0 sleep_us=13628237 queue_ms=22
fps: 30.1
vis: 60.0
cpu: exceptions=22776 cacheResets=1 batches=54446 verts=592572 texStalls=0 recompiles=1417 underruns=102 overruns=0 sleep_us=13676299 queue_ms=29
fps: 30.1
vis: 60.0
cpu: exceptions=23099 cacheResets=1 batches=57675 verts=629766 texStalls=0 recompiles=1421 underruns=102 overruns=0 sleep_us=13721953 queue_ms=25
fps: 30.0
vis: 60.0
cpu: exceptions=23408 cacheResets=1 batches=60669 verts=665550 texStalls=0 recompiles=1435 underruns=102 overruns=0 sleep_us=13781009 queue_ms=21
fps: 30.0
vis: 60.0
cpu: exceptions=23710 cacheResets=1 batches=63633 verts=701154 texStalls=0 recompiles=1489 underruns=102 overruns=0 sleep_us=13831503 queue_ms=28
fps: 29.9
vis: 60.0
cpu: exceptions=24007 cacheResets=1 batches=66553 verts=736494 texStalls=0 recompiles=1503 underruns=102 overruns=0 sleep_us=13878506 queue_ms=25
fps: 30.1
vis: 60.0
cpu: exceptions=24328 cacheResets=1 batches=69420 verts=771516 texStalls=0 recompiles=1504 underruns=102 overruns=0 sleep_us=13940712 queue_ms=32
fps: 30.0
vis: 60.0
cpu: exceptions=24630 cacheResets=1 batches=72329 verts=806790 texStalls=0 recompiles=1504 underruns=102 overruns=0 sleep_us=14015586 queue_ms=28
fps: 29.0
vis: 60.0
cpu: exceptions=24920 cacheResets=1 batches=75250 verts=842136 texStalls=0 recompiles=1504 underruns=103 overruns=0 sleep_us=14099645 queue_ms=23
mark: stop reason: chain guest VI limit
mark: stop_it requested
audio: alist_resample_calls=124134 alist_resample_samples=18520696 alist_zoh_calls=0 alist_zoh_samples=0 musyx_subframes=0 musyx_voices=0 musyx_voice_peak=0
audio_stages: adpcm_calls=128102 adpcm_samples=19590016 envmix_calls=124134 envmix_samples=18520696 mix_calls=21240 mix_samples=8156160 musyx_fx_calls=0 musyx_fx_taps=0 output_calls=3566 output_samples=1595408
audio_envmix: exp_calls=0 ge_calls=0 lin_calls=0 nead_calls=124134 exp_steady=0 ge_steady=0 lin_steady=0
audio_gaps: nead_mats=0 nead_efz=0 resample_flag2=0 musyx_ptr10=0
audio_output: stream_requests=7545 stream_fed=5539 input_hz=26807 playback_hz=26807 queue_peak_ms=148
probe_schema: version=2 self=1 interval=127
vm_io: read_ahead=1 reads=0 hits=0 read_bytes=0 writes=0 write_bytes=0 errors=0
subsystem_time: stage=rsp_gfx calls=1428 timed_calls=1428 period=1 timed_us=29153087
subsystem_time: stage=rsp_audio calls=3540 timed_calls=3540 period=1 timed_us=3014899
subsystem_time: stage=rsp_other calls=0 timed_calls=0 period=1 timed_us=0
subsystem_time: stage=lookup calls=8678290 timed_calls=68332 period=127 timed_us=14943
subsystem_time: stage=compile calls=1504 timed_calls=1504 period=1 timed_us=203218
subsystem_time: stage=dispatch calls=8652025 timed_calls=68126 period=127 timed_us=61056
subsystem_self: stage=dispatch calls=8652025 timed_calls=68126 self_us=40362 dropped=0
subsystem_time: stage=execute_inclusive calls=8652025 timed_calls=68126 period=127 timed_us=453317
subsystem_self: stage=execute_inclusive calls=8652025 timed_calls=68126 self_us=119420 dropped=0
subsystem_time: stage=rom_copy calls=8289 timed_calls=8289 period=1 timed_us=72911
subsystem_time: stage=present calls=3599 timed_calls=3599 period=1 timed_us=65670
subsystem_time: stage=limiter calls=1992 timed_calls=1992 period=1 timed_us=14145481
subsystem_time: stage=vm_fault calls=0 timed_calls=0 period=1 timed_us=0
subsystem_time: stage=vm_victim calls=0 timed_calls=0 period=1 timed_us=0
subsystem_time: stage=vm_read calls=0 timed_calls=0 period=1 timed_us=0
subsystem_time: stage=vm_write calls=0 timed_calls=0 period=1 timed_us=0
subsystem_time: stage=tex_hash calls=231269 timed_calls=231269 period=1 timed_us=1473441
subsystem_time: stage=tex_lookup calls=231269 timed_calls=231269 period=1 timed_us=339968
subsystem_time: stage=tex_load calls=1733 timed_calls=1733 period=1 timed_us=127457
subsystem_time: stage=tex_activate calls=231269 timed_calls=231269 period=1 timed_us=57014
subsystem_time: stage=draw_triangles calls=76811 timed_calls=76811 period=1 timed_us=165322
subsystem_time: stage=draw_rect calls=199209 timed_calls=199209 period=1 timed_us=2423624
subsystem_time: stage=gfx_list calls=1428 timed_calls=1428 period=1 timed_us=29150196
subsystem_time: stage=gfx_command calls=3052105 timed_calls=24032 period=127 timed_us=232727
subsystem_time: stage=vertex calls=544112 timed_calls=4284 period=127 timed_us=1300
subsystem_time: stage=gfx_state calls=287905 timed_calls=2266 period=127 timed_us=20695
subsystem_self: stage=gfx_state calls=287905 timed_calls=2266 self_us=4836 dropped=0
subsystem_time: stage=gx_wait calls=4 timed_calls=4 period=1 timed_us=2572
subsystem_time: stage=dma_pi calls=8289 timed_calls=8289 period=1 timed_us=145952
subsystem_time: stage=dma_sp calls=9936 timed_calls=9936 period=1 timed_us=10032
subsystem_time: stage=dma_si calls=2986 timed_calls=2986 period=1 timed_us=34375
subsystem_time: stage=tlb_translate calls=0 timed_calls=0 period=127 timed_us=0
subsystem_time: stage=pif calls=2987 timed_calls=2987 period=1 timed_us=31679
subsystem_time: stage=input calls=5712 timed_calls=5712 period=1 timed_us=25823
subsystem_time: stage=guest_interrupt calls=33511 timed_calls=33511 period=1 timed_us=14390606
subsystem_self: stage=guest_interrupt calls=33511 timed_calls=33511 self_us=63413 dropped=0
subsystem_time: stage=interpreter_inclusive calls=0 timed_calls=0 period=1 timed_us=0
subsystem_self: stage=interpreter_inclusive calls=0 timed_calls=0 self_us=0 dropped=0
subsystem_time: stage=audio_submit calls=3566 timed_calls=3566 period=1 timed_us=35145
subsystem_time: stage=audio_callback calls=36631 timed_calls=36631 period=1 timed_us=26429
subsystem_time: stage=memory_slow calls=1357878 timed_calls=10691 period=127 timed_us=239714
subsystem_self: stage=memory_slow calls=1357878 timed_calls=10691 self_us=5476 dropped=0
subsystem_time: stage=jit_invalidate calls=26265 timed_calls=206 period=127 timed_us=43
subsystem_time: stage=cpu_helper calls=35813740 timed_calls=281997 period=127 timed_us=131610
subsystem_time: stage=storage_read calls=0 timed_calls=0 period=1 timed_us=0
subsystem_time: stage=storage_write calls=0 timed_calls=0 period=1 timed_us=0
subsystem_time: stage=save_load calls=0 timed_calls=0 period=1 timed_us=0
subsystem_time: stage=save_write calls=0 timed_calls=0 period=1 timed_us=0
subsystem_time: stage=state_load calls=0 timed_calls=0 period=1 timed_us=0
subsystem_time: stage=state_save calls=0 timed_calls=0 period=1 timed_us=0
subsystem_time: stage=probe_io calls=8 timed_calls=8 period=1 timed_us=123037
subsystem_time: stage=agent_poll calls=7278 timed_calls=7278 period=1 timed_us=1477
audio_time: stage=resample sampled_calls=977 sampled_samples=145512 sampled_us=6186
audio_time: stage=zoh sampled_calls=0 sampled_samples=0 sampled_us=0
audio_time: stage=adpcm sampled_calls=1008 sampled_samples=155232 sampled_us=6504
audio_time: stage=envmix_exp sampled_calls=0 sampled_samples=0 sampled_us=0
audio_time: stage=envmix_ge sampled_calls=0 sampled_samples=0 sampled_us=0
audio_time: stage=envmix_lin sampled_calls=0 sampled_samples=0 sampled_us=0
audio_time: stage=envmix_nead sampled_calls=977 sampled_samples=145512 sampled_us=8712
audio_time: stage=mix sampled_calls=167 sampled_samples=64128 sampled_us=1060
audio_time: stage=musyx_voice sampled_calls=0 sampled_samples=0 sampled_us=0
audio_time: stage=musyx_fx sampled_calls=0 sampled_samples=0 sampled_us=0
audio_time: stage=output sampled_calls=28 sampled_samples=12480 sampled_us=219
gpu_counters: clks=14914175670 tb_clks=14914175744 ras_busy=376780883 xf_wait_in=14480107118 xf_wait_out=207961781 ras_peak_permille=40 ztop_in=1452470568 ztop_out=1423822424 z_in=5198908 z_out=4386100 blend_in=1429343808 copy_clks=145893642 fifo_overflows=0
game: n=2/9 how=vis vis=3600 vi_rate=60 vi0_retrace=3137 wall_us=61375060 sleep_us=14138974 avg_vis=58.49 avg_fps=27.01 exceptions=25070 cacheResets=1 recompiles=1504 batches=76811 verts=861006 texStalls=0 treeDepthMax=14 underruns=104 overruns=0 queue_peak_ms=127 dsp_avg=1.55 dsp_peak=1.85 dsp_samples=121 pmc1=34261050286 pmc2=33837264663 pmc3=0 pmc4=0 mmcr0=00000042 mmcr1=00000000 heap_used=10895544 heap_free=34696 arena1_free=311296 arena2_free=288704 flushes=8 flush_us=123036 padtrace=21 rom=sd:/wii64/roms/Mario Kart 64.v64
=== chain 2/9 end vis=3600 how=vis rom=sd:/wii64/roms/Mario Kart 64.v64 ===
mark: pad replay records: 1
mark: loadROM: enter
mark: loadROM: before rom_read
mark: ROMCache_load: enter
mark: ROMCache_load: before first read
mark: ROMCache_load: first read returned
mark: ROMCache_load: byte_swap_type set
mark: ROMCache_load: first byte_swap done
menufps: 0.0
menufps: 8.5
menufps: 8.0
menufps: 8.1
menufps: 8.1
menufps: 8.0
menufps: 8.0
mark: ROMCache_load: loop exited normally
mark: ROMCache_load: elapsed_us=3843525 bytes=16777216 vm=0
mark: loadROM: after rom_read
mark: loadROM: before init_memory
mark: loadROM: after init_memory
mark: loadROM: before romOpen_gfx
mark: loadROM: after romOpen_gfx / before romOpen_audio
mark: loadROM: after romOpen_audio / before romOpen_input
mark: loadROM: after romOpen_input / before cpu_init
mark: loadROM: after cpu_init
menufps: 6.2
menufps: 1.9
menufps: 1.0
menufps: 1.0
fps: 1.6
first_vi: vi0_retrace=7257
vis: 2.1
cpu: exceptions=0 cacheResets=0 batches=0 verts=0 texStalls=0 recompiles=0 underruns=0 overruns=0 sleep_us=0 queue_ms=0
mark: CPU core dispatch: dynarec
vis: 45.0
cpu: exceptions=30 cacheResets=1 batches=0 verts=0 texStalls=0 recompiles=138 underruns=0 overruns=0 sleep_us=0 queue_ms=0
vis: 60.0
cpu: exceptions=60 cacheResets=1 batches=0 verts=0 texStalls=0 recompiles=138 underruns=0 overruns=0 sleep_us=277764 queue_ms=0
vis: 58.9
cpu: exceptions=225 cacheResets=1 batches=0 verts=0 texStalls=0 recompiles=232 underruns=0 overruns=0 sleep_us=513356 queue_ms=0
vis: 60.0
cpu: exceptions=519 cacheResets=1 batches=0 verts=0 texStalls=0 recompiles=616 underruns=1 overruns=0 sleep_us=765956 queue_ms=34
fps: 0.4
vis: 60.0
cpu: exceptions=727 cacheResets=1 batches=44 verts=2262 texStalls=0 recompiles=1897 underruns=2 overruns=0 sleep_us=880977 queue_ms=65
vis: 60.0
cpu: exceptions=882 cacheResets=1 batches=44 verts=2262 texStalls=0 recompiles=1902 underruns=2 overruns=0 sleep_us=1131305 queue_ms=56
fps: 1.3
vis: 60.0
cpu: exceptions=1065 cacheResets=1 batches=387 verts=14094 texStalls=0 recompiles=1991 underruns=2 overruns=0 sleep_us=1372948 queue_ms=61
fps: 30.0
vis: 60.0
cpu: exceptions=1252 cacheResets=1 batches=1177 verts=35124 texStalls=0 recompiles=2006 underruns=2 overruns=0 sleep_us=1639351 queue_ms=65
fps: 30.0
vis: 60.0
cpu: exceptions=1435 cacheResets=1 batches=2204 verts=57576 texStalls=0 recompiles=2009 underruns=2 overruns=0 sleep_us=1895944 queue_ms=69
fps: 30.0
vis: 60.0
cpu: exceptions=1618 cacheResets=1 batches=3260 verts=80202 texStalls=0 recompiles=2009 underruns=2 overruns=0 sleep_us=2151019 queue_ms=74
fps: 30.0
vis: 60.0
cpu: exceptions=1794 cacheResets=1 batches=4321 verts=102648 texStalls=0 recompiles=2012 underruns=2 overruns=0 sleep_us=2405260 queue_ms=65
fps: 30.0
vis: 60.0
cpu: exceptions=1989 cacheResets=1 batches=5383 verts=124680 texStalls=0 recompiles=2012 underruns=2 overruns=0 sleep_us=2660583 queue_ms=61
fps: 30.0
vis: 60.0
cpu: exceptions=2173 cacheResets=1 batches=6417 verts=146544 texStalls=0 recompiles=2029 underruns=2 overruns=0 sleep_us=2915150 queue_ms=65
fps: 30.0
vis: 60.0
cpu: exceptions=2356 cacheResets=1 batches=7583 verts=174672 texStalls=0 recompiles=2029 underruns=2 overruns=0 sleep_us=3152956 queue_ms=70
fps: 29.9
vis: 60.0
cpu: exceptions=2557 cacheResets=1 batches=9167 verts=213516 texStalls=0 recompiles=2036 underruns=2 overruns=0 sleep_us=3340893 queue_ms=74
fps: 30.0
vis: 60.0
cpu: exceptions=2747 cacheResets=1 batches=10846 verts=247458 texStalls=0 recompiles=2047 underruns=2 overruns=0 sleep_us=3534900 queue_ms=57
fps: 30.0
vis: 60.0
cpu: exceptions=2921 cacheResets=1 batches=12375 verts=272292 texStalls=0 recompiles=2063 underruns=2 overruns=0 sleep_us=3762877 queue_ms=61
fps: 30.0
vis: 60.0
cpu: exceptions=3096 cacheResets=1 batches=13663 verts=295680 texStalls=0 recompiles=2063 underruns=2 overruns=0 sleep_us=4018595 queue_ms=66
fps: 29.4
vis: 60.0
cpu: exceptions=3268 cacheResets=1 batches=14744 verts=317826 texStalls=0 recompiles=2064 underruns=2 overruns=0 sleep_us=4284670 queue_ms=57
fps: 30.0
vis: 60.0
cpu: exceptions=3456 cacheResets=1 batches=15784 verts=339726 texStalls=0 recompiles=2064 underruns=2 overruns=0 sleep_us=4546248 queue_ms=61
fps: 30.0
vis: 60.0
cpu: exceptions=3638 cacheResets=1 batches=16805 verts=361512 texStalls=0 recompiles=2064 underruns=2 overruns=0 sleep_us=4807297 queue_ms=57
fps: 29.9
vis: 60.0
cpu: exceptions=3832 cacheResets=1 batches=18106 verts=397746 texStalls=0 recompiles=2064 underruns=2 overruns=0 sleep_us=5021635 queue_ms=49
fps: 30.0
vis: 60.0
cpu: exceptions=4032 cacheResets=1 batches=19443 verts=435108 texStalls=0 recompiles=2065 underruns=2 overruns=0 sleep_us=5235453 queue_ms=53
fps: 29.9
vis: 60.0
cpu: exceptions=4235 cacheResets=1 batches=21682 verts=470712 texStalls=0 recompiles=2081 underruns=2 overruns=0 sleep_us=5421282 queue_ms=57
fps: 29.8
vis: 60.0
cpu: exceptions=4422 cacheResets=1 batches=26578 verts=511338 texStalls=0 recompiles=2081 underruns=2 overruns=0 sleep_us=5559608 queue_ms=62
fps: 30.0
vis: 60.0
cpu: exceptions=4617 cacheResets=1 batches=31920 verts=554640 texStalls=0 recompiles=2081 underruns=2 overruns=0 sleep_us=5695040 queue_ms=58
fps: 30.0
vis: 60.0
cpu: exceptions=4809 cacheResets=1 batches=37021 verts=596496 texStalls=0 recompiles=2082 underruns=2 overruns=0 sleep_us=5842737 queue_ms=49
fps: 30.0
vis: 60.0
cpu: exceptions=5005 cacheResets=1 batches=42078 verts=638088 texStalls=0 recompiles=2083 underruns=2 overruns=0 sleep_us=5992321 queue_ms=53
fps: 30.0
vis: 59.8
cpu: exceptions=5204 cacheResets=1 batches=47253 verts=680388 texStalls=0 recompiles=2083 underruns=2 overruns=0 sleep_us=6135632 queue_ms=58
fps: 30.0
vis: 60.0
cpu: exceptions=5414 cacheResets=1 batches=51910 verts=733260 texStalls=0 recompiles=2084 underruns=2 overruns=0 sleep_us=6265383 queue_ms=54
mark: stop reason: chain guest VI limit
mark: stop_it requested
audio: alist_resample_calls=7273 alist_resample_samples=1338232 alist_zoh_calls=0 alist_zoh_samples=0 musyx_subframes=0 musyx_voices=0 musyx_voice_peak=0
audio_stages: adpcm_calls=5684 adpcm_samples=629344 envmix_calls=5654 envmix_samples=1040336 mix_calls=32380 mix_samples=5957920 musyx_fx_calls=0 musyx_fx_taps=0 output_calls=405 output_samples=297160
audio_envmix: exp_calls=0 ge_calls=0 lin_calls=5654 nead_calls=0 exp_steady=0 ge_steady=0 lin_steady=5208
audio_gaps: nead_mats=0 nead_efz=0 resample_flag2=0 musyx_ptr10=0
audio_output: stream_requests=3453 stream_fed=1029 input_hz=21998 playback_hz=21998 queue_peak_ms=90
probe_schema: version=2 self=1 interval=127
vm_io: read_ahead=1 reads=0 hits=0 read_bytes=0 writes=0 write_bytes=0 errors=0
subsystem_time: stage=rsp_gfx calls=358 timed_calls=358 period=1 timed_us=1495520
subsystem_time: stage=rsp_audio calls=406 timed_calls=406 period=1 timed_us=308333
subsystem_time: stage=rsp_other calls=0 timed_calls=0 period=1 timed_us=0
subsystem_time: stage=lookup calls=4415543 timed_calls=34768 period=127 timed_us=8818
subsystem_time: stage=compile calls=2084 timed_calls=2084 period=1 timed_us=178014
subsystem_time: stage=dispatch calls=4132102 timed_calls=32536 period=127 timed_us=30340
subsystem_self: stage=dispatch calls=4132102 timed_calls=32536 self_us=20045 dropped=0
subsystem_time: stage=execute_inclusive calls=4132102 timed_calls=32536 period=127 timed_us=118388
subsystem_self: stage=execute_inclusive calls=4132102 timed_calls=32536 self_us=44823 dropped=0
subsystem_time: stage=rom_copy calls=640 timed_calls=640 period=1 timed_us=14335
subsystem_time: stage=present calls=899 timed_calls=899 period=1 timed_us=63024
subsystem_time: stage=limiter calls=850 timed_calls=850 period=1 timed_us=6303364
subsystem_time: stage=vm_fault calls=0 timed_calls=0 period=1 timed_us=0
subsystem_time: stage=vm_victim calls=0 timed_calls=0 period=1 timed_us=0
subsystem_time: stage=vm_read calls=0 timed_calls=0 period=1 timed_us=0
subsystem_time: stage=vm_write calls=0 timed_calls=0 period=1 timed_us=0
subsystem_time: stage=tex_hash calls=48848 timed_calls=48848 period=1 timed_us=401254
subsystem_time: stage=tex_lookup calls=48848 timed_calls=48848 period=1 timed_us=10970
subsystem_time: stage=tex_load calls=28 timed_calls=28 period=1 timed_us=1998
subsystem_time: stage=tex_activate calls=48848 timed_calls=48848 period=1 timed_us=27564
subsystem_time: stage=draw_triangles calls=52520 timed_calls=52520 period=1 timed_us=226228
subsystem_time: stage=draw_rect calls=0 timed_calls=0 period=1 timed_us=0
subsystem_time: stage=gfx_list calls=358 timed_calls=358 period=1 timed_us=1494817
subsystem_time: stage=gfx_command calls=1088190 timed_calls=8568 period=127 timed_us=12470
subsystem_time: stage=vertex calls=360552 timed_calls=2838 period=127 timed_us=883
subsystem_time: stage=gfx_state calls=84009 timed_calls=661 period=127 timed_us=4930
subsystem_self: stage=gfx_state calls=84009 timed_calls=661 self_us=1398 dropped=0
subsystem_time: stage=gx_wait calls=4 timed_calls=4 period=1 timed_us=2569
subsystem_time: stage=dma_pi calls=640 timed_calls=640 period=1 timed_us=27263
subsystem_time: stage=dma_sp calls=1528 timed_calls=1528 period=1 timed_us=1641
subsystem_time: stage=dma_si calls=1147 timed_calls=1147 period=1 timed_us=11918
subsystem_time: stage=tlb_translate calls=0 timed_calls=0 period=127 timed_us=0
subsystem_time: stage=pif calls=1149 timed_calls=1149 period=1 timed_us=10923
subsystem_time: stage=input calls=807 timed_calls=807 period=1 timed_us=8815
subsystem_time: stage=guest_interrupt calls=6617 timed_calls=6617 period=1 timed_us=6420213
subsystem_self: stage=guest_interrupt calls=6617 timed_calls=6617 self_us=23571 dropped=0
subsystem_time: stage=interpreter_inclusive calls=0 timed_calls=0 period=1 timed_us=0
subsystem_self: stage=interpreter_inclusive calls=0 timed_calls=0 self_us=0 dropped=0
subsystem_time: stage=audio_submit calls=405 timed_calls=405 period=1 timed_us=6464
subsystem_time: stage=audio_callback calls=9511 timed_calls=9511 period=1 timed_us=5493
subsystem_time: stage=memory_slow calls=487873 timed_calls=3841 period=127 timed_us=22227
subsystem_self: stage=memory_slow calls=487873 timed_calls=3841 self_us=1653 dropped=0
subsystem_time: stage=jit_invalidate calls=283441 timed_calls=2231 period=127 timed_us=554
subsystem_time: stage=cpu_helper calls=12620359 timed_calls=99372 period=127 timed_us=85491
subsystem_time: stage=storage_read calls=0 timed_calls=0 period=1 timed_us=0
subsystem_time: stage=storage_write calls=0 timed_calls=0 period=1 timed_us=0
subsystem_time: stage=save_load calls=0 timed_calls=0 period=1 timed_us=0
subsystem_time: stage=save_write calls=0 timed_calls=0 period=1 timed_us=0
subsystem_time: stage=state_load calls=0 timed_calls=0 period=1 timed_us=0
subsystem_time: stage=state_save calls=0 timed_calls=0 period=1 timed_us=0
subsystem_time: stage=probe_io calls=3 timed_calls=3 period=1 timed_us=37978
subsystem_time: stage=agent_poll calls=1818 timed_calls=1818 period=1 timed_us=478
audio_time: stage=resample sampled_calls=57 sampled_samples=10488 sampled_us=427
audio_time: stage=zoh sampled_calls=0 sampled_samples=0 sampled_us=0
audio_time: stage=adpcm sampled_calls=44 sampled_samples=4752 sampled_us=205
audio_time: stage=envmix_exp sampled_calls=0 sampled_samples=0 sampled_us=0
audio_time: stage=envmix_ge sampled_calls=0 sampled_samples=0 sampled_us=0
audio_time: stage=envmix_lin sampled_calls=44 sampled_samples=8096 sampled_us=701
audio_time: stage=envmix_nead sampled_calls=0 sampled_samples=0 sampled_us=0
audio_time: stage=mix sampled_calls=254 sampled_samples=46736 sampled_us=781
audio_time: stage=musyx_voice sampled_calls=0 sampled_samples=0 sampled_us=0
audio_time: stage=musyx_fx sampled_calls=0 sampled_samples=0 sampled_us=0
audio_time: stage=output sampled_calls=3 sampled_samples=2208 sampled_us=39
gpu_counters: clks=3721675203 tb_clks=3721675288 ras_busy=138664543 xf_wait_in=3283340494 xf_wait_out=388641053 ras_peak_permille=49 ztop_in=544508484 ztop_out=521082840 z_in=0 z_out=0 blend_in=521145020 copy_clks=50678713 fifo_overflows=846
game: n=3/9 how=vis vis=900 vi_rate=60 vi0_retrace=7257 wall_us=15315348 sleep_us=6300619 avg_vis=57.60 avg_fps=26.63 exceptions=5450 cacheResets=1 recompiles=2084 batches=52520 verts=741906 texStalls=0 treeDepthMax=31 underruns=2 overruns=0 queue_peak_ms=74 dsp_avg=1.39 dsp_peak=1.60 dsp_samples=31 pmc1=6330437613 pmc2=6427360126 pmc3=0 pmc4=0 mmcr0=00000042 mmcr1=00000000 heap_used=10930392 heap_free=36712 arena1_free=274432 arena2_free=288704 flushes=3 flush_us=37978 padtrace=0 rom=sd:/wii64/roms/Banjo-Kazooie.V64
=== chain 3/9 end vis=900 how=vis rom=sd:/wii64/roms/Banjo-Kazooie.V64 ===
mark: pad replay records: 1
mark: loadROM: enter
mark: loadROM: before rom_read
mark: ROMCache_load: enter
mark: ROMCache_load: before first read
mark: ROMCache_load: first read returned
mark: ROMCache_load: byte_swap_type set
mark: ROMCache_load: first byte_swap done
menufps: 0.1
menufps: 8.5
menufps: 8.0
menufps: 7.5
menufps: 8.0
menufps: 8.2
menufps: 7.9
menufps: 8.0
mark: ROMCache_load: loop exited normally
mark: ROMCache_load: elapsed_us=3882414 bytes=16777216 vm=0
mark: loadROM: after rom_read
mark: loadROM: before init_memory
mark: loadROM: after init_memory
mark: loadROM: before romOpen_gfx
mark: loadROM: after romOpen_gfx / before romOpen_audio
mark: loadROM: after romOpen_audio / before romOpen_input
mark: loadROM: after romOpen_input / before cpu_init
mark: loadROM: after cpu_init
menufps: 2.3
menufps: 1.0
menufps: 1.0
fps: 0.8
first_vi: vi0_retrace=8618
vis: 0.9
cpu: exceptions=0 cacheResets=0 batches=0 verts=0 texStalls=0 recompiles=0 underruns=0 overruns=0 sleep_us=0 queue_ms=0
mark: CPU core dispatch: dynarec
vis: 60.0
cpu: exceptions=1471 cacheResets=1 batches=0 verts=0 texStalls=0 recompiles=421 underruns=0 overruns=0 sleep_us=78414 queue_ms=166
fps: 3.1
vis: 60.0
cpu: exceptions=2355 cacheResets=1 batches=0 verts=0 texStalls=0 recompiles=425 underruns=0 overruns=0 sleep_us=417673 queue_ms=160
fps: 60.9
vis: 60.0
cpu: exceptions=2625 cacheResets=1 batches=0 verts=0 texStalls=0 recompiles=425 underruns=0 overruns=0 sleep_us=832386 queue_ms=156
fps: 60.0
vis: 60.0
cpu: exceptions=2918 cacheResets=1 batches=0 verts=0 texStalls=0 recompiles=468 underruns=0 overruns=0 sleep_us=1233777 queue_ms=162
vis: 60.0
cpu: exceptions=3298 cacheResets=1 batches=0 verts=0 texStalls=0 recompiles=468 underruns=0 overruns=0 sleep_us=1582722 queue_ms=157
fps: 14.7
vis: 51.9
cpu: exceptions=3627 cacheResets=1 batches=1934 verts=51708 texStalls=0 recompiles=742 underruns=0 overruns=0 sleep_us=1755297 queue_ms=87
fps: 57.3
vis: 60.0
cpu: exceptions=3918 cacheResets=1 batches=8714 verts=229188 texStalls=0 recompiles=763 underruns=0 overruns=0 sleep_us=1781356 queue_ms=91
fps: 58.3
vis: 60.0
cpu: exceptions=4213 cacheResets=1 batches=15486 verts=406620 texStalls=0 recompiles=771 underruns=0 overruns=0 sleep_us=1810290 queue_ms=78
fps: 60.0
vis: 60.0
cpu: exceptions=4512 cacheResets=1 batches=22236 verts=583920 texStalls=0 recompiles=775 underruns=0 overruns=0 sleep_us=1838266 queue_ms=75
fps: 60.0
vis: 60.0
cpu: exceptions=4803 cacheResets=1 batches=28986 verts=761220 texStalls=0 recompiles=775 underruns=0 overruns=0 sleep_us=1870667 queue_ms=79
fps: 60.0
vis: 60.0
cpu: exceptions=5092 cacheResets=1 batches=35736 verts=938520 texStalls=0 recompiles=775 underruns=0 overruns=0 sleep_us=1905383 queue_ms=77
fps: 60.0
vis: 60.0
cpu: exceptions=5386 cacheResets=1 batches=42486 verts=1115820 texStalls=0 recompiles=775 underruns=0 overruns=0 sleep_us=1936852 queue_ms=72
fps: 60.0
vis: 60.0
cpu: exceptions=5673 cacheResets=1 batches=49236 verts=1293120 texStalls=0 recompiles=777 underruns=0 overruns=0 sleep_us=1972395 queue_ms=78
fps: 60.0
vis: 60.0
cpu: exceptions=5967 cacheResets=1 batches=55986 verts=1470420 texStalls=0 recompiles=777 underruns=0 overruns=0 sleep_us=1999204 queue_ms=74
fps: 60.0
vis: 60.0
cpu: exceptions=6265 cacheResets=1 batches=62736 verts=1647720 texStalls=0 recompiles=777 underruns=0 overruns=0 sleep_us=2023777 queue_ms=80
fps: 60.0
vis: 60.0
cpu: exceptions=6559 cacheResets=1 batches=69486 verts=1825020 texStalls=0 recompiles=777 underruns=0 overruns=0 sleep_us=2048790 queue_ms=75
fps: 60.0
vis: 60.0
cpu: exceptions=6857 cacheResets=1 batches=76236 verts=2002320 texStalls=0 recompiles=777 underruns=0 overruns=0 sleep_us=2069404 queue_ms=81
fps: 60.0
vis: 60.0
cpu: exceptions=7150 cacheResets=1 batches=82986 verts=2179620 texStalls=0 recompiles=777 underruns=0 overruns=0 sleep_us=2093306 queue_ms=77
fps: 60.0
vis: 60.0
cpu: exceptions=7441 cacheResets=1 batches=89736 verts=2356920 texStalls=0 recompiles=777 underruns=0 overruns=0 sleep_us=2119981 queue_ms=73
fps: 60.0
vis: 60.0
cpu: exceptions=7731 cacheResets=1 batches=96486 verts=2534220 texStalls=0 recompiles=777 underruns=0 overruns=0 sleep_us=2147990 queue_ms=79
fps: 60.0
vis: 60.0
cpu: exceptions=8020 cacheResets=1 batches=103236 verts=2711520 texStalls=0 recompiles=777 underruns=0 overruns=0 sleep_us=2180207 queue_ms=74
fps: 59.8
vis: 60.0
cpu: exceptions=8317 cacheResets=1 batches=109986 verts=2888820 texStalls=0 recompiles=777 underruns=0 overruns=0 sleep_us=2205404 queue_ms=80
fps: 60.1
vis: 60.0
cpu: exceptions=8610 cacheResets=1 batches=116736 verts=3066120 texStalls=0 recompiles=777 underruns=0 overruns=0 sleep_us=2219117 queue_ms=76
fps: 59.7
vis: 60.0
cpu: exceptions=8923 cacheResets=1 batches=123486 verts=3243420 texStalls=0 recompiles=777 underruns=0 overruns=0 sleep_us=2220095 queue_ms=73
fps: 59.5
vis: 59.4
cpu: exceptions=9241 cacheResets=1 batches=130236 verts=3420720 texStalls=0 recompiles=777 underruns=0 overruns=0 sleep_us=2221383 queue_ms=68
fps: 59.8
vis: 59.8
cpu: exceptions=9559 cacheResets=1 batches=136986 verts=3598020 texStalls=0 recompiles=777 underruns=0 overruns=0 sleep_us=2222003 queue_ms=65
fps: 59.8
vis: 60.0
cpu: exceptions=9872 cacheResets=1 batches=143736 verts=3775320 texStalls=0 recompiles=777 underruns=0 overruns=0 sleep_us=2222056 queue_ms=70
fps: 56.1
vis: 60.0
cpu: exceptions=10181 cacheResets=1 batches=150486 verts=3952620 texStalls=0 recompiles=777 underruns=0 overruns=0 sleep_us=2223816 queue_ms=30
fps: 60.0
vis: 58.7
cpu: exceptions=10493 cacheResets=1 batches=157588 verts=4141185 texStalls=0 recompiles=777 underruns=0 overruns=0 sleep_us=2231128 queue_ms=27
fps: 53.5
vis: 54.1
cpu: exceptions=10781 cacheResets=1 batches=165848 verts=4369749 texStalls=0 recompiles=777 underruns=4 overruns=0 sleep_us=2231128 queue_ms=7
mark: stop reason: chain guest VI limit
mark: stop_it requested
audio: alist_resample_calls=10077 alist_resample_samples=1250096 alist_zoh_calls=0 alist_zoh_samples=0 musyx_subframes=0 musyx_voices=0 musyx_voice_peak=0
audio_stages: adpcm_calls=9759 adpcm_samples=1154016 envmix_calls=10077 envmix_samples=1250096 mix_calls=79024 mix_samples=10544864 musyx_fx_calls=0 musyx_fx_taps=0 output_calls=897 output_samples=478768
audio_envmix: exp_calls=10077 ge_calls=0 lin_calls=0 nead_calls=0 exp_steady=5510 ge_steady=0 lin_steady=0
audio_gaps: nead_mats=0 nead_efz=0 resample_flag2=0 musyx_ptr10=0
audio_output: stream_requests=3364 stream_fed=1662 input_hz=32006 playback_hz=32006 queue_peak_ms=184
probe_schema: version=2 self=1 interval=127
vm_io: read_ahead=1 reads=0 hits=0 read_bytes=0 writes=0 write_bytes=0 errors=0
subsystem_time: stage=rsp_gfx calls=810 timed_calls=810 period=1 timed_us=6391240
subsystem_time: stage=rsp_audio calls=898 timed_calls=898 period=1 timed_us=592903
subsystem_time: stage=rsp_other calls=0 timed_calls=0 period=1 timed_us=0
subsystem_time: stage=lookup calls=3609968 timed_calls=28424 period=127 timed_us=6219
subsystem_time: stage=compile calls=777 timed_calls=777 period=1 timed_us=106433
subsystem_time: stage=dispatch calls=3517069 timed_calls=27693 period=127 timed_us=24908
subsystem_self: stage=dispatch calls=3517069 timed_calls=27693 self_us=16498 dropped=0
subsystem_time: stage=execute_inclusive calls=3517069 timed_calls=27693 period=127 timed_us=94785
subsystem_self: stage=execute_inclusive calls=3517069 timed_calls=27693 self_us=43732 dropped=0
subsystem_time: stage=rom_copy calls=1024 timed_calls=1024 period=1 timed_us=14762
subsystem_time: stage=present calls=899 timed_calls=899 period=1 timed_us=42515
subsystem_time: stage=limiter calls=690 timed_calls=690 period=1 timed_us=2233582
subsystem_time: stage=vm_fault calls=0 timed_calls=0 period=1 timed_us=0
subsystem_time: stage=vm_victim calls=0 timed_calls=0 period=1 timed_us=0
subsystem_time: stage=vm_read calls=0 timed_calls=0 period=1 timed_us=0
subsystem_time: stage=vm_write calls=0 timed_calls=0 period=1 timed_us=0
subsystem_time: stage=tex_hash calls=147492 timed_calls=147492 period=1 timed_us=1420277
subsystem_time: stage=tex_lookup calls=147492 timed_calls=147492 period=1 timed_us=51003
subsystem_time: stage=tex_load calls=136 timed_calls=136 period=1 timed_us=18907
subsystem_time: stage=tex_activate calls=147492 timed_calls=147492 period=1 timed_us=94442
subsystem_time: stage=draw_triangles calls=167028 timed_calls=167028 period=1 timed_us=624075
subsystem_time: stage=draw_rect calls=5440 timed_calls=5440 period=1 timed_us=119270
subsystem_time: stage=gfx_list calls=810 timed_calls=810 period=1 timed_us=6389832
subsystem_time: stage=gfx_command calls=5319454 timed_calls=41885 period=127 timed_us=52317
subsystem_time: stage=vertex calls=2761556 timed_calls=21744 period=127 timed_us=5785
subsystem_time: stage=gfx_state calls=147504 timed_calls=1161 period=127 timed_us=15766
subsystem_self: stage=gfx_state calls=147504 timed_calls=1161 self_us=3358 dropped=0
subsystem_time: stage=gx_wait calls=4 timed_calls=4 period=1 timed_us=2572
subsystem_time: stage=dma_pi calls=2023 timed_calls=2023 period=1 timed_us=30155
subsystem_time: stage=dma_sp calls=3416 timed_calls=3416 period=1 timed_us=3723
subsystem_time: stage=dma_si calls=4478 timed_calls=4478 period=1 timed_us=22424
subsystem_time: stage=tlb_translate calls=0 timed_calls=0 period=127 timed_us=0
subsystem_time: stage=pif calls=4479 timed_calls=4479 period=1 timed_us=20799
subsystem_time: stage=input calls=3508 timed_calls=3508 period=1 timed_us=14793
subsystem_time: stage=guest_interrupt calls=12478 timed_calls=12478 period=1 timed_us=2391927
subsystem_self: stage=guest_interrupt calls=12478 timed_calls=12478 self_us=34345 dropped=0
subsystem_time: stage=interpreter_inclusive calls=0 timed_calls=0 period=1 timed_us=0
subsystem_self: stage=interpreter_inclusive calls=0 timed_calls=0 self_us=0 dropped=0
subsystem_time: stage=audio_submit calls=898 timed_calls=898 period=1 timed_us=10575
subsystem_time: stage=audio_callback calls=9467 timed_calls=9467 period=1 timed_us=8204
subsystem_time: stage=memory_slow calls=833845 timed_calls=6565 period=127 timed_us=94154
subsystem_self: stage=memory_slow calls=833845 timed_calls=6565 self_us=3214 dropped=0
subsystem_time: stage=jit_invalidate calls=92899 timed_calls=731 period=127 timed_us=159
subsystem_time: stage=cpu_helper calls=10719332 timed_calls=84404 period=127 timed_us=20959
subsystem_time: stage=storage_read calls=0 timed_calls=0 period=1 timed_us=0
subsystem_time: stage=storage_write calls=0 timed_calls=0 period=1 timed_us=0
subsystem_time: stage=save_load calls=0 timed_calls=0 period=1 timed_us=0
subsystem_time: stage=save_write calls=0 timed_calls=0 period=1 timed_us=0
subsystem_time: stage=state_load calls=0 timed_calls=0 period=1 timed_us=0
subsystem_time: stage=state_save calls=0 timed_calls=0 period=1 timed_us=0
subsystem_time: stage=probe_io calls=4 timed_calls=4 period=1 timed_us=90869
subsystem_time: stage=agent_poll calls=1822 timed_calls=1822 period=1 timed_us=409
audio_time: stage=resample sampled_calls=79 sampled_samples=10240 sampled_us=442
audio_time: stage=zoh sampled_calls=0 sampled_samples=0 sampled_us=0
audio_time: stage=adpcm sampled_calls=76 sampled_samples=8016 sampled_us=362
audio_time: stage=envmix_exp sampled_calls=79 sampled_samples=10240 sampled_us=1186
audio_time: stage=envmix_ge sampled_calls=0 sampled_samples=0 sampled_us=0
audio_time: stage=envmix_lin sampled_calls=0 sampled_samples=0 sampled_us=0
audio_time: stage=envmix_nead sampled_calls=0 sampled_samples=0 sampled_us=0
audio_time: stage=mix sampled_calls=622 sampled_samples=83008 sampled_us=1353
audio_time: stage=musyx_voice sampled_calls=0 sampled_samples=0 sampled_us=0
audio_time: stage=musyx_fx sampled_calls=0 sampled_samples=0 sampled_us=0
audio_time: stage=output sampled_calls=7 sampled_samples=3712 sampled_us=68
gpu_counters: clks=3739874086 tb_clks=3739874160 ras_busy=223497109 xf_wait_in=3324204995 xf_wait_out=203553441 ras_peak_permille=103 ztop_in=699064632 ztop_out=566224144 z_in=119838316 z_out=102098716 blend_in=686430560 copy_clks=84735997 fifo_overflows=0
game: n=4/9 how=vis vis=900 vi_rate=60 vi0_retrace=8618 wall_us=15390340 sleep_us=2231128 avg_vis=57.57 avg_fps=53.91 exceptions=10823 cacheResets=1 recompiles=777 batches=167028 verts=4402401 texStalls=0 treeDepthMax=12 underruns=6 overruns=0 queue_peak_ms=166 dsp_avg=1.68 dsp_peak=1.95 dsp_samples=31 pmc1=9386232379 pmc2=9366007838 pmc3=0 pmc4=0 mmcr0=00000042 mmcr1=00000000 heap_used=10842584 heap_free=157288 arena1_free=241664 arena2_free=288704 flushes=4 flush_us=90868 padtrace=0 rom=sd:/wii64/roms/Pokemon Snap.rom
=== chain 4/9 end vis=900 how=vis rom=sd:/wii64/roms/Pokemon Snap.rom ===
mark: pad replay records: 1
mark: loadROM: enter
mark: loadROM: before rom_read
mark: ROMCache_load: enter
mark: ROMCache_load: before first read
mark: ROMCache_load: first read returned
mark: ROMCache_load: byte_swap_type set
mark: ROMCache_load: first byte_swap done
menufps: 0.1
menufps: 8.4
menufps: 8.1
menufps: 8.1
menufps: 8.1
menufps: 8.3
menufps: 8.3
mark: ROMCache_load: loop exited normally
mark: ROMCache_load: elapsed_us=3783753 bytes=16777216 vm=0
mark: loadROM: after rom_read
mark: loadROM: before init_memory
mark: loadROM: after init_memory
mark: loadROM: before romOpen_gfx
mark: loadROM: after romOpen_gfx / before romOpen_audio
mark: loadROM: after romOpen_audio / before romOpen_input
mark: loadROM: after romOpen_input / before cpu_init
mark: loadROM: after cpu_init
menufps: 2.3
menufps: 1.0
menufps: 1.0
fps: 1.4
first_vi: vi0_retrace=9975
vis: 0.7
cpu: exceptions=0 cacheResets=0 batches=0 verts=0 texStalls=0 recompiles=0 underruns=0 overruns=0 sleep_us=0 queue_ms=0
mark: CPU core dispatch: dynarec
vis: 60.0
cpu: exceptions=3979 cacheResets=1 batches=0 verts=0 texStalls=0 recompiles=223 underruns=0 overruns=0 sleep_us=31503 queue_ms=156
fps: 1.1
vis: 60.0
cpu: exceptions=8400 cacheResets=1 batches=0 verts=0 texStalls=0 recompiles=396 underruns=0 overruns=0 sleep_us=124810 queue_ms=152
fps: 61.1
vis: 60.0
cpu: exceptions=8583 cacheResets=1 batches=0 verts=0 texStalls=0 recompiles=412 underruns=0 overruns=0 sleep_us=548185 queue_ms=148
vis: 60.0
cpu: exceptions=8853 cacheResets=1 batches=0 verts=0 texStalls=0 recompiles=439 underruns=0 overruns=0 sleep_us=933974 queue_ms=154
vis: 60.0
cpu: exceptions=9733 cacheResets=1 batches=0 verts=0 texStalls=0 recompiles=466 underruns=0 overruns=0 sleep_us=1245554 queue_ms=150
fps: 18.1
vis: 60.0
cpu: exceptions=10081 cacheResets=1 batches=2438 verts=59754 texStalls=0 recompiles=768 underruns=0 overruns=0 sleep_us=1440131 queue_ms=155
fps: 65.6
vis: 60.0
cpu: exceptions=10294 cacheResets=1 batches=5618 verts=137694 texStalls=0 recompiles=768 underruns=0 overruns=0 sleep_us=1674685 queue_ms=151
fps: 60.0
vis: 60.0
cpu: exceptions=10504 cacheResets=1 batches=8798 verts=215634 texStalls=0 recompiles=769 underruns=0 overruns=0 sleep_us=1906840 queue_ms=157
fps: 60.0
vis: 60.0
cpu: exceptions=10734 cacheResets=1 batches=11939 verts=291234 texStalls=0 recompiles=787 underruns=0 overruns=0 sleep_us=2128570 queue_ms=153
fps: 60.0
vis: 60.0
cpu: exceptions=10964 cacheResets=1 batches=15029 verts=363774 texStalls=0 recompiles=787 underruns=0 overruns=0 sleep_us=2350972 queue_ms=149
fps: 60.1
vis: 60.0
cpu: exceptions=11185 cacheResets=1 batches=18119 verts=436314 texStalls=0 recompiles=787 underruns=0 overruns=0 sleep_us=2586768 queue_ms=154
fps: 59.9
vis: 60.0
cpu: exceptions=11405 cacheResets=1 batches=21209 verts=508854 texStalls=0 recompiles=787 underruns=0 overruns=0 sleep_us=2821423 queue_ms=151
fps: 60.0
vis: 60.0
cpu: exceptions=11629 cacheResets=1 batches=24299 verts=581394 texStalls=0 recompiles=787 underruns=0 overruns=0 sleep_us=3055507 queue_ms=156
fps: 60.0
vis: 60.0
cpu: exceptions=11852 cacheResets=1 batches=27389 verts=653934 texStalls=0 recompiles=787 underruns=0 overruns=0 sleep_us=3289221 queue_ms=152
fps: 59.9
vis: 60.0
cpu: exceptions=12093 cacheResets=1 batches=30409 verts=736302 texStalls=0 recompiles=832 underruns=0 overruns=0 sleep_us=3488385 queue_ms=157
fps: 60.0
vis: 60.0
cpu: exceptions=12349 cacheResets=1 batches=33349 verts=829902 texStalls=0 recompiles=832 underruns=0 overruns=0 sleep_us=3683688 queue_ms=154
fps: 58.7
vis: 60.0
cpu: exceptions=12585 cacheResets=1 batches=36289 verts=923502 texStalls=0 recompiles=832 underruns=0 overruns=0 sleep_us=3877552 queue_ms=141
fps: 59.9
vis: 60.0
cpu: exceptions=12849 cacheResets=1 batches=39229 verts=1017102 texStalls=0 recompiles=835 underruns=0 overruns=0 sleep_us=4050053 queue_ms=146
fps: 60.0
vis: 60.0
cpu: exceptions=13149 cacheResets=1 batches=42169 verts=1110702 texStalls=0 recompiles=835 underruns=0 overruns=0 sleep_us=4224918 queue_ms=142
fps: 60.2
vis: 60.0
cpu: exceptions=13425 cacheResets=1 batches=45109 verts=1204302 texStalls=0 recompiles=836 underruns=0 overruns=0 sleep_us=4419295 queue_ms=148
fps: 60.0
vis: 60.0
cpu: exceptions=13685 cacheResets=1 batches=48025 verts=1297758 texStalls=0 recompiles=838 underruns=0 overruns=0 sleep_us=4605813 queue_ms=144
fps: 60.0
vis: 60.0
cpu: exceptions=13961 cacheResets=1 batches=50943 verts=1391226 texStalls=0 recompiles=842 underruns=0 overruns=0 sleep_us=4784372 queue_ms=149
fps: 60.0
vis: 60.0
cpu: exceptions=14218 cacheResets=1 batches=53913 verts=1485006 texStalls=0 recompiles=842 underruns=0 overruns=0 sleep_us=4971754 queue_ms=145
fps: 60.0
vis: 60.0
cpu: exceptions=14471 cacheResets=1 batches=56883 verts=1578786 texStalls=0 recompiles=854 underruns=0 overruns=0 sleep_us=5153150 queue_ms=142
fps: 59.9
vis: 60.0
cpu: exceptions=14731 cacheResets=1 batches=59853 verts=1672566 texStalls=0 recompiles=854 underruns=0 overruns=0 sleep_us=5336762 queue_ms=147
fps: 60.1
vis: 60.0
cpu: exceptions=15000 cacheResets=1 batches=62823 verts=1766346 texStalls=0 recompiles=854 underruns=0 overruns=0 sleep_us=5518491 queue_ms=143
fps: 59.9
vis: 60.0
cpu: exceptions=15281 cacheResets=1 batches=65793 verts=1860126 texStalls=0 recompiles=854 underruns=0 overruns=0 sleep_us=5685740 queue_ms=139
fps: 60.0
vis: 60.0
cpu: exceptions=15564 cacheResets=1 batches=68763 verts=1953906 texStalls=0 recompiles=854 underruns=0 overruns=0 sleep_us=5844974 queue_ms=145
fps: 59.9
vis: 60.0
cpu: exceptions=15834 cacheResets=1 batches=72721 verts=2066952 texStalls=0 recompiles=855 underruns=0 overruns=0 sleep_us=5978281 queue_ms=141
fps: 59.9
mark: stop reason: chain guest VI limit
vis: 57.4
cpu: exceptions=16094 cacheResets=1 batches=77100 verts=2187012 texStalls=0 recompiles=855 underruns=0 overruns=0 sleep_us=6095381 queue_ms=120
mark: stop_it requested
audio: alist_resample_calls=16573 alist_resample_samples=3049432 alist_zoh_calls=0 alist_zoh_samples=0 musyx_subframes=0 musyx_voices=0 musyx_voice_peak=0
audio_stages: adpcm_calls=16249 adpcm_samples=2610336 envmix_calls=16573 envmix_samples=3049432 mix_calls=106152 mix_samples=19531968 musyx_fx_calls=0 musyx_fx_taps=0 output_calls=897 output_samples=478768
audio_envmix: exp_calls=0 ge_calls=0 lin_calls=16573 nead_calls=0 exp_steady=0 ge_steady=0 lin_steady=10498
audio_gaps: nead_mats=0 nead_efz=0 resample_flag2=0 musyx_ptr10=0
audio_output: stream_requests=3337 stream_fed=1649 input_hz=32006 playback_hz=32006 queue_peak_ms=179
probe_schema: version=2 self=1 interval=127
vm_io: read_ahead=1 reads=0 hits=0 read_bytes=0 writes=0 write_bytes=0 errors=0
subsystem_time: stage=rsp_gfx calls=796 timed_calls=796 period=1 timed_us=2932849
subsystem_time: stage=rsp_audio calls=898 timed_calls=898 period=1 timed_us=973745
subsystem_time: stage=rsp_other calls=0 timed_calls=0 period=1 timed_us=0
subsystem_time: stage=lookup calls=3137222 timed_calls=24702 period=127 timed_us=5338
subsystem_time: stage=compile calls=855 timed_calls=855 period=1 timed_us=128556
subsystem_time: stage=dispatch calls=2912000 timed_calls=22929 period=127 timed_us=21310
subsystem_self: stage=dispatch calls=2912000 timed_calls=22929 self_us=14114 dropped=0
subsystem_time: stage=execute_inclusive calls=2912000 timed_calls=22929 period=127 timed_us=118708
subsystem_self: stage=execute_inclusive calls=2912000 timed_calls=22929 self_us=34272 dropped=0
subsystem_time: stage=rom_copy calls=10855 timed_calls=10855 period=1 timed_us=30284
subsystem_time: stage=present calls=899 timed_calls=899 period=1 timed_us=37993
subsystem_time: stage=limiter calls=850 timed_calls=850 period=1 timed_us=6098114
subsystem_time: stage=vm_fault calls=0 timed_calls=0 period=1 timed_us=0
subsystem_time: stage=vm_victim calls=0 timed_calls=0 period=1 timed_us=0
subsystem_time: stage=vm_read calls=0 timed_calls=0 period=1 timed_us=0
subsystem_time: stage=vm_write calls=0 timed_calls=0 period=1 timed_us=0
subsystem_time: stage=tex_hash calls=48505 timed_calls=48505 period=1 timed_us=280803
subsystem_time: stage=tex_lookup calls=48505 timed_calls=48505 period=1 timed_us=26786
subsystem_time: stage=tex_load calls=91 timed_calls=91 period=1 timed_us=9960
subsystem_time: stage=tex_activate calls=48505 timed_calls=48505 period=1 timed_us=33580
subsystem_time: stage=draw_triangles calls=77100 timed_calls=77100 period=1 timed_us=480631
subsystem_time: stage=draw_rect calls=1831 timed_calls=1831 period=1 timed_us=27307
subsystem_time: stage=gfx_list calls=796 timed_calls=796 period=1 timed_us=2931352
subsystem_time: stage=gfx_command calls=2240364 timed_calls=17640 period=127 timed_us=23538
subsystem_time: stage=vertex calls=708135 timed_calls=5575 period=127 timed_us=2252
subsystem_time: stage=gfx_state calls=561358 timed_calls=4420 period=127 timed_us=8057
subsystem_self: stage=gfx_state calls=561358 timed_calls=4420 self_us=5251 dropped=0
subsystem_time: stage=gx_wait calls=4 timed_calls=4 period=1 timed_us=2568
subsystem_time: stage=dma_pi calls=10859 timed_calls=10859 period=1 timed_us=75078
subsystem_time: stage=dma_sp calls=3388 timed_calls=3388 period=1 timed_us=3684
subsystem_time: stage=dma_si calls=963 timed_calls=963 period=1 timed_us=18704
subsystem_time: stage=tlb_translate calls=0 timed_calls=0 period=127 timed_us=0
subsystem_time: stage=pif calls=964 timed_calls=964 period=1 timed_us=17401
subsystem_time: stage=input calls=3536 timed_calls=3536 period=1 timed_us=14694
subsystem_time: stage=guest_interrupt calls=21832 timed_calls=21832 period=1 timed_us=6194811
subsystem_self: stage=guest_interrupt calls=21832 timed_calls=21832 self_us=29893 dropped=0
subsystem_time: stage=interpreter_inclusive calls=0 timed_calls=0 period=1 timed_us=0
subsystem_self: stage=interpreter_inclusive calls=0 timed_calls=0 self_us=0 dropped=0
subsystem_time: stage=audio_submit calls=898 timed_calls=898 period=1 timed_us=15478
subsystem_time: stage=audio_callback calls=9331 timed_calls=9331 period=1 timed_us=7567
subsystem_time: stage=memory_slow calls=960103 timed_calls=7559 period=127 timed_us=42805
subsystem_self: stage=memory_slow calls=960103 timed_calls=7559 self_us=3240 dropped=0
subsystem_time: stage=jit_invalidate calls=225222 timed_calls=1773 period=127 timed_us=438
subsystem_time: stage=cpu_helper calls=8272360 timed_calls=65136 period=127 timed_us=45326
subsystem_time: stage=storage_read calls=0 timed_calls=0 period=1 timed_us=0
subsystem_time: stage=storage_write calls=0 timed_calls=0 period=1 timed_us=0
subsystem_time: stage=save_load calls=0 timed_calls=0 period=1 timed_us=0
subsystem_time: stage=save_write calls=0 timed_calls=0 period=1 timed_us=0
subsystem_time: stage=state_load calls=0 timed_calls=0 period=1 timed_us=0
subsystem_time: stage=state_save calls=0 timed_calls=0 period=1 timed_us=0
subsystem_time: stage=probe_io calls=3 timed_calls=3 period=1 timed_us=36934
subsystem_time: stage=agent_poll calls=1809 timed_calls=1809 period=1 timed_us=376
audio_time: stage=resample sampled_calls=130 sampled_samples=23920 sampled_us=948
audio_time: stage=zoh sampled_calls=0 sampled_samples=0 sampled_us=0
audio_time: stage=adpcm sampled_calls=127 sampled_samples=20000 sampled_us=901
audio_time: stage=envmix_exp sampled_calls=0 sampled_samples=0 sampled_us=0
audio_time: stage=envmix_ge sampled_calls=0 sampled_samples=0 sampled_us=0
audio_time: stage=envmix_lin sampled_calls=130 sampled_samples=23920 sampled_us=2434
audio_time: stage=envmix_nead sampled_calls=0 sampled_samples=0 sampled_us=0
audio_time: stage=mix sampled_calls=835 sampled_samples=153640 sampled_us=2566
audio_time: stage=musyx_voice sampled_calls=0 sampled_samples=0 sampled_us=0
audio_time: stage=musyx_fx sampled_calls=0 sampled_samples=0 sampled_us=0
audio_time: stage=output sampled_calls=7 sampled_samples=3680 sampled_us=103
gpu_counters: clks=3686230647 tb_clks=3686230720 ras_busy=233777942 xf_wait_in=3159775032 xf_wait_out=391044905 ras_peak_permille=89 ztop_in=678715108 ztop_out=649167512 z_in=184728536 z_out=122118396 blend_in=834141392 copy_clks=85943351 fifo_overflows=1875
game: n=5/9 how=vis vis=900 vi_rate=60 vi0_retrace=9975 wall_us=15169580 sleep_us=6095381 avg_vis=58.00 avg_fps=54.48 exceptions=16095 cacheResets=1 recompiles=855 batches=77100 verts=2187012 texStalls=0 treeDepthMax=14 underruns=0 overruns=0 queue_peak_ms=157 dsp_avg=1.49 dsp_peak=1.80 dsp_samples=31 pmc1=6296294748 pmc2=6259069392 pmc3=0 pmc4=0 mmcr0=00000042 mmcr1=00000000 heap_used=10849336 heap_free=150536 arena1_free=241664 arena2_free=288704 flushes=3 flush_us=36933 padtrace=0 rom=sd:/wii64/roms/Super Smash Bros. (U) [!].z64
=== chain 5/9 end vis=900 how=vis rom=sd:/wii64/roms/Super Smash Bros. (U) [!].z64 ===
mark: pad replay records: 1
mark: loadROM: enter
mark: loadROM: before rom_read
mark: ROMCache_load: enter
mark: ROMCache_load: before first read
mark: ROMCache_load: first read returned
mark: ROMCache_load: byte_swap_type set
mark: ROMCache_load: first byte_swap done
menufps: 0.1
menufps: 8.4
menufps: 8.1
menufps: 8.0
menufps: 8.1
mark: ROMCache_load: loop exited normally
mark: ROMCache_load: elapsed_us=2888120 bytes=12582912 vm=0
mark: loadROM: after rom_read
mark: loadROM: before init_memory
mark: loadROM: after init_memory
mark: loadROM: before romOpen_gfx
mark: loadROM: after romOpen_gfx / before romOpen_audio
mark: loadROM: after romOpen_audio / before romOpen_input
mark: loadROM: after romOpen_input / before cpu_init
mark: loadROM: after cpu_init
menufps: 5.8
menufps: 1.9
menufps: 1.0
menufps: 1.0
fps: 1.8
first_vi: vi0_retrace=11266
vis: 0.2
cpu: exceptions=0 cacheResets=0 batches=0 verts=0 texStalls=0 recompiles=0 underruns=0 overruns=0 sleep_us=0 queue_ms=0
mark: CPU core dispatch: dynarec
vis: 60.0
cpu: exceptions=100 cacheResets=1 batches=0 verts=0 texStalls=0 recompiles=296 underruns=0 overruns=0 sleep_us=21192 queue_ms=0
vis: 60.0
cpu: exceptions=267 cacheResets=1 batches=0 verts=0 texStalls=0 recompiles=472 underruns=2 overruns=0 sleep_us=213469 queue_ms=18
fps: 0.8
vis: 60.0
cpu: exceptions=428 cacheResets=1 batches=0 verts=0 texStalls=0 recompiles=675 underruns=2 overruns=0 sleep_us=527263 queue_ms=22
vis: 60.0
cpu: exceptions=698 cacheResets=1 batches=0 verts=0 texStalls=0 recompiles=675 underruns=2 overruns=0 sleep_us=990695 queue_ms=13
vis: 60.0
cpu: exceptions=931 cacheResets=1 batches=0 verts=0 texStalls=0 recompiles=677 underruns=2 overruns=0 sleep_us=1454566 queue_ms=18
vis: 60.0
cpu: exceptions=1155 cacheResets=1 batches=0 verts=0 texStalls=0 recompiles=677 underruns=2 overruns=0 sleep_us=1919129 queue_ms=9
vis: 60.0
cpu: exceptions=1371 cacheResets=1 batches=0 verts=0 texStalls=0 recompiles=685 underruns=2 overruns=0 sleep_us=2383398 queue_ms=13
vis: 60.0
cpu: exceptions=1595 cacheResets=1 batches=0 verts=0 texStalls=0 recompiles=685 underruns=2 overruns=0 sleep_us=2848243 queue_ms=5
fps: 1.4
vis: 60.0
cpu: exceptions=1748 cacheResets=1 batches=348 verts=1044 texStalls=0 recompiles=713 underruns=2 overruns=0 sleep_us=3164980 queue_ms=9
fps: 60.2
vis: 60.0
cpu: exceptions=1898 cacheResets=1 batches=708 verts=2124 texStalls=0 recompiles=713 underruns=2 overruns=0 sleep_us=3486514 queue_ms=13
fps: 60.0
vis: 60.0
cpu: exceptions=2075 cacheResets=1 batches=4160 verts=45240 texStalls=0 recompiles=796 underruns=2 overruns=0 sleep_us=3816378 queue_ms=15
fps: 56.0
vis: 60.0
cpu: exceptions=2254 cacheResets=1 batches=11300 verts=136860 texStalls=0 recompiles=796 underruns=2 overruns=0 sleep_us=4151630 queue_ms=5
fps: 59.9
vis: 60.0
cpu: exceptions=2442 cacheResets=1 batches=18440 verts=228480 texStalls=0 recompiles=809 underruns=2 overruns=0 sleep_us=4471069 queue_ms=10
fps: 60.0
vis: 60.0
cpu: exceptions=2618 cacheResets=1 batches=25580 verts=320100 texStalls=0 recompiles=809 underruns=2 overruns=0 sleep_us=4794632 queue_ms=13
fps: 60.2
vis: 60.0
cpu: exceptions=2823 cacheResets=1 batches=32720 verts=411720 texStalls=0 recompiles=812 underruns=3 overruns=0 sleep_us=5115324 queue_ms=27
fps: 60.0
vis: 60.0
cpu: exceptions=3003 cacheResets=1 batches=39860 verts=503340 texStalls=0 recompiles=812 underruns=3 overruns=0 sleep_us=5435539 queue_ms=18
fps: 60.0
vis: 60.0
cpu: exceptions=3173 cacheResets=1 batches=47000 verts=594960 texStalls=0 recompiles=813 underruns=3 overruns=0 sleep_us=5760075 queue_ms=23
fps: 60.0
vis: 60.0
cpu: exceptions=3355 cacheResets=1 batches=54140 verts=686580 texStalls=0 recompiles=813 underruns=3 overruns=0 sleep_us=6080246 queue_ms=27
fps: 60.0
vis: 60.0
cpu: exceptions=3556 cacheResets=1 batches=61280 verts=778200 texStalls=0 recompiles=813 underruns=3 overruns=0 sleep_us=6398636 queue_ms=15
fps: 60.0
vis: 60.0
cpu: exceptions=3723 cacheResets=1 batches=68420 verts=869820 texStalls=0 recompiles=813 underruns=3 overruns=0 sleep_us=6724658 queue_ms=18
fps: 60.0
vis: 60.0
cpu: exceptions=3896 cacheResets=1 batches=75560 verts=961440 texStalls=0 recompiles=813 underruns=3 overruns=0 sleep_us=7045575 queue_ms=24
fps: 60.0
vis: 60.0
cpu: exceptions=4069 cacheResets=1 batches=82700 verts=1053060 texStalls=0 recompiles=813 underruns=3 overruns=0 sleep_us=7365709 queue_ms=27
fps: 60.0
vis: 60.0
cpu: exceptions=4265 cacheResets=1 batches=89840 verts=1144680 texStalls=0 recompiles=813 underruns=3 overruns=0 sleep_us=7689737 queue_ms=15
fps: 60.0
vis: 60.0
cpu: exceptions=4438 cacheResets=1 batches=96980 verts=1236300 texStalls=0 recompiles=813 underruns=3 overruns=0 sleep_us=8008517 queue_ms=19
fps: 59.8
vis: 60.0
cpu: exceptions=4609 cacheResets=1 batches=104120 verts=1327920 texStalls=0 recompiles=813 underruns=3 overruns=0 sleep_us=8330009 queue_ms=23
fps: 57.9
vis: 60.0
cpu: exceptions=4776 cacheResets=1 batches=111260 verts=1419540 texStalls=0 recompiles=813 underruns=4 overruns=0 sleep_us=8655993 queue_ms=15
fps: 60.0
vis: 60.0
cpu: exceptions=4975 cacheResets=1 batches=118400 verts=1511160 texStalls=0 recompiles=813 underruns=4 overruns=0 sleep_us=8974155 queue_ms=16
fps: 60.4
vis: 60.0
cpu: exceptions=5152 cacheResets=1 batches=119363 verts=1534314 texStalls=0 recompiles=835 underruns=4 overruns=0 sleep_us=9351569 queue_ms=19
fps: 60.0
vis: 60.0
cpu: exceptions=5341 cacheResets=1 batches=120233 verts=1558434 texStalls=0 recompiles=836 underruns=4 overruns=0 sleep_us=9729575 queue_ms=12
fps: 60.0
mark: stop reason: chain guest VI limit
mark: stop_it requested
audio: alist_resample_calls=18199 alist_resample_samples=2623744 alist_zoh_calls=0 alist_zoh_samples=0 musyx_subframes=0 musyx_voices=0 musyx_voice_peak=0
audio_stages: adpcm_calls=15527 adpcm_samples=620464 envmix_calls=16034 envmix_samples=2305456 mix_calls=41135 mix_samples=6047472 musyx_fx_calls=0 musyx_fx_taps=0 output_calls=433 output_samples=318288
audio_envmix: exp_calls=0 ge_calls=16034 lin_calls=0 nead_calls=0 exp_steady=0 ge_steady=14219 lin_steady=0
audio_gaps: nead_mats=0 nead_efz=0 resample_flag2=0 musyx_ptr10=0
audio_output: stream_requests=2987 stream_fed=1104 input_hz=22047 playback_hz=22047 queue_peak_ms=61
probe_schema: version=2 self=1 interval=127
vm_io: read_ahead=1 reads=0 hits=0 read_bytes=0 writes=0 write_bytes=0 errors=0
subsystem_time: stage=rsp_gfx calls=660 timed_calls=660 period=1 timed_us=1347031
subsystem_time: stage=rsp_audio calls=433 timed_calls=433 period=1 timed_us=574099
subsystem_time: stage=rsp_other calls=0 timed_calls=0 period=1 timed_us=0
subsystem_time: stage=lookup calls=1656789 timed_calls=13045 period=127 timed_us=2883
subsystem_time: stage=compile calls=837 timed_calls=837 period=1 timed_us=95553
subsystem_time: stage=dispatch calls=1558223 timed_calls=12269 period=127 timed_us=16407
subsystem_self: stage=dispatch calls=1558223 timed_calls=12269 self_us=10717 dropped=0
subsystem_time: stage=execute_inclusive calls=1558223 timed_calls=12269 period=127 timed_us=76032
subsystem_self: stage=execute_inclusive calls=1558223 timed_calls=12269 self_us=17192 dropped=0
subsystem_time: stage=rom_copy calls=620 timed_calls=620 period=1 timed_us=11833
subsystem_time: stage=present calls=899 timed_calls=899 period=1 timed_us=34346
subsystem_time: stage=limiter calls=868 timed_calls=868 period=1 timed_us=10076494
subsystem_time: stage=vm_fault calls=0 timed_calls=0 period=1 timed_us=0
subsystem_time: stage=vm_victim calls=0 timed_calls=0 period=1 timed_us=0
subsystem_time: stage=vm_read calls=0 timed_calls=0 period=1 timed_us=0
subsystem_time: stage=vm_write calls=0 timed_calls=0 period=1 timed_us=0
subsystem_time: stage=tex_hash calls=29691 timed_calls=29691 period=1 timed_us=78934
subsystem_time: stage=tex_lookup calls=29691 timed_calls=29691 period=1 timed_us=8775
subsystem_time: stage=tex_load calls=69 timed_calls=69 period=1 timed_us=1383
subsystem_time: stage=tex_activate calls=29691 timed_calls=29691 period=1 timed_us=11394
subsystem_time: stage=draw_triangles calls=121074 timed_calls=121074 period=1 timed_us=258292
subsystem_time: stage=draw_rect calls=17457 timed_calls=17457 period=1 timed_us=104717
subsystem_time: stage=gfx_list calls=660 timed_calls=660 period=1 timed_us=1346106
subsystem_time: stage=gfx_command calls=653190 timed_calls=5143 period=127 timed_us=10541
subsystem_time: stage=vertex calls=712209 timed_calls=5607 period=127 timed_us=2244
subsystem_time: stage=gfx_state calls=32799 timed_calls=258 period=127 timed_us=1515
subsystem_self: stage=gfx_state calls=32799 timed_calls=258 self_us=692 dropped=0
subsystem_time: stage=gx_wait calls=4 timed_calls=4 period=1 timed_us=2569
subsystem_time: stage=dma_pi calls=620 timed_calls=620 period=1 timed_us=27679
subsystem_time: stage=dma_sp calls=2186 timed_calls=2186 period=1 timed_us=1924
subsystem_time: stage=dma_si calls=1681 timed_calls=1681 period=1 timed_us=16208
subsystem_time: stage=tlb_translate calls=2212169 timed_calls=17418 period=127 timed_us=2203
subsystem_time: stage=pif calls=1682 timed_calls=1682 period=1 timed_us=14952
subsystem_time: stage=input calls=2972 timed_calls=2972 period=1 timed_us=12079
subsystem_time: stage=guest_interrupt calls=7043 timed_calls=7043 period=1 timed_us=10173664
subsystem_self: stage=guest_interrupt calls=7043 timed_calls=7043 self_us=22228 dropped=0
subsystem_time: stage=interpreter_inclusive calls=0 timed_calls=0 period=1 timed_us=0
subsystem_self: stage=interpreter_inclusive calls=0 timed_calls=0 self_us=0 dropped=0
subsystem_time: stage=audio_submit calls=433 timed_calls=433 period=1 timed_us=6070
subsystem_time: stage=audio_callback calls=8979 timed_calls=8979 period=1 timed_us=4741
subsystem_time: stage=memory_slow calls=997488 timed_calls=7854 period=127 timed_us=19675
subsystem_self: stage=memory_slow calls=997488 timed_calls=7854 self_us=3918 dropped=0
subsystem_time: stage=jit_invalidate calls=98566 timed_calls=776 period=127 timed_us=156
subsystem_time: stage=cpu_helper calls=4641972 timed_calls=36550 period=127 timed_us=115748
subsystem_time: stage=storage_read calls=0 timed_calls=0 period=1 timed_us=0
subsystem_time: stage=storage_write calls=0 timed_calls=0 period=1 timed_us=0
subsystem_time: stage=save_load calls=0 timed_calls=0 period=1 timed_us=0
subsystem_time: stage=save_write calls=0 timed_calls=0 period=1 timed_us=0
subsystem_time: stage=state_load calls=0 timed_calls=0 period=1 timed_us=0
subsystem_time: stage=state_save calls=0 timed_calls=0 period=1 timed_us=0
subsystem_time: stage=probe_io calls=4 timed_calls=4 period=1 timed_us=48475
subsystem_time: stage=agent_poll calls=1809 timed_calls=1809 period=1 timed_us=350
audio_time: stage=resample sampled_calls=143 sampled_samples=20368 sampled_us=865
audio_time: stage=zoh sampled_calls=0 sampled_samples=0 sampled_us=0
audio_time: stage=adpcm sampled_calls=122 sampled_samples=4912 sampled_us=229
audio_time: stage=envmix_exp sampled_calls=0 sampled_samples=0 sampled_us=0
audio_time: stage=envmix_ge sampled_calls=126 sampled_samples=18352 sampled_us=1769
audio_time: stage=envmix_lin sampled_calls=0 sampled_samples=0 sampled_us=0
audio_time: stage=envmix_nead sampled_calls=0 sampled_samples=0 sampled_us=0
audio_time: stage=mix sampled_calls=323 sampled_samples=47968 sampled_us=775
audio_time: stage=musyx_voice sampled_calls=0 sampled_samples=0 sampled_us=0
audio_time: stage=musyx_fx sampled_calls=0 sampled_samples=0 sampled_us=0
audio_time: stage=output sampled_calls=3 sampled_samples=2192 sampled_us=37
gpu_counters: clks=3687272564 tb_clks=3687272636 ras_busy=47585044 xf_wait_in=3567204748 xf_wait_out=36412083 ras_peak_permille=20 ztop_in=183979328 ztop_out=181448276 z_in=0 z_out=0 blend_in=181628528 copy_clks=74456705 fifo_overflows=0
game: n=6/9 how=vis vis=900 vi_rate=60 vi0_retrace=11266 wall_us=15173864 sleep_us=10073689 avg_vis=58.01 avg_fps=52.43 exceptions=5544 cacheResets=1 recompiles=837 batches=121074 verts=1581750 texStalls=0 treeDepthMax=15 underruns=4 overruns=0 queue_peak_ms=27 dsp_avg=1.37 dsp_peak=1.60 dsp_samples=30 pmc1=3578097588 pmc2=3878605090 pmc3=0 pmc4=0 mmcr0=00000042 mmcr1=00000000 heap_used=10846552 heap_free=153320 arena1_free=241664 arena2_free=288704 flushes=4 flush_us=48474 padtrace=0 rom=sd:/wii64/roms/GoldenEye 007 (USA).z64
=== chain 6/9 end vis=900 how=vis rom=sd:/wii64/roms/GoldenEye 007 (USA).z64 ===
mark: pad replay records: 1
mark: loadROM: enter
mark: loadROM: before rom_read
mark: ROMCache_load: enter
mark: ROMCache_load: before first read
mark: ROMCache_load: first read returned
mark: ROMCache_load: byte_swap_type set
mark: ROMCache_load: first byte_swap done
menufps: 0.1
menufps: 8.5
menufps: 8.3
menufps: 8.0
mark: ROMCache_load: loop exited normally
mark: ROMCache_load: elapsed_us=1909422 bytes=8388608 vm=0
mark: loadROM: after rom_read
mark: loadROM: before init_memory
mark: loadROM: after init_memory
mark: loadROM: before romOpen_gfx
mark: loadROM: after romOpen_gfx / before romOpen_audio
mark: loadROM: after romOpen_audio / before romOpen_input
mark: loadROM: after romOpen_input / before cpu_init
mark: loadROM: after cpu_init
menufps: 2.4
menufps: 1.0
menufps: 1.0
fps: 3.9
first_vi: vi0_retrace=12499
vis: 5.0
cpu: exceptions=0 cacheResets=0 batches=0 verts=0 texStalls=0 recompiles=0 underruns=0 overruns=0 sleep_us=0 queue_ms=0
mark: CPU core dispatch: dynarec
vis: 60.0
cpu: exceptions=60 cacheResets=1 batches=0 verts=0 texStalls=0 recompiles=163 underruns=2 overruns=0 sleep_us=69592 queue_ms=57
fps: 1.2
vis: 60.0
cpu: exceptions=216 cacheResets=1 batches=0 verts=0 texStalls=0 recompiles=207 underruns=2 overruns=0 sleep_us=521892 queue_ms=61
vis: 60.0
cpu: exceptions=516 cacheResets=1 batches=0 verts=0 texStalls=0 recompiles=207 underruns=2 overruns=0 sleep_us=988518 queue_ms=57
vis: 60.0
cpu: exceptions=815 cacheResets=1 batches=0 verts=0 texStalls=0 recompiles=233 underruns=2 overruns=0 sleep_us=1452779 queue_ms=53
vis: 60.0
cpu: exceptions=1068 cacheResets=1 batches=0 verts=0 texStalls=0 recompiles=287 underruns=2 overruns=0 sleep_us=1910249 queue_ms=59
vis: 60.0
cpu: exceptions=1139 cacheResets=1 batches=0 verts=0 texStalls=0 recompiles=288 underruns=3 overruns=0 sleep_us=2316702 queue_ms=0
fps: 0.4
vis: 59.3
cpu: exceptions=1282 cacheResets=1 batches=0 verts=0 texStalls=0 recompiles=508 underruns=5 overruns=0 sleep_us=2532274 queue_ms=20
vis: 52.8
cpu: exceptions=1424 cacheResets=1 batches=0 verts=0 texStalls=0 recompiles=732 underruns=6 overruns=0 sleep_us=2742048 queue_ms=3
fps: 1.7
vis: 60.0
cpu: exceptions=1612 cacheResets=1 batches=3470 verts=86430 texStalls=0 recompiles=835 underruns=8 overruns=0 sleep_us=2880815 queue_ms=52
fps: 21.4
vis: 60.0
cpu: exceptions=1796 cacheResets=1 batches=6940 verts=172860 texStalls=0 recompiles=836 underruns=8 overruns=0 sleep_us=3075812 queue_ms=50
fps: 20.0
vis: 60.0
cpu: exceptions=1991 cacheResets=1 batches=10410 verts=259290 texStalls=0 recompiles=837 underruns=8 overruns=0 sleep_us=3267714 queue_ms=54
fps: 20.0
vis: 60.0
cpu: exceptions=2189 cacheResets=1 batches=13932 verts=345876 texStalls=0 recompiles=838 underruns=8 overruns=0 sleep_us=3457410 queue_ms=51
fps: 20.0
vis: 60.0
cpu: exceptions=2383 cacheResets=1 batches=17634 verts=433002 texStalls=0 recompiles=840 underruns=8 overruns=0 sleep_us=3650879 queue_ms=46
fps: 20.0
vis: 60.0
cpu: exceptions=2602 cacheResets=1 batches=21428 verts=520404 texStalls=0 recompiles=843 underruns=8 overruns=0 sleep_us=3822236 queue_ms=52
fps: 19.9
vis: 60.0
cpu: exceptions=2838 cacheResets=1 batches=25298 verts=608034 texStalls=0 recompiles=844 underruns=8 overruns=0 sleep_us=3990027 queue_ms=48
fps: 19.6
vis: 60.0
cpu: exceptions=3089 cacheResets=1 batches=29230 verts=695850 texStalls=0 recompiles=844 underruns=8 overruns=0 sleep_us=4151558 queue_ms=44
fps: 20.0
vis: 60.0
cpu: exceptions=3368 cacheResets=1 batches=33214 verts=786174 texStalls=0 recompiles=845 underruns=8 overruns=0 sleep_us=4294124 queue_ms=40
fps: 20.0
vis: 60.0
cpu: exceptions=3651 cacheResets=1 batches=37130 verts=877302 texStalls=0 recompiles=845 underruns=8 overruns=0 sleep_us=4440959 queue_ms=37
fps: 20.0
vis: 60.0
cpu: exceptions=3925 cacheResets=1 batches=40786 verts=968250 texStalls=0 recompiles=845 underruns=8 overruns=0 sleep_us=4594389 queue_ms=42
fps: 20.0
vis: 60.0
cpu: exceptions=4189 cacheResets=1 batches=44356 verts=1058940 texStalls=0 recompiles=845 underruns=8 overruns=0 sleep_us=4753912 queue_ms=38
fps: 20.0
vis: 60.0
cpu: exceptions=4460 cacheResets=1 batches=47926 verts=1149630 texStalls=0 recompiles=845 underruns=8 overruns=0 sleep_us=4910306 queue_ms=44
fps: 20.0
vis: 60.0
cpu: exceptions=4731 cacheResets=1 batches=51498 verts=1240326 texStalls=0 recompiles=845 underruns=8 overruns=0 sleep_us=5062426 queue_ms=39
fps: 20.0
vis: 60.0
cpu: exceptions=5011 cacheResets=1 batches=55123 verts=1331802 texStalls=0 recompiles=847 underruns=8 overruns=0 sleep_us=5207312 queue_ms=46
fps: 20.0
vis: 60.0
cpu: exceptions=5320 cacheResets=1 batches=58820 verts=1423773 texStalls=0 recompiles=848 underruns=8 overruns=0 sleep_us=5333344 queue_ms=41
fps: 20.0
vis: 60.0
cpu: exceptions=5612 cacheResets=1 batches=62591 verts=1515924 texStalls=0 recompiles=858 underruns=8 overruns=0 sleep_us=5461754 queue_ms=37
fps: 20.0
vis: 60.0
cpu: exceptions=5839 cacheResets=1 batches=66605 verts=1609062 texStalls=0 recompiles=863 underruns=8 overruns=0 sleep_us=5621633 queue_ms=43
fps: 20.1
vis: 60.0
cpu: exceptions=6044 cacheResets=1 batches=70587 verts=1702245 texStalls=0 recompiles=864 underruns=8 overruns=0 sleep_us=5794620 queue_ms=40
fps: 20.0
vis: 60.0
cpu: exceptions=6212 cacheResets=1 batches=74483 verts=1795311 texStalls=0 recompiles=866 underruns=8 overruns=0 sleep_us=5972956 queue_ms=44
fps: 20.0
vis: 60.0
cpu: exceptions=6455 cacheResets=1 batches=78168 verts=1887429 texStalls=0 recompiles=866 underruns=8 overruns=0 sleep_us=6128028 queue_ms=41
fps: 20.0
vis: 60.0
cpu: exceptions=6634 cacheResets=1 batches=81812 verts=1979187 texStalls=0 recompiles=866 underruns=8 overruns=0 sleep_us=6306699 queue_ms=46
mark: stop reason: chain guest VI limit
mark: stop_it requested
audio: alist_resample_calls=31161 alist_resample_samples=4158040 alist_zoh_calls=0 alist_zoh_samples=0 musyx_subframes=0 musyx_voices=0 musyx_voice_peak=0
audio_stages: adpcm_calls=24532 adpcm_samples=3305024 envmix_calls=24329 envmix_samples=3246392 mix_calls=22482 mix_samples=6834208 musyx_fx_calls=0 musyx_fx_taps=0 output_calls=862 output_samples=459344
audio_envmix: exp_calls=24329 ge_calls=0 lin_calls=0 nead_calls=0 exp_steady=20470 ge_steady=0 lin_steady=0
audio_gaps: nead_mats=0 nead_efz=0 resample_flag2=0 musyx_ptr10=0
audio_output: stream_requests=3429 stream_fed=1593 input_hz=32006 playback_hz=32006 queue_peak_ms=78
probe_schema: version=2 self=1 interval=127
vm_io: read_ahead=1 reads=0 hits=0 read_bytes=0 writes=0 write_bytes=0 errors=0
subsystem_time: stage=rsp_gfx calls=224 timed_calls=224 period=1 timed_us=2881099
subsystem_time: stage=rsp_audio calls=854 timed_calls=854 period=1 timed_us=853952
subsystem_time: stage=rsp_other calls=0 timed_calls=0 period=1 timed_us=0
subsystem_time: stage=lookup calls=2011060 timed_calls=15835 period=127 timed_us=3784
subsystem_time: stage=compile calls=866 timed_calls=866 period=1 timed_us=218697
subsystem_time: stage=dispatch calls=2011023 timed_calls=15834 period=127 timed_us=15448
subsystem_self: stage=dispatch calls=2011023 timed_calls=15834 self_us=10070 dropped=0
subsystem_time: stage=execute_inclusive calls=2011023 timed_calls=15834 period=127 timed_us=93014
subsystem_self: stage=execute_inclusive calls=2011023 timed_calls=15834 self_us=37655 dropped=0
subsystem_time: stage=rom_copy calls=2723 timed_calls=2723 period=1 timed_us=26220
subsystem_time: stage=present calls=899 timed_calls=899 period=1 timed_us=29296
subsystem_time: stage=limiter calls=640 timed_calls=640 period=1 timed_us=6315162
subsystem_time: stage=vm_fault calls=0 timed_calls=0 period=1 timed_us=0
subsystem_time: stage=vm_victim calls=0 timed_calls=0 period=1 timed_us=0
subsystem_time: stage=vm_read calls=0 timed_calls=0 period=1 timed_us=0
subsystem_time: stage=vm_write calls=0 timed_calls=0 period=1 timed_us=0
subsystem_time: stage=tex_hash calls=65317 timed_calls=65317 period=1 timed_us=879355
subsystem_time: stage=tex_lookup calls=65317 timed_calls=65317 period=1 timed_us=57028
subsystem_time: stage=tex_load calls=178 timed_calls=178 period=1 timed_us=11997
subsystem_time: stage=tex_activate calls=65317 timed_calls=65317 period=1 timed_us=35934
subsystem_time: stage=draw_triangles calls=82176 timed_calls=82176 period=1 timed_us=264288
subsystem_time: stage=draw_rect calls=2288 timed_calls=2288 period=1 timed_us=23709
subsystem_time: stage=gfx_list calls=224 timed_calls=224 period=1 timed_us=2880615
subsystem_time: stage=gfx_command calls=1457818 timed_calls=11478 period=127 timed_us=22972
subsystem_time: stage=vertex calls=942084 timed_calls=7417 period=127 timed_us=2441
subsystem_time: stage=gfx_state calls=68496 timed_calls=539 period=127 timed_us=8786
subsystem_self: stage=gfx_state calls=68496 timed_calls=539 self_us=1110 dropped=0
subsystem_time: stage=gx_wait calls=4 timed_calls=4 period=1 timed_us=2570
subsystem_time: stage=dma_pi calls=2723 timed_calls=2723 period=1 timed_us=51466
subsystem_time: stage=dma_sp calls=2156 timed_calls=2156 period=1 timed_us=2320
subsystem_time: stage=dma_si calls=741 timed_calls=741 period=1 timed_us=5575
subsystem_time: stage=tlb_translate calls=0 timed_calls=0 period=127 timed_us=0
subsystem_time: stage=pif calls=742 timed_calls=742 period=1 timed_us=4897
subsystem_time: stage=input calls=896 timed_calls=896 period=1 timed_us=3938
subsystem_time: stage=guest_interrupt calls=9579 timed_calls=9579 period=1 timed_us=6388544
subsystem_self: stage=guest_interrupt calls=9579 timed_calls=9579 self_us=20563 dropped=0
subsystem_time: stage=interpreter_inclusive calls=0 timed_calls=0 period=1 timed_us=0
subsystem_self: stage=interpreter_inclusive calls=0 timed_calls=0 self_us=0 dropped=0
subsystem_time: stage=audio_submit calls=862 timed_calls=862 period=1 timed_us=10121
subsystem_time: stage=audio_callback calls=9454 timed_calls=9454 period=1 timed_us=7302
subsystem_time: stage=memory_slow calls=580629 timed_calls=4571 period=127 timed_us=91613
subsystem_self: stage=memory_slow calls=580629 timed_calls=4571 self_us=1812 dropped=0
subsystem_time: stage=jit_invalidate calls=37 timed_calls=0 period=127 timed_us=0
subsystem_time: stage=cpu_helper calls=8980240 timed_calls=70710 period=127 timed_us=11652
subsystem_time: stage=storage_read calls=0 timed_calls=0 period=1 timed_us=0
subsystem_time: stage=storage_write calls=0 timed_calls=0 period=1 timed_us=0
subsystem_time: stage=save_load calls=0 timed_calls=0 period=1 timed_us=0
subsystem_time: stage=save_write calls=0 timed_calls=0 period=1 timed_us=0
subsystem_time: stage=state_load calls=0 timed_calls=0 period=1 timed_us=0
subsystem_time: stage=state_save calls=0 timed_calls=0 period=1 timed_us=0
subsystem_time: stage=probe_io calls=3 timed_calls=3 period=1 timed_us=30037
subsystem_time: stage=agent_poll calls=1813 timed_calls=1813 period=1 timed_us=400
audio_time: stage=resample sampled_calls=245 sampled_samples=32672 sampled_us=1401
audio_time: stage=zoh sampled_calls=0 sampled_samples=0 sampled_us=0
audio_time: stage=adpcm sampled_calls=193 sampled_samples=25984 sampled_us=1104
audio_time: stage=envmix_exp sampled_calls=191 sampled_samples=25496 sampled_us=2561
audio_time: stage=envmix_ge sampled_calls=0 sampled_samples=0 sampled_us=0
audio_time: stage=envmix_lin sampled_calls=0 sampled_samples=0 sampled_us=0
audio_time: stage=envmix_nead sampled_calls=0 sampled_samples=0 sampled_us=0
audio_time: stage=mix sampled_calls=177 sampled_samples=53184 sampled_us=863
audio_time: stage=musyx_voice sampled_calls=0 sampled_samples=0 sampled_us=0
audio_time: stage=musyx_fx sampled_calls=0 sampled_samples=0 sampled_us=0
audio_time: stage=output sampled_calls=6 sampled_samples=3216 sampled_us=56
gpu_counters: clks=3701904859 tb_clks=3701904932 ras_busy=46245528 xf_wait_in=3572413421 xf_wait_out=52548196 ras_peak_permille=22 ztop_in=173187700 ztop_out=165985464 z_in=1214900 z_out=658012 blend_in=167446060 copy_clks=28211715 fifo_overflows=0
game: n=7/9 how=vis vis=900 vi_rate=60 vi0_retrace=12499 wall_us=15234075 sleep_us=6313209 avg_vis=57.97 avg_fps=17.12 exceptions=6647 cacheResets=1 recompiles=866 batches=82176 verts=1988349 texStalls=0 treeDepthMax=12 underruns=8 overruns=0 queue_peak_ms=61 dsp_avg=1.51 dsp_peak=1.65 dsp_samples=31 pmc1=6367238241 pmc2=6454101316 pmc3=0 pmc4=0 mmcr0=00000042 mmcr1=00000000 heap_used=10851704 heap_free=148168 arena1_free=241664 arena2_free=288704 flushes=3 flush_us=30036 padtrace=0 rom=sd:/wii64/roms/Wave Race 64 - Kawasaki Jet Ski (USA) (Rev 1).z64
=== chain 7/9 end vis=900 how=vis rom=sd:/wii64/roms/Wave Race 64 - Kawasaki Jet Ski (USA) (Rev 1).z64 ===
mark: pad replay records: 1
mark: loadROM: enter
mark: loadROM: before rom_read
mark: ROMCache_load: enter
mark: ROMCache_load: before first read
mark: ROMCache_load: first read returned
mark: ROMCache_load: byte_swap_type set
mark: ROMCache_load: first byte_swap done
menufps: 0.1
menufps: 8.4
menufps: 8.0
menufps: 8.1
menufps: 7.8
menufps: 8.0
mark: ROMCache_load: loop exited normally
mark: ROMCache_load: elapsed_us=2926217 bytes=12582912 vm=0
mark: loadROM: after rom_read
mark: loadROM: before init_memory
mark: loadROM: after init_memory
mark: loadROM: before romOpen_gfx
mark: loadROM: after romOpen_gfx / before romOpen_audio
mark: loadROM: after romOpen_audio / before romOpen_input
mark: loadROM: after romOpen_input / before cpu_init
mark: loadROM: after cpu_init
menufps: 2.3
menufps: 1.0
menufps: 1.0
fps: 0.4
first_vi: vi0_retrace=13796
vis: 0.5
cpu: exceptions=0 cacheResets=0 batches=0 verts=0 texStalls=0 recompiles=0 underruns=0 overruns=0 sleep_us=0 queue_ms=0
mark: CPU core dispatch: dynarec
vis: 60.0
cpu: exceptions=922 cacheResets=1 batches=0 verts=0 texStalls=0 recompiles=327 underruns=0 overruns=0 sleep_us=188722 queue_ms=112
fps: 1.8
vis: 60.0
cpu: exceptions=1662 cacheResets=1 batches=0 verts=0 texStalls=0 recompiles=534 underruns=0 overruns=0 sleep_us=503874 queue_ms=116
fps: 12.1
vis: 60.0
cpu: exceptions=1965 cacheResets=1 batches=40 verts=960 texStalls=0 recompiles=683 underruns=0 overruns=0 sleep_us=832583 queue_ms=108
vis: 60.0
cpu: exceptions=2842 cacheResets=1 batches=70 verts=1680 texStalls=0 recompiles=692 underruns=0 overruns=0 sleep_us=1179495 queue_ms=112
fps: 18.5
vis: 60.0
cpu: exceptions=2947 cacheResets=1 batches=145 verts=3480 texStalls=0 recompiles=692 underruns=0 overruns=0 sleep_us=1608602 queue_ms=103
fps: 30.0
vis: 60.0
cpu: exceptions=3055 cacheResets=1 batches=225 verts=5400 texStalls=0 recompiles=692 underruns=0 overruns=0 sleep_us=2034966 queue_ms=108
fps: 31.1
vis: 60.0
cpu: exceptions=3160 cacheResets=1 batches=300 verts=7200 texStalls=0 recompiles=692 underruns=0 overruns=0 sleep_us=2463731 queue_ms=112
fps: 30.0
vis: 60.0
cpu: exceptions=3265 cacheResets=1 batches=375 verts=9000 texStalls=0 recompiles=697 underruns=0 overruns=0 sleep_us=2896673 queue_ms=103
vis: 60.0
cpu: exceptions=3608 cacheResets=1 batches=380 verts=9120 texStalls=0 recompiles=765 underruns=0 overruns=0 sleep_us=3160161 queue_ms=108
fps: 12.2
vis: 60.0
cpu: exceptions=3921 cacheResets=1 batches=759 verts=17781 texStalls=0 recompiles=890 underruns=0 overruns=0 sleep_us=3444205 queue_ms=112
fps: 29.8
vis: 60.0
cpu: exceptions=4038 cacheResets=1 batches=1743 verts=38949 texStalls=0 recompiles=905 underruns=0 overruns=0 sleep_us=3795384 queue_ms=103
fps: 31.1
vis: 60.0
cpu: exceptions=4174 cacheResets=1 batches=2680 verts=58968 texStalls=0 recompiles=907 underruns=0 overruns=0 sleep_us=4147084 queue_ms=108
fps: 30.0
vis: 60.0
cpu: exceptions=4295 cacheResets=1 batches=3610 verts=78903 texStalls=0 recompiles=919 underruns=0 overruns=0 sleep_us=4493531 queue_ms=112
fps: 30.0
vis: 60.0
cpu: exceptions=4413 cacheResets=1 batches=4540 verts=98838 texStalls=0 recompiles=919 underruns=0 overruns=0 sleep_us=4843127 queue_ms=103
fps: 30.0
vis: 60.0
cpu: exceptions=4530 cacheResets=1 batches=5470 verts=118773 texStalls=0 recompiles=925 underruns=0 overruns=0 sleep_us=5193056 queue_ms=108
fps: 30.0
vis: 60.0
cpu: exceptions=4648 cacheResets=1 batches=6400 verts=138708 texStalls=0 recompiles=925 underruns=0 overruns=0 sleep_us=5546166 queue_ms=112
fps: 30.0
vis: 60.0
cpu: exceptions=4761 cacheResets=1 batches=7330 verts=158643 texStalls=0 recompiles=926 underruns=0 overruns=0 sleep_us=5904332 queue_ms=116
fps: 30.0
vis: 60.0
cpu: exceptions=4872 cacheResets=1 batches=8260 verts=178578 texStalls=0 recompiles=926 underruns=0 overruns=0 sleep_us=6265160 queue_ms=108
fps: 30.0
vis: 60.0
cpu: exceptions=4983 cacheResets=1 batches=9190 verts=198513 texStalls=0 recompiles=926 underruns=0 overruns=0 sleep_us=6624965 queue_ms=112
fps: 30.0
vis: 60.0
cpu: exceptions=5096 cacheResets=1 batches=10120 verts=218448 texStalls=0 recompiles=926 underruns=0 overruns=0 sleep_us=6981677 queue_ms=116
fps: 30.0
vis: 60.0
cpu: exceptions=5209 cacheResets=1 batches=10924 verts=234561 texStalls=0 recompiles=926 underruns=0 overruns=0 sleep_us=7345289 queue_ms=108
fps: 30.0
vis: 60.0
cpu: exceptions=5334 cacheResets=1 batches=11448 verts=246147 texStalls=0 recompiles=935 underruns=0 overruns=0 sleep_us=7702195 queue_ms=112
fps: 30.0
vis: 60.0
cpu: exceptions=5461 cacheResets=1 batches=12239 verts=261468 texStalls=0 recompiles=935 underruns=0 overruns=0 sleep_us=8038121 queue_ms=116
fps: 30.0
vis: 60.0
cpu: exceptions=5586 cacheResets=1 batches=13268 verts=278217 texStalls=0 recompiles=935 underruns=0 overruns=0 sleep_us=8359901 queue_ms=121
fps: 29.1
vis: 60.0
cpu: exceptions=5704 cacheResets=1 batches=14399 verts=295578 texStalls=0 recompiles=946 underruns=0 overruns=0 sleep_us=8670846 queue_ms=99
fps: 30.0
vis: 60.0
cpu: exceptions=5824 cacheResets=1 batches=15194 verts=310923 texStalls=0 recompiles=947 underruns=0 overruns=0 sleep_us=8983699 queue_ms=103
fps: 30.0
vis: 60.0
cpu: exceptions=5945 cacheResets=1 batches=15934 verts=325938 texStalls=0 recompiles=947 underruns=0 overruns=0 sleep_us=9305315 queue_ms=108
fps: 30.1
vis: 60.0
cpu: exceptions=6066 cacheResets=1 batches=16588 verts=340437 texStalls=0 recompiles=947 underruns=0 overruns=0 sleep_us=9649959 queue_ms=99
fps: 30.0
vis: 60.0
cpu: exceptions=6187 cacheResets=1 batches=17048 verts=353772 texStalls=0 recompiles=947 underruns=0 overruns=0 sleep_us=10012991 queue_ms=103
mark: stop reason: chain guest VI limit
mark: stop_it requested
audio: alist_resample_calls=9757 alist_resample_samples=1397968 alist_zoh_calls=0 alist_zoh_samples=0 musyx_subframes=0 musyx_voices=0 musyx_voice_peak=0
audio_stages: adpcm_calls=7520 adpcm_samples=460832 envmix_calls=7516 envmix_samples=1068128 mix_calls=67230 mix_samples=9895200 musyx_fx_calls=0 musyx_fx_taps=0 output_calls=448 output_samples=329840
audio_envmix: exp_calls=0 ge_calls=7516 lin_calls=0 nead_calls=0 exp_steady=0 ge_steady=7194 lin_steady=0
audio_gaps: nead_mats=0 nead_efz=0 resample_flag2=0 musyx_ptr10=0
audio_output: stream_requests=2822 stream_fed=1136 input_hz=22047 playback_hz=22047 queue_peak_ms=153
probe_schema: version=2 self=1 interval=127
vm_io: read_ahead=1 reads=0 hits=0 read_bytes=0 writes=0 write_bytes=0 errors=0
subsystem_time: stage=rsp_gfx calls=393 timed_calls=393 period=1 timed_us=741356
subsystem_time: stage=rsp_audio calls=448 timed_calls=448 period=1 timed_us=481105
subsystem_time: stage=rsp_other calls=0 timed_calls=0 period=1 timed_us=0
subsystem_time: stage=lookup calls=1667524 timed_calls=13130 period=127 timed_us=3018
subsystem_time: stage=compile calls=947 timed_calls=947 period=1 timed_us=142507
subsystem_time: stage=dispatch calls=1665950 timed_calls=13117 period=127 timed_us=13620
subsystem_self: stage=dispatch calls=1665950 timed_calls=13117 self_us=8232 dropped=0
subsystem_time: stage=execute_inclusive calls=1665950 timed_calls=13117 period=127 timed_us=151030
subsystem_self: stage=execute_inclusive calls=1665950 timed_calls=13117 self_us=26164 dropped=0
subsystem_time: stage=rom_copy calls=1133 timed_calls=1133 period=1 timed_us=12113
subsystem_time: stage=present calls=899 timed_calls=899 period=1 timed_us=21670
subsystem_time: stage=limiter calls=880 timed_calls=880 period=1 timed_us=10359713
subsystem_time: stage=vm_fault calls=0 timed_calls=0 period=1 timed_us=0
subsystem_time: stage=vm_victim calls=0 timed_calls=0 period=1 timed_us=0
subsystem_time: stage=vm_read calls=0 timed_calls=0 period=1 timed_us=0
subsystem_time: stage=vm_write calls=0 timed_calls=0 period=1 timed_us=0
subsystem_time: stage=tex_hash calls=12379 timed_calls=12379 period=1 timed_us=118295
subsystem_time: stage=tex_lookup calls=12379 timed_calls=12379 period=1 timed_us=6409
subsystem_time: stage=tex_load calls=103 timed_calls=103 period=1 timed_us=4250
subsystem_time: stage=tex_activate calls=12379 timed_calls=12379 period=1 timed_us=7452
subsystem_time: stage=draw_triangles calls=17454 timed_calls=17454 period=1 timed_us=56986
subsystem_time: stage=draw_rect calls=5382 timed_calls=5382 period=1 timed_us=49106
subsystem_time: stage=gfx_list calls=393 timed_calls=393 period=1 timed_us=740690
subsystem_time: stage=gfx_command calls=269016 timed_calls=2118 period=127 timed_us=4975
subsystem_time: stage=vertex calls=183788 timed_calls=1447 period=127 timed_us=399
subsystem_time: stage=gfx_state calls=127408 timed_calls=1003 period=127 timed_us=1875
subsystem_self: stage=gfx_state calls=127408 timed_calls=1003 self_us=829 dropped=0
subsystem_time: stage=gx_wait calls=4 timed_calls=4 period=1 timed_us=2567
subsystem_time: stage=dma_pi calls=1133 timed_calls=1133 period=1 timed_us=23536
subsystem_time: stage=dma_sp calls=1682 timed_calls=1682 period=1 timed_us=1625
subsystem_time: stage=dma_si calls=2587 timed_calls=2587 period=1 timed_us=10811
subsystem_time: stage=tlb_translate calls=0 timed_calls=0 period=127 timed_us=0
subsystem_time: stage=pif calls=2588 timed_calls=2588 period=1 timed_us=11477
subsystem_time: stage=input calls=1600 timed_calls=1600 period=1 timed_us=6878
subsystem_time: stage=guest_interrupt calls=7064 timed_calls=7064 period=1 timed_us=10437912
subsystem_self: stage=guest_interrupt calls=7064 timed_calls=7064 self_us=22696 dropped=0
subsystem_time: stage=interpreter_inclusive calls=0 timed_calls=0 period=1 timed_us=0
subsystem_self: stage=interpreter_inclusive calls=0 timed_calls=0 self_us=0 dropped=0
subsystem_time: stage=audio_submit calls=448 timed_calls=448 period=1 timed_us=5561
subsystem_time: stage=audio_callback calls=8810 timed_calls=8810 period=1 timed_us=5006
subsystem_time: stage=memory_slow calls=807074 timed_calls=6354 period=127 timed_us=25314
subsystem_self: stage=memory_slow calls=807074 timed_calls=6354 self_us=2173 dropped=0
subsystem_time: stage=jit_invalidate calls=1574 timed_calls=12 period=127 timed_us=2
subsystem_time: stage=cpu_helper calls=6795916 timed_calls=53511 period=127 timed_us=82564
subsystem_time: stage=storage_read calls=0 timed_calls=0 period=1 timed_us=0
subsystem_time: stage=storage_write calls=0 timed_calls=0 period=1 timed_us=0
subsystem_time: stage=save_load calls=0 timed_calls=0 period=1 timed_us=0
subsystem_time: stage=save_write calls=0 timed_calls=0 period=1 timed_us=0
subsystem_time: stage=state_load calls=0 timed_calls=0 period=1 timed_us=0
subsystem_time: stage=state_save calls=0 timed_calls=0 period=1 timed_us=0
subsystem_time: stage=probe_io calls=4 timed_calls=4 period=1 timed_us=40444
subsystem_time: stage=agent_poll calls=1808 timed_calls=1808 period=1 timed_us=346
audio_time: stage=resample sampled_calls=76 sampled_samples=10832 sampled_us=467
audio_time: stage=zoh sampled_calls=0 sampled_samples=0 sampled_us=0
audio_time: stage=adpcm sampled_calls=59 sampled_samples=3808 sampled_us=171
audio_time: stage=envmix_exp sampled_calls=0 sampled_samples=0 sampled_us=0
audio_time: stage=envmix_ge sampled_calls=59 sampled_samples=8240 sampled_us=739
audio_time: stage=envmix_lin sampled_calls=0 sampled_samples=0 sampled_us=0
audio_time: stage=envmix_nead sampled_calls=0 sampled_samples=0 sampled_us=0
audio_time: stage=mix sampled_calls=529 sampled_samples=77792 sampled_us=1250
audio_time: stage=musyx_voice sampled_calls=0 sampled_samples=0 sampled_us=0
audio_time: stage=musyx_fx sampled_calls=0 sampled_samples=0 sampled_us=0
audio_time: stage=output sampled_calls=3 sampled_samples=2176 sampled_us=30
gpu_counters: clks=3684537900 tb_clks=3684537972 ras_busy=70883753 xf_wait_in=3575973112 xf_wait_out=83513328 ras_peak_permille=28 ztop_in=276328596 ztop_out=267704064 z_in=78532 z_out=45532 blend_in=267852640 copy_clks=43425492 fifo_overflows=0
game: n=8/9 how=vis vis=900 vi_rate=60 vi0_retrace=13796 wall_us=15162601 sleep_us=10357036 avg_vis=58.02 avg_fps=26.16 exceptions=6299 cacheResets=1 recompiles=947 batches=17454 verts=366078 texStalls=0 treeDepthMax=13 underruns=0 overruns=0 queue_peak_ms=121 dsp_avg=1.31 dsp_peak=1.55 dsp_samples=30 pmc1=3372248534 pmc2=3508018212 pmc3=0 pmc4=0 mmcr0=00000042 mmcr1=00000000 heap_used=10855928 heap_free=143944 arena1_free=241664 arena2_free=288704 flushes=4 flush_us=40443 padtrace=0 rom=sd:/wii64/roms/Diddy Kong Racing (USA) (En,Fr) (Rev 1).z64
=== chain 8/9 end vis=900 how=vis rom=sd:/wii64/roms/Diddy Kong Racing (USA) (En,Fr) (Rev 1).z64 ===
mark: pad replay records: 1
mark: loadROM: enter
mark: loadROM: before rom_read
mark: ROMCache_load: enter
menufps: 0.1
menufps: 0.2
mark: ROMCache_load: before first read
mark: ROMCache_load: first read returned
mark: ROMCache_load: byte_swap_type set
mark: ROMCache_load: first byte_swap done
menufps: 0.2
menufps: 8.4
menufps: 8.1
menufps: 7.7
menufps: 8.1
menufps: 8.1
menufps: 8.0
menufps: 2.9
menufps: 1.3
menufps: 1.3
menufps: 1.3
menufps: 1.3
menufps: 1.3
menufps: 1.3
menufps: 3.5
menufps: 7.8
menufps: 7.9
menufps: 8.0
menufps: 8.0
menufps: 7.7
mark: ROMCache_load: loop exited normally
menufps: 2.8
menufps: 1.1
menufps: 1.2
menufps: 1.1
menufps: 1.1
menufps: 1.1
menufps: 1.2
menufps: 1.1
menufps: 1.1
menufps: 1.2
menufps: 1.2
menufps: 1.1
menufps: 1.1
menufps: 1.1
menufps: 1.2
menufps: 1.1
menufps: 1.1
menufps: 1.1
menufps: 1.1
menufps: 1.1
mark: ROMCache_load: preflush_us=17576730 writes=2040 bytes=16711680
mark: ROMCache_load: elapsed_us=39735664 bytes=33554432 vm=1
mark: loadROM: after rom_read
mark: loadROM: before init_memory
mark: loadROM: after init_memory
mark: loadROM: before romOpen_gfx
mark: loadROM: after romOpen_gfx / before romOpen_audio
mark: loadROM: after romOpen_audio / before romOpen_input
mark: loadROM: after romOpen_input / before cpu_init
mark: loadROM: after cpu_init
menufps: 3.1
menufps: 1.0
menufps: 1.0
fps: 0.4
first_vi: vi0_retrace=17295
vis: 0.7
cpu: exceptions=0 cacheResets=0 batches=0 verts=0 texStalls=0 recompiles=0 underruns=0 overruns=0 sleep_us=0 queue_ms=0
mark: CPU core dispatch: dynarec
vis: 58.7
cpu: exceptions=33 cacheResets=1 batches=0 verts=0 texStalls=0 recompiles=82 underruns=0 overruns=0 sleep_us=0 queue_ms=0
vis: 60.0
cpu: exceptions=63 cacheResets=1 batches=0 verts=0 texStalls=0 recompiles=82 underruns=0 overruns=0 sleep_us=332593 queue_ms=0
vis: 60.0
cpu: exceptions=93 cacheResets=1 batches=0 verts=0 texStalls=0 recompiles=82 underruns=0 overruns=0 sleep_us=658284 queue_ms=0
vis: 60.0
cpu: exceptions=205 cacheResets=1 batches=0 verts=0 texStalls=0 recompiles=182 underruns=0 overruns=0 sleep_us=931505 queue_ms=0
vis: 60.0
cpu: exceptions=246 cacheResets=1 batches=0 verts=0 texStalls=0 recompiles=188 underruns=0 overruns=0 sleep_us=1255954 queue_ms=0
vis: 60.0
cpu: exceptions=288 cacheResets=1 batches=0 verts=0 texStalls=0 recompiles=188 underruns=0 overruns=0 sleep_us=1575676 queue_ms=0
vis: 60.0
cpu: exceptions=318 cacheResets=1 batches=0 verts=0 texStalls=0 recompiles=188 underruns=0 overruns=0 sleep_us=1893636 queue_ms=0
vis: 60.0
cpu: exceptions=395 cacheResets=1 batches=0 verts=0 texStalls=0 recompiles=314 underruns=1 overruns=0 sleep_us=2311053 queue_ms=24
vis: 60.0
cpu: exceptions=472 cacheResets=1 batches=0 verts=0 texStalls=0 recompiles=323 underruns=1 overruns=0 sleep_us=2758638 queue_ms=28
vis: 60.0
cpu: exceptions=547 cacheResets=1 batches=0 verts=0 texStalls=0 recompiles=323 underruns=1 overruns=0 sleep_us=3210722 queue_ms=33
vis: 60.0
cpu: exceptions=740 cacheResets=1 batches=0 verts=0 texStalls=0 recompiles=434 underruns=2 overruns=0 sleep_us=3408177 queue_ms=37
vis: 60.0
cpu: exceptions=965 cacheResets=1 batches=0 verts=0 texStalls=0 recompiles=434 underruns=2 overruns=0 sleep_us=3588874 queue_ms=41
vis: 60.0
cpu: exceptions=1152 cacheResets=1 batches=0 verts=0 texStalls=0 recompiles=448 underruns=2 overruns=0 sleep_us=3790323 queue_ms=46
vis: 59.7
cpu: exceptions=1393 cacheResets=1 batches=0 verts=0 texStalls=0 recompiles=497 underruns=2 overruns=0 sleep_us=3964794 queue_ms=37
fps: 0.1
vis: 60.0
cpu: exceptions=1687 cacheResets=1 batches=591 verts=8424 texStalls=0 recompiles=1254 underruns=4 overruns=0 sleep_us=4087658 queue_ms=120
fps: 31.2
vis: 60.0
cpu: exceptions=1961 cacheResets=1 batches=1476 verts=20754 texStalls=0 recompiles=1255 underruns=4 overruns=0 sleep_us=4416685 queue_ms=124
fps: 30.0
vis: 60.0
cpu: exceptions=2238 cacheResets=1 batches=2361 verts=33084 texStalls=0 recompiles=1276 underruns=4 overruns=0 sleep_us=4735004 queue_ms=115
fps: 30.0
vis: 60.0
cpu: exceptions=2515 cacheResets=1 batches=3246 verts=45414 texStalls=0 recompiles=1279 underruns=4 overruns=0 sleep_us=5073543 queue_ms=120
fps: 30.0
vis: 60.0
cpu: exceptions=2790 cacheResets=1 batches=4131 verts=57744 texStalls=0 recompiles=1280 underruns=4 overruns=0 sleep_us=5412833 queue_ms=124
fps: 30.0
vis: 60.0
cpu: exceptions=3076 cacheResets=1 batches=5016 verts=70074 texStalls=0 recompiles=1300 underruns=4 overruns=0 sleep_us=5737248 queue_ms=115
fps: 30.0
vis: 60.0
cpu: exceptions=3359 cacheResets=1 batches=5901 verts=82404 texStalls=0 recompiles=1300 underruns=4 overruns=0 sleep_us=6060912 queue_ms=120
fps: 30.0
vis: 60.0
cpu: exceptions=3639 cacheResets=1 batches=6786 verts=94734 texStalls=0 recompiles=1302 underruns=4 overruns=0 sleep_us=6390483 queue_ms=124
fps: 30.0
vis: 60.0
cpu: exceptions=3920 cacheResets=1 batches=7671 verts=107064 texStalls=0 recompiles=1351 underruns=4 overruns=0 sleep_us=6717861 queue_ms=128
fps: 30.1
vis: 60.0
cpu: exceptions=4198 cacheResets=1 batches=7971 verts=112194 texStalls=0 recompiles=1366 underruns=4 overruns=0 sleep_us=7070179 queue_ms=120
fps: 30.0
vis: 60.0
cpu: exceptions=4352 cacheResets=1 batches=8071 verts=113904 texStalls=0 recompiles=1383 underruns=4 overruns=0 sleep_us=7414018 queue_ms=124
fps: 30.0
vis: 60.0
cpu: exceptions=4499 cacheResets=1 batches=8476 verts=141129 texStalls=0 recompiles=1384 underruns=4 overruns=0 sleep_us=7749214 queue_ms=128
fps: 30.0
vis: 60.0
cpu: exceptions=4647 cacheResets=1 batches=8881 verts=168354 texStalls=0 recompiles=1386 underruns=4 overruns=0 sleep_us=8087510 queue_ms=120
fps: 30.0
vis: 60.0
cpu: exceptions=4794 cacheResets=1 batches=9286 verts=195579 texStalls=0 recompiles=1387 underruns=4 overruns=0 sleep_us=8435605 queue_ms=124
fps: 30.0
vis: 60.0
cpu: exceptions=4940 cacheResets=1 batches=9691 verts=222804 texStalls=0 recompiles=1387 underruns=4 overruns=0 sleep_us=8780867 queue_ms=128
fps: 30.0
mark: stop reason: chain guest VI limit
mark: stop_it requested
audio: alist_resample_calls=11186 alist_resample_samples=2058224 alist_zoh_calls=0 alist_zoh_samples=0 musyx_subframes=0 musyx_voices=0 musyx_voice_peak=0
audio_stages: adpcm_calls=6590 adpcm_samples=722912 envmix_calls=8440 envmix_samples=1552960 mix_calls=54920 mix_samples=10105280 musyx_fx_calls=0 musyx_fx_taps=0 output_calls=342 output_samples=251896
audio_envmix: exp_calls=0 ge_calls=0 lin_calls=8440 nead_calls=0 exp_steady=0 ge_steady=0 lin_steady=7902
audio_gaps: nead_mats=0 nead_efz=0 resample_flag2=0 musyx_ptr10=0
audio_output: stream_requests=4266 stream_fed=867 input_hz=22047 playback_hz=22047 queue_peak_ms=146
probe_schema: version=2 self=1 interval=127
vm_io: read_ahead=1 reads=58 hits=277 read_bytes=1900544 writes=0 write_bytes=0 errors=0
subsystem_time: stage=rsp_gfx calls=238 timed_calls=238 period=1 timed_us=456648
subsystem_time: stage=rsp_audio calls=343 timed_calls=343 period=1 timed_us=473978
subsystem_time: stage=rsp_other calls=1 timed_calls=1 period=1 timed_us=4
subsystem_time: stage=lookup calls=1605612 timed_calls=12642 period=127 timed_us=3038
subsystem_time: stage=compile calls=1389 timed_calls=1389 period=1 timed_us=203478
subsystem_time: stage=dispatch calls=1604037 timed_calls=12630 period=127 timed_us=14484
subsystem_self: stage=dispatch calls=1604037 timed_calls=12630 self_us=8079 dropped=0
subsystem_time: stage=execute_inclusive calls=1604037 timed_calls=12630 period=127 timed_us=140900
subsystem_self: stage=execute_inclusive calls=1604037 timed_calls=12630 self_us=32507 dropped=0
subsystem_time: stage=rom_copy calls=1048 timed_calls=1048 period=1 timed_us=252018
subsystem_time: stage=present calls=899 timed_calls=899 period=1 timed_us=240143
subsystem_time: stage=limiter calls=842 timed_calls=842 period=1 timed_us=9102028
subsystem_time: stage=vm_fault calls=335 timed_calls=335 period=1 timed_us=234476
subsystem_time: stage=vm_victim calls=335 timed_calls=335 period=1 timed_us=385
subsystem_time: stage=vm_read calls=58 timed_calls=58 period=1 timed_us=218601
subsystem_time: stage=vm_write calls=0 timed_calls=0 period=1 timed_us=0
subsystem_time: stage=tex_hash calls=7634 timed_calls=7634 period=1 timed_us=68688
subsystem_time: stage=tex_lookup calls=7634 timed_calls=7634 period=1 timed_us=2409
subsystem_time: stage=tex_load calls=24 timed_calls=24 period=1 timed_us=3607
subsystem_time: stage=tex_activate calls=7634 timed_calls=7634 period=1 timed_us=4363
subsystem_time: stage=draw_triangles calls=10096 timed_calls=10096 period=1 timed_us=33213
subsystem_time: stage=draw_rect calls=1687 timed_calls=1687 period=1 timed_us=8861
subsystem_time: stage=gfx_list calls=238 timed_calls=238 period=1 timed_us=456207
subsystem_time: stage=gfx_command calls=176157 timed_calls=1387 period=127 timed_us=4048
subsystem_time: stage=vertex calls=98130 timed_calls=772 period=127 timed_us=334
subsystem_time: stage=gfx_state calls=11689 timed_calls=92 period=127 timed_us=767
subsystem_self: stage=gfx_state calls=11689 timed_calls=92 self_us=190 dropped=0
subsystem_time: stage=gx_wait calls=4 timed_calls=4 period=1 timed_us=2569
subsystem_time: stage=dma_pi calls=1048 timed_calls=1048 period=1 timed_us=271331
subsystem_time: stage=dma_sp calls=1162 timed_calls=1162 period=1 timed_us=1107
subsystem_time: stage=dma_si calls=1351 timed_calls=1351 period=1 timed_us=3522
subsystem_time: stage=tlb_translate calls=0 timed_calls=0 period=127 timed_us=0
subsystem_time: stage=pif calls=1352 timed_calls=1352 period=1 timed_us=2840
subsystem_time: stage=input calls=388 timed_calls=388 period=1 timed_us=1654
subsystem_time: stage=guest_interrupt calls=5839 timed_calls=5839 period=1 timed_us=9387963
subsystem_self: stage=guest_interrupt calls=5839 timed_calls=5839 self_us=19785 dropped=0
subsystem_time: stage=interpreter_inclusive calls=0 timed_calls=0 period=1 timed_us=0
subsystem_self: stage=interpreter_inclusive calls=0 timed_calls=0 self_us=0 dropped=0
subsystem_time: stage=audio_submit calls=343 timed_calls=343 period=1 timed_us=5490
subsystem_time: stage=audio_callback calls=10275 timed_calls=10275 period=1 timed_us=4491
subsystem_time: stage=memory_slow calls=1083791 timed_calls=8533 period=127 timed_us=17377
subsystem_self: stage=memory_slow calls=1083791 timed_calls=8533 self_us=2648 dropped=0
subsystem_time: stage=jit_invalidate calls=1575 timed_calls=12 period=127 timed_us=2
subsystem_time: stage=cpu_helper calls=10245624 timed_calls=80674 period=127 timed_us=50880
subsystem_time: stage=storage_read calls=0 timed_calls=0 period=1 timed_us=0
subsystem_time: stage=storage_write calls=0 timed_calls=0 period=1 timed_us=0
subsystem_time: stage=save_load calls=0 timed_calls=0 period=1 timed_us=0
subsystem_time: stage=save_write calls=0 timed_calls=0 period=1 timed_us=0
subsystem_time: stage=state_load calls=0 timed_calls=0 period=1 timed_us=0
subsystem_time: stage=state_save calls=0 timed_calls=0 period=1 timed_us=0
subsystem_time: stage=probe_io calls=3 timed_calls=3 period=1 timed_us=32479
subsystem_time: stage=agent_poll calls=1811 timed_calls=1811 period=1 timed_us=377
audio_time: stage=resample sampled_calls=88 sampled_samples=16192 sampled_us=634
audio_time: stage=zoh sampled_calls=0 sampled_samples=0 sampled_us=0
audio_time: stage=adpcm sampled_calls=51 sampled_samples=5680 sampled_us=244
audio_time: stage=envmix_exp sampled_calls=0 sampled_samples=0 sampled_us=0
audio_time: stage=envmix_ge sampled_calls=0 sampled_samples=0 sampled_us=0
audio_time: stage=envmix_lin sampled_calls=66 sampled_samples=12144 sampled_us=1019
audio_time: stage=envmix_nead sampled_calls=0 sampled_samples=0 sampled_us=0
audio_time: stage=mix sampled_calls=432 sampled_samples=79488 sampled_us=1329
audio_time: stage=musyx_voice sampled_calls=0 sampled_samples=0 sampled_us=0
audio_time: stage=musyx_fx sampled_calls=0 sampled_samples=0 sampled_us=0
audio_time: stage=output sampled_calls=2 sampled_samples=1472 sampled_us=26
gpu_counters: clks=3693963291 tb_clks=3693963364 ras_busy=49118137 xf_wait_in=3616864254 xf_wait_out=65864964 ras_peak_permille=24 ztop_in=195035516 ztop_out=194051692 z_in=0 z_out=0 blend_in=194101956 copy_clks=67302224 fifo_overflows=0
game: n=9/9 how=vis vis=900 vi_rate=60 vi0_retrace=17295 wall_us=15201356 sleep_us=9099590 avg_vis=57.97 avg_fps=26.57 exceptions=5086 cacheResets=1 recompiles=1389 batches=10096 verts=250029 texStalls=0 treeDepthMax=15 underruns=4 overruns=0 queue_peak_ms=128 dsp_avg=1.38 dsp_peak=1.75 dsp_samples=30 pmc1=4140243895 pmc2=4561153058 pmc3=0 pmc4=0 mmcr0=00000042 mmcr1=00000000 heap_used=10885624 heap_free=114248 arena1_free=241664 arena2_free=288704 flushes=3 flush_us=32478 padtrace=0 rom=sd:/wii64/roms/Donkey Kong 64 (USA).z64
=== chain 9/9 end vis=900 how=vis rom=sd:/wii64/roms/Donkey Kong 64 (USA).z64 ===
