--- wii64 perf log ---
mark: diag config: wiiload arguments
mark: wiiload dynacore argument received
mark: diag received dynacore line
mark: diag requested core: dynarec
mark: pad replay records: 7
selftest:
  raw[0]=51286245943350476
  raw[1]=51286245943350481
  raw[2]=51286245943350497
  raw[3]=51286245943350506
  raw[4]=51286245943350518
  delta[0]=0us
  delta[1]=0us
  delta[2]=0us
  delta[3]=0us
mark: audio quality: accurate
mark: audio modes: n64=0 output=0 mixer=0 latency=2 sync=0
mark: diag applied core: dynarec
mark: HBC agent ready
mark: loadROM: enter
mark: loadROM: before rom_read
mark: ROMCache_load: enter
mark: ROMCache_load: before first read
mark: ROMCache_load: first read returned
mark: ROMCache_load: byte_swap_type set
mark: ROMCache_load: first byte_swap done
menufps: 10.2
menufps: 8.4
menufps: 7.9
mark: ROMCache_load: loop exited normally
mark: ROMCache_load: elapsed_us=1927383 bytes=8388608 vm=0
mark: loadROM: after rom_read
mark: loadROM: before init_memory
mark: loadROM: after init_memory
mark: loadROM: before romOpen_gfx
mark: loadROM: after romOpen_gfx / before romOpen_audio
mark: loadROM: after romOpen_audio / before romOpen_input
mark: loadROM: after romOpen_input / before cpu_init
mark: loadROM: after cpu_init
menufps: 2.9
menufps: 0.8
menufps: 1.0
fps: 0.0
first_vi: vi0_retrace=330
vis: 0.0
cpu: exceptions=0 cacheResets=0 batches=0 verts=0 texStalls=0 recompiles=0 underruns=0 overruns=0 sleep_us=0 queue_ms=0
mark: CPU core dispatch: dynarec
vis: 60.0
cpu: exceptions=240 cacheResets=1 batches=0 verts=0 texStalls=0 recompiles=189 underruns=1 overruns=0 sleep_us=227637 queue_ms=118
vis: 60.0
cpu: exceptions=540 cacheResets=1 batches=0 verts=0 texStalls=0 recompiles=198 underruns=1 overruns=0 sleep_us=704138 queue_ms=123
vis: 60.0
cpu: exceptions=840 cacheResets=1 batches=0 verts=0 texStalls=0 recompiles=204 underruns=1 overruns=0 sleep_us=1180826 queue_ms=120
vis: 60.0
cpu: exceptions=1135 cacheResets=1 batches=0 verts=0 texStalls=0 recompiles=204 underruns=1 overruns=0 sleep_us=1658099 queue_ms=124
fps: 0.5
vis: 60.0
cpu: exceptions=1431 cacheResets=1 batches=414 verts=9387 texStalls=0 recompiles=468 underruns=2 overruns=0 sleep_us=1967473 queue_ms=11
fps: 20.0
vis: 60.0
cpu: exceptions=1588 cacheResets=1 batches=2484 verts=56322 texStalls=0 recompiles=475 underruns=2 overruns=0 sleep_us=2376977 queue_ms=9
fps: 30.0
vis: 60.0
cpu: exceptions=1752 cacheResets=1 batches=4554 verts=103257 texStalls=0 recompiles=478 underruns=2 overruns=0 sleep_us=2785620 queue_ms=15
fps: 30.0
vis: 60.0
cpu: exceptions=1894 cacheResets=1 batches=6624 verts=150192 texStalls=0 recompiles=478 underruns=2 overruns=0 sleep_us=3203594 queue_ms=11
fps: 30.0
vis: 60.0
cpu: exceptions=2036 cacheResets=1 batches=8694 verts=197127 texStalls=0 recompiles=478 underruns=2 overruns=0 sleep_us=3621288 queue_ms=16
fps: 30.0
vis: 60.0
cpu: exceptions=2178 cacheResets=1 batches=10767 verts=244080 texStalls=0 recompiles=489 underruns=2 overruns=0 sleep_us=4037695 queue_ms=13
fps: 30.0
vis: 60.0
cpu: exceptions=2319 cacheResets=1 batches=12574 verts=284835 texStalls=0 recompiles=498 underruns=2 overruns=0 sleep_us=4458837 queue_ms=18
vis: 60.0
cpu: exceptions=2638 cacheResets=1 batches=12574 verts=284835 texStalls=0 recompiles=675 underruns=4 overruns=0 sleep_us=4622517 queue_ms=32
vis: 60.0
cpu: exceptions=2728 cacheResets=1 batches=12574 verts=284835 texStalls=0 recompiles=733 underruns=4 overruns=0 sleep_us=4802312 queue_ms=28
vis: 60.0
cpu: exceptions=2818 cacheResets=1 batches=12574 verts=284835 texStalls=0 recompiles=784 underruns=4 overruns=0 sleep_us=5067401 queue_ms=34
fps: 4.9
vis: 60.0
cpu: exceptions=2961 cacheResets=1 batches=13906 verts=302151 texStalls=0 recompiles=910 underruns=6 overruns=0 sleep_us=5290234 queue_ms=8
fps: 15.1
vis: 60.0
cpu: exceptions=3118 cacheResets=1 batches=18793 verts=366438 texStalls=0 recompiles=910 underruns=6 overruns=0 sleep_us=5433149 queue_ms=13
fps: 30.0
vis: 60.0
cpu: exceptions=3273 cacheResets=1 batches=23666 verts=430389 texStalls=0 recompiles=927 underruns=6 overruns=0 sleep_us=5576228 queue_ms=8
fps: 30.0
vis: 60.0
cpu: exceptions=3436 cacheResets=1 batches=28534 verts=494292 texStalls=0 recompiles=927 underruns=6 overruns=0 sleep_us=5718198 queue_ms=14
fps: 30.0
vis: 60.0
cpu: exceptions=3591 cacheResets=1 batches=33395 verts=558153 texStalls=0 recompiles=927 underruns=6 overruns=0 sleep_us=5872361 queue_ms=10
fps: 29.1
vis: 60.0
cpu: exceptions=3762 cacheResets=1 batches=38265 verts=622068 texStalls=0 recompiles=927 underruns=8 overruns=0 sleep_us=6009405 queue_ms=15
fps: 29.9
vis: 60.0
cpu: exceptions=3978 cacheResets=1 batches=43140 verts=686013 texStalls=0 recompiles=936 underruns=8 overruns=0 sleep_us=6126860 queue_ms=12
fps: 20.0
vis: 60.0
cpu: exceptions=4234 cacheResets=1 batches=43738 verts=693774 texStalls=0 recompiles=1065 underruns=10 overruns=0 sleep_us=6377428 queue_ms=13
fps: 31.6
vis: 60.0
cpu: exceptions=4401 cacheResets=1 batches=44544 verts=704190 texStalls=0 recompiles=1065 underruns=10 overruns=0 sleep_us=6757912 queue_ms=8
fps: 30.0
vis: 60.0
cpu: exceptions=4573 cacheResets=1 batches=45339 verts=714540 texStalls=0 recompiles=1065 underruns=10 overruns=0 sleep_us=7137701 queue_ms=4
fps: 30.0
vis: 60.0
cpu: exceptions=4738 cacheResets=1 batches=46134 verts=724890 texStalls=0 recompiles=1065 underruns=10 overruns=0 sleep_us=7527938 queue_ms=9
fps: 30.0
vis: 60.0
cpu: exceptions=4911 cacheResets=1 batches=46929 verts=735240 texStalls=0 recompiles=1065 underruns=10 overruns=0 sleep_us=7906120 queue_ms=6
fps: 30.0
vis: 60.0
cpu: exceptions=5090 cacheResets=1 batches=47724 verts=745590 texStalls=0 recompiles=1065 underruns=10 overruns=0 sleep_us=8278659 queue_ms=10
fps: 30.0
vis: 60.0
cpu: exceptions=5263 cacheResets=1 batches=48519 verts=755940 texStalls=0 recompiles=1065 underruns=10 overruns=0 sleep_us=8655056 queue_ms=7
fps: 30.0
vis: 60.0
cpu: exceptions=5432 cacheResets=1 batches=49314 verts=766290 texStalls=0 recompiles=1065 underruns=10 overruns=0 sleep_us=9038422 queue_ms=13
vis: 60.0
cpu: exceptions=5597 cacheResets=1 batches=50109 verts=776640 texStalls=0 recompiles=1065 underruns=10 overruns=0 sleep_us=9429141 queue_ms=8
fps: 30.0
vis: 60.0
cpu: exceptions=5779 cacheResets=1 batches=50624 verts=785310 texStalls=0 recompiles=1068 underruns=10 overruns=0 sleep_us=9820541 queue_ms=5
fps: 30.0
vis: 60.0
cpu: exceptions=5954 cacheResets=1 batches=51132 verts=793938 texStalls=0 recompiles=1071 underruns=10 overruns=0 sleep_us=10211075 queue_ms=10
fps: 30.0
vis: 60.0
cpu: exceptions=6203 cacheResets=1 batches=51234 verts=795666 texStalls=0 recompiles=1131 underruns=10 overruns=0 sleep_us=10493581 queue_ms=7
fps: 2.2
vis: 60.0
cpu: exceptions=6353 cacheResets=1 batches=51789 verts=806682 texStalls=0 recompiles=1530 underruns=11 overruns=0 sleep_us=10697034 queue_ms=32
fps: 32.4
vis: 60.0
cpu: exceptions=6488 cacheResets=1 batches=54699 verts=879312 texStalls=0 recompiles=1534 underruns=11 overruns=0 sleep_us=11026757 queue_ms=29
vis: 60.0
cpu: exceptions=6623 cacheResets=1 batches=57609 verts=951942 texStalls=0 recompiles=1534 underruns=11 overruns=0 sleep_us=11356996 queue_ms=35
fps: 30.0
vis: 60.0
cpu: exceptions=6758 cacheResets=1 batches=60519 verts=1024572 texStalls=0 recompiles=1534 underruns=11 overruns=0 sleep_us=11686979 queue_ms=32
fps: 30.0
vis: 60.0
cpu: exceptions=6893 cacheResets=1 batches=63429 verts=1097202 texStalls=0 recompiles=1534 underruns=11 overruns=0 sleep_us=12017357 queue_ms=27
fps: 30.0
vis: 60.0
cpu: exceptions=7045 cacheResets=1 batches=67347 verts=1175880 texStalls=0 recompiles=1544 underruns=11 overruns=0 sleep_us=12309320 queue_ms=33
fps: 29.2
vis: 60.0
cpu: exceptions=7220 cacheResets=1 batches=71514 verts=1256052 texStalls=0 recompiles=1545 underruns=11 overruns=0 sleep_us=12581216 queue_ms=20
fps: 30.0
vis: 60.0
cpu: exceptions=7400 cacheResets=1 batches=75669 verts=1336152 texStalls=0 recompiles=1545 underruns=11 overruns=0 sleep_us=12848723 queue_ms=25
fps: 30.0
vis: 60.0
cpu: exceptions=7581 cacheResets=1 batches=79824 verts=1416252 texStalls=0 recompiles=1545 underruns=11 overruns=0 sleep_us=13111883 queue_ms=22
fps: 30.0
vis: 60.0
cpu: exceptions=7776 cacheResets=1 batches=83979 verts=1496352 texStalls=0 recompiles=1545 underruns=11 overruns=0 sleep_us=13365912 queue_ms=18
fps: 29.9
vis: 60.0
cpu: exceptions=7989 cacheResets=1 batches=88134 verts=1576452 texStalls=0 recompiles=1545 underruns=11 overruns=0 sleep_us=13612167 queue_ms=23
fps: 30.0
vis: 60.0
cpu: exceptions=8197 cacheResets=1 batches=92289 verts=1656552 texStalls=0 recompiles=1545 underruns=11 overruns=0 sleep_us=13859654 queue_ms=19
fps: 30.0
vis: 60.0
cpu: exceptions=8416 cacheResets=1 batches=96444 verts=1736652 texStalls=0 recompiles=1545 underruns=11 overruns=0 sleep_us=14098437 queue_ms=25
fps: 30.0
vis: 60.0
cpu: exceptions=8621 cacheResets=1 batches=100599 verts=1816752 texStalls=0 recompiles=1545 underruns=11 overruns=0 sleep_us=14348180 queue_ms=20
fps: 30.0
vis: 60.0
cpu: exceptions=8815 cacheResets=1 batches=104754 verts=1896852 texStalls=0 recompiles=1545 underruns=11 overruns=0 sleep_us=14606593 queue_ms=17
fps: 30.0
vis: 60.0
cpu: exceptions=9007 cacheResets=1 batches=108909 verts=1976952 texStalls=0 recompiles=1545 underruns=11 overruns=0 sleep_us=14867399 queue_ms=22
fps: 30.0
vis: 60.0
cpu: exceptions=9171 cacheResets=1 batches=113064 verts=2057052 texStalls=0 recompiles=1547 underruns=11 overruns=0 sleep_us=15146117 queue_ms=18
fps: 30.0
vis: 60.0
cpu: exceptions=9315 cacheResets=1 batches=117219 verts=2137152 texStalls=0 recompiles=1547 underruns=11 overruns=0 sleep_us=15438083 queue_ms=24
fps: 30.0
vis: 60.0
cpu: exceptions=9455 cacheResets=1 batches=121374 verts=2217252 texStalls=0 recompiles=1547 underruns=11 overruns=0 sleep_us=15731873 queue_ms=20
fps: 30.0
vis: 60.0
cpu: exceptions=9595 cacheResets=1 batches=125529 verts=2297352 texStalls=0 recompiles=1547 underruns=11 overruns=0 sleep_us=16026369 queue_ms=25
fps: 30.0
vis: 60.0
cpu: exceptions=9733 cacheResets=1 batches=129684 verts=2377452 texStalls=0 recompiles=1547 underruns=11 overruns=0 sleep_us=16324230 queue_ms=21
fps: 30.0
vis: 60.0
cpu: exceptions=9868 cacheResets=1 batches=133839 verts=2457552 texStalls=0 recompiles=1547 underruns=11 overruns=0 sleep_us=16627550 queue_ms=27
fps: 30.0
vis: 60.0
cpu: exceptions=10003 cacheResets=1 batches=137994 verts=2537652 texStalls=0 recompiles=1547 underruns=11 overruns=0 sleep_us=16930797 queue_ms=23
fps: 30.1
vis: 60.0
cpu: exceptions=10138 cacheResets=1 batches=141309 verts=2612712 texStalls=0 recompiles=1548 underruns=11 overruns=0 sleep_us=17254517 queue_ms=20
fps: 30.0
vis: 60.0
cpu: exceptions=10273 cacheResets=1 batches=144204 verts=2685252 texStalls=0 recompiles=1548 underruns=11 overruns=0 sleep_us=17589134 queue_ms=25
fps: 30.0
vis: 60.0
cpu: exceptions=10414 cacheResets=1 batches=147128 verts=2758440 texStalls=0 recompiles=1568 underruns=11 overruns=0 sleep_us=17913624 queue_ms=21
fps: 29.0
vis: 60.0
cpu: exceptions=10579 cacheResets=1 batches=150443 verts=2840610 texStalls=0 recompiles=1568 underruns=11 overruns=0 sleep_us=18194328 queue_ms=9
fps: 30.2
vis: 60.0
cpu: exceptions=10740 cacheResets=1 batches=153278 verts=2903964 texStalls=0 recompiles=1569 underruns=11 overruns=0 sleep_us=18499428 queue_ms=13
fps: 30.0
vis: 60.0
cpu: exceptions=10898 cacheResets=1 batches=155693 verts=2950854 texStalls=0 recompiles=1569 underruns=11 overruns=0 sleep_us=18825798 queue_ms=10
fps: 30.0
vis: 60.0
cpu: exceptions=11062 cacheResets=1 batches=158108 verts=2997744 texStalls=0 recompiles=1572 underruns=11 overruns=0 sleep_us=19146436 queue_ms=6
fps: 30.0
vis: 60.0
cpu: exceptions=11258 cacheResets=1 batches=160523 verts=3044634 texStalls=0 recompiles=1572 underruns=11 overruns=0 sleep_us=19441596 queue_ms=11
fps: 30.0
vis: 60.0
cpu: exceptions=11446 cacheResets=1 batches=162944 verts=3091554 texStalls=0 recompiles=1572 underruns=11 overruns=0 sleep_us=19744637 queue_ms=8
fps: 30.0
vis: 60.0
cpu: exceptions=11613 cacheResets=1 batches=165449 verts=3138894 texStalls=0 recompiles=1572 underruns=11 overruns=0 sleep_us=20059918 queue_ms=13
fps: 30.0
vis: 60.0
cpu: exceptions=11794 cacheResets=1 batches=167978 verts=3186306 texStalls=0 recompiles=1572 underruns=11 overruns=0 sleep_us=20358691 queue_ms=9
fps: 29.9
vis: 60.0
cpu: exceptions=11988 cacheResets=1 batches=170632 verts=3235605 texStalls=0 recompiles=1572 underruns=11 overruns=0 sleep_us=20639270 queue_ms=14
fps: 30.1
vis: 60.0
cpu: exceptions=12182 cacheResets=1 batches=173366 verts=3286152 texStalls=0 recompiles=1572 underruns=11 overruns=0 sleep_us=20925344 queue_ms=11
fps: 30.0
vis: 60.0
cpu: exceptions=12352 cacheResets=1 batches=176142 verts=3336825 texStalls=0 recompiles=1572 underruns=11 overruns=0 sleep_us=21231065 queue_ms=6
fps: 30.0
vis: 60.0
cpu: exceptions=12529 cacheResets=1 batches=178980 verts=3387780 texStalls=0 recompiles=1572 underruns=11 overruns=0 sleep_us=21527866 queue_ms=12
fps: 29.9
vis: 60.0
cpu: exceptions=12717 cacheResets=1 batches=181860 verts=3438945 texStalls=0 recompiles=1572 underruns=11 overruns=0 sleep_us=21810758 queue_ms=9
fps: 30.0
vis: 60.0
cpu: exceptions=12923 cacheResets=1 batches=184740 verts=3490110 texStalls=0 recompiles=1572 underruns=11 overruns=0 sleep_us=22080321 queue_ms=13
fps: 30.0
vis: 60.0
cpu: exceptions=13105 cacheResets=1 batches=187658 verts=3542499 texStalls=0 recompiles=1572 underruns=11 overruns=0 sleep_us=22370095 queue_ms=10
fps: 30.0
vis: 60.0
cpu: exceptions=13273 cacheResets=1 batches=190688 verts=3598344 texStalls=0 recompiles=1572 underruns=11 overruns=0 sleep_us=22660329 queue_ms=6
fps: 30.0
vis: 60.0
cpu: exceptions=13459 cacheResets=1 batches=193718 verts=3654189 texStalls=0 recompiles=1572 underruns=11 overruns=0 sleep_us=22935785 queue_ms=12
vis: 60.0
cpu: exceptions=13661 cacheResets=1 batches=196748 verts=3710034 texStalls=0 recompiles=1572 underruns=11 overruns=0 sleep_us=23192906 queue_ms=7
fps: 30.0
vis: 60.0
cpu: exceptions=13851 cacheResets=1 batches=199780 verts=3766161 texStalls=0 recompiles=1572 underruns=11 overruns=0 sleep_us=23465075 queue_ms=13
fps: 30.0
vis: 60.0
cpu: exceptions=14021 cacheResets=1 batches=202782 verts=3822618 texStalls=0 recompiles=1572 underruns=11 overruns=0 sleep_us=23757814 queue_ms=9
fps: 29.2
mark: stop reason: chain guest VI limit
mark: stop_it requested
audio: alist_resample_calls=42763 alist_resample_samples=5572696 alist_zoh_calls=0 alist_zoh_samples=0 musyx_subframes=0 musyx_voices=0 musyx_voice_peak=0
audio_stages: adpcm_calls=41651 adpcm_samples=5505360 envmix_calls=40317 envmix_samples=5378800 mix_calls=9436 mix_samples=3019520 musyx_fx_calls=0 musyx_fx_taps=0 output_calls=2360 output_samples=1259104
audio_envmix: exp_calls=40317 ge_calls=0 lin_calls=0 nead_calls=0 exp_steady=33833 ge_steady=0 lin_steady=0
audio_gaps: nead_mats=0 nead_efz=0 resample_flag2=0 musyx_ptr10=0
audio_output: stream_requests=6314 stream_fed=4371 input_hz=32006 playback_hz=32006 queue_peak_ms=142
probe_schema: version=2 self=1 interval=127
vm_io: read_ahead=1 reads=0 hits=0 read_bytes=0 writes=0 write_bytes=0 errors=0
subsystem_time: stage=rsp_gfx calls=1046 timed_calls=1046 period=1 timed_us=4327790
subsystem_time: stage=rsp_audio calls=2359 timed_calls=2359 period=1 timed_us=1170344
subsystem_time: stage=rsp_other calls=0 timed_calls=0 period=1 timed_us=0
subsystem_time: stage=lookup calls=6905930 timed_calls=54377 period=127 timed_us=12468
subsystem_time: stage=compile calls=1572 timed_calls=1572 period=1 timed_us=165594
subsystem_time: stage=dispatch calls=6520258 timed_calls=51340 period=127 timed_us=51004
subsystem_self: stage=dispatch calls=6520258 timed_calls=51340 self_us=33521 dropped=0
subsystem_time: stage=execute_inclusive calls=6520258 timed_calls=51340 period=127 timed_us=338381
subsystem_self: stage=execute_inclusive calls=6520258 timed_calls=51340 self_us=77304 dropped=0
subsystem_time: stage=rom_copy calls=3129 timed_calls=3129 period=1 timed_us=41846
subsystem_time: stage=present calls=2399 timed_calls=2399 period=1 timed_us=51387
subsystem_time: stage=limiter calls=2364 timed_calls=2364 period=1 timed_us=24034419
subsystem_time: stage=vm_fault calls=0 timed_calls=0 period=1 timed_us=0
subsystem_time: stage=vm_victim calls=0 timed_calls=0 period=1 timed_us=0
subsystem_time: stage=vm_read calls=0 timed_calls=0 period=1 timed_us=0
subsystem_time: stage=vm_write calls=0 timed_calls=0 period=1 timed_us=0
subsystem_time: stage=tex_hash calls=85144 timed_calls=85144 period=1 timed_us=584332
subsystem_time: stage=tex_lookup calls=85144 timed_calls=85144 period=1 timed_us=41260
subsystem_time: stage=tex_load calls=177 timed_calls=177 period=1 timed_us=7228
subsystem_time: stage=tex_activate calls=85144 timed_calls=85144 period=1 timed_us=50687
subsystem_time: stage=draw_triangles calls=205470 timed_calls=205470 period=1 timed_us=576010
subsystem_time: stage=draw_rect calls=8799 timed_calls=8799 period=1 timed_us=63696
subsystem_time: stage=gfx_list calls=1046 timed_calls=1046 period=1 timed_us=4325733
subsystem_time: stage=gfx_command calls=2786575 timed_calls=21941 period=127 timed_us=35975
gfx_ucodes: mask=00000001
gfx_opcode: op=01 calls=75426 timed_calls=580 timed_us=265
gfx_opcode: op=03 calls=73618 timed_calls=573 timed_us=276
gfx_opcode: op=04 calls=202048 timed_calls=1562 timed_us=8505
gfx_opcode: op=06 calls=145122 timed_calls=1138 timed_us=200
gfx_opcode: op=b4 calls=4451 timed_calls=23 timed_us=4
gfx_opcode: op=b6 calls=23952 timed_calls=178 timed_us=26
gfx_opcode: op=b7 calls=21046 timed_calls=177 timed_us=25
gfx_opcode: op=b8 calls=140313 timed_calls=1101 timed_us=142
gfx_opcode: op=b9 calls=30679 timed_calls=255 timed_us=40
gfx_opcode: op=ba calls=19636 timed_calls=158 timed_us=36
gfx_opcode: op=bb calls=51782 timed_calls=402 timed_us=81
gfx_opcode: op=bc calls=19397 timed_calls=149 timed_us=38
gfx_opcode: op=bd calls=3892 timed_calls=28 timed_us=3
gfx_opcode: op=bf calls=1291608 timed_calls=10225 timed_us=19140
gfx_opcode: op=e4 calls=6448 timed_calls=51 timed_us=458
gfx_opcode: op=e6 calls=85144 timed_calls=668 timed_us=84
gfx_opcode: op=e7 calls=100883 timed_calls=759 timed_us=105
gfx_opcode: op=e8 calls=34686 timed_calls=291 timed_us=41
gfx_opcode: op=e9 calls=1046 timed_calls=8 timed_us=9
gfx_opcode: op=ed calls=7377 timed_calls=60 timed_us=25
gfx_opcode: op=f2 calls=70826 timed_calls=580 timed_us=145
gfx_opcode: op=f3 calls=85144 timed_calls=656 timed_us=3004
gfx_opcode: op=f5 calls=132651 timed_calls=1053 timed_us=195
gfx_opcode: op=f6 calls=3397 timed_calls=28 timed_us=1299
gfx_opcode: op=f7 calls=2351 timed_calls=18 timed_us=9
gfx_opcode: op=f9 calls=38 timed_calls=1 timed_us=0
gfx_opcode: op=fa calls=5663 timed_calls=49 timed_us=8
gfx_opcode: op=fb calls=7254 timed_calls=52 timed_us=9
gfx_opcode: op=fc calls=52415 timed_calls=420 timed_us=54
gfx_opcode: op=fd calls=85144 timed_calls=675 timed_us=97
gfx_opcode: op=fe calls=1046 timed_calls=5 timed_us=4
gfx_opcode: op=ff calls=2092 timed_calls=18 timed_us=12
subsystem_time: stage=vertex calls=2212158 timed_calls=17418 period=127 timed_us=5556
subsystem_time: stage=gfx_state calls=314514 timed_calls=2476 period=127 timed_us=8851
subsystem_self: stage=gfx_state calls=314514 timed_calls=2476 self_us=3135 dropped=0
subsystem_time: stage=gx_wait calls=4 timed_calls=4 period=1 timed_us=2541
subsystem_time: stage=dma_pi calls=3129 timed_calls=3129 period=1 timed_us=95186
subsystem_time: stage=dma_sp calls=6810 timed_calls=6810 period=1 timed_us=6605
subsystem_time: stage=dma_si calls=1690 timed_calls=1690 period=1 timed_us=24431
subsystem_time: stage=tlb_translate calls=200897 timed_calls=1581 period=127 timed_us=176
subsystem_time: stage=pif calls=1691 timed_calls=1691 period=1 timed_us=22654
subsystem_time: stage=input calls=4180 timed_calls=4180 period=1 timed_us=19294
subsystem_time: stage=guest_interrupt calls=17264 timed_calls=17264 period=1 timed_us=24192634
subsystem_self: stage=guest_interrupt calls=17264 timed_calls=17264 self_us=42678 dropped=0
subsystem_time: stage=interpreter_inclusive calls=0 timed_calls=0 period=1 timed_us=0
subsystem_self: stage=interpreter_inclusive calls=0 timed_calls=0 self_us=0 dropped=0
subsystem_time: stage=audio_submit calls=2360 timed_calls=2360 period=1 timed_us=25869
subsystem_time: stage=audio_callback calls=24743 timed_calls=24743 period=1 timed_us=18410
subsystem_time: stage=memory_slow calls=1118403 timed_calls=8806 period=127 timed_us=55010
subsystem_self: stage=memory_slow calls=1118403 timed_calls=8806 self_us=4000 dropped=0
subsystem_time: stage=jit_invalidate calls=385672 timed_calls=3036 period=127 timed_us=631
subsystem_time: stage=cpu_helper calls=17895937 timed_calls=140912 period=127 timed_us=191786
subsystem_time: stage=storage_read calls=0 timed_calls=0 period=1 timed_us=0
subsystem_time: stage=storage_write calls=0 timed_calls=0 period=1 timed_us=0
subsystem_time: stage=save_load calls=0 timed_calls=0 period=1 timed_us=0
subsystem_time: stage=save_write calls=0 timed_calls=0 period=1 timed_us=0
subsystem_time: stage=state_load calls=0 timed_calls=0 period=1 timed_us=0
subsystem_time: stage=state_save calls=0 timed_calls=0 period=1 timed_us=0
subsystem_time: stage=probe_io calls=6 timed_calls=6 period=1 timed_us=71489
subsystem_time: stage=agent_poll calls=4810 timed_calls=4810 period=1 timed_us=1078
audio_time: stage=resample sampled_calls=336 sampled_samples=43888 sampled_us=1875
audio_time: stage=zoh sampled_calls=0 sampled_samples=0 sampled_us=0
audio_time: stage=adpcm sampled_calls=327 sampled_samples=42240 sampled_us=1769
audio_time: stage=envmix_exp sampled_calls=317 sampled_samples=42336 sampled_us=4094
audio_time: stage=envmix_ge sampled_calls=0 sampled_samples=0 sampled_us=0
audio_time: stage=envmix_lin sampled_calls=0 sampled_samples=0 sampled_us=0
audio_time: stage=envmix_nead sampled_calls=0 sampled_samples=0 sampled_us=0
audio_time: stage=mix sampled_calls=74 sampled_samples=23680 sampled_us=400
audio_time: stage=musyx_voice sampled_calls=0 sampled_samples=0 sampled_us=0
audio_time: stage=musyx_fx sampled_calls=0 sampled_samples=0 sampled_us=0
audio_time: stage=output sampled_calls=18 sampled_samples=9584 sampled_us=166
gpu_counters: clks=9772759486 tb_clks=9772759552 ras_busy=198172930 xf_wait_in=9326202080 xf_wait_out=281337930 ras_peak_permille=34 ztop_in=761477824 ztop_out=724566948 z_in=1416436 z_out=1344756 blend_in=726249928 copy_clks=118952592 fifo_overflows=5
game: n=1/9 how=vis vis=2400 vi_rate=60 vi0_retrace=330 wall_us=40216998 sleep_us=24027287 avg_vis=59.25 avg_fps=27.93 exceptions=14190 cacheResets=1 recompiles=1572 batches=205470 verts=3874824 texStalls=0 treeDepthMax=14 underruns=13 overruns=0 queue_peak_ms=124 dsp_avg=1.53 dsp_peak=1.90 dsp_samples=80 pmc1=11689278199 pmc2=11788448901 pmc3=0 pmc4=0 mmcr0=00000042 mmcr1=00000000 heap_used=10876792 heap_free=36232 arena1_free=319488 arena2_free=288704 flushes=6 flush_us=71487 padtrace=11 rom=sd:/wii64/roms/Super Mario 64.v64
=== chain 1/9 end vis=2400 how=vis rom=sd:/wii64/roms/Super Mario 64.v64 ===
mark: pad replay records: 22
mark: loadROM: enter
mark: loadROM: before rom_read
mark: ROMCache_load: enter
mark: ROMCache_load: before first read
mark: ROMCache_load: first read returned
mark: ROMCache_load: byte_swap_type set
mark: ROMCache_load: first byte_swap done
menufps: 0.0
menufps: 8.5
menufps: 8.3
menufps: 8.1
menufps: 8.1
mark: ROMCache_load: loop exited normally
mark: ROMCache_load: elapsed_us=3094256 bytes=13893632 vm=0
mark: loadROM: after rom_read
mark: loadROM: before init_memory
mark: loadROM: after init_memory
mark: loadROM: before romOpen_gfx
mark: loadROM: after romOpen_gfx / before romOpen_audio
mark: loadROM: after romOpen_audio / before romOpen_input
mark: loadROM: after romOpen_input / before cpu_init
mark: loadROM: after cpu_init
menufps: 6.4
menufps: 1.9
menufps: 1.0
menufps: 1.0
fps: 1.8
first_vi: vi0_retrace=3136
vis: 4.1
cpu: exceptions=0 cacheResets=0 batches=0 verts=0 texStalls=0 recompiles=0 underruns=0 overruns=0 sleep_us=0 queue_ms=0
mark: CPU core dispatch: dynarec
vis: 60.0
cpu: exceptions=1029 cacheResets=1 batches=0 verts=0 texStalls=0 recompiles=316 underruns=1 overruns=0 sleep_us=76992 queue_ms=116
vis: 60.0
cpu: exceptions=1329 cacheResets=1 batches=0 verts=0 texStalls=0 recompiles=316 underruns=1 overruns=0 sleep_us=547130 queue_ms=113
vis: 60.0
cpu: exceptions=1629 cacheResets=1 batches=0 verts=0 texStalls=0 recompiles=331 underruns=1 overruns=0 sleep_us=1015724 queue_ms=109
vis: 60.0
cpu: exceptions=1928 cacheResets=1 batches=0 verts=0 texStalls=0 recompiles=331 underruns=1 overruns=0 sleep_us=1485860 queue_ms=116
vis: 60.0
cpu: exceptions=2228 cacheResets=1 batches=0 verts=0 texStalls=0 recompiles=331 underruns=1 overruns=0 sleep_us=1956029 queue_ms=113
vis: 60.0
cpu: exceptions=2527 cacheResets=1 batches=0 verts=0 texStalls=0 recompiles=331 underruns=1 overruns=0 sleep_us=2425899 queue_ms=120
vis: 60.0
cpu: exceptions=2863 cacheResets=1 batches=0 verts=0 texStalls=0 recompiles=344 underruns=1 overruns=0 sleep_us=2887806 queue_ms=116
fps: 0.8
vis: 60.0
cpu: exceptions=3436 cacheResets=1 batches=64 verts=4140 texStalls=0 recompiles=468 underruns=1 overruns=0 sleep_us=3307519 queue_ms=122
fps: 1.6
vis: 60.0
cpu: exceptions=3541 cacheResets=1 batches=576 verts=37260 texStalls=0 recompiles=528 underruns=1 overruns=0 sleep_us=3517452 queue_ms=17
fps: 31.0
vis: 60.0
cpu: exceptions=3682 cacheResets=1 batches=1536 verts=99360 texStalls=0 recompiles=528 underruns=1 overruns=0 sleep_us=3660457 queue_ms=25
fps: 30.0
vis: 60.0
cpu: exceptions=3818 cacheResets=1 batches=2304 verts=149040 texStalls=0 recompiles=566 underruns=1 overruns=0 sleep_us=3809299 queue_ms=20
vis: 60.0
cpu: exceptions=3914 cacheResets=1 batches=2304 verts=149040 texStalls=0 recompiles=566 underruns=1 overruns=0 sleep_us=3986374 queue_ms=28
fps: 3.9
vis: 60.0
cpu: exceptions=4013 cacheResets=1 batches=2424 verts=149760 texStalls=0 recompiles=598 underruns=2 overruns=0 sleep_us=4254280 queue_ms=34
fps: 1.7
vis: 56.8
cpu: exceptions=4115 cacheResets=1 batches=2904 verts=152640 texStalls=0 recompiles=610 underruns=5 overruns=0 sleep_us=4573047 queue_ms=7
fps: 29.4
vis: 58.6
cpu: exceptions=4329 cacheResets=1 batches=4704 verts=163440 texStalls=0 recompiles=611 underruns=7 overruns=0 sleep_us=4606903 queue_ms=11
fps: 29.3
vis: 58.6
cpu: exceptions=4530 cacheResets=1 batches=6504 verts=174240 texStalls=0 recompiles=614 underruns=8 overruns=0 sleep_us=4638088 queue_ms=19
fps: 29.3
vis: 58.6
cpu: exceptions=4723 cacheResets=1 batches=8304 verts=185040 texStalls=0 recompiles=614 underruns=9 overruns=0 sleep_us=4665748 queue_ms=15
fps: 29.3
vis: 58.6
cpu: exceptions=4917 cacheResets=1 batches=10104 verts=195840 texStalls=0 recompiles=614 underruns=10 overruns=0 sleep_us=4694179 queue_ms=10
fps: 29.3
vis: 58.6
cpu: exceptions=5096 cacheResets=1 batches=11904 verts=206640 texStalls=0 recompiles=614 underruns=11 overruns=0 sleep_us=4726516 queue_ms=16
fps: 28.4
vis: 58.6
cpu: exceptions=5274 cacheResets=1 batches=13704 verts=217440 texStalls=0 recompiles=618 underruns=13 overruns=0 sleep_us=4758298 queue_ms=2
vis: 60.0
cpu: exceptions=5454 cacheResets=1 batches=15024 verts=225360 texStalls=0 recompiles=625 underruns=14 overruns=0 sleep_us=4808963 queue_ms=19
vis: 60.0
cpu: exceptions=5605 cacheResets=1 batches=15024 verts=225360 texStalls=0 recompiles=625 underruns=14 overruns=0 sleep_us=4956391 queue_ms=14
vis: 60.0
cpu: exceptions=5713 cacheResets=1 batches=15024 verts=225360 texStalls=0 recompiles=631 underruns=14 overruns=0 sleep_us=5172465 queue_ms=21
fps: 7.4
vis: 58.1
cpu: exceptions=5835 cacheResets=1 batches=15024 verts=225360 texStalls=0 recompiles=674 underruns=15 overruns=0 sleep_us=5388124 queue_ms=17
fps: 30.8
vis: 58.8
cpu: exceptions=6048 cacheResets=1 batches=15024 verts=225360 texStalls=0 recompiles=674 underruns=15 overruns=0 sleep_us=5458693 queue_ms=2
fps: 29.4
vis: 58.9
cpu: exceptions=6237 cacheResets=1 batches=15024 verts=225360 texStalls=0 recompiles=674 underruns=16 overruns=0 sleep_us=5531333 queue_ms=8
fps: 29.4
vis: 58.9
cpu: exceptions=6408 cacheResets=1 batches=15024 verts=225360 texStalls=0 recompiles=674 underruns=17 overruns=0 sleep_us=5608185 queue_ms=16
fps: 29.5
vis: 58.9
cpu: exceptions=6575 cacheResets=1 batches=15024 verts=225360 texStalls=0 recompiles=674 underruns=18 overruns=0 sleep_us=5686750 queue_ms=12
fps: 29.5
vis: 59.0
cpu: exceptions=6745 cacheResets=1 batches=15024 verts=225360 texStalls=0 recompiles=674 underruns=18 overruns=0 sleep_us=5765590 queue_ms=8
fps: 29.5
vis: 58.4
cpu: exceptions=6918 cacheResets=1 batches=15024 verts=225360 texStalls=0 recompiles=681 underruns=19 overruns=0 sleep_us=5844098 queue_ms=5
fps: 29.2
vis: 58.8
cpu: exceptions=7084 cacheResets=1 batches=15024 verts=225360 texStalls=0 recompiles=686 underruns=20 overruns=0 sleep_us=5906621 queue_ms=11
fps: 29.5
vis: 59.0
cpu: exceptions=7253 cacheResets=1 batches=15024 verts=225360 texStalls=0 recompiles=686 underruns=21 overruns=0 sleep_us=5982169 queue_ms=7
fps: 29.5
vis: 59.0
cpu: exceptions=7425 cacheResets=1 batches=15024 verts=225360 texStalls=0 recompiles=686 underruns=22 overruns=0 sleep_us=6067542 queue_ms=14
fps: 29.5
vis: 59.0
cpu: exceptions=7585 cacheResets=1 batches=15024 verts=225360 texStalls=0 recompiles=686 underruns=23 overruns=0 sleep_us=6154990 queue_ms=21
fps: 29.5
vis: 59.0
cpu: exceptions=7759 cacheResets=1 batches=15024 verts=225360 texStalls=0 recompiles=686 underruns=23 overruns=0 sleep_us=6240196 queue_ms=7
fps: 29.5
vis: 59.0
cpu: exceptions=7935 cacheResets=1 batches=15024 verts=225360 texStalls=0 recompiles=686 underruns=24 overruns=0 sleep_us=6326275 queue_ms=14
fps: 29.5
vis: 59.0
cpu: exceptions=8103 cacheResets=1 batches=15024 verts=225360 texStalls=0 recompiles=686 underruns=25 overruns=0 sleep_us=6412730 queue_ms=21
fps: 29.5
vis: 59.0
cpu: exceptions=8278 cacheResets=1 batches=15024 verts=225360 texStalls=0 recompiles=686 underruns=25 overruns=0 sleep_us=6498801 queue_ms=6
fps: 29.5
vis: 59.0
cpu: exceptions=8447 cacheResets=1 batches=15024 verts=225360 texStalls=0 recompiles=686 underruns=26 overruns=0 sleep_us=6587734 queue_ms=12
fps: 28.7
vis: 58.8
cpu: exceptions=8613 cacheResets=1 batches=15024 verts=225360 texStalls=0 recompiles=688 underruns=28 overruns=0 sleep_us=6697761 queue_ms=8
fps: 29.3
vis: 59.1
cpu: exceptions=8772 cacheResets=1 batches=15024 verts=225360 texStalls=0 recompiles=688 underruns=29 overruns=0 sleep_us=6804956 queue_ms=16
fps: 29.5
vis: 59.0
cpu: exceptions=8938 cacheResets=1 batches=15024 verts=225360 texStalls=0 recompiles=688 underruns=30 overruns=0 sleep_us=6908587 queue_ms=11
fps: 29.5
vis: 59.0
cpu: exceptions=9129 cacheResets=1 batches=15024 verts=225360 texStalls=0 recompiles=688 underruns=30 overruns=0 sleep_us=6989380 queue_ms=7
fps: 29.5
vis: 59.1
cpu: exceptions=9302 cacheResets=1 batches=15024 verts=225360 texStalls=0 recompiles=688 underruns=31 overruns=0 sleep_us=7078497 queue_ms=14
fps: 29.5
vis: 59.0
cpu: exceptions=9458 cacheResets=1 batches=15024 verts=225360 texStalls=0 recompiles=688 underruns=32 overruns=0 sleep_us=7180654 queue_ms=20
fps: 29.5
vis: 59.1
cpu: exceptions=9615 cacheResets=1 batches=15024 verts=225360 texStalls=0 recompiles=688 underruns=32 overruns=0 sleep_us=7281967 queue_ms=6
fps: 29.6
vis: 59.0
cpu: exceptions=9769 cacheResets=1 batches=15024 verts=225360 texStalls=0 recompiles=688 underruns=33 overruns=0 sleep_us=7385244 queue_ms=13
fps: 29.5
vis: 59.1
cpu: exceptions=9927 cacheResets=1 batches=15024 verts=225360 texStalls=0 recompiles=688 underruns=34 overruns=0 sleep_us=7491445 queue_ms=19
fps: 29.5
vis: 59.0
cpu: exceptions=10082 cacheResets=1 batches=15024 verts=225360 texStalls=0 recompiles=688 underruns=34 overruns=0 sleep_us=7599539 queue_ms=4
fps: 29.5
vis: 59.1
cpu: exceptions=10244 cacheResets=1 batches=15024 verts=225360 texStalls=0 recompiles=688 underruns=35 overruns=0 sleep_us=7707946 queue_ms=10
fps: 29.5
vis: 59.1
cpu: exceptions=10396 cacheResets=1 batches=15024 verts=225360 texStalls=0 recompiles=688 underruns=36 overruns=0 sleep_us=7814197 queue_ms=17
fps: 29.6
vis: 59.1
cpu: exceptions=10552 cacheResets=1 batches=15024 verts=225360 texStalls=0 recompiles=688 underruns=36 overruns=0 sleep_us=7915493 queue_ms=13
fps: 29.5
vis: 59.1
cpu: exceptions=10701 cacheResets=1 batches=15024 verts=225360 texStalls=0 recompiles=688 underruns=37 overruns=0 sleep_us=8031426 queue_ms=9
fps: 29.5
vis: 58.9
cpu: exceptions=10903 cacheResets=1 batches=15024 verts=225360 texStalls=0 recompiles=688 underruns=38 overruns=0 sleep_us=8114598 queue_ms=16
fps: 29.4
vis: 58.9
cpu: exceptions=11096 cacheResets=1 batches=15024 verts=225360 texStalls=0 recompiles=688 underruns=39 overruns=0 sleep_us=8189099 queue_ms=22
fps: 29.5
vis: 59.0
cpu: exceptions=11278 cacheResets=1 batches=15024 verts=225360 texStalls=0 recompiles=688 underruns=39 overruns=0 sleep_us=8270654 queue_ms=7
fps: 29.5
vis: 59.0
cpu: exceptions=11453 cacheResets=1 batches=15024 verts=225360 texStalls=0 recompiles=688 underruns=40 overruns=0 sleep_us=8356965 queue_ms=13
fps: 29.5
vis: 59.0
cpu: exceptions=11624 cacheResets=1 batches=15024 verts=225360 texStalls=0 recompiles=688 underruns=41 overruns=0 sleep_us=8443945 queue_ms=10
fps: 29.5
vis: 58.9
cpu: exceptions=11796 cacheResets=1 batches=15024 verts=225360 texStalls=0 recompiles=688 underruns=41 overruns=0 sleep_us=8530570 queue_ms=5
fps: 27.9
vis: 58.9
cpu: exceptions=11970 cacheResets=1 batches=15024 verts=225360 texStalls=0 recompiles=692 underruns=43 overruns=0 sleep_us=8616513 queue_ms=1
vis: 60.0
cpu: exceptions=12129 cacheResets=1 batches=15024 verts=225360 texStalls=0 recompiles=692 underruns=44 overruns=0 sleep_us=8714940 queue_ms=19
vis: 60.0
cpu: exceptions=12256 cacheResets=1 batches=15024 verts=225360 texStalls=0 recompiles=692 underruns=44 overruns=0 sleep_us=8867197 queue_ms=15
vis: 60.0
cpu: exceptions=12375 cacheResets=1 batches=15024 verts=225360 texStalls=0 recompiles=692 underruns=44 overruns=0 sleep_us=9071133 queue_ms=22
fps: 7.5
vis: 57.0
cpu: exceptions=12553 cacheResets=1 batches=15024 verts=225360 texStalls=0 recompiles=720 underruns=45 overruns=0 sleep_us=9270116 queue_ms=19
fps: 30.3
vis: 57.2
cpu: exceptions=12746 cacheResets=1 batches=15024 verts=225360 texStalls=0 recompiles=721 underruns=46 overruns=0 sleep_us=9328127 queue_ms=4
fps: 27.7
vis: 57.9
cpu: exceptions=12959 cacheResets=1 batches=15024 verts=225360 texStalls=0 recompiles=721 underruns=49 overruns=0 sleep_us=9342442 queue_ms=16
fps: 29.4
vis: 60.0
cpu: exceptions=13169 cacheResets=1 batches=15024 verts=225360 texStalls=0 recompiles=721 underruns=50 overruns=0 sleep_us=9350650 queue_ms=33
fps: 29.5
vis: 57.3
cpu: exceptions=13370 cacheResets=1 batches=15024 verts=225360 texStalls=0 recompiles=721 underruns=51 overruns=0 sleep_us=9365715 queue_ms=24
fps: 29.6
vis: 58.6
cpu: exceptions=13555 cacheResets=1 batches=15024 verts=225360 texStalls=0 recompiles=721 underruns=51 overruns=0 sleep_us=9431372 queue_ms=10
fps: 29.3
vis: 58.8
cpu: exceptions=13744 cacheResets=1 batches=15024 verts=225360 texStalls=0 recompiles=721 underruns=53 overruns=0 sleep_us=9489181 queue_ms=16
fps: 29.5
vis: 58.8
cpu: exceptions=13932 cacheResets=1 batches=15024 verts=225360 texStalls=0 recompiles=731 underruns=53 overruns=0 sleep_us=9538886 queue_ms=13
fps: 29.4
vis: 58.7
cpu: exceptions=14111 cacheResets=1 batches=15024 verts=225360 texStalls=0 recompiles=731 underruns=54 overruns=0 sleep_us=9621030 queue_ms=8
fps: 29.2
vis: 60.0
cpu: exceptions=14301 cacheResets=1 batches=15024 verts=225360 texStalls=0 recompiles=731 underruns=55 overruns=0 sleep_us=9697854 queue_ms=25
fps: 30.2
vis: 58.9
cpu: exceptions=14488 cacheResets=1 batches=15024 verts=225360 texStalls=0 recompiles=731 underruns=55 overruns=0 sleep_us=9744837 queue_ms=22
fps: 29.4
vis: 58.9
cpu: exceptions=14668 cacheResets=1 batches=15024 verts=225360 texStalls=0 recompiles=731 underruns=56 overruns=0 sleep_us=9826346 queue_ms=18
fps: 29.4
vis: 58.9
cpu: exceptions=14836 cacheResets=1 batches=15024 verts=225360 texStalls=0 recompiles=731 underruns=56 overruns=0 sleep_us=9920281 queue_ms=13
fps: 29.5
vis: 58.9
cpu: exceptions=15011 cacheResets=1 batches=15024 verts=225360 texStalls=0 recompiles=731 underruns=57 overruns=0 sleep_us=10008102 queue_ms=8
fps: 29.5
vis: 59.1
cpu: exceptions=15170 cacheResets=1 batches=15024 verts=225360 texStalls=0 recompiles=731 underruns=58 overruns=0 sleep_us=10114774 queue_ms=16
fps: 29.6
vis: 59.0
cpu: exceptions=15328 cacheResets=1 batches=15024 verts=225360 texStalls=0 recompiles=731 underruns=58 overruns=0 sleep_us=10224617 queue_ms=11
fps: 28.4
vis: 58.8
cpu: exceptions=15513 cacheResets=1 batches=15024 verts=225360 texStalls=0 recompiles=731 underruns=60 overruns=0 sleep_us=10300769 queue_ms=7
vis: 60.0
cpu: exceptions=15687 cacheResets=1 batches=15024 verts=225360 texStalls=0 recompiles=732 underruns=61 overruns=0 sleep_us=10379188 queue_ms=14
vis: 60.0
cpu: exceptions=15796 cacheResets=1 batches=15024 verts=225360 texStalls=0 recompiles=732 underruns=61 overruns=0 sleep_us=10541421 queue_ms=21
vis: 60.0
cpu: exceptions=15942 cacheResets=1 batches=15024 verts=225360 texStalls=0 recompiles=733 underruns=61 overruns=0 sleep_us=10748898 queue_ms=16
vis: 60.0
cpu: exceptions=16102 cacheResets=1 batches=15024 verts=225360 texStalls=0 recompiles=734 underruns=61 overruns=0 sleep_us=10978241 queue_ms=22
fps: 6.8
vis: 58.8
cpu: exceptions=16285 cacheResets=1 batches=15024 verts=225360 texStalls=0 recompiles=761 underruns=63 overruns=0 sleep_us=11023056 queue_ms=40
fps: 31.8
vis: 58.9
cpu: exceptions=16459 cacheResets=1 batches=15024 verts=225360 texStalls=0 recompiles=761 underruns=63 overruns=0 sleep_us=11091799 queue_ms=36
fps: 29.4
vis: 58.9
cpu: exceptions=16637 cacheResets=1 batches=15024 verts=225360 texStalls=0 recompiles=761 underruns=63 overruns=0 sleep_us=11161282 queue_ms=21
fps: 29.5
vis: 58.9
cpu: exceptions=16810 cacheResets=1 batches=15024 verts=225360 texStalls=0 recompiles=761 underruns=63 overruns=0 sleep_us=11232490 queue_ms=17
fps: 29.5
vis: 58.8
cpu: exceptions=16984 cacheResets=1 batches=15024 verts=225360 texStalls=0 recompiles=761 underruns=63 overruns=0 sleep_us=11308154 queue_ms=2
fps: 29.4
vis: 58.9
cpu: exceptions=17157 cacheResets=1 batches=15024 verts=225360 texStalls=0 recompiles=761 underruns=64 overruns=0 sleep_us=11379470 queue_ms=9
fps: 29.4
vis: 58.7
cpu: exceptions=17329 cacheResets=1 batches=15024 verts=225360 texStalls=0 recompiles=767 underruns=65 overruns=0 sleep_us=11423961 queue_ms=5
fps: 29.4
vis: 58.4
cpu: exceptions=17500 cacheResets=1 batches=15024 verts=225360 texStalls=0 recompiles=767 underruns=66 overruns=0 sleep_us=11477875 queue_ms=13
fps: 29.2
vis: 58.9
cpu: exceptions=17670 cacheResets=1 batches=15024 verts=225360 texStalls=0 recompiles=767 underruns=67 overruns=0 sleep_us=11544168 queue_ms=9
fps: 29.5
vis: 58.8
cpu: exceptions=17851 cacheResets=1 batches=15024 verts=225360 texStalls=0 recompiles=767 underruns=68 overruns=0 sleep_us=11608075 queue_ms=16
fps: 29.4
vis: 58.9
cpu: exceptions=18032 cacheResets=1 batches=15024 verts=225360 texStalls=0 recompiles=767 underruns=69 overruns=0 sleep_us=11661543 queue_ms=12
fps: 29.4
vis: 58.4
cpu: exceptions=18207 cacheResets=1 batches=15024 verts=225360 texStalls=0 recompiles=767 underruns=69 overruns=0 sleep_us=11726719 queue_ms=7
fps: 29.2
vis: 58.9
cpu: exceptions=18373 cacheResets=1 batches=15024 verts=225360 texStalls=0 recompiles=767 underruns=71 overruns=0 sleep_us=11795297 queue_ms=14
fps: 29.5
vis: 58.9
cpu: exceptions=18536 cacheResets=1 batches=15024 verts=225360 texStalls=0 recompiles=767 underruns=71 overruns=0 sleep_us=11884027 queue_ms=11
fps: 29.5
vis: 58.9
cpu: exceptions=18697 cacheResets=1 batches=15024 verts=225360 texStalls=0 recompiles=767 underruns=72 overruns=0 sleep_us=11972771 queue_ms=7
fps: 28.7
vis: 58.6
cpu: exceptions=18856 cacheResets=1 batches=15024 verts=225360 texStalls=0 recompiles=767 underruns=74 overruns=0 sleep_us=12066569 queue_ms=4
fps: 29.2
vis: 60.0
cpu: exceptions=19809 cacheResets=1 batches=15024 verts=225360 texStalls=0 recompiles=774 underruns=75 overruns=0 sleep_us=12124465 queue_ms=21
vis: 60.0
cpu: exceptions=20183 cacheResets=1 batches=15024 verts=225360 texStalls=0 recompiles=827 underruns=75 overruns=0 sleep_us=12391129 queue_ms=17
vis: 60.0
cpu: exceptions=20282 cacheResets=1 batches=15024 verts=225360 texStalls=0 recompiles=829 underruns=75 overruns=0 sleep_us=12743902 queue_ms=23
vis: 57.5
cpu: exceptions=20457 cacheResets=1 batches=15024 verts=225360 texStalls=0 recompiles=999 underruns=76 overruns=0 sleep_us=13061642 queue_ms=14
vis: 60.0
cpu: exceptions=20553 cacheResets=1 batches=15024 verts=225360 texStalls=0 recompiles=1016 underruns=76 overruns=0 sleep_us=13530966 queue_ms=5
fps: 3.5
vis: 60.0
cpu: exceptions=20738 cacheResets=1 batches=18916 verts=261780 texStalls=0 recompiles=1373 underruns=80 overruns=0 sleep_us=13560207 queue_ms=29
fps: 31.5
vis: 57.9
cpu: exceptions=20963 cacheResets=1 batches=24481 verts=312990 texStalls=0 recompiles=1405 underruns=80 overruns=0 sleep_us=13568063 queue_ms=19
fps: 28.3
vis: 54.5
cpu: exceptions=21229 cacheResets=1 batches=29938 verts=362364 texStalls=0 recompiles=1409 underruns=83 overruns=0 sleep_us=13572686 queue_ms=1
fps: 26.5
vis: 51.3
cpu: exceptions=21517 cacheResets=1 batches=35196 verts=409356 texStalls=0 recompiles=1410 underruns=90 overruns=0 sleep_us=13577212 queue_ms=7
fps: 25.2
vis: 49.9
cpu: exceptions=21839 cacheResets=1 batches=40617 verts=457326 texStalls=0 recompiles=1410 underruns=98 overruns=0 sleep_us=13581814 queue_ms=0
fps: 25.0
vis: 51.7
cpu: exceptions=22137 cacheResets=1 batches=45735 verts=503478 texStalls=0 recompiles=1417 underruns=105 overruns=0 sleep_us=13586492 queue_ms=5
fps: 28.5
vis: 60.0
cpu: exceptions=22446 cacheResets=1 batches=50303 verts=548706 texStalls=0 recompiles=1417 underruns=106 overruns=0 sleep_us=13618591 queue_ms=23
fps: 30.0
vis: 60.0
cpu: exceptions=22759 cacheResets=1 batches=54231 verts=590094 texStalls=0 recompiles=1417 underruns=106 overruns=0 sleep_us=13662033 queue_ms=18
fps: 30.1
vis: 60.0
cpu: exceptions=23073 cacheResets=1 batches=57465 verts=627318 texStalls=0 recompiles=1425 underruns=107 overruns=0 sleep_us=13706562 queue_ms=35
fps: 30.0
vis: 60.0
cpu: exceptions=23397 cacheResets=1 batches=60462 verts=663120 texStalls=0 recompiles=1426 underruns=107 overruns=0 sleep_us=13764257 queue_ms=32
fps: 29.7
vis: 60.0
cpu: exceptions=23704 cacheResets=1 batches=63437 verts=698790 texStalls=0 recompiles=1493 underruns=107 overruns=0 sleep_us=13811255 queue_ms=39
fps: 30.3
vis: 60.0
cpu: exceptions=23998 cacheResets=1 batches=66356 verts=734124 texStalls=0 recompiles=1507 underruns=107 overruns=0 sleep_us=13857007 queue_ms=35
fps: 30.0
vis: 60.0
cpu: exceptions=24320 cacheResets=1 batches=69225 verts=769158 texStalls=0 recompiles=1508 underruns=107 overruns=0 sleep_us=13914775 queue_ms=32
fps: 30.0
vis: 60.0
cpu: exceptions=24624 cacheResets=1 batches=72138 verts=804456 texStalls=0 recompiles=1508 underruns=107 overruns=0 sleep_us=13986212 queue_ms=38
fps: 29.2
vis: 60.0
cpu: exceptions=24913 cacheResets=1 batches=75053 verts=839766 texStalls=0 recompiles=1508 underruns=107 overruns=0 sleep_us=14068241 queue_ms=23
mark: stop reason: chain guest VI limit
mark: stop_it requested
audio: alist_resample_calls=124134 alist_resample_samples=18520000 alist_zoh_calls=0 alist_zoh_samples=0 musyx_subframes=0 musyx_voices=0 musyx_voice_peak=0
audio_stages: adpcm_calls=128102 adpcm_samples=19589328 envmix_calls=124134 envmix_samples=18520000 mix_calls=21240 mix_samples=8156160 musyx_fx_calls=0 musyx_fx_taps=0 output_calls=3566 output_samples=1595392
audio_envmix: exp_calls=0 ge_calls=0 lin_calls=0 nead_calls=124134 exp_steady=0 ge_steady=0 lin_steady=0
audio_gaps: nead_mats=0 nead_efz=0 resample_flag2=0 musyx_ptr10=0
audio_output: stream_requests=7466 stream_fed=5539 input_hz=26807 playback_hz=26807 queue_peak_ms=143
probe_schema: version=2 self=1 interval=127
vm_io: read_ahead=1 reads=0 hits=0 read_bytes=0 writes=0 write_bytes=0 errors=0
subsystem_time: stage=rsp_gfx calls=1428 timed_calls=1428 period=1 timed_us=29209135
subsystem_time: stage=rsp_audio calls=3540 timed_calls=3540 period=1 timed_us=3014476
subsystem_time: stage=rsp_other calls=0 timed_calls=0 period=1 timed_us=0
subsystem_time: stage=lookup calls=8678657 timed_calls=68335 period=127 timed_us=15321
subsystem_time: stage=compile calls=1508 timed_calls=1508 period=1 timed_us=203422
subsystem_time: stage=dispatch calls=8652392 timed_calls=68129 period=127 timed_us=63600
subsystem_self: stage=dispatch calls=8652392 timed_calls=68129 self_us=42686 dropped=0
subsystem_time: stage=execute_inclusive calls=8652392 timed_calls=68129 period=127 timed_us=367101
subsystem_self: stage=execute_inclusive calls=8652392 timed_calls=68129 self_us=109729 dropped=0
subsystem_time: stage=rom_copy calls=8301 timed_calls=8301 period=1 timed_us=71476
subsystem_time: stage=present calls=3599 timed_calls=3599 period=1 timed_us=65892
subsystem_time: stage=limiter calls=1989 timed_calls=1989 period=1 timed_us=14119088
subsystem_time: stage=vm_fault calls=0 timed_calls=0 period=1 timed_us=0
subsystem_time: stage=vm_victim calls=0 timed_calls=0 period=1 timed_us=0
subsystem_time: stage=vm_read calls=0 timed_calls=0 period=1 timed_us=0
subsystem_time: stage=vm_write calls=0 timed_calls=0 period=1 timed_us=0
subsystem_time: stage=tex_hash calls=231269 timed_calls=231269 period=1 timed_us=1473124
subsystem_time: stage=tex_lookup calls=231269 timed_calls=231269 period=1 timed_us=347163
subsystem_time: stage=tex_load calls=1733 timed_calls=1733 period=1 timed_us=127717
subsystem_time: stage=tex_activate calls=231269 timed_calls=231269 period=1 timed_us=57936
subsystem_time: stage=draw_triangles calls=76811 timed_calls=76811 period=1 timed_us=169511
subsystem_time: stage=draw_rect calls=199209 timed_calls=199209 period=1 timed_us=2408530
subsystem_time: stage=gfx_list calls=1428 timed_calls=1428 period=1 timed_us=29206083
subsystem_time: stage=gfx_command calls=3052105 timed_calls=24032 period=127 timed_us=234588
gfx_ucodes: mask=00040000
gfx_opcode: op=01 calls=39357 timed_calls=314 timed_us=139
gfx_opcode: op=03 calls=4732 timed_calls=44 timed_us=52
gfx_opcode: op=04 calls=74849 timed_calls=554 timed_us=1971
gfx_opcode: op=06 calls=126570 timed_calls=947 timed_us=169
gfx_opcode: op=b1 calls=89645 timed_calls=765 timed_us=5885
gfx_opcode: op=b4 calls=811 timed_calls=8 timed_us=1
gfx_opcode: op=b5 calls=21636 timed_calls=179 timed_us=288
gfx_opcode: op=b6 calls=21527 timed_calls=177 timed_us=33
gfx_opcode: op=b7 calls=13822 timed_calls=106 timed_us=16
gfx_opcode: op=b8 calls=127998 timed_calls=986 timed_us=128
gfx_opcode: op=b9 calls=89659 timed_calls=704 timed_us=116
gfx_opcode: op=ba calls=160056 timed_calls=1283 timed_us=243
gfx_opcode: op=bb calls=35718 timed_calls=296 timed_us=62
gfx_opcode: op=bc calls=34815 timed_calls=258 timed_us=64
gfx_opcode: op=bd calls=36 timed_calls=0 timed_us=0
gfx_opcode: op=bf calls=64440 timed_calls=456 timed_us=1960
gfx_opcode: op=c0 calls=16873 timed_calls=139 timed_us=20
gfx_opcode: op=e4 calls=190158 timed_calls=1505 timed_us=19635
gfx_opcode: op=e6 calls=236572 timed_calls=1861 timed_us=255
gfx_opcode: op=e7 calls=327789 timed_calls=2617 timed_us=357
gfx_opcode: op=e8 calls=41869 timed_calls=342 timed_us=44
gfx_opcode: op=e9 calls=1428 timed_calls=10 timed_us=15
gfx_opcode: op=ed calls=8043 timed_calls=63 timed_us=43
gfx_opcode: op=f0 calls=4851 timed_calls=38 timed_us=108
gfx_opcode: op=f2 calls=227707 timed_calls=1790 timed_us=458
gfx_opcode: op=f3 calls=40772 timed_calls=309 timed_us=1879
gfx_opcode: op=f4 calls=190949 timed_calls=1508 timed_us=6338
gfx_opcode: op=f5 calls=464279 timed_calls=3643 timed_us=674
gfx_opcode: op=f6 calls=10516 timed_calls=95 timed_us=2757
gfx_opcode: op=f7 calls=10090 timed_calls=83 timed_us=36
gfx_opcode: op=fa calls=40837 timed_calls=309 timed_us=54
gfx_opcode: op=fb calls=23942 timed_calls=183 timed_us=27
gfx_opcode: op=fc calls=67479 timed_calls=531 timed_us=75
gfx_opcode: op=fd calls=236572 timed_calls=1881 timed_us=270
gfx_opcode: op=fe calls=1427 timed_calls=12 timed_us=10
gfx_opcode: op=ff calls=4281 timed_calls=36 timed_us=188470
subsystem_time: stage=vertex calls=544112 timed_calls=4284 period=127 timed_us=1316
subsystem_time: stage=gfx_state calls=287905 timed_calls=2266 period=127 timed_us=20822
subsystem_self: stage=gfx_state calls=287905 timed_calls=2266 self_us=4811 dropped=0
subsystem_time: stage=gx_wait calls=4 timed_calls=4 period=1 timed_us=2555
subsystem_time: stage=dma_pi calls=8301 timed_calls=8301 period=1 timed_us=144901
subsystem_time: stage=dma_sp calls=9936 timed_calls=9936 period=1 timed_us=9802
subsystem_time: stage=dma_si calls=2986 timed_calls=2986 period=1 timed_us=33550
subsystem_time: stage=tlb_translate calls=0 timed_calls=0 period=127 timed_us=0
subsystem_time: stage=pif calls=2987 timed_calls=2987 period=1 timed_us=31263
subsystem_time: stage=input calls=5712 timed_calls=5712 period=1 timed_us=25784
subsystem_time: stage=guest_interrupt calls=33492 timed_calls=33492 period=1 timed_us=14355006
subsystem_self: stage=guest_interrupt calls=33492 timed_calls=33492 self_us=60604 dropped=0
subsystem_time: stage=interpreter_inclusive calls=0 timed_calls=0 period=1 timed_us=0
subsystem_self: stage=interpreter_inclusive calls=0 timed_calls=0 self_us=0 dropped=0
subsystem_time: stage=audio_submit calls=3566 timed_calls=3566 period=1 timed_us=35749
subsystem_time: stage=audio_callback calls=36549 timed_calls=36549 period=1 timed_us=27089
subsystem_time: stage=memory_slow calls=1357958 timed_calls=10692 period=127 timed_us=288615
subsystem_self: stage=memory_slow calls=1357958 timed_calls=10692 self_us=5403 dropped=0
subsystem_time: stage=jit_invalidate calls=26265 timed_calls=206 period=127 timed_us=44
subsystem_time: stage=cpu_helper calls=35814577 timed_calls=282004 period=127 timed_us=178899
subsystem_time: stage=storage_read calls=0 timed_calls=0 period=1 timed_us=0
subsystem_time: stage=storage_write calls=0 timed_calls=0 period=1 timed_us=0
subsystem_time: stage=save_load calls=0 timed_calls=0 period=1 timed_us=0
subsystem_time: stage=save_write calls=0 timed_calls=0 period=1 timed_us=0
subsystem_time: stage=state_load calls=0 timed_calls=0 period=1 timed_us=0
subsystem_time: stage=state_save calls=0 timed_calls=0 period=1 timed_us=0
subsystem_time: stage=probe_io calls=8 timed_calls=8 period=1 timed_us=116531
subsystem_time: stage=agent_poll calls=7278 timed_calls=7278 period=1 timed_us=1787
audio_time: stage=resample sampled_calls=977 sampled_samples=145472 sampled_us=6219
audio_time: stage=zoh sampled_calls=0 sampled_samples=0 sampled_us=0
audio_time: stage=adpcm sampled_calls=1008 sampled_samples=155248 sampled_us=6445
audio_time: stage=envmix_exp sampled_calls=0 sampled_samples=0 sampled_us=0
audio_time: stage=envmix_ge sampled_calls=0 sampled_samples=0 sampled_us=0
audio_time: stage=envmix_lin sampled_calls=0 sampled_samples=0 sampled_us=0
audio_time: stage=envmix_nead sampled_calls=977 sampled_samples=145472 sampled_us=8741
audio_time: stage=mix sampled_calls=167 sampled_samples=64128 sampled_us=1043
audio_time: stage=musyx_voice sampled_calls=0 sampled_samples=0 sampled_us=0
audio_time: stage=musyx_fx sampled_calls=0 sampled_samples=0 sampled_us=0
audio_time: stage=output sampled_calls=28 sampled_samples=12464 sampled_us=228
gpu_counters: clks=14912680814 tb_clks=14912680880 ras_busy=376782532 xf_wait_in=14479175914 xf_wait_out=207302179 ras_peak_permille=40 ztop_in=1452477164 ztop_out=1423827880 z_in=5198912 z_out=4386100 blend_in=1429349464 copy_clks=145969591 fifo_overflows=0
game: n=2/9 how=vis vis=3600 vi_rate=60 vi0_retrace=3136 wall_us=61368924 sleep_us=14113201 avg_vis=58.46 avg_fps=27.05 exceptions=25080 cacheResets=1 recompiles=1508 batches=76811 verts=861006 texStalls=0 treeDepthMax=14 underruns=108 overruns=0 queue_peak_ms=122 dsp_avg=1.52 dsp_peak=1.85 dsp_samples=121 pmc1=34288447347 pmc2=33921367916 pmc3=0 pmc4=0 mmcr0=00000042 mmcr1=00000000 heap_used=10895800 heap_free=33608 arena1_free=303104 arena2_free=288704 flushes=8 flush_us=116529 padtrace=21 rom=sd:/wii64/roms/Mario Kart 64.v64
=== chain 2/9 end vis=3600 how=vis rom=sd:/wii64/roms/Mario Kart 64.v64 ===
mark: pad replay records: 1
mark: loadROM: enter
mark: loadROM: before rom_read
mark: ROMCache_load: enter
mark: ROMCache_load: before first read
mark: ROMCache_load: first read returned
mark: ROMCache_load: byte_swap_type set
mark: ROMCache_load: first byte_swap done
menufps: 0.0
menufps: 8.4
menufps: 8.0
menufps: 8.0
menufps: 8.1
menufps: 8.0
menufps: 8.0
menufps: 7.9
mark: ROMCache_load: loop exited normally
mark: ROMCache_load: elapsed_us=3855925 bytes=16777216 vm=0
mark: loadROM: after rom_read
mark: loadROM: before init_memory
mark: loadROM: after init_memory
mark: loadROM: before romOpen_gfx
mark: loadROM: after romOpen_gfx / before romOpen_audio
mark: loadROM: after romOpen_audio / before romOpen_input
mark: loadROM: after romOpen_input / before cpu_init
mark: loadROM: after cpu_init
menufps: 2.3
menufps: 1.0
menufps: 1.0
fps: 1.3
first_vi: vi0_retrace=7256
vis: 2.3
cpu: exceptions=0 cacheResets=0 batches=0 verts=0 texStalls=0 recompiles=0 underruns=0 overruns=0 sleep_us=0 queue_ms=0
mark: CPU core dispatch: dynarec
vis: 41.9
cpu: exceptions=28 cacheResets=1 batches=0 verts=0 texStalls=0 recompiles=138 underruns=0 overruns=0 sleep_us=0 queue_ms=0
vis: 60.0
cpu: exceptions=58 cacheResets=1 batches=0 verts=0 texStalls=0 recompiles=138 underruns=0 overruns=0 sleep_us=278010 queue_ms=0
vis: 56.7
cpu: exceptions=106 cacheResets=1 batches=0 verts=0 texStalls=0 recompiles=217 underruns=0 overruns=0 sleep_us=532712 queue_ms=0
vis: 60.0
cpu: exceptions=510 cacheResets=1 batches=0 verts=0 texStalls=0 recompiles=616 underruns=1 overruns=0 sleep_us=790608 queue_ms=27
fps: 0.4
vis: 59.9
cpu: exceptions=717 cacheResets=1 batches=44 verts=2262 texStalls=0 recompiles=1896 underruns=2 overruns=0 sleep_us=906706 queue_ms=58
vis: 60.0
cpu: exceptions=872 cacheResets=1 batches=44 verts=2262 texStalls=0 recompiles=1901 underruns=2 overruns=0 sleep_us=1157752 queue_ms=49
fps: 1.3
vis: 60.0
cpu: exceptions=1052 cacheResets=1 batches=344 verts=12750 texStalls=0 recompiles=1990 underruns=2 overruns=0 sleep_us=1397634 queue_ms=53
fps: 30.0
vis: 60.0
cpu: exceptions=1240 cacheResets=1 batches=1116 verts=33672 texStalls=0 recompiles=2006 underruns=2 overruns=0 sleep_us=1664369 queue_ms=58
fps: 30.0
vis: 60.0
cpu: exceptions=1423 cacheResets=1 batches=2132 verts=56058 texStalls=0 recompiles=2009 underruns=2 overruns=0 sleep_us=1921516 queue_ms=62
fps: 30.0
vis: 60.0
cpu: exceptions=1606 cacheResets=1 batches=3187 verts=78678 texStalls=0 recompiles=2009 underruns=2 overruns=0 sleep_us=2176239 queue_ms=66
fps: 30.0
vis: 60.0
cpu: exceptions=1783 cacheResets=1 batches=4252 verts=101190 texStalls=0 recompiles=2012 underruns=2 overruns=0 sleep_us=2429187 queue_ms=58
fps: 30.0
vis: 60.0
cpu: exceptions=1978 cacheResets=1 batches=5312 verts=123210 texStalls=0 recompiles=2012 underruns=2 overruns=0 sleep_us=2684119 queue_ms=54
fps: 30.0
vis: 60.0
cpu: exceptions=2160 cacheResets=1 batches=6349 verts=145092 texStalls=0 recompiles=2029 underruns=2 overruns=0 sleep_us=2938845 queue_ms=58
fps: 30.0
vis: 60.0
cpu: exceptions=2344 cacheResets=1 batches=7488 verts=172146 texStalls=0 recompiles=2029 underruns=2 overruns=0 sleep_us=3179682 queue_ms=62
fps: 29.9
vis: 60.0
cpu: exceptions=2543 cacheResets=1 batches=9054 verts=210882 texStalls=0 recompiles=2036 underruns=2 overruns=0 sleep_us=3367897 queue_ms=67
fps: 30.0
vis: 60.0
cpu: exceptions=2734 cacheResets=1 batches=10744 verts=245802 texStalls=0 recompiles=2036 underruns=2 overruns=0 sleep_us=3559754 queue_ms=71
fps: 30.0
vis: 60.0
cpu: exceptions=2909 cacheResets=1 batches=12278 verts=270666 texStalls=0 recompiles=2063 underruns=2 overruns=0 sleep_us=3783686 queue_ms=54
fps: 30.0
vis: 60.0
cpu: exceptions=3085 cacheResets=1 batches=13584 verts=294162 texStalls=0 recompiles=2063 underruns=2 overruns=0 sleep_us=4037635 queue_ms=58
fps: 29.4
vis: 60.0
cpu: exceptions=3256 cacheResets=1 batches=14675 verts=316368 texStalls=0 recompiles=2064 underruns=2 overruns=0 sleep_us=4302272 queue_ms=50
fps: 30.0
vis: 60.0
cpu: exceptions=3444 cacheResets=1 batches=15715 verts=338268 texStalls=0 recompiles=2064 underruns=2 overruns=0 sleep_us=4563682 queue_ms=54
fps: 30.0
vis: 60.0
cpu: exceptions=3627 cacheResets=1 batches=16738 verts=360066 texStalls=0 recompiles=2064 underruns=2 overruns=0 sleep_us=4826650 queue_ms=50
fps: 29.9
vis: 60.0
cpu: exceptions=3821 cacheResets=1 batches=18016 verts=395250 texStalls=0 recompiles=2064 underruns=2 overruns=0 sleep_us=5039769 queue_ms=54
fps: 30.0
vis: 60.0
cpu: exceptions=4020 cacheResets=1 batches=19353 verts=432612 texStalls=0 recompiles=2065 underruns=2 overruns=0 sleep_us=5252339 queue_ms=46
fps: 29.9
vis: 60.0
cpu: exceptions=4221 cacheResets=1 batches=21449 verts=468564 texStalls=0 recompiles=2081 underruns=2 overruns=0 sleep_us=5438739 queue_ms=50
fps: 29.8
vis: 60.0
cpu: exceptions=4411 cacheResets=1 batches=26214 verts=508404 texStalls=0 recompiles=2081 underruns=2 overruns=0 sleep_us=5577553 queue_ms=54
fps: 30.0
vis: 60.0
cpu: exceptions=4605 cacheResets=1 batches=31572 verts=551802 texStalls=0 recompiles=2081 underruns=2 overruns=0 sleep_us=5708517 queue_ms=50
fps: 30.0
vis: 60.0
cpu: exceptions=4796 cacheResets=1 batches=36692 verts=593772 texStalls=0 recompiles=2082 underruns=2 overruns=0 sleep_us=5853109 queue_ms=55
fps: 30.0
vis: 60.0
cpu: exceptions=4993 cacheResets=1 batches=41733 verts=635268 texStalls=0 recompiles=2083 underruns=2 overruns=0 sleep_us=5999976 queue_ms=46
fps: 30.0
vis: 60.0
cpu: exceptions=5188 cacheResets=1 batches=46908 verts=677568 texStalls=0 recompiles=2083 underruns=2 overruns=0 sleep_us=6143358 queue_ms=50
fps: 30.1
vis: 60.0
cpu: exceptions=5400 cacheResets=1 batches=51679 verts=730212 texStalls=0 recompiles=2083 underruns=2 overruns=0 sleep_us=6262347 queue_ms=46
mark: stop reason: chain guest VI limit
mark: stop_it requested
audio: alist_resample_calls=7273 alist_resample_samples=1338232 alist_zoh_calls=0 alist_zoh_samples=0 musyx_subframes=0 musyx_voices=0 musyx_voice_peak=0
audio_stages: adpcm_calls=5684 adpcm_samples=629344 envmix_calls=5654 envmix_samples=1040336 mix_calls=32380 mix_samples=5957920 musyx_fx_calls=0 musyx_fx_taps=0 output_calls=405 output_samples=297160
audio_envmix: exp_calls=0 ge_calls=0 lin_calls=5654 nead_calls=0 exp_steady=0 ge_steady=0 lin_steady=5208
audio_gaps: nead_mats=0 nead_efz=0 resample_flag2=0 musyx_ptr10=0
audio_output: stream_requests=3471 stream_fed=1030 input_hz=21998 playback_hz=21998 queue_peak_ms=84
probe_schema: version=2 self=1 interval=127
vm_io: read_ahead=1 reads=0 hits=0 read_bytes=0 writes=0 write_bytes=0 errors=0
subsystem_time: stage=rsp_gfx calls=358 timed_calls=358 period=1 timed_us=1519595
subsystem_time: stage=rsp_audio calls=406 timed_calls=406 period=1 timed_us=307941
subsystem_time: stage=rsp_other calls=0 timed_calls=0 period=1 timed_us=0
subsystem_time: stage=lookup calls=4415593 timed_calls=34768 period=127 timed_us=9014
subsystem_time: stage=compile calls=2084 timed_calls=2084 period=1 timed_us=178106
subsystem_time: stage=dispatch calls=4132152 timed_calls=32536 period=127 timed_us=31948
subsystem_self: stage=dispatch calls=4132152 timed_calls=32536 self_us=21603 dropped=0
subsystem_time: stage=execute_inclusive calls=4132152 timed_calls=32536 period=127 timed_us=93486
subsystem_self: stage=execute_inclusive calls=4132152 timed_calls=32536 self_us=41270 dropped=0
subsystem_time: stage=rom_copy calls=640 timed_calls=640 period=1 timed_us=14353
subsystem_time: stage=present calls=899 timed_calls=899 period=1 timed_us=62507
subsystem_time: stage=limiter calls=853 timed_calls=853 period=1 timed_us=6312639
subsystem_time: stage=vm_fault calls=0 timed_calls=0 period=1 timed_us=0
subsystem_time: stage=vm_victim calls=0 timed_calls=0 period=1 timed_us=0
subsystem_time: stage=vm_read calls=0 timed_calls=0 period=1 timed_us=0
subsystem_time: stage=vm_write calls=0 timed_calls=0 period=1 timed_us=0
subsystem_time: stage=tex_hash calls=48848 timed_calls=48848 period=1 timed_us=401975
subsystem_time: stage=tex_lookup calls=48848 timed_calls=48848 period=1 timed_us=11724
subsystem_time: stage=tex_load calls=28 timed_calls=28 period=1 timed_us=1999
subsystem_time: stage=tex_activate calls=48848 timed_calls=48848 period=1 timed_us=28122
subsystem_time: stage=draw_triangles calls=52520 timed_calls=52520 period=1 timed_us=223718
subsystem_time: stage=draw_rect calls=0 timed_calls=0 period=1 timed_us=0
subsystem_time: stage=gfx_list calls=358 timed_calls=358 period=1 timed_us=1518943
subsystem_time: stage=gfx_command calls=1088190 timed_calls=8568 period=127 timed_us=13184
gfx_ucodes: mask=00000002
gfx_opcode: op=01 calls=45295 timed_calls=363 timed_us=181
gfx_opcode: op=03 calls=1920 timed_calls=16 timed_us=9
gfx_opcode: op=04 calls=38254 timed_calls=315 timed_us=1347
gfx_opcode: op=06 calls=56222 timed_calls=453 timed_us=82
gfx_opcode: op=b1 calls=122759 timed_calls=950 timed_us=7737
gfx_opcode: op=b6 calls=23590 timed_calls=186 timed_us=27
gfx_opcode: op=b7 calls=20998 timed_calls=159 timed_us=21
gfx_opcode: op=b8 calls=56580 timed_calls=447 timed_us=58
gfx_opcode: op=b9 calls=20685 timed_calls=148 timed_us=20
gfx_opcode: op=ba calls=59170 timed_calls=468 timed_us=75
gfx_opcode: op=bb calls=19239 timed_calls=161 timed_us=34
gfx_opcode: op=bc calls=44452 timed_calls=340 timed_us=52
gfx_opcode: op=bd calls=39275 timed_calls=306 timed_us=41
gfx_opcode: op=bf calls=1784 timed_calls=14 timed_us=99
gfx_opcode: op=e6 calls=44251 timed_calls=347 timed_us=46
gfx_opcode: op=e7 calls=155667 timed_calls=1211 timed_us=151
gfx_opcode: op=e9 calls=358 timed_calls=3 timed_us=3
gfx_opcode: op=ed calls=358 timed_calls=4 timed_us=4
gfx_opcode: op=f0 calls=4597 timed_calls=37 timed_us=23
gfx_opcode: op=f2 calls=46899 timed_calls=370 timed_us=93
gfx_opcode: op=f3 calls=48848 timed_calls=395 timed_us=1457
gfx_opcode: op=f5 calls=97281 timed_calls=769 timed_us=137
gfx_opcode: op=f6 calls=716 timed_calls=9 timed_us=657
gfx_opcode: op=f7 calls=716 timed_calls=3 timed_us=1
gfx_opcode: op=f9 calls=5752 timed_calls=38 timed_us=6
gfx_opcode: op=fa calls=41646 timed_calls=332 timed_us=60
gfx_opcode: op=fb calls=17478 timed_calls=137 timed_us=23
gfx_opcode: op=fc calls=18523 timed_calls=141 timed_us=18
gfx_opcode: op=fd calls=53445 timed_calls=437 timed_us=64
gfx_opcode: op=fe calls=358 timed_calls=4 timed_us=3
gfx_opcode: op=ff calls=1074 timed_calls=5 timed_us=2
subsystem_time: stage=vertex calls=360552 timed_calls=2838 period=127 timed_us=878
subsystem_time: stage=gfx_state calls=84009 timed_calls=661 period=127 timed_us=4972
subsystem_self: stage=gfx_state calls=84009 timed_calls=661 self_us=1392 dropped=0
subsystem_time: stage=gx_wait calls=4 timed_calls=4 period=1 timed_us=2555
subsystem_time: stage=dma_pi calls=640 timed_calls=640 period=1 timed_us=27323
subsystem_time: stage=dma_sp calls=1528 timed_calls=1528 period=1 timed_us=1628
subsystem_time: stage=dma_si calls=1147 timed_calls=1147 period=1 timed_us=11148
subsystem_time: stage=tlb_translate calls=0 timed_calls=0 period=127 timed_us=0
subsystem_time: stage=pif calls=1149 timed_calls=1149 period=1 timed_us=10207
subsystem_time: stage=input calls=807 timed_calls=807 period=1 timed_us=8195
subsystem_time: stage=guest_interrupt calls=6623 timed_calls=6623 period=1 timed_us=6424966
subsystem_self: stage=guest_interrupt calls=6623 timed_calls=6623 self_us=23804 dropped=0
subsystem_time: stage=interpreter_inclusive calls=0 timed_calls=0 period=1 timed_us=0
subsystem_self: stage=interpreter_inclusive calls=0 timed_calls=0 self_us=0 dropped=0
subsystem_time: stage=audio_submit calls=405 timed_calls=405 period=1 timed_us=6459
subsystem_time: stage=audio_callback calls=9552 timed_calls=9552 period=1 timed_us=5547
subsystem_time: stage=memory_slow calls=487965 timed_calls=3842 period=127 timed_us=23119
subsystem_self: stage=memory_slow calls=487965 timed_calls=3842 self_us=1619 dropped=0
subsystem_time: stage=jit_invalidate calls=283441 timed_calls=2231 period=127 timed_us=563
subsystem_time: stage=cpu_helper calls=12620495 timed_calls=99373 period=127 timed_us=61003
subsystem_time: stage=storage_read calls=0 timed_calls=0 period=1 timed_us=0
subsystem_time: stage=storage_write calls=0 timed_calls=0 period=1 timed_us=0
subsystem_time: stage=save_load calls=0 timed_calls=0 period=1 timed_us=0
subsystem_time: stage=save_write calls=0 timed_calls=0 period=1 timed_us=0
subsystem_time: stage=state_load calls=0 timed_calls=0 period=1 timed_us=0
subsystem_time: stage=state_save calls=0 timed_calls=0 period=1 timed_us=0
subsystem_time: stage=probe_io calls=3 timed_calls=3 period=1 timed_us=39209
subsystem_time: stage=agent_poll calls=1820 timed_calls=1820 period=1 timed_us=562
audio_time: stage=resample sampled_calls=57 sampled_samples=10488 sampled_us=413
audio_time: stage=zoh sampled_calls=0 sampled_samples=0 sampled_us=0
audio_time: stage=adpcm sampled_calls=44 sampled_samples=4752 sampled_us=202
audio_time: stage=envmix_exp sampled_calls=0 sampled_samples=0 sampled_us=0
audio_time: stage=envmix_ge sampled_calls=0 sampled_samples=0 sampled_us=0
audio_time: stage=envmix_lin sampled_calls=44 sampled_samples=8096 sampled_us=705
audio_time: stage=envmix_nead sampled_calls=0 sampled_samples=0 sampled_us=0
audio_time: stage=mix sampled_calls=254 sampled_samples=46736 sampled_us=765
audio_time: stage=musyx_voice sampled_calls=0 sampled_samples=0 sampled_us=0
audio_time: stage=musyx_fx sampled_calls=0 sampled_samples=0 sampled_us=0
audio_time: stage=output sampled_calls=3 sampled_samples=2208 sampled_us=39
gpu_counters: clks=3731458083 tb_clks=3731458152 ras_busy=138669004 xf_wait_in=3293207250 xf_wait_out=388623277 ras_peak_permille=49 ztop_in=544526328 ztop_out=521100824 z_in=0 z_out=0 blend_in=521163036 copy_clks=50705358 fifo_overflows=846
game: n=3/9 how=vis vis=900 vi_rate=60 vi0_retrace=7256 wall_us=15355621 sleep_us=6310083 avg_vis=57.45 avg_fps=26.62 exceptions=5450 cacheResets=1 recompiles=2084 batches=52520 verts=741906 texStalls=0 treeDepthMax=31 underruns=2 overruns=0 queue_peak_ms=71 dsp_avg=1.39 dsp_peak=1.65 dsp_samples=31 pmc1=6354740101 pmc2=6455401609 pmc3=0 pmc4=0 mmcr0=00000042 mmcr1=00000000 heap_used=10930392 heap_free=35880 arena1_free=266240 arena2_free=288704 flushes=3 flush_us=39208 padtrace=0 rom=sd:/wii64/roms/Banjo-Kazooie.V64
=== chain 3/9 end vis=900 how=vis rom=sd:/wii64/roms/Banjo-Kazooie.V64 ===
mark: pad replay records: 1
mark: loadROM: enter
mark: loadROM: before rom_read
mark: ROMCache_load: enter
mark: ROMCache_load: before first read
mark: ROMCache_load: first read returned
mark: ROMCache_load: byte_swap_type set
mark: ROMCache_load: first byte_swap done
menufps: 0.1
menufps: 8.4
menufps: 8.3
menufps: 8.3
menufps: 7.7
menufps: 8.3
menufps: 8.3
mark: ROMCache_load: loop exited normally
mark: ROMCache_load: elapsed_us=3759251 bytes=16777216 vm=0
mark: loadROM: after rom_read
mark: loadROM: before init_memory
mark: loadROM: after init_memory
mark: loadROM: before romOpen_gfx
mark: loadROM: after romOpen_gfx / before romOpen_audio
mark: loadROM: after romOpen_audio / before romOpen_input
mark: loadROM: after romOpen_input / before cpu_init
mark: loadROM: after cpu_init
menufps: 2.9
menufps: 1.0
menufps: 1.0
fps: 0.7
first_vi: vi0_retrace=8612
vis: 1.2
cpu: exceptions=0 cacheResets=0 batches=0 verts=0 texStalls=0 recompiles=0 underruns=0 overruns=0 sleep_us=0 queue_ms=0
mark: CPU core dispatch: dynarec
vis: 60.0
cpu: exceptions=1471 cacheResets=1 batches=0 verts=0 texStalls=0 recompiles=421 underruns=0 overruns=0 sleep_us=82641 queue_ms=157
fps: 3.1
vis: 60.0
cpu: exceptions=2355 cacheResets=1 batches=0 verts=0 texStalls=0 recompiles=425 underruns=0 overruns=0 sleep_us=421691 queue_ms=160
fps: 60.9
vis: 60.0
cpu: exceptions=2625 cacheResets=1 batches=0 verts=0 texStalls=0 recompiles=425 underruns=0 overruns=0 sleep_us=836434 queue_ms=156
fps: 60.0
vis: 60.0
cpu: exceptions=2918 cacheResets=1 batches=0 verts=0 texStalls=0 recompiles=468 underruns=0 overruns=0 sleep_us=1237857 queue_ms=162
vis: 60.0
cpu: exceptions=3298 cacheResets=1 batches=0 verts=0 texStalls=0 recompiles=468 underruns=0 overruns=0 sleep_us=1586825 queue_ms=157
fps: 14.7
vis: 51.7
cpu: exceptions=3627 cacheResets=1 batches=1934 verts=51708 texStalls=0 recompiles=742 underruns=0 overruns=0 sleep_us=1759434 queue_ms=87
fps: 57.1
vis: 60.0
cpu: exceptions=3918 cacheResets=1 batches=8714 verts=229188 texStalls=0 recompiles=763 underruns=0 overruns=0 sleep_us=1779710 queue_ms=82
fps: 58.9
vis: 60.0
cpu: exceptions=4213 cacheResets=1 batches=15486 verts=406620 texStalls=0 recompiles=771 underruns=0 overruns=0 sleep_us=1802339 queue_ms=78
fps: 60.0
vis: 60.0
cpu: exceptions=4512 cacheResets=1 batches=22236 verts=583920 texStalls=0 recompiles=775 underruns=0 overruns=0 sleep_us=1826406 queue_ms=75
fps: 60.0
vis: 60.0
cpu: exceptions=4803 cacheResets=1 batches=28986 verts=761220 texStalls=0 recompiles=775 underruns=0 overruns=0 sleep_us=1853319 queue_ms=79
fps: 60.0
vis: 60.0
cpu: exceptions=5092 cacheResets=1 batches=35736 verts=938520 texStalls=0 recompiles=775 underruns=0 overruns=0 sleep_us=1882365 queue_ms=77
fps: 60.0
vis: 60.0
cpu: exceptions=5386 cacheResets=1 batches=42486 verts=1115820 texStalls=0 recompiles=775 underruns=0 overruns=0 sleep_us=1907645 queue_ms=81
fps: 60.0
vis: 60.0
cpu: exceptions=5673 cacheResets=1 batches=49236 verts=1293120 texStalls=0 recompiles=777 underruns=0 overruns=0 sleep_us=1937619 queue_ms=78
fps: 60.0
vis: 60.0
cpu: exceptions=5967 cacheResets=1 batches=55986 verts=1470420 texStalls=0 recompiles=777 underruns=0 overruns=0 sleep_us=1959107 queue_ms=74
fps: 60.0
vis: 60.0
cpu: exceptions=6265 cacheResets=1 batches=62736 verts=1647720 texStalls=0 recompiles=777 underruns=0 overruns=0 sleep_us=1978384 queue_ms=80
fps: 60.0
vis: 60.0
cpu: exceptions=6559 cacheResets=1 batches=69486 verts=1825020 texStalls=0 recompiles=777 underruns=0 overruns=0 sleep_us=1997233 queue_ms=75
fps: 60.0
vis: 60.0
cpu: exceptions=6857 cacheResets=1 batches=76236 verts=2002320 texStalls=0 recompiles=777 underruns=0 overruns=0 sleep_us=2013882 queue_ms=81
fps: 60.0
vis: 60.0
cpu: exceptions=7150 cacheResets=1 batches=82986 verts=2179620 texStalls=0 recompiles=777 underruns=0 overruns=0 sleep_us=2031519 queue_ms=77
fps: 60.0
vis: 60.0
cpu: exceptions=7441 cacheResets=1 batches=89736 verts=2356920 texStalls=0 recompiles=777 underruns=0 overruns=0 sleep_us=2052805 queue_ms=82
fps: 60.0
vis: 60.0
cpu: exceptions=7731 cacheResets=1 batches=96486 verts=2534220 texStalls=0 recompiles=777 underruns=0 overruns=0 sleep_us=2074681 queue_ms=79
fps: 60.0
vis: 60.0
cpu: exceptions=8020 cacheResets=1 batches=103236 verts=2711520 texStalls=0 recompiles=777 underruns=0 overruns=0 sleep_us=2100540 queue_ms=74
fps: 59.8
vis: 60.0
cpu: exceptions=8317 cacheResets=1 batches=109986 verts=2888820 texStalls=0 recompiles=777 underruns=0 overruns=0 sleep_us=2119364 queue_ms=80
fps: 60.1
vis: 60.0
cpu: exceptions=8610 cacheResets=1 batches=116736 verts=3066120 texStalls=0 recompiles=777 underruns=0 overruns=0 sleep_us=2127323 queue_ms=76
fps: 59.3
vis: 59.2
cpu: exceptions=8923 cacheResets=1 batches=123486 verts=3243420 texStalls=0 recompiles=777 underruns=0 overruns=0 sleep_us=2127405 queue_ms=73
fps: 59.0
vis: 58.9
cpu: exceptions=9241 cacheResets=1 batches=130236 verts=3420720 texStalls=0 recompiles=777 underruns=0 overruns=0 sleep_us=2127519 queue_ms=59
fps: 59.3
vis: 59.2
cpu: exceptions=9559 cacheResets=1 batches=136986 verts=3598020 texStalls=0 recompiles=777 underruns=0 overruns=0 sleep_us=2127519 queue_ms=56
fps: 59.1
vis: 59.3
cpu: exceptions=9872 cacheResets=1 batches=143736 verts=3775320 texStalls=0 recompiles=777 underruns=0 overruns=0 sleep_us=2127519 queue_ms=52
fps: 58.2
vis: 60.0
cpu: exceptions=10181 cacheResets=1 batches=150486 verts=3952620 texStalls=0 recompiles=777 underruns=0 overruns=0 sleep_us=2127519 queue_ms=39
fps: 59.5
vis: 58.5
cpu: exceptions=10493 cacheResets=1 batches=157588 verts=4141185 texStalls=0 recompiles=777 underruns=0 overruns=0 sleep_us=2130698 queue_ms=18
fps: 52.9
vis: 53.3
cpu: exceptions=10770 cacheResets=1 batches=165553 verts=4361586 texStalls=0 recompiles=777 underruns=4 overruns=0 sleep_us=2130698 queue_ms=9
mark: stop reason: chain guest VI limit
mark: stop_it requested
audio: alist_resample_calls=10077 alist_resample_samples=1250096 alist_zoh_calls=0 alist_zoh_samples=0 musyx_subframes=0 musyx_voices=0 musyx_voice_peak=0
audio_stages: adpcm_calls=9759 adpcm_samples=1154016 envmix_calls=10077 envmix_samples=1250096 mix_calls=79024 mix_samples=10544864 musyx_fx_calls=0 musyx_fx_taps=0 output_calls=897 output_samples=478768
audio_envmix: exp_calls=10077 ge_calls=0 lin_calls=0 nead_calls=0 exp_steady=5510 ge_steady=0 lin_steady=0
audio_gaps: nead_mats=0 nead_efz=0 resample_flag2=0 musyx_ptr10=0
audio_output: stream_requests=3365 stream_fed=1662 input_hz=32006 playback_hz=32006 queue_peak_ms=184
probe_schema: version=2 self=1 interval=127
vm_io: read_ahead=1 reads=0 hits=0 read_bytes=0 writes=0 write_bytes=0 errors=0
subsystem_time: stage=rsp_gfx calls=810 timed_calls=810 period=1 timed_us=6541618
subsystem_time: stage=rsp_audio calls=898 timed_calls=898 period=1 timed_us=593137
subsystem_time: stage=rsp_other calls=0 timed_calls=0 period=1 timed_us=0
subsystem_time: stage=lookup calls=3610058 timed_calls=28425 period=127 timed_us=6264
subsystem_time: stage=compile calls=777 timed_calls=777 period=1 timed_us=106312
subsystem_time: stage=dispatch calls=3517159 timed_calls=27694 period=127 timed_us=25685
subsystem_self: stage=dispatch calls=3517159 timed_calls=27694 self_us=17415 dropped=0
subsystem_time: stage=execute_inclusive calls=3517159 timed_calls=27694 period=127 timed_us=140691
subsystem_self: stage=execute_inclusive calls=3517159 timed_calls=27694 self_us=44644 dropped=0
subsystem_time: stage=rom_copy calls=1024 timed_calls=1024 period=1 timed_us=14833
subsystem_time: stage=present calls=899 timed_calls=899 period=1 timed_us=42373
subsystem_time: stage=limiter calls=660 timed_calls=660 period=1 timed_us=2132945
subsystem_time: stage=vm_fault calls=0 timed_calls=0 period=1 timed_us=0
subsystem_time: stage=vm_victim calls=0 timed_calls=0 period=1 timed_us=0
subsystem_time: stage=vm_read calls=0 timed_calls=0 period=1 timed_us=0
subsystem_time: stage=vm_write calls=0 timed_calls=0 period=1 timed_us=0
subsystem_time: stage=tex_hash calls=147492 timed_calls=147492 period=1 timed_us=1419553
subsystem_time: stage=tex_lookup calls=147492 timed_calls=147492 period=1 timed_us=50345
subsystem_time: stage=tex_load calls=136 timed_calls=136 period=1 timed_us=18886
subsystem_time: stage=tex_activate calls=147492 timed_calls=147492 period=1 timed_us=94104
subsystem_time: stage=draw_triangles calls=167028 timed_calls=167028 period=1 timed_us=637138
subsystem_time: stage=draw_rect calls=5440 timed_calls=5440 period=1 timed_us=119284
subsystem_time: stage=gfx_list calls=810 timed_calls=810 period=1 timed_us=6540240
subsystem_time: stage=gfx_command calls=5319454 timed_calls=41885 period=127 timed_us=55742
gfx_ucodes: mask=00000004
gfx_opcode: op=01 calls=343835 timed_calls=2738 timed_us=9416
gfx_opcode: op=02 calls=4507 timed_calls=41 timed_us=9
gfx_opcode: op=03 calls=108045 timed_calls=828 timed_us=101
gfx_opcode: op=05 calls=40387 timed_calls=324 timed_us=2216
gfx_opcode: op=06 calls=713540 timed_calls=5582 timed_us=26411
gfx_opcode: op=d5 calls=3 timed_calls=0 timed_us=0
gfx_opcode: op=d7 calls=105143 timed_calls=838 timed_us=169
gfx_opcode: op=d8 calls=109877 timed_calls=852 timed_us=138
gfx_opcode: op=d9 calls=416576 timed_calls=3292 timed_us=430
gfx_opcode: op=da calls=172226 timed_calls=1359 timed_us=882
gfx_opcode: op=db calls=73735 timed_calls=589 timed_us=112
gfx_opcode: op=dc calls=7700 timed_calls=64 timed_us=48
gfx_opcode: op=de calls=136822 timed_calls=1083 timed_us=236
gfx_opcode: op=df calls=130819 timed_calls=1038 timed_us=139
gfx_opcode: op=e2 calls=331942 timed_calls=2627 timed_us=358
gfx_opcode: op=e3 calls=238410 timed_calls=1849 timed_us=297
gfx_opcode: op=e4 calls=5440 timed_calls=44 timed_us=1067
gfx_opcode: op=e6 calls=248817 timed_calls=1944 timed_us=236
gfx_opcode: op=e7 calls=719043 timed_calls=5672 timed_us=719
gfx_opcode: op=e8 calls=93600 timed_calls=744 timed_us=91
gfx_opcode: op=e9 calls=810 timed_calls=6 timed_us=6
gfx_opcode: op=ed calls=6080 timed_calls=44 timed_us=19
gfx_opcode: op=f0 calls=104244 timed_calls=839 timed_us=519
gfx_opcode: op=f2 calls=146037 timed_calls=1138 timed_us=313
gfx_opcode: op=f3 calls=127782 timed_calls=994 timed_us=4824
gfx_opcode: op=f4 calls=13870 timed_calls=107 timed_us=578
gfx_opcode: op=f5 calls=342984 timed_calls=2662 timed_us=479
gfx_opcode: op=f6 calls=3080 timed_calls=29 timed_us=2190
gfx_opcode: op=f7 calls=3080 timed_calls=27 timed_us=10
gfx_opcode: op=f8 calls=6650 timed_calls=51 timed_us=11
gfx_opcode: op=f9 calls=75228 timed_calls=583 timed_us=103
gfx_opcode: op=fa calls=118261 timed_calls=953 timed_us=165
gfx_opcode: op=fb calls=14604 timed_calls=117 timed_us=19
gfx_opcode: op=fc calls=112981 timed_calls=894 timed_us=122
gfx_opcode: op=fd calls=235676 timed_calls=1870 timed_us=257
gfx_opcode: op=fe calls=810 timed_calls=7 timed_us=6
gfx_opcode: op=ff calls=6810 timed_calls=56 timed_us=19
subsystem_time: stage=vertex calls=2761556 timed_calls=21744 period=127 timed_us=5795
subsystem_time: stage=gfx_state calls=147504 timed_calls=1161 period=127 timed_us=15850
subsystem_self: stage=gfx_state calls=147504 timed_calls=1161 self_us=3441 dropped=0
subsystem_time: stage=gx_wait calls=4 timed_calls=4 period=1 timed_us=2552
subsystem_time: stage=dma_pi calls=2023 timed_calls=2023 period=1 timed_us=30455
subsystem_time: stage=dma_sp calls=3416 timed_calls=3416 period=1 timed_us=3860
subsystem_time: stage=dma_si calls=4478 timed_calls=4478 period=1 timed_us=22044
subsystem_time: stage=tlb_translate calls=0 timed_calls=0 period=127 timed_us=0
subsystem_time: stage=pif calls=4479 timed_calls=4479 period=1 timed_us=20616
subsystem_time: stage=input calls=3508 timed_calls=3508 period=1 timed_us=14650
subsystem_time: stage=guest_interrupt calls=12518 timed_calls=12518 period=1 timed_us=2236186
subsystem_self: stage=guest_interrupt calls=12518 timed_calls=12518 self_us=28339 dropped=0
subsystem_time: stage=interpreter_inclusive calls=0 timed_calls=0 period=1 timed_us=0
subsystem_self: stage=interpreter_inclusive calls=0 timed_calls=0 self_us=0 dropped=0
subsystem_time: stage=audio_submit calls=898 timed_calls=898 period=1 timed_us=10615
subsystem_time: stage=audio_callback calls=9451 timed_calls=9451 period=1 timed_us=8821
subsystem_time: stage=memory_slow calls=833890 timed_calls=6566 period=127 timed_us=83717
subsystem_self: stage=memory_slow calls=833890 timed_calls=6566 self_us=3073 dropped=0
subsystem_time: stage=jit_invalidate calls=92899 timed_calls=731 period=127 timed_us=156
subsystem_time: stage=cpu_helper calls=10719401 timed_calls=84404 period=127 timed_us=32425
subsystem_time: stage=storage_read calls=0 timed_calls=0 period=1 timed_us=0
subsystem_time: stage=storage_write calls=0 timed_calls=0 period=1 timed_us=0
subsystem_time: stage=save_load calls=0 timed_calls=0 period=1 timed_us=0
subsystem_time: stage=save_write calls=0 timed_calls=0 period=1 timed_us=0
subsystem_time: stage=state_load calls=0 timed_calls=0 period=1 timed_us=0
subsystem_time: stage=state_save calls=0 timed_calls=0 period=1 timed_us=0
subsystem_time: stage=probe_io calls=4 timed_calls=4 period=1 timed_us=39087
subsystem_time: stage=agent_poll calls=1821 timed_calls=1821 period=1 timed_us=502
audio_time: stage=resample sampled_calls=79 sampled_samples=10240 sampled_us=441
audio_time: stage=zoh sampled_calls=0 sampled_samples=0 sampled_us=0
audio_time: stage=adpcm sampled_calls=76 sampled_samples=8016 sampled_us=360
audio_time: stage=envmix_exp sampled_calls=79 sampled_samples=10240 sampled_us=1201
audio_time: stage=envmix_ge sampled_calls=0 sampled_samples=0 sampled_us=0
audio_time: stage=envmix_lin sampled_calls=0 sampled_samples=0 sampled_us=0
audio_time: stage=envmix_nead sampled_calls=0 sampled_samples=0 sampled_us=0
audio_time: stage=mix sampled_calls=622 sampled_samples=83008 sampled_us=1350
audio_time: stage=musyx_voice sampled_calls=0 sampled_samples=0 sampled_us=0
audio_time: stage=musyx_fx sampled_calls=0 sampled_samples=0 sampled_us=0
audio_time: stage=output sampled_calls=7 sampled_samples=3712 sampled_us=68
gpu_counters: clks=3735267732 tb_clks=3735267792 ras_busy=223493259 xf_wait_in=3322615369 xf_wait_out=199383540 ras_peak_permille=102 ztop_in=699049232 ztop_out=566205040 z_in=119838300 z_out=102098716 blend_in=686411256 copy_clks=84780538 fifo_overflows=0
game: n=4/9 how=vis vis=900 vi_rate=60 vi0_retrace=8612 wall_us=15371399 sleep_us=2130698 avg_vis=57.46 avg_fps=53.88 exceptions=10823 cacheResets=1 recompiles=777 batches=167028 verts=4402401 texStalls=0 treeDepthMax=12 underruns=6 overruns=0 queue_peak_ms=162 dsp_avg=1.62 dsp_peak=1.90 dsp_samples=31 pmc1=9485648936 pmc2=9524340337 pmc3=0 pmc4=0 mmcr0=00000042 mmcr1=00000000 heap_used=10842584 heap_free=156456 arena1_free=233472 arena2_free=288704 flushes=4 flush_us=39086 padtrace=0 rom=sd:/wii64/roms/Pokemon Snap.rom
=== chain 4/9 end vis=900 how=vis rom=sd:/wii64/roms/Pokemon Snap.rom ===
mark: pad replay records: 1
mark: loadROM: enter
mark: loadROM: before rom_read
mark: ROMCache_load: enter
mark: ROMCache_load: before first read
mark: ROMCache_load: first read returned
mark: ROMCache_load: byte_swap_type set
mark: ROMCache_load: first byte_swap done
menufps: 0.1
menufps: 8.4
menufps: 8.1
menufps: 8.1
menufps: 8.3
menufps: 8.3
menufps: 8.3
mark: ROMCache_load: loop exited normally
mark: ROMCache_load: elapsed_us=3745996 bytes=16777216 vm=0
mark: loadROM: after rom_read
mark: loadROM: before init_memory
mark: loadROM: after init_memory
mark: loadROM: before romOpen_gfx
mark: loadROM: after romOpen_gfx / before romOpen_audio
mark: loadROM: after romOpen_audio / before romOpen_input
mark: loadROM: after romOpen_input / before cpu_init
mark: loadROM: after cpu_init
menufps: 2.4
menufps: 1.0
menufps: 1.0
fps: 1.3
first_vi: vi0_retrace=9966
vis: 0.8
cpu: exceptions=0 cacheResets=0 batches=0 verts=0 texStalls=0 recompiles=0 underruns=0 overruns=0 sleep_us=0 queue_ms=0
mark: CPU core dispatch: dynarec
vis: 60.0
cpu: exceptions=3980 cacheResets=1 batches=0 verts=0 texStalls=0 recompiles=223 underruns=0 overruns=0 sleep_us=34445 queue_ms=147
fps: 1.1
vis: 60.0
cpu: exceptions=8404 cacheResets=1 batches=0 verts=0 texStalls=0 recompiles=394 underruns=0 overruns=0 sleep_us=127246 queue_ms=152
fps: 61.1
vis: 60.0
cpu: exceptions=8587 cacheResets=1 batches=0 verts=0 texStalls=0 recompiles=410 underruns=0 overruns=0 sleep_us=550505 queue_ms=148
vis: 60.0
cpu: exceptions=8857 cacheResets=1 batches=0 verts=0 texStalls=0 recompiles=437 underruns=0 overruns=0 sleep_us=936327 queue_ms=154
vis: 58.3
cpu: exceptions=9728 cacheResets=1 batches=0 verts=0 texStalls=0 recompiles=597 underruns=0 overruns=0 sleep_us=1237011 queue_ms=132
fps: 19.7
vis: 60.0
cpu: exceptions=9928 cacheResets=1 batches=3074 verts=75342 texStalls=0 recompiles=765 underruns=0 overruns=0 sleep_us=1441297 queue_ms=137
fps: 63.3
vis: 60.0
cpu: exceptions=10140 cacheResets=1 batches=6254 verts=153282 texStalls=0 recompiles=765 underruns=0 overruns=0 sleep_us=1674908 queue_ms=133
fps: 60.0
vis: 60.0
cpu: exceptions=10351 cacheResets=1 batches=9434 verts=231222 texStalls=0 recompiles=767 underruns=0 overruns=0 sleep_us=1906521 queue_ms=139
fps: 60.0
vis: 60.0
cpu: exceptions=10588 cacheResets=1 batches=12557 verts=305742 texStalls=0 recompiles=784 underruns=0 overruns=0 sleep_us=2122775 queue_ms=135
fps: 60.0
vis: 60.0
cpu: exceptions=10812 cacheResets=1 batches=15647 verts=378282 texStalls=0 recompiles=784 underruns=0 overruns=0 sleep_us=2349407 queue_ms=140
fps: 60.1
vis: 60.0
cpu: exceptions=11034 cacheResets=1 batches=18737 verts=450822 texStalls=0 recompiles=784 underruns=0 overruns=0 sleep_us=2582333 queue_ms=136
fps: 59.9
vis: 60.0
cpu: exceptions=11254 cacheResets=1 batches=21827 verts=523362 texStalls=0 recompiles=784 underruns=0 overruns=0 sleep_us=2814948 queue_ms=133
fps: 60.0
vis: 60.0
cpu: exceptions=11478 cacheResets=1 batches=24917 verts=595902 texStalls=0 recompiles=784 underruns=0 overruns=0 sleep_us=3046883 queue_ms=138
fps: 60.0
vis: 60.0
cpu: exceptions=11701 cacheResets=1 batches=28007 verts=668442 texStalls=0 recompiles=784 underruns=0 overruns=0 sleep_us=3278949 queue_ms=134
fps: 60.0
vis: 60.0
cpu: exceptions=11952 cacheResets=1 batches=31857 verts=759942 texStalls=0 recompiles=829 underruns=0 overruns=0 sleep_us=3453879 queue_ms=139
fps: 59.9
vis: 60.0
cpu: exceptions=12206 cacheResets=1 batches=36087 verts=860922 texStalls=0 recompiles=829 underruns=0 overruns=0 sleep_us=3625597 queue_ms=136
fps: 58.8
vis: 60.0
cpu: exceptions=12436 cacheResets=1 batches=40317 verts=961902 texStalls=0 recompiles=829 underruns=0 overruns=0 sleep_us=3797389 queue_ms=123
fps: 59.9
vis: 60.0
cpu: exceptions=12706 cacheResets=1 batches=44547 verts=1062882 texStalls=0 recompiles=832 underruns=0 overruns=0 sleep_us=3944961 queue_ms=128
fps: 59.9
vis: 60.0
cpu: exceptions=13008 cacheResets=1 batches=48777 verts=1163862 texStalls=0 recompiles=832 underruns=0 overruns=0 sleep_us=4101912 queue_ms=124
fps: 60.2
vis: 60.0
cpu: exceptions=13285 cacheResets=1 batches=53007 verts=1264842 texStalls=0 recompiles=833 underruns=0 overruns=0 sleep_us=4276397 queue_ms=130
fps: 60.0
vis: 60.0
cpu: exceptions=13539 cacheResets=1 batches=57207 verts=1365642 texStalls=0 recompiles=835 underruns=0 overruns=0 sleep_us=4443227 queue_ms=126
fps: 60.0
vis: 60.0
cpu: exceptions=13822 cacheResets=1 batches=61427 verts=1466562 texStalls=0 recompiles=839 underruns=0 overruns=0 sleep_us=4604462 queue_ms=131
fps: 60.1
vis: 60.0
cpu: exceptions=14070 cacheResets=1 batches=65687 verts=1567722 texStalls=0 recompiles=839 underruns=0 overruns=0 sleep_us=4793473 queue_ms=127
fps: 60.0
vis: 60.0
cpu: exceptions=14331 cacheResets=1 batches=69947 verts=1668882 texStalls=0 recompiles=851 underruns=0 overruns=0 sleep_us=4965778 queue_ms=133
fps: 60.0
vis: 60.0
cpu: exceptions=14586 cacheResets=1 batches=74207 verts=1770042 texStalls=0 recompiles=851 underruns=0 overruns=0 sleep_us=5146432 queue_ms=129
fps: 60.0
vis: 60.0
cpu: exceptions=14861 cacheResets=1 batches=78467 verts=1871202 texStalls=0 recompiles=851 underruns=0 overruns=0 sleep_us=5318352 queue_ms=125
fps: 59.9
vis: 60.0
cpu: exceptions=15145 cacheResets=1 batches=82727 verts=1972362 texStalls=0 recompiles=851 underruns=0 overruns=0 sleep_us=5479896 queue_ms=130
fps: 60.0
vis: 60.0
cpu: exceptions=15422 cacheResets=1 batches=86987 verts=2073522 texStalls=0 recompiles=851 underruns=0 overruns=0 sleep_us=5637051 queue_ms=127
fps: 59.9
vis: 60.0
cpu: exceptions=15693 cacheResets=1 batches=91897 verts=2198832 texStalls=0 recompiles=853 underruns=0 overruns=0 sleep_us=5764899 queue_ms=132
fps: 60.0
mark: stop reason: chain guest VI limit
mark: stop_it requested
audio: alist_resample_calls=16686 alist_resample_samples=3070224 alist_zoh_calls=0 alist_zoh_samples=0 musyx_subframes=0 musyx_voices=0 musyx_voice_peak=0
audio_stages: adpcm_calls=16351 adpcm_samples=2627312 envmix_calls=16686 envmix_samples=3070224 mix_calls=106152 mix_samples=19531968 musyx_fx_calls=0 musyx_fx_taps=0 output_calls=897 output_samples=478768
audio_envmix: exp_calls=0 ge_calls=0 lin_calls=16686 nead_calls=0 exp_steady=0 ge_steady=0 lin_steady=10581
audio_gaps: nead_mats=0 nead_efz=0 resample_flag2=0 musyx_ptr10=0
audio_output: stream_requests=3332 stream_fed=1650 input_hz=32006 playback_hz=32006 queue_peak_ms=173
probe_schema: version=2 self=1 interval=127
vm_io: read_ahead=1 reads=0 hits=0 read_bytes=0 writes=0 write_bytes=0 errors=0
subsystem_time: stage=rsp_gfx calls=802 timed_calls=802 period=1 timed_us=3103060
subsystem_time: stage=rsp_audio calls=898 timed_calls=898 period=1 timed_us=977300
subsystem_time: stage=rsp_other calls=0 timed_calls=0 period=1 timed_us=0
subsystem_time: stage=lookup calls=3192716 timed_calls=25139 period=127 timed_us=5766
subsystem_time: stage=compile calls=853 timed_calls=853 period=1 timed_us=128243
subsystem_time: stage=dispatch calls=2956973 timed_calls=23283 period=127 timed_us=22847
subsystem_self: stage=dispatch calls=2956973 timed_calls=23283 self_us=15182 dropped=0
subsystem_time: stage=execute_inclusive calls=2956973 timed_calls=23283 period=127 timed_us=118501
subsystem_self: stage=execute_inclusive calls=2956973 timed_calls=23283 self_us=35324 dropped=0
subsystem_time: stage=rom_copy calls=10701 timed_calls=10701 period=1 timed_us=30132
subsystem_time: stage=present calls=899 timed_calls=899 period=1 timed_us=38098
subsystem_time: stage=limiter calls=844 timed_calls=844 period=1 timed_us=5892064
subsystem_time: stage=vm_fault calls=0 timed_calls=0 period=1 timed_us=0
subsystem_time: stage=vm_victim calls=0 timed_calls=0 period=1 timed_us=0
subsystem_time: stage=vm_read calls=0 timed_calls=0 period=1 timed_us=0
subsystem_time: stage=vm_write calls=0 timed_calls=0 period=1 timed_us=0
subsystem_time: stage=tex_hash calls=64253 timed_calls=64253 period=1 timed_us=319353
subsystem_time: stage=tex_lookup calls=64253 timed_calls=64253 period=1 timed_us=38271
subsystem_time: stage=tex_load calls=104 timed_calls=104 period=1 timed_us=10764
subsystem_time: stage=tex_activate calls=64253 timed_calls=64253 period=1 timed_us=45101
subsystem_time: stage=draw_triangles calls=96769 timed_calls=96769 period=1 timed_us=362143
subsystem_time: stage=draw_rect calls=1843 timed_calls=1843 period=1 timed_us=27638
subsystem_time: stage=gfx_list calls=802 timed_calls=802 period=1 timed_us=3101430
subsystem_time: stage=gfx_command calls=2613861 timed_calls=20581 period=127 timed_us=23365
gfx_ucodes: mask=00000004
gfx_opcode: op=01 calls=140110 timed_calls=1430 timed_us=3966
gfx_opcode: op=02 calls=86703 timed_calls=559 timed_us=107
gfx_opcode: op=05 calls=15650 timed_calls=100 timed_us=673
gfx_opcode: op=06 calls=379614 timed_calls=2687 timed_us=10508
gfx_opcode: op=d7 calls=65982 timed_calls=426 timed_us=87
gfx_opcode: op=d8 calls=50592 timed_calls=461 timed_us=77
gfx_opcode: op=d9 calls=80934 timed_calls=635 timed_us=101
gfx_opcode: op=da calls=150962 timed_calls=1226 timed_us=731
gfx_opcode: op=db calls=170943 timed_calls=1061 timed_us=180
gfx_opcode: op=dc calls=9587 timed_calls=61 timed_us=43
gfx_opcode: op=de calls=105940 timed_calls=814 timed_us=166
gfx_opcode: op=df calls=87877 timed_calls=830 timed_us=106
gfx_opcode: op=e2 calls=105504 timed_calls=1096 timed_us=156
gfx_opcode: op=e3 calls=102337 timed_calls=893 timed_us=148
gfx_opcode: op=e4 calls=432 timed_calls=4 timed_us=77
gfx_opcode: op=e6 calls=114993 timed_calls=978 timed_us=121
gfx_opcode: op=e7 calls=337079 timed_calls=2535 timed_us=319
gfx_opcode: op=e8 calls=37632 timed_calls=234 timed_us=28
gfx_opcode: op=e9 calls=802 timed_calls=5 timed_us=5
gfx_opcode: op=ed calls=5224 timed_calls=31 timed_us=14
gfx_opcode: op=f0 calls=50740 timed_calls=448 timed_us=319
gfx_opcode: op=f2 calls=60982 timed_calls=674 timed_us=197
gfx_opcode: op=f3 calls=60905 timed_calls=523 timed_us=1355
gfx_opcode: op=f4 calls=3348 timed_calls=26 timed_us=231
gfx_opcode: op=f5 calls=152665 timed_calls=940 timed_us=168
gfx_opcode: op=f6 calls=2159 timed_calls=14 timed_us=1645
gfx_opcode: op=f7 calls=1550 timed_calls=12 timed_us=6
gfx_opcode: op=f8 calls=1271 timed_calls=7 timed_us=1
gfx_opcode: op=f9 calls=21547 timed_calls=140 timed_us=27
gfx_opcode: op=fa calls=13663 timed_calls=83 timed_us=14
gfx_opcode: op=fb calls=2767 timed_calls=19 timed_us=4
gfx_opcode: op=fc calls=75471 timed_calls=750 timed_us=97
gfx_opcode: op=fd calls=111924 timed_calls=842 timed_us=119
gfx_opcode: op=fe calls=802 timed_calls=7 timed_us=6
gfx_opcode: op=ff calls=5170 timed_calls=30 timed_us=12
subsystem_time: stage=vertex calls=830124 timed_calls=6536 period=127 timed_us=2715
subsystem_time: stage=gfx_state calls=491154 timed_calls=3867 period=127 timed_us=8723
subsystem_self: stage=gfx_state calls=491154 timed_calls=3867 self_us=5269 dropped=0
subsystem_time: stage=gx_wait calls=4 timed_calls=4 period=1 timed_us=2552
subsystem_time: stage=dma_pi calls=10702 timed_calls=10702 period=1 timed_us=74985
subsystem_time: stage=dma_sp calls=3400 timed_calls=3400 period=1 timed_us=3722
subsystem_time: stage=dma_si calls=963 timed_calls=963 period=1 timed_us=18288
subsystem_time: stage=tlb_translate calls=0 timed_calls=0 period=127 timed_us=0
subsystem_time: stage=pif calls=964 timed_calls=964 period=1 timed_us=17065
subsystem_time: stage=input calls=3536 timed_calls=3536 period=1 timed_us=14470
subsystem_time: stage=guest_interrupt calls=21673 timed_calls=21673 period=1 timed_us=5981420
subsystem_self: stage=guest_interrupt calls=21673 timed_calls=21673 self_us=28859 dropped=0
subsystem_time: stage=interpreter_inclusive calls=0 timed_calls=0 period=1 timed_us=0
subsystem_self: stage=interpreter_inclusive calls=0 timed_calls=0 self_us=0 dropped=0
subsystem_time: stage=audio_submit calls=898 timed_calls=898 period=1 timed_us=15245
subsystem_time: stage=audio_callback calls=9335 timed_calls=9335 period=1 timed_us=8214
subsystem_time: stage=memory_slow calls=953467 timed_calls=7507 period=127 timed_us=28878
subsystem_self: stage=memory_slow calls=953467 timed_calls=7507 self_us=3210 dropped=0
subsystem_time: stage=jit_invalidate calls=235743 timed_calls=1856 period=127 timed_us=457
subsystem_time: stage=cpu_helper calls=8441111 timed_calls=66465 period=127 timed_us=62672
subsystem_time: stage=storage_read calls=0 timed_calls=0 period=1 timed_us=0
subsystem_time: stage=storage_write calls=0 timed_calls=0 period=1 timed_us=0
subsystem_time: stage=save_load calls=0 timed_calls=0 period=1 timed_us=0
subsystem_time: stage=save_write calls=0 timed_calls=0 period=1 timed_us=0
subsystem_time: stage=state_load calls=0 timed_calls=0 period=1 timed_us=0
subsystem_time: stage=state_save calls=0 timed_calls=0 period=1 timed_us=0
subsystem_time: stage=probe_io calls=3 timed_calls=3 period=1 timed_us=28929
subsystem_time: stage=agent_poll calls=1809 timed_calls=1809 period=1 timed_us=464
audio_time: stage=resample sampled_calls=131 sampled_samples=24104 sampled_us=953
audio_time: stage=zoh sampled_calls=0 sampled_samples=0 sampled_us=0
audio_time: stage=adpcm sampled_calls=128 sampled_samples=21280 sampled_us=888
audio_time: stage=envmix_exp sampled_calls=0 sampled_samples=0 sampled_us=0
audio_time: stage=envmix_ge sampled_calls=0 sampled_samples=0 sampled_us=0
audio_time: stage=envmix_lin sampled_calls=131 sampled_samples=24104 sampled_us=2453
audio_time: stage=envmix_nead sampled_calls=0 sampled_samples=0 sampled_us=0
audio_time: stage=mix sampled_calls=835 sampled_samples=153640 sampled_us=2531
audio_time: stage=musyx_voice sampled_calls=0 sampled_samples=0 sampled_us=0
audio_time: stage=musyx_fx sampled_calls=0 sampled_samples=0 sampled_us=0
audio_time: stage=output sampled_calls=7 sampled_samples=3680 sampled_us=102
gpu_counters: clks=3688480300 tb_clks=3688480368 ras_busy=232719729 xf_wait_in=3158770081 xf_wait_out=385729009 ras_peak_permille=88 ztop_in=674767396 ztop_out=648880892 z_in=187382748 z_out=124251384 blend_in=836524176 copy_clks=86593027 fifo_overflows=846
game: n=5/9 how=vis vis=900 vi_rate=60 vi0_retrace=9966 wall_us=15178853 sleep_us=5889500 avg_vis=57.97 avg_fps=54.46 exceptions=15951 cacheResets=1 recompiles=853 batches=96769 verts=2324634 texStalls=0 treeDepthMax=14 underruns=0 overruns=0 queue_peak_ms=154 dsp_avg=1.56 dsp_peak=1.90 dsp_samples=30 pmc1=6576952885 pmc2=6554764696 pmc3=0 pmc4=0 mmcr0=00000042 mmcr1=00000000 heap_used=10849208 heap_free=149832 arena1_free=233472 arena2_free=288704 flushes=3 flush_us=28928 padtrace=0 rom=sd:/wii64/roms/Super Smash Bros. (U) [!].z64
=== chain 5/9 end vis=900 how=vis rom=sd:/wii64/roms/Super Smash Bros. (U) [!].z64 ===
mark: pad replay records: 1
mark: loadROM: enter
mark: loadROM: before rom_read
mark: ROMCache_load: enter
mark: ROMCache_load: before first read
mark: ROMCache_load: first read returned
mark: ROMCache_load: byte_swap_type set
mark: ROMCache_load: first byte_swap done
menufps: 0.1
menufps: 8.4
menufps: 7.7
menufps: 8.1
menufps: 8.3
mark: ROMCache_load: loop exited normally
mark: ROMCache_load: elapsed_us=2873638 bytes=12582912 vm=0
mark: loadROM: after rom_read
mark: loadROM: before init_memory
mark: loadROM: after init_memory
mark: loadROM: before romOpen_gfx
mark: loadROM: after romOpen_gfx / before romOpen_audio
mark: loadROM: after romOpen_audio / before romOpen_input
mark: loadROM: after romOpen_input / before cpu_init
mark: loadROM: after cpu_init
menufps: 6.4
menufps: 1.9
menufps: 1.0
menufps: 1.0
fps: 2.6
first_vi: vi0_retrace=11257
vis: 4.3
cpu: exceptions=0 cacheResets=0 batches=0 verts=0 texStalls=0 recompiles=0 underruns=0 overruns=0 sleep_us=0 queue_ms=0
mark: CPU core dispatch: dynarec
vis: 60.0
cpu: exceptions=100 cacheResets=1 batches=0 verts=0 texStalls=0 recompiles=296 underruns=0 overruns=0 sleep_us=22988 queue_ms=0
vis: 60.0
cpu: exceptions=266 cacheResets=1 batches=0 verts=0 texStalls=0 recompiles=472 underruns=1 overruns=0 sleep_us=216371 queue_ms=5
fps: 0.8
vis: 60.0
cpu: exceptions=427 cacheResets=1 batches=0 verts=0 texStalls=0 recompiles=675 underruns=1 overruns=0 sleep_us=532465 queue_ms=9
vis: 60.0
cpu: exceptions=697 cacheResets=1 batches=0 verts=0 texStalls=0 recompiles=675 underruns=1 overruns=0 sleep_us=995903 queue_ms=13
vis: 60.0
cpu: exceptions=930 cacheResets=1 batches=0 verts=0 texStalls=0 recompiles=677 underruns=1 overruns=0 sleep_us=1459701 queue_ms=18
vis: 60.0
cpu: exceptions=1154 cacheResets=1 batches=0 verts=0 texStalls=0 recompiles=677 underruns=1 overruns=0 sleep_us=1924077 queue_ms=9
vis: 60.0
cpu: exceptions=1370 cacheResets=1 batches=0 verts=0 texStalls=0 recompiles=685 underruns=2 overruns=0 sleep_us=2388156 queue_ms=13
vis: 60.0
cpu: exceptions=1594 cacheResets=1 batches=0 verts=0 texStalls=0 recompiles=685 underruns=2 overruns=0 sleep_us=2852870 queue_ms=18
fps: 1.4
vis: 60.0
cpu: exceptions=1747 cacheResets=1 batches=348 verts=1044 texStalls=0 recompiles=713 underruns=2 overruns=0 sleep_us=3168734 queue_ms=22
fps: 60.2
vis: 60.0
cpu: exceptions=1897 cacheResets=1 batches=708 verts=2124 texStalls=0 recompiles=713 underruns=2 overruns=0 sleep_us=3488945 queue_ms=13
fps: 60.0
vis: 60.0
cpu: exceptions=2074 cacheResets=1 batches=4160 verts=45240 texStalls=0 recompiles=796 underruns=2 overruns=0 sleep_us=3818092 queue_ms=15
fps: 56.0
vis: 60.0
cpu: exceptions=2253 cacheResets=1 batches=11300 verts=136860 texStalls=0 recompiles=796 underruns=2 overruns=0 sleep_us=4152648 queue_ms=18
fps: 59.9
vis: 60.0
cpu: exceptions=2440 cacheResets=1 batches=18440 verts=228480 texStalls=0 recompiles=809 underruns=2 overruns=0 sleep_us=4471136 queue_ms=23
fps: 60.0
vis: 60.0
cpu: exceptions=2616 cacheResets=1 batches=25580 verts=320100 texStalls=0 recompiles=809 underruns=2 overruns=0 sleep_us=4793696 queue_ms=13
fps: 60.2
vis: 60.0
cpu: exceptions=2821 cacheResets=1 batches=32720 verts=411720 texStalls=0 recompiles=812 underruns=2 overruns=0 sleep_us=5113543 queue_ms=14
fps: 60.0
vis: 60.0
cpu: exceptions=3001 cacheResets=1 batches=39860 verts=503340 texStalls=0 recompiles=812 underruns=2 overruns=0 sleep_us=5432815 queue_ms=18
fps: 60.0
vis: 60.0
cpu: exceptions=3171 cacheResets=1 batches=47000 verts=594960 texStalls=0 recompiles=813 underruns=2 overruns=0 sleep_us=5756475 queue_ms=10
fps: 60.0
vis: 60.0
cpu: exceptions=3353 cacheResets=1 batches=54140 verts=686580 texStalls=0 recompiles=813 underruns=2 overruns=0 sleep_us=6075576 queue_ms=14
fps: 60.0
vis: 60.0
cpu: exceptions=3554 cacheResets=1 batches=61280 verts=778200 texStalls=0 recompiles=813 underruns=2 overruns=0 sleep_us=6393225 queue_ms=15
fps: 60.0
vis: 60.0
cpu: exceptions=3721 cacheResets=1 batches=68420 verts=869820 texStalls=0 recompiles=813 underruns=2 overruns=0 sleep_us=6718096 queue_ms=18
fps: 60.0
vis: 60.0
cpu: exceptions=3894 cacheResets=1 batches=75560 verts=961440 texStalls=0 recompiles=813 underruns=2 overruns=0 sleep_us=7037924 queue_ms=11
fps: 60.0
vis: 60.0
cpu: exceptions=4067 cacheResets=1 batches=82700 verts=1053060 texStalls=0 recompiles=813 underruns=2 overruns=0 sleep_us=7357104 queue_ms=14
fps: 60.0
vis: 60.0
cpu: exceptions=4263 cacheResets=1 batches=89840 verts=1144680 texStalls=0 recompiles=813 underruns=2 overruns=0 sleep_us=7679883 queue_ms=15
fps: 60.0
vis: 60.0
cpu: exceptions=4436 cacheResets=1 batches=96980 verts=1236300 texStalls=0 recompiles=813 underruns=2 overruns=0 sleep_us=7997703 queue_ms=19
fps: 60.0
vis: 60.0
cpu: exceptions=4608 cacheResets=1 batches=104120 verts=1327920 texStalls=0 recompiles=813 underruns=2 overruns=0 sleep_us=8318331 queue_ms=10
fps: 60.0
vis: 60.0
cpu: exceptions=4775 cacheResets=1 batches=111260 verts=1419540 texStalls=0 recompiles=813 underruns=2 overruns=0 sleep_us=8642587 queue_ms=15
fps: 56.7
vis: 60.0
cpu: exceptions=4974 cacheResets=1 batches=118400 verts=1511160 texStalls=0 recompiles=813 underruns=4 overruns=0 sleep_us=8959801 queue_ms=16
fps: 60.5
vis: 60.0
cpu: exceptions=5151 cacheResets=1 batches=119363 verts=1534314 texStalls=0 recompiles=835 underruns=4 overruns=0 sleep_us=9336827 queue_ms=6
fps: 59.9
vis: 60.0
cpu: exceptions=5340 cacheResets=1 batches=120233 verts=1558434 texStalls=0 recompiles=836 underruns=4 overruns=0 sleep_us=9714547 queue_ms=12
fps: 60.0
mark: stop reason: chain guest VI limit
mark: stop_it requested
audio: alist_resample_calls=18199 alist_resample_samples=2623744 alist_zoh_calls=0 alist_zoh_samples=0 musyx_subframes=0 musyx_voices=0 musyx_voice_peak=0
audio_stages: adpcm_calls=15527 adpcm_samples=620464 envmix_calls=16034 envmix_samples=2305456 mix_calls=41135 mix_samples=6047472 musyx_fx_calls=0 musyx_fx_taps=0 output_calls=433 output_samples=318288
audio_envmix: exp_calls=0 ge_calls=16034 lin_calls=0 nead_calls=0 exp_steady=0 ge_steady=14219 lin_steady=0
audio_gaps: nead_mats=0 nead_efz=0 resample_flag2=0 musyx_ptr10=0
audio_output: stream_requests=2990 stream_fed=1104 input_hz=22047 playback_hz=22047 queue_peak_ms=56
probe_schema: version=2 self=1 interval=127
vm_io: read_ahead=1 reads=0 hits=0 read_bytes=0 writes=0 write_bytes=0 errors=0
subsystem_time: stage=rsp_gfx calls=660 timed_calls=660 period=1 timed_us=1365685
subsystem_time: stage=rsp_audio calls=433 timed_calls=433 period=1 timed_us=574021
subsystem_time: stage=rsp_other calls=0 timed_calls=0 period=1 timed_us=0
subsystem_time: stage=lookup calls=1656799 timed_calls=13045 period=127 timed_us=2929
subsystem_time: stage=compile calls=837 timed_calls=837 period=1 timed_us=95553
subsystem_time: stage=dispatch calls=1558233 timed_calls=12269 period=127 timed_us=16669
subsystem_self: stage=dispatch calls=1558233 timed_calls=12269 self_us=11429 dropped=0
subsystem_time: stage=execute_inclusive calls=1558233 timed_calls=12269 period=127 timed_us=71676
subsystem_self: stage=execute_inclusive calls=1558233 timed_calls=12269 self_us=17545 dropped=0
subsystem_time: stage=rom_copy calls=620 timed_calls=620 period=1 timed_us=11869
subsystem_time: stage=present calls=899 timed_calls=899 period=1 timed_us=35099
subsystem_time: stage=limiter calls=868 timed_calls=868 period=1 timed_us=10061019
subsystem_time: stage=vm_fault calls=0 timed_calls=0 period=1 timed_us=0
subsystem_time: stage=vm_victim calls=0 timed_calls=0 period=1 timed_us=0
subsystem_time: stage=vm_read calls=0 timed_calls=0 period=1 timed_us=0
subsystem_time: stage=vm_write calls=0 timed_calls=0 period=1 timed_us=0
subsystem_time: stage=tex_hash calls=29691 timed_calls=29691 period=1 timed_us=79425
subsystem_time: stage=tex_lookup calls=29691 timed_calls=29691 period=1 timed_us=9402
subsystem_time: stage=tex_load calls=69 timed_calls=69 period=1 timed_us=1374
subsystem_time: stage=tex_activate calls=29691 timed_calls=29691 period=1 timed_us=11630
subsystem_time: stage=draw_triangles calls=121074 timed_calls=121074 period=1 timed_us=260626
subsystem_time: stage=draw_rect calls=17457 timed_calls=17457 period=1 timed_us=104271
subsystem_time: stage=gfx_list calls=660 timed_calls=660 period=1 timed_us=1364697
subsystem_time: stage=gfx_command calls=653190 timed_calls=5143 period=127 timed_us=11139
gfx_ucodes: mask=00001000
gfx_opcode: op=01 calls=12366 timed_calls=106 timed_us=48
gfx_opcode: op=03 calls=1818 timed_calls=16 timed_us=18
gfx_opcode: op=04 calls=48525 timed_calls=374 timed_us=3334
gfx_opcode: op=06 calls=13110 timed_calls=110 timed_us=25
gfx_opcode: op=b1 calls=138519 timed_calls=1076 timed_us=4977
gfx_opcode: op=b6 calls=12297 timed_calls=106 timed_us=16
gfx_opcode: op=b7 calls=12450 timed_calls=104 timed_us=15
gfx_opcode: op=b8 calls=13770 timed_calls=116 timed_us=18
gfx_opcode: op=b9 calls=13164 timed_calls=94 timed_us=18
gfx_opcode: op=ba calls=71856 timed_calls=584 timed_us=104
gfx_opcode: op=bb calls=12945 timed_calls=104 timed_us=24
gfx_opcode: op=bc calls=14745 timed_calls=117 timed_us=25
gfx_opcode: op=bf calls=26967 timed_calls=206 timed_us=367
gfx_opcode: op=e4 calls=17457 timed_calls=143 timed_us=991
gfx_opcode: op=e6 calls=29691 timed_calls=225 timed_us=28
gfx_opcode: op=e7 calls=43050 timed_calls=323 timed_us=45
gfx_opcode: op=e9 calls=660 timed_calls=6 timed_us=6
gfx_opcode: op=ed calls=1320 timed_calls=12 timed_us=8
gfx_opcode: op=f2 calls=31455 timed_calls=248 timed_us=65
gfx_opcode: op=f3 calls=29691 timed_calls=224 timed_us=382
gfx_opcode: op=f5 calls=60855 timed_calls=477 timed_us=96
gfx_opcode: op=f6 calls=660 timed_calls=6 timed_us=6
gfx_opcode: op=f7 calls=660 timed_calls=6 timed_us=4
gfx_opcode: op=fa calls=996 timed_calls=6 timed_us=1
gfx_opcode: op=fc calls=13152 timed_calls=96 timed_us=14
gfx_opcode: op=fd calls=29691 timed_calls=249 timed_us=36
gfx_opcode: op=ff calls=1320 timed_calls=9 timed_us=6
subsystem_time: stage=vertex calls=712209 timed_calls=5607 period=127 timed_us=2304
subsystem_time: stage=gfx_state calls=32799 timed_calls=258 period=127 timed_us=1520
subsystem_self: stage=gfx_state calls=32799 timed_calls=258 self_us=685 dropped=0
subsystem_time: stage=gx_wait calls=4 timed_calls=4 period=1 timed_us=2554
subsystem_time: stage=dma_pi calls=620 timed_calls=620 period=1 timed_us=25925
subsystem_time: stage=dma_sp calls=2186 timed_calls=2186 period=1 timed_us=2174
subsystem_time: stage=dma_si calls=1681 timed_calls=1681 period=1 timed_us=15907
subsystem_time: stage=tlb_translate calls=2212180 timed_calls=17418 period=127 timed_us=2249
subsystem_time: stage=pif calls=1682 timed_calls=1682 period=1 timed_us=14703
subsystem_time: stage=input calls=2972 timed_calls=2972 period=1 timed_us=11929
subsystem_time: stage=guest_interrupt calls=7046 timed_calls=7046 period=1 timed_us=10166876
subsystem_self: stage=guest_interrupt calls=7046 timed_calls=7046 self_us=20784 dropped=0
subsystem_time: stage=interpreter_inclusive calls=0 timed_calls=0 period=1 timed_us=0
subsystem_self: stage=interpreter_inclusive calls=0 timed_calls=0 self_us=0 dropped=0
subsystem_time: stage=audio_submit calls=433 timed_calls=433 period=1 timed_us=6082
subsystem_time: stage=audio_callback calls=8985 timed_calls=8985 period=1 timed_us=4956
subsystem_time: stage=memory_slow calls=997491 timed_calls=7854 period=127 timed_us=15707
subsystem_self: stage=memory_slow calls=997491 timed_calls=7854 self_us=3894 dropped=0
subsystem_time: stage=jit_invalidate calls=98566 timed_calls=776 period=127 timed_us=150
subsystem_time: stage=cpu_helper calls=4641978 timed_calls=36551 period=127 timed_us=32596
subsystem_time: stage=storage_read calls=0 timed_calls=0 period=1 timed_us=0
subsystem_time: stage=storage_write calls=0 timed_calls=0 period=1 timed_us=0
subsystem_time: stage=save_load calls=0 timed_calls=0 period=1 timed_us=0
subsystem_time: stage=save_write calls=0 timed_calls=0 period=1 timed_us=0
subsystem_time: stage=state_load calls=0 timed_calls=0 period=1 timed_us=0
subsystem_time: stage=state_save calls=0 timed_calls=0 period=1 timed_us=0
subsystem_time: stage=probe_io calls=4 timed_calls=4 period=1 timed_us=56510
subsystem_time: stage=agent_poll calls=1810 timed_calls=1810 period=1 timed_us=428
audio_time: stage=resample sampled_calls=143 sampled_samples=20368 sampled_us=868
audio_time: stage=zoh sampled_calls=0 sampled_samples=0 sampled_us=0
audio_time: stage=adpcm sampled_calls=122 sampled_samples=4912 sampled_us=229
audio_time: stage=envmix_exp sampled_calls=0 sampled_samples=0 sampled_us=0
audio_time: stage=envmix_ge sampled_calls=126 sampled_samples=18352 sampled_us=1783
audio_time: stage=envmix_lin sampled_calls=0 sampled_samples=0 sampled_us=0
audio_time: stage=envmix_nead sampled_calls=0 sampled_samples=0 sampled_us=0
audio_time: stage=mix sampled_calls=323 sampled_samples=47968 sampled_us=763
audio_time: stage=musyx_voice sampled_calls=0 sampled_samples=0 sampled_us=0
audio_time: stage=musyx_fx sampled_calls=0 sampled_samples=0 sampled_us=0
audio_time: stage=output sampled_calls=3 sampled_samples=2192 sampled_us=38
gpu_counters: clks=3690103610 tb_clks=3690103672 ras_busy=47586973 xf_wait_in=3570013274 xf_wait_out=36342169 ras_peak_permille=20 ztop_in=183987044 ztop_out=181454744 z_in=0 z_out=0 blend_in=181634892 copy_clks=74495187 fifo_overflows=0
game: n=6/9 how=vis vis=900 vi_rate=60 vi0_retrace=11257 wall_us=15185530 sleep_us=10058392 avg_vis=58.14 avg_fps=52.43 exceptions=5543 cacheResets=1 recompiles=837 batches=121074 verts=1581750 texStalls=0 treeDepthMax=15 underruns=4 overruns=0 queue_peak_ms=23 dsp_avg=1.38 dsp_peak=1.60 dsp_samples=30 pmc1=3591465822 pmc2=3897895849 pmc3=0 pmc4=0 mmcr0=00000042 mmcr1=00000000 heap_used=10846488 heap_free=152552 arena1_free=233472 arena2_free=288704 flushes=4 flush_us=56509 padtrace=0 rom=sd:/wii64/roms/GoldenEye 007 (USA).z64
=== chain 6/9 end vis=900 how=vis rom=sd:/wii64/roms/GoldenEye 007 (USA).z64 ===
mark: pad replay records: 1
mark: loadROM: enter
mark: loadROM: before rom_read
mark: ROMCache_load: enter
mark: ROMCache_load: before first read
mark: ROMCache_load: first read returned
mark: ROMCache_load: byte_swap_type set
mark: ROMCache_load: first byte_swap done
menufps: 0.1
menufps: 8.5
menufps: 8.3
menufps: 8.3
mark: ROMCache_load: loop exited normally
mark: ROMCache_load: elapsed_us=1876710 bytes=8388608 vm=0
mark: loadROM: after rom_read
mark: loadROM: before init_memory
mark: loadROM: after init_memory
mark: loadROM: before romOpen_gfx
mark: loadROM: after romOpen_gfx / before romOpen_audio
mark: loadROM: after romOpen_audio / before romOpen_input
mark: loadROM: after romOpen_input / before cpu_init
mark: loadROM: after cpu_init
menufps: 2.4
menufps: 1.0
menufps: 1.0
fps: 4.2
first_vi: vi0_retrace=12487
vis: 5.0
cpu: exceptions=0 cacheResets=0 batches=0 verts=0 texStalls=0 recompiles=0 underruns=0 overruns=0 sleep_us=0 queue_ms=0
mark: CPU core dispatch: dynarec
vis: 60.0
cpu: exceptions=60 cacheResets=1 batches=0 verts=0 texStalls=0 recompiles=163 underruns=1 overruns=0 sleep_us=68009 queue_ms=48
fps: 1.2
vis: 60.0
cpu: exceptions=216 cacheResets=1 batches=0 verts=0 texStalls=0 recompiles=207 underruns=1 overruns=0 sleep_us=520433 queue_ms=52
vis: 60.0
cpu: exceptions=516 cacheResets=1 batches=0 verts=0 texStalls=0 recompiles=207 underruns=1 overruns=0 sleep_us=987252 queue_ms=48
vis: 60.0
cpu: exceptions=816 cacheResets=1 batches=0 verts=0 texStalls=0 recompiles=233 underruns=1 overruns=0 sleep_us=1451641 queue_ms=53
vis: 60.0
cpu: exceptions=1069 cacheResets=1 batches=0 verts=0 texStalls=0 recompiles=287 underruns=1 overruns=0 sleep_us=1909098 queue_ms=50
vis: 60.0
cpu: exceptions=1140 cacheResets=1 batches=0 verts=0 texStalls=0 recompiles=288 underruns=2 overruns=0 sleep_us=2300191 queue_ms=0
fps: 0.4
vis: 59.2
cpu: exceptions=1283 cacheResets=1 batches=0 verts=0 texStalls=0 recompiles=508 underruns=4 overruns=0 sleep_us=2506898 queue_ms=20
vis: 52.8
cpu: exceptions=1425 cacheResets=1 batches=0 verts=0 texStalls=0 recompiles=732 underruns=6 overruns=0 sleep_us=2715683 queue_ms=3
fps: 1.7
vis: 60.0
cpu: exceptions=1613 cacheResets=1 batches=3470 verts=86430 texStalls=0 recompiles=834 underruns=8 overruns=0 sleep_us=2855450 queue_ms=52
fps: 21.4
vis: 60.0
cpu: exceptions=1797 cacheResets=1 batches=6940 verts=172860 texStalls=0 recompiles=835 underruns=8 overruns=0 sleep_us=3049992 queue_ms=59
fps: 20.0
vis: 60.0
cpu: exceptions=1992 cacheResets=1 batches=10410 verts=259290 texStalls=0 recompiles=836 underruns=8 overruns=0 sleep_us=3238887 queue_ms=54
fps: 20.0
vis: 60.0
cpu: exceptions=2190 cacheResets=1 batches=13932 verts=345876 texStalls=0 recompiles=838 underruns=8 overruns=0 sleep_us=3424281 queue_ms=51
fps: 20.0
vis: 60.0
cpu: exceptions=2384 cacheResets=1 batches=17632 verts=432996 texStalls=0 recompiles=841 underruns=8 overruns=0 sleep_us=3613825 queue_ms=55
fps: 20.0
vis: 60.0
cpu: exceptions=2603 cacheResets=1 batches=21426 verts=520398 texStalls=0 recompiles=844 underruns=8 overruns=0 sleep_us=3782740 queue_ms=52
fps: 20.0
vis: 60.0
cpu: exceptions=2839 cacheResets=1 batches=25296 verts=608028 texStalls=0 recompiles=844 underruns=8 overruns=0 sleep_us=3949482 queue_ms=57
fps: 20.0
vis: 60.0
cpu: exceptions=3090 cacheResets=1 batches=29228 verts=695844 texStalls=0 recompiles=844 underruns=8 overruns=0 sleep_us=4107864 queue_ms=53
fps: 19.8
vis: 60.0
cpu: exceptions=3369 cacheResets=1 batches=33212 verts=786168 texStalls=0 recompiles=845 underruns=8 overruns=0 sleep_us=4247558 queue_ms=40
fps: 19.8
vis: 60.0
cpu: exceptions=3652 cacheResets=1 batches=37128 verts=877296 texStalls=0 recompiles=845 underruns=8 overruns=0 sleep_us=4392088 queue_ms=46
fps: 20.0
vis: 60.0
cpu: exceptions=3926 cacheResets=1 batches=40785 verts=968247 texStalls=0 recompiles=845 underruns=8 overruns=0 sleep_us=4542410 queue_ms=42
fps: 20.0
vis: 60.0
cpu: exceptions=4190 cacheResets=1 batches=44355 verts=1058937 texStalls=0 recompiles=845 underruns=8 overruns=0 sleep_us=4698796 queue_ms=47
fps: 20.0
vis: 60.0
cpu: exceptions=4461 cacheResets=1 batches=47925 verts=1149627 texStalls=0 recompiles=845 underruns=8 overruns=0 sleep_us=4851692 queue_ms=44
fps: 20.0
vis: 60.0
cpu: exceptions=4732 cacheResets=1 batches=51497 verts=1240323 texStalls=0 recompiles=845 underruns=8 overruns=0 sleep_us=4999948 queue_ms=39
fps: 20.0
vis: 60.0
cpu: exceptions=5006 cacheResets=1 batches=55122 verts=1331799 texStalls=0 recompiles=847 underruns=8 overruns=0 sleep_us=5146962 queue_ms=45
fps: 19.9
vis: 60.0
cpu: exceptions=5288 cacheResets=1 batches=58818 verts=1423767 texStalls=0 recompiles=848 underruns=8 overruns=0 sleep_us=5291166 queue_ms=41
fps: 20.0
vis: 60.0
cpu: exceptions=5573 cacheResets=1 batches=62588 verts=1515921 texStalls=0 recompiles=858 underruns=8 overruns=0 sleep_us=5422677 queue_ms=47
fps: 20.0
vis: 60.0
cpu: exceptions=5810 cacheResets=1 batches=66613 verts=1609068 texStalls=0 recompiles=863 underruns=8 overruns=0 sleep_us=5572736 queue_ms=42
fps: 20.1
vis: 60.0
cpu: exceptions=6013 cacheResets=1 batches=70591 verts=1702254 texStalls=0 recompiles=864 underruns=8 overruns=0 sleep_us=5742621 queue_ms=49
fps: 20.0
vis: 60.0
cpu: exceptions=6179 cacheResets=1 batches=74539 verts=1795887 texStalls=0 recompiles=866 underruns=8 overruns=0 sleep_us=5920059 queue_ms=44
fps: 20.0
vis: 60.0
cpu: exceptions=6399 cacheResets=1 batches=78251 verts=1888464 texStalls=0 recompiles=866 underruns=8 overruns=0 sleep_us=6087591 queue_ms=41
fps: 20.0
vis: 60.0
cpu: exceptions=6581 cacheResets=1 batches=81922 verts=1980558 texStalls=0 recompiles=866 underruns=8 overruns=0 sleep_us=6260405 queue_ms=46
mark: stop reason: chain guest VI limit
mark: stop_it requested
audio: alist_resample_calls=30582 alist_resample_samples=4080152 alist_zoh_calls=0 alist_zoh_samples=0 musyx_subframes=0 musyx_voices=0 musyx_voice_peak=0
audio_stages: adpcm_calls=23953 adpcm_samples=3233952 envmix_calls=23750 envmix_samples=3168504 mix_calls=21026 mix_samples=6632320 musyx_fx_calls=0 musyx_fx_taps=0 output_calls=862 output_samples=459344
audio_envmix: exp_calls=23750 ge_calls=0 lin_calls=0 nead_calls=0 exp_steady=20211 ge_steady=0 lin_steady=0
audio_gaps: nead_mats=0 nead_efz=0 resample_flag2=0 musyx_ptr10=0
audio_output: stream_requests=3428 stream_fed=1593 input_hz=32006 playback_hz=32006 queue_peak_ms=74
probe_schema: version=2 self=1 interval=127
vm_io: read_ahead=1 reads=0 hits=0 read_bytes=0 writes=0 write_bytes=0 errors=0
subsystem_time: stage=rsp_gfx calls=224 timed_calls=224 period=1 timed_us=2914152
subsystem_time: stage=rsp_audio calls=854 timed_calls=854 period=1 timed_us=831631
subsystem_time: stage=rsp_other calls=0 timed_calls=0 period=1 timed_us=0
subsystem_time: stage=lookup calls=2002912 timed_calls=15770 period=127 timed_us=3993
subsystem_time: stage=compile calls=866 timed_calls=866 period=1 timed_us=219051
subsystem_time: stage=dispatch calls=2002875 timed_calls=15770 period=127 timed_us=18716
subsystem_self: stage=dispatch calls=2002875 timed_calls=15770 self_us=10958 dropped=0
subsystem_time: stage=execute_inclusive calls=2002875 timed_calls=15770 period=127 timed_us=116819
subsystem_self: stage=execute_inclusive calls=2002875 timed_calls=15770 self_us=61536 dropped=0
subsystem_time: stage=rom_copy calls=2674 timed_calls=2674 period=1 timed_us=25955
subsystem_time: stage=present calls=899 timed_calls=899 period=1 timed_us=29041
subsystem_time: stage=limiter calls=637 timed_calls=637 period=1 timed_us=6268693
subsystem_time: stage=vm_fault calls=0 timed_calls=0 period=1 timed_us=0
subsystem_time: stage=vm_victim calls=0 timed_calls=0 period=1 timed_us=0
subsystem_time: stage=vm_read calls=0 timed_calls=0 period=1 timed_us=0
subsystem_time: stage=vm_write calls=0 timed_calls=0 period=1 timed_us=0
subsystem_time: stage=tex_hash calls=65271 timed_calls=65271 period=1 timed_us=879128
subsystem_time: stage=tex_lookup calls=65271 timed_calls=65271 period=1 timed_us=57734
subsystem_time: stage=tex_load calls=178 timed_calls=178 period=1 timed_us=12008
subsystem_time: stage=tex_activate calls=65271 timed_calls=65271 period=1 timed_us=37754
subsystem_time: stage=draw_triangles calls=82286 timed_calls=82286 period=1 timed_us=268381
subsystem_time: stage=draw_rect calls=2289 timed_calls=2289 period=1 timed_us=23931
subsystem_time: stage=gfx_list calls=224 timed_calls=224 period=1 timed_us=2913672
subsystem_time: stage=gfx_command calls=1457967 timed_calls=11480 period=127 timed_us=23423
gfx_ucodes: mask=00010000
gfx_opcode: op=01 calls=15715 timed_calls=125 timed_us=57
gfx_opcode: op=03 calls=1768 timed_calls=14 timed_us=11
gfx_opcode: op=04 calls=88042 timed_calls=671 timed_us=3634
gfx_opcode: op=06 calls=36442 timed_calls=302 timed_us=63
gfx_opcode: op=b4 calls=221 timed_calls=2 timed_us=0
gfx_opcode: op=b5 calls=118526 timed_calls=915 timed_us=5904
gfx_opcode: op=b6 calls=8621 timed_calls=68 timed_us=10
gfx_opcode: op=b7 calls=8620 timed_calls=67 timed_us=10
gfx_opcode: op=b8 calls=36666 timed_calls=293 timed_us=41
gfx_opcode: op=b9 calls=9521 timed_calls=77 timed_us=15
gfx_opcode: op=ba calls=24763 timed_calls=196 timed_us=37
gfx_opcode: op=bb calls=28951 timed_calls=247 timed_us=49
gfx_opcode: op=bc calls=5246 timed_calls=37 timed_us=11
gfx_opcode: op=bd calls=1105 timed_calls=8 timed_us=1
gfx_opcode: op=be calls=4199 timed_calls=36 timed_us=5
gfx_opcode: op=bf calls=426201 timed_calls=3418 timed_us=7517
gfx_opcode: op=c0 calls=223 timed_calls=2 timed_us=0
gfx_opcode: op=e4 calls=1847 timed_calls=15 timed_us=143
gfx_opcode: op=e6 calls=79889 timed_calls=634 timed_us=79
gfx_opcode: op=e7 calls=68652 timed_calls=511 timed_us=70
gfx_opcode: op=e8 calls=115394 timed_calls=902 timed_us=113
gfx_opcode: op=e9 calls=224 timed_calls=1 timed_us=1
gfx_opcode: op=ed calls=446 timed_calls=2 timed_us=1
gfx_opcode: op=f0 calls=9945 timed_calls=70 timed_us=192
gfx_opcode: op=f2 calls=53389 timed_calls=431 timed_us=107
gfx_opcode: op=f3 calls=69723 timed_calls=517 timed_us=3088
gfx_opcode: op=f4 calls=221 timed_calls=0 timed_us=0
gfx_opcode: op=f5 calls=133278 timed_calls=1008 timed_us=181
gfx_opcode: op=f6 calls=669 timed_calls=8 timed_us=1067
gfx_opcode: op=f7 calls=448 timed_calls=1 timed_us=0
gfx_opcode: op=f8 calls=884 timed_calls=7 timed_us=1
gfx_opcode: op=fa calls=935 timed_calls=5 timed_us=1
gfx_opcode: op=fb calls=5413 timed_calls=53 timed_us=9
gfx_opcode: op=fc calls=21218 timed_calls=176 timed_us=24
gfx_opcode: op=fd calls=79889 timed_calls=658 timed_us=97
gfx_opcode: op=fe calls=223 timed_calls=1 timed_us=0
gfx_opcode: op=ff calls=450 timed_calls=2 timed_us=1
subsystem_time: stage=vertex calls=943510 timed_calls=7429 period=127 timed_us=2494
subsystem_time: stage=gfx_state calls=68446 timed_calls=538 period=127 timed_us=8731
subsystem_self: stage=gfx_state calls=68446 timed_calls=538 self_us=1119 dropped=0
subsystem_time: stage=gx_wait calls=4 timed_calls=4 period=1 timed_us=2549
subsystem_time: stage=dma_pi calls=2674 timed_calls=2674 period=1 timed_us=50864
subsystem_time: stage=dma_sp calls=2156 timed_calls=2156 period=1 timed_us=2107
subsystem_time: stage=dma_si calls=741 timed_calls=741 period=1 timed_us=5317
subsystem_time: stage=tlb_translate calls=0 timed_calls=0 period=127 timed_us=0
subsystem_time: stage=pif calls=742 timed_calls=742 period=1 timed_us=4787
subsystem_time: stage=input calls=896 timed_calls=896 period=1 timed_us=3874
subsystem_time: stage=guest_interrupt calls=9477 timed_calls=9477 period=1 timed_us=6340994
subsystem_self: stage=guest_interrupt calls=9477 timed_calls=9477 self_us=20886 dropped=0
subsystem_time: stage=interpreter_inclusive calls=0 timed_calls=0 period=1 timed_us=0
subsystem_self: stage=interpreter_inclusive calls=0 timed_calls=0 self_us=0 dropped=0
subsystem_time: stage=audio_submit calls=862 timed_calls=862 period=1 timed_us=10183
subsystem_time: stage=audio_callback calls=9454 timed_calls=9454 period=1 timed_us=7372
subsystem_time: stage=memory_slow calls=577506 timed_calls=4547 period=127 timed_us=38785
subsystem_self: stage=memory_slow calls=577506 timed_calls=4547 self_us=1757 dropped=0
subsystem_time: stage=jit_invalidate calls=37 timed_calls=0 period=127 timed_us=0
subsystem_time: stage=cpu_helper calls=8947797 timed_calls=70455 period=127 timed_us=31776
subsystem_time: stage=storage_read calls=0 timed_calls=0 period=1 timed_us=0
subsystem_time: stage=storage_write calls=0 timed_calls=0 period=1 timed_us=0
subsystem_time: stage=save_load calls=0 timed_calls=0 period=1 timed_us=0
subsystem_time: stage=save_write calls=0 timed_calls=0 period=1 timed_us=0
subsystem_time: stage=state_load calls=0 timed_calls=0 period=1 timed_us=0
subsystem_time: stage=state_save calls=0 timed_calls=0 period=1 timed_us=0
subsystem_time: stage=probe_io calls=3 timed_calls=3 period=1 timed_us=30368
subsystem_time: stage=agent_poll calls=1813 timed_calls=1813 period=1 timed_us=461
audio_time: stage=resample sampled_calls=240 sampled_samples=32032 sampled_us=1380
audio_time: stage=zoh sampled_calls=0 sampled_samples=0 sampled_us=0
audio_time: stage=adpcm sampled_calls=188 sampled_samples=25424 sampled_us=1068
audio_time: stage=envmix_exp sampled_calls=187 sampled_samples=24952 sampled_us=2480
audio_time: stage=envmix_ge sampled_calls=0 sampled_samples=0 sampled_us=0
audio_time: stage=envmix_lin sampled_calls=0 sampled_samples=0 sampled_us=0
audio_time: stage=envmix_nead sampled_calls=0 sampled_samples=0 sampled_us=0
audio_time: stage=mix sampled_calls=165 sampled_samples=51712 sampled_us=843
audio_time: stage=musyx_voice sampled_calls=0 sampled_samples=0 sampled_us=0
audio_time: stage=musyx_fx sampled_calls=0 sampled_samples=0 sampled_us=0
audio_time: stage=output sampled_calls=6 sampled_samples=3232 sampled_us=56
gpu_counters: clks=3701559000 tb_clks=3701559064 ras_busy=46404477 xf_wait_in=3571924073 xf_wait_out=52390242 ras_peak_permille=22 ztop_in=173835576 ztop_out=166451940 z_in=1209716 z_out=654220 blend_in=167907132 copy_clks=28223012 fifo_overflows=0
game: n=7/9 how=vis vis=900 vi_rate=60 vi0_retrace=12487 wall_us=15232669 sleep_us=6266746 avg_vis=57.97 avg_fps=17.14 exceptions=6595 cacheResets=1 recompiles=866 batches=82286 verts=1989729 texStalls=0 treeDepthMax=12 underruns=8 overruns=0 queue_peak_ms=59 dsp_avg=1.43 dsp_peak=1.90 dsp_samples=31 pmc1=6400974449 pmc2=6481975259 pmc3=0 pmc4=0 mmcr0=00000042 mmcr1=00000000 heap_used=10851640 heap_free=147400 arena1_free=233472 arena2_free=288704 flushes=3 flush_us=30368 padtrace=0 rom=sd:/wii64/roms/Wave Race 64 - Kawasaki Jet Ski (USA) (Rev 1).z64
=== chain 7/9 end vis=900 how=vis rom=sd:/wii64/roms/Wave Race 64 - Kawasaki Jet Ski (USA) (Rev 1).z64 ===
mark: pad replay records: 1
mark: loadROM: enter
mark: loadROM: before rom_read
mark: ROMCache_load: enter
mark: ROMCache_load: before first read
mark: ROMCache_load: first read returned
mark: ROMCache_load: byte_swap_type set
mark: ROMCache_load: first byte_swap done
menufps: 0.1
menufps: 8.5
menufps: 8.3
menufps: 8.3
menufps: 8.2
mark: ROMCache_load: loop exited normally
mark: ROMCache_load: elapsed_us=2817341 bytes=12582912 vm=0
mark: loadROM: after rom_read
mark: loadROM: before init_memory
mark: loadROM: after init_memory
mark: loadROM: before romOpen_gfx
mark: loadROM: after romOpen_gfx / before romOpen_audio
mark: loadROM: after romOpen_audio / before romOpen_input
mark: loadROM: after romOpen_input / before cpu_init
mark: loadROM: after cpu_init
menufps: 5.7
menufps: 1.9
menufps: 1.0
menufps: 1.0
fps: 0.5
first_vi: vi0_retrace=13777
vis: 0.5
cpu: exceptions=0 cacheResets=0 batches=0 verts=0 texStalls=0 recompiles=0 underruns=0 overruns=0 sleep_us=0 queue_ms=0
mark: CPU core dispatch: dynarec
vis: 60.0
cpu: exceptions=923 cacheResets=1 batches=0 verts=0 texStalls=0 recompiles=327 underruns=0 overruns=0 sleep_us=187904 queue_ms=112
fps: 1.8
vis: 60.0
cpu: exceptions=1662 cacheResets=1 batches=0 verts=0 texStalls=0 recompiles=534 underruns=0 overruns=0 sleep_us=501629 queue_ms=116
fps: 12.1
vis: 60.0
cpu: exceptions=1966 cacheResets=1 batches=40 verts=960 texStalls=0 recompiles=683 underruns=0 overruns=0 sleep_us=829736 queue_ms=108
vis: 60.0
cpu: exceptions=2843 cacheResets=1 batches=70 verts=1680 texStalls=0 recompiles=692 underruns=0 overruns=0 sleep_us=1176810 queue_ms=112
fps: 18.7
vis: 60.0
cpu: exceptions=2948 cacheResets=1 batches=145 verts=3480 texStalls=0 recompiles=692 underruns=0 overruns=0 sleep_us=1605709 queue_ms=116
fps: 29.4
vis: 60.0
cpu: exceptions=3056 cacheResets=1 batches=225 verts=5400 texStalls=0 recompiles=692 underruns=0 overruns=0 sleep_us=2031867 queue_ms=108
fps: 31.1
vis: 60.0
cpu: exceptions=3161 cacheResets=1 batches=300 verts=7200 texStalls=0 recompiles=692 underruns=0 overruns=0 sleep_us=2460517 queue_ms=99
fps: 30.0
vis: 60.0
cpu: exceptions=3266 cacheResets=1 batches=375 verts=9000 texStalls=0 recompiles=697 underruns=0 overruns=0 sleep_us=2893347 queue_ms=103
vis: 60.0
cpu: exceptions=3610 cacheResets=1 batches=380 verts=9120 texStalls=0 recompiles=765 underruns=0 overruns=0 sleep_us=3157373 queue_ms=108
fps: 13.1
vis: 60.0
cpu: exceptions=3924 cacheResets=1 batches=759 verts=17781 texStalls=0 recompiles=890 underruns=0 overruns=0 sleep_us=3442794 queue_ms=112
fps: 29.8
vis: 60.0
cpu: exceptions=4041 cacheResets=1 batches=1743 verts=38949 texStalls=0 recompiles=905 underruns=0 overruns=0 sleep_us=3793755 queue_ms=103
fps: 31.1
vis: 60.0
cpu: exceptions=4177 cacheResets=1 batches=2680 verts=58968 texStalls=0 recompiles=907 underruns=0 overruns=0 sleep_us=4145615 queue_ms=108
fps: 30.0
vis: 60.0
cpu: exceptions=4298 cacheResets=1 batches=3610 verts=78903 texStalls=0 recompiles=919 underruns=0 overruns=0 sleep_us=4491666 queue_ms=112
fps: 30.0
vis: 60.0
cpu: exceptions=4416 cacheResets=1 batches=4540 verts=98838 texStalls=0 recompiles=919 underruns=0 overruns=0 sleep_us=4841188 queue_ms=103
fps: 30.0
vis: 60.0
cpu: exceptions=4533 cacheResets=1 batches=5470 verts=118773 texStalls=0 recompiles=925 underruns=0 overruns=0 sleep_us=5191402 queue_ms=108
fps: 30.0
vis: 60.0
cpu: exceptions=4651 cacheResets=1 batches=6400 verts=138708 texStalls=0 recompiles=925 underruns=0 overruns=0 sleep_us=5544130 queue_ms=112
fps: 30.0
vis: 60.0
cpu: exceptions=4764 cacheResets=1 batches=7330 verts=158643 texStalls=0 recompiles=926 underruns=0 overruns=0 sleep_us=5902021 queue_ms=116
fps: 30.0
vis: 60.0
cpu: exceptions=4875 cacheResets=1 batches=8260 verts=178578 texStalls=0 recompiles=926 underruns=0 overruns=0 sleep_us=6262796 queue_ms=108
fps: 30.0
vis: 60.0
cpu: exceptions=4986 cacheResets=1 batches=9190 verts=198513 texStalls=0 recompiles=926 underruns=0 overruns=0 sleep_us=6622483 queue_ms=112
fps: 30.0
vis: 60.0
cpu: exceptions=5099 cacheResets=1 batches=10120 verts=218448 texStalls=0 recompiles=926 underruns=0 overruns=0 sleep_us=6979184 queue_ms=116
fps: 30.0
vis: 60.0
cpu: exceptions=5212 cacheResets=1 batches=10924 verts=234561 texStalls=0 recompiles=926 underruns=0 overruns=0 sleep_us=7342697 queue_ms=121
fps: 30.0
vis: 60.0
cpu: exceptions=5337 cacheResets=1 batches=11448 verts=246147 texStalls=0 recompiles=935 underruns=0 overruns=0 sleep_us=7699220 queue_ms=112
fps: 30.0
vis: 60.0
cpu: exceptions=5464 cacheResets=1 batches=12239 verts=261468 texStalls=0 recompiles=935 underruns=0 overruns=0 sleep_us=8035046 queue_ms=116
fps: 30.0
vis: 60.0
cpu: exceptions=5589 cacheResets=1 batches=13268 verts=278217 texStalls=0 recompiles=935 underruns=0 overruns=0 sleep_us=8356250 queue_ms=121
fps: 30.0
vis: 60.0
cpu: exceptions=5707 cacheResets=1 batches=14399 verts=295578 texStalls=0 recompiles=946 underruns=0 overruns=0 sleep_us=8666479 queue_ms=112
fps: 29.2
vis: 60.0
cpu: exceptions=5827 cacheResets=1 batches=15194 verts=310923 texStalls=0 recompiles=947 underruns=0 overruns=0 sleep_us=8978874 queue_ms=103
fps: 30.0
vis: 60.0
cpu: exceptions=5948 cacheResets=1 batches=15934 verts=325938 texStalls=0 recompiles=947 underruns=0 overruns=0 sleep_us=9300101 queue_ms=108
fps: 30.1
vis: 60.0
cpu: exceptions=6069 cacheResets=1 batches=16588 verts=340437 texStalls=0 recompiles=947 underruns=0 overruns=0 sleep_us=9643831 queue_ms=99
fps: 30.0
vis: 60.0
cpu: exceptions=6190 cacheResets=1 batches=17048 verts=353772 texStalls=0 recompiles=947 underruns=0 overruns=0 sleep_us=10006855 queue_ms=103
mark: stop reason: chain guest VI limit
mark: stop_it requested
audio: alist_resample_calls=9757 alist_resample_samples=1397968 alist_zoh_calls=0 alist_zoh_samples=0 musyx_subframes=0 musyx_voices=0 musyx_voice_peak=0
audio_stages: adpcm_calls=7520 adpcm_samples=460832 envmix_calls=7516 envmix_samples=1068128 mix_calls=67230 mix_samples=9895200 musyx_fx_calls=0 musyx_fx_taps=0 output_calls=448 output_samples=329840
audio_envmix: exp_calls=0 ge_calls=7516 lin_calls=0 nead_calls=0 exp_steady=0 ge_steady=7194 lin_steady=0
audio_gaps: nead_mats=0 nead_efz=0 resample_flag2=0 musyx_ptr10=0
audio_output: stream_requests=2827 stream_fed=1136 input_hz=22047 playback_hz=22047 queue_peak_ms=155
probe_schema: version=2 self=1 interval=127
vm_io: read_ahead=1 reads=0 hits=0 read_bytes=0 writes=0 write_bytes=0 errors=0
subsystem_time: stage=rsp_gfx calls=393 timed_calls=393 period=1 timed_us=747547
subsystem_time: stage=rsp_audio calls=448 timed_calls=448 period=1 timed_us=480608
subsystem_time: stage=rsp_other calls=0 timed_calls=0 period=1 timed_us=0
subsystem_time: stage=lookup calls=1667654 timed_calls=13131 period=127 timed_us=3068
subsystem_time: stage=compile calls=947 timed_calls=947 period=1 timed_us=142443
subsystem_time: stage=dispatch calls=1666080 timed_calls=13118 period=127 timed_us=13638
subsystem_self: stage=dispatch calls=1666080 timed_calls=13118 self_us=8617 dropped=0
subsystem_time: stage=execute_inclusive calls=1666080 timed_calls=13118 period=127 timed_us=125500
subsystem_self: stage=execute_inclusive calls=1666080 timed_calls=13118 self_us=26094 dropped=0
subsystem_time: stage=rom_copy calls=1133 timed_calls=1133 period=1 timed_us=12052
subsystem_time: stage=present calls=899 timed_calls=899 period=1 timed_us=21430
subsystem_time: stage=limiter calls=880 timed_calls=880 period=1 timed_us=10353245
subsystem_time: stage=vm_fault calls=0 timed_calls=0 period=1 timed_us=0
subsystem_time: stage=vm_victim calls=0 timed_calls=0 period=1 timed_us=0
subsystem_time: stage=vm_read calls=0 timed_calls=0 period=1 timed_us=0
subsystem_time: stage=vm_write calls=0 timed_calls=0 period=1 timed_us=0
subsystem_time: stage=tex_hash calls=12379 timed_calls=12379 period=1 timed_us=118008
subsystem_time: stage=tex_lookup calls=12379 timed_calls=12379 period=1 timed_us=6168
subsystem_time: stage=tex_load calls=103 timed_calls=103 period=1 timed_us=4302
subsystem_time: stage=tex_activate calls=12379 timed_calls=12379 period=1 timed_us=8121
subsystem_time: stage=draw_triangles calls=17454 timed_calls=17454 period=1 timed_us=58061
subsystem_time: stage=draw_rect calls=5382 timed_calls=5382 period=1 timed_us=49225
subsystem_time: stage=gfx_list calls=393 timed_calls=393 period=1 timed_us=746916
subsystem_time: stage=gfx_command calls=269016 timed_calls=2118 period=127 timed_us=5251
gfx_ucodes: mask=00000200
gfx_opcode: op=01 calls=5357 timed_calls=45 timed_us=28
gfx_opcode: op=03 calls=1414 timed_calls=8 timed_us=6
gfx_opcode: op=04 calls=21288 timed_calls=175 timed_us=590
gfx_opcode: op=05 calls=18264 timed_calls=145 timed_us=2662
gfx_opcode: op=06 calls=6379 timed_calls=54 timed_us=11
gfx_opcode: op=07 calls=16101 timed_calls=115 timed_us=24
gfx_opcode: op=b4 calls=707 timed_calls=6 timed_us=1
gfx_opcode: op=b6 calls=1567 timed_calls=8 timed_us=2
gfx_opcode: op=b7 calls=4373 timed_calls=38 timed_us=7
gfx_opcode: op=b8 calls=6599 timed_calls=48 timed_us=6
gfx_opcode: op=b9 calls=4709 timed_calls=35 timed_us=6
gfx_opcode: op=ba calls=18621 timed_calls=151 timed_us=35
gfx_opcode: op=bb calls=390 timed_calls=4 timed_us=2
gfx_opcode: op=bc calls=15575 timed_calls=111 timed_us=25
gfx_opcode: op=e4 calls=4751 timed_calls=35 timed_us=282
gfx_opcode: op=e6 calls=13189 timed_calls=101 timed_us=14
gfx_opcode: op=e7 calls=25108 timed_calls=214 timed_us=32
gfx_opcode: op=e9 calls=393 timed_calls=2 timed_us=2
gfx_opcode: op=ed calls=2260 timed_calls=9 timed_us=4
gfx_opcode: op=ef calls=2973 timed_calls=24 timed_us=4
gfx_opcode: op=f2 calls=13189 timed_calls=107 timed_us=29
gfx_opcode: op=f3 calls=13189 timed_calls=100 timed_us=635
gfx_opcode: op=f5 calls=26378 timed_calls=209 timed_us=42
gfx_opcode: op=f6 calls=1411 timed_calls=10 timed_us=486
gfx_opcode: op=f7 calls=1163 timed_calls=11 timed_us=9
gfx_opcode: op=f8 calls=383 timed_calls=1 timed_us=0
gfx_opcode: op=f9 calls=383 timed_calls=1 timed_us=0
gfx_opcode: op=fa calls=13791 timed_calls=120 timed_us=22
gfx_opcode: op=fb calls=7666 timed_calls=53 timed_us=9
gfx_opcode: op=fc calls=5150 timed_calls=38 timed_us=6
gfx_opcode: op=fd calls=13189 timed_calls=112 timed_us=18
gfx_opcode: op=fe calls=1163 timed_calls=11 timed_us=5
gfx_opcode: op=ff calls=1943 timed_calls=17 timed_us=9
subsystem_time: stage=vertex calls=183788 timed_calls=1447 period=127 timed_us=396
subsystem_time: stage=gfx_state calls=127408 timed_calls=1003 period=127 timed_us=1891
subsystem_self: stage=gfx_state calls=127408 timed_calls=1003 self_us=804 dropped=0
subsystem_time: stage=gx_wait calls=4 timed_calls=4 period=1 timed_us=2558
subsystem_time: stage=dma_pi calls=1133 timed_calls=1133 period=1 timed_us=23593
subsystem_time: stage=dma_sp calls=1682 timed_calls=1682 period=1 timed_us=1636
subsystem_time: stage=dma_si calls=2587 timed_calls=2587 period=1 timed_us=10358
subsystem_time: stage=tlb_translate calls=0 timed_calls=0 period=127 timed_us=0
subsystem_time: stage=pif calls=2588 timed_calls=2588 period=1 timed_us=11191
subsystem_time: stage=input calls=1600 timed_calls=1600 period=1 timed_us=6673
subsystem_time: stage=guest_interrupt calls=7088 timed_calls=7088 period=1 timed_us=10430929
subsystem_self: stage=guest_interrupt calls=7088 timed_calls=7088 self_us=22634 dropped=0
subsystem_time: stage=interpreter_inclusive calls=0 timed_calls=0 period=1 timed_us=0
subsystem_self: stage=interpreter_inclusive calls=0 timed_calls=0 self_us=0 dropped=0
subsystem_time: stage=audio_submit calls=448 timed_calls=448 period=1 timed_us=5530
subsystem_time: stage=audio_callback calls=8811 timed_calls=8811 period=1 timed_us=5108
subsystem_time: stage=memory_slow calls=807343 timed_calls=6357 period=127 timed_us=3428
subsystem_self: stage=memory_slow calls=807343 timed_calls=6357 self_us=2042 dropped=0
subsystem_time: stage=jit_invalidate calls=1574 timed_calls=12 period=127 timed_us=2
subsystem_time: stage=cpu_helper calls=6796295 timed_calls=53514 period=127 timed_us=73520
subsystem_time: stage=storage_read calls=0 timed_calls=0 period=1 timed_us=0
subsystem_time: stage=storage_write calls=0 timed_calls=0 period=1 timed_us=0
subsystem_time: stage=save_load calls=0 timed_calls=0 period=1 timed_us=0
subsystem_time: stage=save_write calls=0 timed_calls=0 period=1 timed_us=0
subsystem_time: stage=state_load calls=0 timed_calls=0 period=1 timed_us=0
subsystem_time: stage=state_save calls=0 timed_calls=0 period=1 timed_us=0
subsystem_time: stage=probe_io calls=4 timed_calls=4 period=1 timed_us=40399
subsystem_time: stage=agent_poll calls=1808 timed_calls=1808 period=1 timed_us=421
audio_time: stage=resample sampled_calls=76 sampled_samples=10832 sampled_us=465
audio_time: stage=zoh sampled_calls=0 sampled_samples=0 sampled_us=0
audio_time: stage=adpcm sampled_calls=59 sampled_samples=3808 sampled_us=168
audio_time: stage=envmix_exp sampled_calls=0 sampled_samples=0 sampled_us=0
audio_time: stage=envmix_ge sampled_calls=59 sampled_samples=8240 sampled_us=750
audio_time: stage=envmix_lin sampled_calls=0 sampled_samples=0 sampled_us=0
audio_time: stage=envmix_nead sampled_calls=0 sampled_samples=0 sampled_us=0
audio_time: stage=mix sampled_calls=529 sampled_samples=77792 sampled_us=1235
audio_time: stage=musyx_voice sampled_calls=0 sampled_samples=0 sampled_us=0
audio_time: stage=musyx_fx sampled_calls=0 sampled_samples=0 sampled_us=0
audio_time: stage=output sampled_calls=3 sampled_samples=2176 sampled_us=30
gpu_counters: clks=3684038504 tb_clks=3684038568 ras_busy=70884673 xf_wait_in=3575506699 xf_wait_out=83541585 ras_peak_permille=28 ztop_in=276332276 ztop_out=267706780 z_in=78532 z_out=45532 blend_in=267855468 copy_clks=43447997 fifo_overflows=0
game: n=8/9 how=vis vis=900 vi_rate=60 vi0_retrace=13777 wall_us=15160556 sleep_us=10350770 avg_vis=58.02 avg_fps=26.18 exceptions=6302 cacheResets=1 recompiles=947 batches=17454 verts=366078 texStalls=0 treeDepthMax=13 underruns=0 overruns=0 queue_peak_ms=121 dsp_avg=1.34 dsp_peak=1.65 dsp_samples=30 pmc1=3376994935 pmc2=3515298050 pmc3=0 pmc4=0 mmcr0=00000042 mmcr1=00000000 heap_used=10855928 heap_free=143112 arena1_free=233472 arena2_free=288704 flushes=4 flush_us=40398 padtrace=0 rom=sd:/wii64/roms/Diddy Kong Racing (USA) (En,Fr) (Rev 1).z64
=== chain 8/9 end vis=900 how=vis rom=sd:/wii64/roms/Diddy Kong Racing (USA) (En,Fr) (Rev 1).z64 ===
mark: pad replay records: 1
mark: loadROM: enter
mark: loadROM: before rom_read
mark: ROMCache_load: enter
menufps: 0.1
menufps: 0.2
mark: ROMCache_load: before first read
mark: ROMCache_load: first read returned
mark: ROMCache_load: byte_swap_type set
mark: ROMCache_load: first byte_swap done
menufps: 0.2
menufps: 8.4
menufps: 8.1
menufps: 8.0
menufps: 7.5
menufps: 8.0
menufps: 8.1
menufps: 3.4
menufps: 1.3
menufps: 1.3
menufps: 1.3
menufps: 1.2
menufps: 1.2
menufps: 1.3
menufps: 3.6
menufps: 8.1
menufps: 8.3
menufps: 8.3
menufps: 8.3
mark: ROMCache_load: loop exited normally
menufps: 2.8
menufps: 1.2
menufps: 1.2
menufps: 1.1
menufps: 1.1
menufps: 1.1
menufps: 1.2
menufps: 1.1
menufps: 1.1
menufps: 1.2
menufps: 1.2
menufps: 1.1
menufps: 1.1
menufps: 1.1
menufps: 1.1
menufps: 1.1
menufps: 1.1
menufps: 1.1
menufps: 1.1
menufps: 1.1
mark: ROMCache_load: preflush_us=17546969 writes=2040 bytes=16711680
mark: ROMCache_load: elapsed_us=39727825 bytes=33554432 vm=1
mark: loadROM: after rom_read
mark: loadROM: before init_memory
mark: loadROM: after init_memory
mark: loadROM: before romOpen_gfx
mark: loadROM: after romOpen_gfx / before romOpen_audio
mark: loadROM: after romOpen_audio / before romOpen_input
mark: loadROM: after romOpen_input / before cpu_init
mark: loadROM: after cpu_init
menufps: 3.1
menufps: 1.0
menufps: 1.0
fps: 0.4
first_vi: vi0_retrace=17276
vis: 0.7
cpu: exceptions=0 cacheResets=0 batches=0 verts=0 texStalls=0 recompiles=0 underruns=0 overruns=0 sleep_us=0 queue_ms=0
mark: CPU core dispatch: dynarec
vis: 55.9
cpu: exceptions=31 cacheResets=1 batches=0 verts=0 texStalls=0 recompiles=82 underruns=0 overruns=0 sleep_us=0 queue_ms=0
vis: 60.0
cpu: exceptions=61 cacheResets=1 batches=0 verts=0 texStalls=0 recompiles=82 underruns=0 overruns=0 sleep_us=325840 queue_ms=0
vis: 60.0
cpu: exceptions=91 cacheResets=1 batches=0 verts=0 texStalls=0 recompiles=82 underruns=0 overruns=0 sleep_us=650784 queue_ms=0
vis: 60.0
cpu: exceptions=199 cacheResets=1 batches=0 verts=0 texStalls=0 recompiles=182 underruns=0 overruns=0 sleep_us=924414 queue_ms=0
vis: 60.0
cpu: exceptions=244 cacheResets=1 batches=0 verts=0 texStalls=0 recompiles=188 underruns=0 overruns=0 sleep_us=1248138 queue_ms=0
vis: 60.0
cpu: exceptions=286 cacheResets=1 batches=0 verts=0 texStalls=0 recompiles=188 underruns=0 overruns=0 sleep_us=1568828 queue_ms=0
vis: 60.0
cpu: exceptions=316 cacheResets=1 batches=0 verts=0 texStalls=0 recompiles=188 underruns=0 overruns=0 sleep_us=1887043 queue_ms=0
vis: 60.0
cpu: exceptions=390 cacheResets=1 batches=0 verts=0 texStalls=0 recompiles=314 underruns=1 overruns=0 sleep_us=2295614 queue_ms=30
vis: 60.0
cpu: exceptions=467 cacheResets=1 batches=0 verts=0 texStalls=0 recompiles=323 underruns=1 overruns=0 sleep_us=2742994 queue_ms=34
vis: 60.0
cpu: exceptions=542 cacheResets=1 batches=0 verts=0 texStalls=0 recompiles=323 underruns=1 overruns=0 sleep_us=3194745 queue_ms=38
vis: 60.0
cpu: exceptions=732 cacheResets=1 batches=0 verts=0 texStalls=0 recompiles=434 underruns=2 overruns=0 sleep_us=3404080 queue_ms=43
vis: 60.0
cpu: exceptions=949 cacheResets=1 batches=0 verts=0 texStalls=0 recompiles=434 underruns=2 overruns=0 sleep_us=3587925 queue_ms=47
vis: 60.0
cpu: exceptions=1139 cacheResets=1 batches=0 verts=0 texStalls=0 recompiles=448 underruns=2 overruns=0 sleep_us=3786353 queue_ms=51
vis: 60.0
cpu: exceptions=1380 cacheResets=1 batches=0 verts=0 texStalls=0 recompiles=484 underruns=2 overruns=0 sleep_us=3963276 queue_ms=43
fps: 0.1
vis: 60.0
cpu: exceptions=1668 cacheResets=1 batches=532 verts=7602 texStalls=0 recompiles=1251 underruns=3 overruns=0 sleep_us=4070101 queue_ms=112
fps: 30.5
vis: 60.0
cpu: exceptions=1942 cacheResets=1 batches=1417 verts=19932 texStalls=0 recompiles=1255 underruns=3 overruns=0 sleep_us=4397957 queue_ms=104
fps: 30.0
vis: 60.0
cpu: exceptions=2219 cacheResets=1 batches=2302 verts=32262 texStalls=0 recompiles=1276 underruns=3 overruns=0 sleep_us=4715437 queue_ms=108
fps: 30.0
vis: 60.0
cpu: exceptions=2496 cacheResets=1 batches=3187 verts=44592 texStalls=0 recompiles=1279 underruns=3 overruns=0 sleep_us=5053441 queue_ms=112
fps: 30.0
vis: 60.0
cpu: exceptions=2770 cacheResets=1 batches=4072 verts=56922 texStalls=0 recompiles=1294 underruns=3 overruns=0 sleep_us=5392060 queue_ms=104
fps: 30.0
vis: 60.0
cpu: exceptions=3057 cacheResets=1 batches=4957 verts=69252 texStalls=0 recompiles=1300 underruns=3 overruns=0 sleep_us=5717384 queue_ms=108
fps: 30.0
vis: 60.0
cpu: exceptions=3337 cacheResets=1 batches=5842 verts=81582 texStalls=0 recompiles=1300 underruns=3 overruns=0 sleep_us=6041158 queue_ms=112
fps: 30.0
vis: 60.0
cpu: exceptions=3618 cacheResets=1 batches=6727 verts=93912 texStalls=0 recompiles=1302 underruns=3 overruns=0 sleep_us=6369427 queue_ms=104
fps: 30.0
vis: 60.0
cpu: exceptions=3901 cacheResets=1 batches=7612 verts=106242 texStalls=0 recompiles=1351 underruns=3 overruns=0 sleep_us=6696255 queue_ms=108
fps: 30.1
vis: 60.0
cpu: exceptions=4186 cacheResets=1 batches=7951 verts=111852 texStalls=0 recompiles=1366 underruns=3 overruns=0 sleep_us=7047677 queue_ms=112
fps: 30.0
vis: 60.0
cpu: exceptions=4340 cacheResets=1 batches=8071 verts=113904 texStalls=0 recompiles=1383 underruns=3 overruns=0 sleep_us=7391718 queue_ms=104
fps: 30.0
vis: 60.0
cpu: exceptions=4488 cacheResets=1 batches=8449 verts=139314 texStalls=0 recompiles=1384 underruns=3 overruns=0 sleep_us=7727328 queue_ms=108
fps: 30.0
vis: 60.0
cpu: exceptions=4635 cacheResets=1 batches=8854 verts=166539 texStalls=0 recompiles=1386 underruns=3 overruns=0 sleep_us=8065225 queue_ms=112
fps: 30.0
vis: 60.0
cpu: exceptions=4780 cacheResets=1 batches=9259 verts=193764 texStalls=0 recompiles=1387 underruns=3 overruns=0 sleep_us=8413303 queue_ms=117
fps: 30.0
vis: 60.0
cpu: exceptions=4930 cacheResets=1 batches=9664 verts=220989 texStalls=0 recompiles=1387 underruns=3 overruns=0 sleep_us=8757579 queue_ms=108
fps: 30.0
vis: 60.0
cpu: exceptions=5080 cacheResets=1 batches=10069 verts=248214 texStalls=0 recompiles=1389 underruns=3 overruns=0 sleep_us=9099200 queue_ms=112
mark: stop reason: chain guest VI limit
mark: stop_it requested
audio: alist_resample_calls=11186 alist_resample_samples=2058224 alist_zoh_calls=0 alist_zoh_samples=0 musyx_subframes=0 musyx_voices=0 musyx_voice_peak=0
audio_stages: adpcm_calls=6590 adpcm_samples=722912 envmix_calls=8440 envmix_samples=1552960 mix_calls=54920 mix_samples=10105280 musyx_fx_calls=0 musyx_fx_taps=0 output_calls=342 output_samples=251896
audio_envmix: exp_calls=0 ge_calls=0 lin_calls=8440 nead_calls=0 exp_steady=0 ge_steady=0 lin_steady=7902
audio_gaps: nead_mats=0 nead_efz=0 resample_flag2=0 musyx_ptr10=0
audio_output: stream_requests=4275 stream_fed=868 input_hz=22047 playback_hz=22047 queue_peak_ms=133
probe_schema: version=2 self=1 interval=127
vm_io: read_ahead=1 reads=58 hits=277 read_bytes=1900544 writes=0 write_bytes=0 errors=0
subsystem_time: stage=rsp_gfx calls=238 timed_calls=238 period=1 timed_us=461700
subsystem_time: stage=rsp_audio calls=343 timed_calls=343 period=1 timed_us=474030
subsystem_time: stage=rsp_other calls=1 timed_calls=1 period=1 timed_us=4
subsystem_time: stage=lookup calls=1605656 timed_calls=12642 period=127 timed_us=3182
subsystem_time: stage=compile calls=1389 timed_calls=1389 period=1 timed_us=203583
subsystem_time: stage=dispatch calls=1604081 timed_calls=12630 period=127 timed_us=13184
subsystem_self: stage=dispatch calls=1604081 timed_calls=12630 self_us=8541 dropped=0
subsystem_time: stage=execute_inclusive calls=1604081 timed_calls=12630 period=127 timed_us=103693
subsystem_self: stage=execute_inclusive calls=1604081 timed_calls=12630 self_us=46426 dropped=0
subsystem_time: stage=rom_copy calls=1048 timed_calls=1048 period=1 timed_us=252653
subsystem_time: stage=present calls=899 timed_calls=899 period=1 timed_us=240533
subsystem_time: stage=limiter calls=843 timed_calls=843 period=1 timed_us=9101702
subsystem_time: stage=vm_fault calls=335 timed_calls=335 period=1 timed_us=235058
subsystem_time: stage=vm_victim calls=335 timed_calls=335 period=1 timed_us=393
subsystem_time: stage=vm_read calls=58 timed_calls=58 period=1 timed_us=219125
subsystem_time: stage=vm_write calls=0 timed_calls=0 period=1 timed_us=0
subsystem_time: stage=tex_hash calls=7634 timed_calls=7634 period=1 timed_us=69005
subsystem_time: stage=tex_lookup calls=7634 timed_calls=7634 period=1 timed_us=2387
subsystem_time: stage=tex_load calls=24 timed_calls=24 period=1 timed_us=3607
subsystem_time: stage=tex_activate calls=7634 timed_calls=7634 period=1 timed_us=4869
subsystem_time: stage=draw_triangles calls=10096 timed_calls=10096 period=1 timed_us=33782
subsystem_time: stage=draw_rect calls=1687 timed_calls=1687 period=1 timed_us=8946
subsystem_time: stage=gfx_list calls=238 timed_calls=238 period=1 timed_us=461269
subsystem_time: stage=gfx_command calls=176157 timed_calls=1387 period=127 timed_us=4214
gfx_ucodes: mask=00000004
gfx_opcode: op=00 calls=237 timed_calls=1 timed_us=0
gfx_opcode: op=01 calls=5860 timed_calls=51 timed_us=545
gfx_opcode: op=05 calls=17853 timed_calls=141 timed_us=763
gfx_opcode: op=06 calls=32745 timed_calls=254 timed_us=956
gfx_opcode: op=d7 calls=979 timed_calls=6 timed_us=1
gfx_opcode: op=d9 calls=7439 timed_calls=61 timed_us=10
gfx_opcode: op=da calls=6173 timed_calls=51 timed_us=21
gfx_opcode: op=db calls=5265 timed_calls=41 timed_us=10
gfx_opcode: op=dc calls=1858 timed_calls=16 timed_us=14
gfx_opcode: op=de calls=1346 timed_calls=12 timed_us=4
gfx_opcode: op=df calls=1584 timed_calls=11 timed_us=2
gfx_opcode: op=e2 calls=2119 timed_calls=18 timed_us=4
gfx_opcode: op=e3 calls=11276 timed_calls=82 timed_us=17
gfx_opcode: op=e6 calls=10066 timed_calls=87 timed_us=11
gfx_opcode: op=e7 calls=30043 timed_calls=248 timed_us=36
gfx_opcode: op=e8 calls=2432 timed_calls=16 timed_us=2
gfx_opcode: op=e9 calls=238 timed_calls=1 timed_us=0
gfx_opcode: op=ed calls=2162 timed_calls=11 timed_us=4
gfx_opcode: op=f0 calls=2432 timed_calls=21 timed_us=10
gfx_opcode: op=f2 calls=3086 timed_calls=23 timed_us=6
gfx_opcode: op=f3 calls=7634 timed_calls=59 timed_us=333
gfx_opcode: op=f5 calls=8229 timed_calls=62 timed_us=12
gfx_opcode: op=f6 calls=1925 timed_calls=14 timed_us=1294
gfx_opcode: op=f7 calls=948 timed_calls=8 timed_us=3
gfx_opcode: op=f8 calls=237 timed_calls=3 timed_us=1
gfx_opcode: op=fa calls=234 timed_calls=0 timed_us=0
gfx_opcode: op=fc calls=979 timed_calls=11 timed_us=2
gfx_opcode: op=fd calls=10066 timed_calls=73 timed_us=11
gfx_opcode: op=fe calls=237 timed_calls=2 timed_us=1
gfx_opcode: op=ff calls=475 timed_calls=3 timed_us=2
subsystem_time: stage=vertex calls=98130 timed_calls=772 period=127 timed_us=346
subsystem_time: stage=gfx_state calls=11689 timed_calls=92 period=127 timed_us=775
subsystem_self: stage=gfx_state calls=11689 timed_calls=92 self_us=190 dropped=0
subsystem_time: stage=gx_wait calls=4 timed_calls=4 period=1 timed_us=2554
subsystem_time: stage=dma_pi calls=1048 timed_calls=1048 period=1 timed_us=271974
subsystem_time: stage=dma_sp calls=1162 timed_calls=1162 period=1 timed_us=1093
subsystem_time: stage=dma_si calls=1351 timed_calls=1351 period=1 timed_us=3401
subsystem_time: stage=tlb_translate calls=0 timed_calls=0 period=127 timed_us=0
subsystem_time: stage=pif calls=1352 timed_calls=1352 period=1 timed_us=2817
subsystem_time: stage=input calls=388 timed_calls=388 period=1 timed_us=1626
subsystem_time: stage=guest_interrupt calls=5829 timed_calls=5829 period=1 timed_us=9390160
subsystem_self: stage=guest_interrupt calls=5829 timed_calls=5829 self_us=20174 dropped=0
subsystem_time: stage=interpreter_inclusive calls=0 timed_calls=0 period=1 timed_us=0
subsystem_self: stage=interpreter_inclusive calls=0 timed_calls=0 self_us=0 dropped=0
subsystem_time: stage=audio_submit calls=343 timed_calls=343 period=1 timed_us=5481
subsystem_time: stage=audio_callback calls=10312 timed_calls=10312 period=1 timed_us=4678
subsystem_time: stage=memory_slow calls=1083680 timed_calls=8532 period=127 timed_us=5319
subsystem_self: stage=memory_slow calls=1083680 timed_calls=8532 self_us=2583 dropped=0
subsystem_time: stage=jit_invalidate calls=1575 timed_calls=12 period=127 timed_us=2
subsystem_time: stage=cpu_helper calls=10245527 timed_calls=80673 period=127 timed_us=41568
subsystem_time: stage=storage_read calls=0 timed_calls=0 period=1 timed_us=0
subsystem_time: stage=storage_write calls=0 timed_calls=0 period=1 timed_us=0
subsystem_time: stage=save_load calls=0 timed_calls=0 period=1 timed_us=0
subsystem_time: stage=save_write calls=0 timed_calls=0 period=1 timed_us=0
subsystem_time: stage=state_load calls=0 timed_calls=0 period=1 timed_us=0
subsystem_time: stage=state_save calls=0 timed_calls=0 period=1 timed_us=0
subsystem_time: stage=probe_io calls=3 timed_calls=3 period=1 timed_us=34463
subsystem_time: stage=agent_poll calls=1814 timed_calls=1814 period=1 timed_us=481
audio_time: stage=resample sampled_calls=88 sampled_samples=16192 sampled_us=635
audio_time: stage=zoh sampled_calls=0 sampled_samples=0 sampled_us=0
audio_time: stage=adpcm sampled_calls=51 sampled_samples=5680 sampled_us=241
audio_time: stage=envmix_exp sampled_calls=0 sampled_samples=0 sampled_us=0
audio_time: stage=envmix_ge sampled_calls=0 sampled_samples=0 sampled_us=0
audio_time: stage=envmix_lin sampled_calls=66 sampled_samples=12144 sampled_us=1021
audio_time: stage=envmix_nead sampled_calls=0 sampled_samples=0 sampled_us=0
audio_time: stage=mix sampled_calls=432 sampled_samples=79488 sampled_us=1282
audio_time: stage=musyx_voice sampled_calls=0 sampled_samples=0 sampled_us=0
audio_time: stage=musyx_fx sampled_calls=0 sampled_samples=0 sampled_us=0
audio_time: stage=output sampled_calls=2 sampled_samples=1472 sampled_us=26
gpu_counters: clks=3707392658 tb_clks=3707392724 ras_busy=49119695 xf_wait_in=3630322025 xf_wait_out=65782150 ras_peak_permille=24 ztop_in=195041748 ztop_out=194057036 z_in=0 z_out=0 blend_in=194107428 copy_clks=67338706 fifo_overflows=0
game: n=9/9 how=vis vis=900 vi_rate=60 vi0_retrace=17276 wall_us=15256635 sleep_us=9099200 avg_vis=57.95 avg_fps=26.53 exceptions=5085 cacheResets=1 recompiles=1389 batches=10096 verts=250029 texStalls=0 treeDepthMax=15 underruns=3 overruns=0 queue_peak_ms=117 dsp_avg=1.28 dsp_peak=1.55 dsp_samples=31 pmc1=4154431056 pmc2=4574256128 pmc3=0 pmc4=0 mmcr0=00000042 mmcr1=00000000 heap_used=10885624 heap_free=113416 arena1_free=233472 arena2_free=288704 flushes=3 flush_us=34462 padtrace=0 rom=sd:/wii64/roms/Donkey Kong 64 (USA).z64
=== chain 9/9 end vis=900 how=vis rom=sd:/wii64/roms/Donkey Kong 64 (USA).z64 ===
