--- wii64 perf log ---
mark: diag config: wiiload arguments
mark: wiiload dynacore argument received
mark: diag received dynacore line
mark: diag requested core: dynarec
mark: pad replay records: 7
selftest:
  raw[0]=51288043171801962
  raw[1]=51288043171801964
  raw[2]=51288043171801980
  raw[3]=51288043171801992
  raw[4]=51288043171802004
  delta[0]=0us
  delta[1]=0us
  delta[2]=0us
  delta[3]=0us
mark: audio quality: accurate
mark: audio modes: n64=0 output=0 mixer=0 latency=2 sync=0
mark: diag applied core: dynarec
mark: HBC agent ready
mark: loadROM: enter
mark: loadROM: before rom_read
mark: ROMCache_load: enter
mark: ROMCache_load: before first read
mark: ROMCache_load: first read returned
mark: ROMCache_load: byte_swap_type set
mark: ROMCache_load: first byte_swap done
menufps: 10.4
menufps: 8.4
menufps: 7.9
mark: ROMCache_load: loop exited normally
mark: ROMCache_load: elapsed_us=1921611 bytes=8388608 vm=0
mark: loadROM: after rom_read
mark: loadROM: before init_memory
mark: loadROM: after init_memory
mark: loadROM: before romOpen_gfx
mark: loadROM: after romOpen_gfx / before romOpen_audio
mark: loadROM: after romOpen_audio / before romOpen_input
mark: loadROM: after romOpen_input / before cpu_init
mark: loadROM: after cpu_init
menufps: 2.9
menufps: 0.7
menufps: 1.0
fps: 0.0
first_vi: vi0_retrace=342
vis: 0.0
cpu: exceptions=0 cacheResets=0 batches=0 verts=0 texStalls=0 recompiles=0 underruns=0 overruns=0 sleep_us=0 queue_ms=0
mark: CPU core dispatch: dynarec
vis: 60.0
cpu: exceptions=240 cacheResets=1 batches=0 verts=0 texStalls=0 recompiles=189 underruns=1 overruns=0 sleep_us=225664 queue_ms=127
vis: 60.0
cpu: exceptions=540 cacheResets=1 batches=0 verts=0 texStalls=0 recompiles=198 underruns=1 overruns=0 sleep_us=702083 queue_ms=123
vis: 60.0
cpu: exceptions=840 cacheResets=1 batches=0 verts=0 texStalls=0 recompiles=204 underruns=1 overruns=0 sleep_us=1178662 queue_ms=120
vis: 60.0
cpu: exceptions=1134 cacheResets=1 batches=0 verts=0 texStalls=0 recompiles=204 underruns=1 overruns=0 sleep_us=1655872 queue_ms=124
fps: 0.5
vis: 60.0
cpu: exceptions=1430 cacheResets=1 batches=849 verts=9387 texStalls=0 recompiles=468 underruns=2 overruns=0 sleep_us=1965066 queue_ms=2
fps: 20.0
vis: 60.0
cpu: exceptions=1587 cacheResets=1 batches=5094 verts=56322 texStalls=0 recompiles=475 underruns=2 overruns=0 sleep_us=2375079 queue_ms=9
fps: 30.0
vis: 60.0
cpu: exceptions=1751 cacheResets=1 batches=9339 verts=103257 texStalls=0 recompiles=478 underruns=2 overruns=0 sleep_us=2783788 queue_ms=6
fps: 30.0
vis: 60.0
cpu: exceptions=1893 cacheResets=1 batches=13584 verts=150192 texStalls=0 recompiles=478 underruns=2 overruns=0 sleep_us=3202236 queue_ms=11
fps: 30.0
vis: 60.0
cpu: exceptions=2035 cacheResets=1 batches=17829 verts=197127 texStalls=0 recompiles=478 underruns=2 overruns=0 sleep_us=3620206 queue_ms=7
fps: 30.0
vis: 60.0
cpu: exceptions=2177 cacheResets=1 batches=22080 verts=244080 texStalls=0 recompiles=489 underruns=2 overruns=0 sleep_us=4036752 queue_ms=13
fps: 30.0
vis: 60.0
cpu: exceptions=2318 cacheResets=1 batches=25785 verts=284835 texStalls=0 recompiles=498 underruns=2 overruns=0 sleep_us=4458380 queue_ms=9
vis: 60.0
cpu: exceptions=2637 cacheResets=1 batches=25785 verts=284835 texStalls=0 recompiles=675 underruns=3 overruns=0 sleep_us=4619532 queue_ms=23
vis: 60.0
cpu: exceptions=2727 cacheResets=1 batches=25785 verts=284835 texStalls=0 recompiles=733 underruns=3 overruns=0 sleep_us=4802945 queue_ms=28
vis: 60.0
cpu: exceptions=2817 cacheResets=1 batches=25785 verts=284835 texStalls=0 recompiles=784 underruns=3 overruns=0 sleep_us=5068732 queue_ms=25
fps: 4.9
vis: 60.0
cpu: exceptions=2960 cacheResets=1 batches=27117 verts=302151 texStalls=0 recompiles=910 underruns=5 overruns=0 sleep_us=5293134 queue_ms=17
fps: 15.1
vis: 60.0
cpu: exceptions=3117 cacheResets=1 batches=32007 verts=366456 texStalls=0 recompiles=910 underruns=5 overruns=0 sleep_us=5443304 queue_ms=13
fps: 30.0
vis: 60.0
cpu: exceptions=3272 cacheResets=1 batches=36886 verts=430443 texStalls=0 recompiles=927 underruns=5 overruns=0 sleep_us=5593055 queue_ms=17
fps: 30.0
vis: 60.0
cpu: exceptions=3435 cacheResets=1 batches=41746 verts=494298 texStalls=0 recompiles=927 underruns=5 overruns=0 sleep_us=5742703 queue_ms=14
fps: 30.0
vis: 60.0
cpu: exceptions=3590 cacheResets=1 batches=46606 verts=558153 texStalls=0 recompiles=927 underruns=5 overruns=0 sleep_us=5902998 queue_ms=10
fps: 29.1
vis: 60.0
cpu: exceptions=3761 cacheResets=1 batches=51480 verts=622092 texStalls=0 recompiles=927 underruns=6 overruns=0 sleep_us=6047395 queue_ms=6
fps: 29.9
vis: 60.0
cpu: exceptions=3977 cacheResets=1 batches=56357 verts=686043 texStalls=0 recompiles=936 underruns=6 overruns=0 sleep_us=6172020 queue_ms=12
fps: 20.0
vis: 60.0
cpu: exceptions=4233 cacheResets=1 batches=56978 verts=693792 texStalls=0 recompiles=1065 underruns=9 overruns=0 sleep_us=6421995 queue_ms=13
fps: 31.6
vis: 60.0
cpu: exceptions=4400 cacheResets=1 batches=57855 verts=704208 texStalls=0 recompiles=1065 underruns=9 overruns=0 sleep_us=6802864 queue_ms=8
fps: 30.0
vis: 60.0
cpu: exceptions=4572 cacheResets=1 batches=58710 verts=714558 texStalls=0 recompiles=1065 underruns=9 overruns=0 sleep_us=7183193 queue_ms=13
fps: 30.0
vis: 60.0
cpu: exceptions=4737 cacheResets=1 batches=59565 verts=724908 texStalls=0 recompiles=1065 underruns=9 overruns=0 sleep_us=7574209 queue_ms=9
fps: 30.0
vis: 60.0
cpu: exceptions=4910 cacheResets=1 batches=60420 verts=735258 texStalls=0 recompiles=1065 underruns=9 overruns=0 sleep_us=7953079 queue_ms=15
fps: 30.0
vis: 60.0
cpu: exceptions=5089 cacheResets=1 batches=61275 verts=745608 texStalls=0 recompiles=1065 underruns=9 overruns=0 sleep_us=8325871 queue_ms=10
fps: 30.0
vis: 60.0
cpu: exceptions=5262 cacheResets=1 batches=62130 verts=755958 texStalls=0 recompiles=1065 underruns=9 overruns=0 sleep_us=8702328 queue_ms=16
fps: 30.0
vis: 60.0
cpu: exceptions=5431 cacheResets=1 batches=62985 verts=766308 texStalls=0 recompiles=1065 underruns=9 overruns=0 sleep_us=9086131 queue_ms=13
fps: 30.0
vis: 60.0
cpu: exceptions=5596 cacheResets=1 batches=63840 verts=776658 texStalls=0 recompiles=1065 underruns=9 overruns=0 sleep_us=9477283 queue_ms=8
fps: 30.0
vis: 60.0
cpu: exceptions=5778 cacheResets=1 batches=64415 verts=785328 texStalls=0 recompiles=1068 underruns=9 overruns=0 sleep_us=9869183 queue_ms=14
vis: 60.0
cpu: exceptions=5953 cacheResets=1 batches=64996 verts=793956 texStalls=0 recompiles=1071 underruns=9 overruns=0 sleep_us=10260118 queue_ms=10
fps: 30.0
vis: 60.0
cpu: exceptions=6202 cacheResets=1 batches=65113 verts=795684 texStalls=0 recompiles=1131 underruns=9 overruns=0 sleep_us=10542023 queue_ms=16
fps: 4.1
vis: 60.0
cpu: exceptions=6351 cacheResets=1 batches=66187 verts=806700 texStalls=0 recompiles=1530 underruns=10 overruns=0 sleep_us=10745606 queue_ms=23
fps: 32.4
vis: 60.0
cpu: exceptions=6486 cacheResets=1 batches=74827 verts=879330 texStalls=0 recompiles=1534 underruns=10 overruns=0 sleep_us=11073237 queue_ms=29
vis: 60.0
cpu: exceptions=6621 cacheResets=1 batches=83467 verts=951960 texStalls=0 recompiles=1534 underruns=10 overruns=0 sleep_us=11401309 queue_ms=26
fps: 30.0
vis: 60.0
cpu: exceptions=6756 cacheResets=1 batches=92107 verts=1024590 texStalls=0 recompiles=1534 underruns=10 overruns=0 sleep_us=11729046 queue_ms=23
fps: 30.0
vis: 60.0
cpu: exceptions=6891 cacheResets=1 batches=100747 verts=1097220 texStalls=0 recompiles=1534 underruns=10 overruns=0 sleep_us=12057115 queue_ms=27
fps: 30.0
vis: 60.0
cpu: exceptions=7043 cacheResets=1 batches=110395 verts=1175898 texStalls=0 recompiles=1544 underruns=10 overruns=0 sleep_us=12346630 queue_ms=24
fps: 29.2
vis: 60.0
cpu: exceptions=7218 cacheResets=1 batches=120289 verts=1256070 texStalls=0 recompiles=1545 underruns=10 overruns=0 sleep_us=12616650 queue_ms=11
fps: 30.0
vis: 60.0
cpu: exceptions=7398 cacheResets=1 batches=130159 verts=1336170 texStalls=0 recompiles=1545 underruns=10 overruns=0 sleep_us=12882223 queue_ms=16
fps: 30.0
vis: 60.0
cpu: exceptions=7579 cacheResets=1 batches=140029 verts=1416270 texStalls=0 recompiles=1545 underruns=10 overruns=0 sleep_us=13143407 queue_ms=13
fps: 30.0
vis: 60.0
cpu: exceptions=7774 cacheResets=1 batches=149899 verts=1496370 texStalls=0 recompiles=1545 underruns=10 overruns=0 sleep_us=13395985 queue_ms=18
fps: 29.9
vis: 60.0
cpu: exceptions=7987 cacheResets=1 batches=159769 verts=1576470 texStalls=0 recompiles=1545 underruns=10 overruns=0 sleep_us=13640078 queue_ms=14
fps: 30.0
vis: 60.0
cpu: exceptions=8195 cacheResets=1 batches=169639 verts=1656570 texStalls=0 recompiles=1545 underruns=10 overruns=0 sleep_us=13886056 queue_ms=19
fps: 30.0
vis: 60.0
cpu: exceptions=8414 cacheResets=1 batches=179509 verts=1736670 texStalls=0 recompiles=1545 underruns=10 overruns=0 sleep_us=14122140 queue_ms=16
fps: 30.0
vis: 60.0
cpu: exceptions=8619 cacheResets=1 batches=189379 verts=1816770 texStalls=0 recompiles=1545 underruns=10 overruns=0 sleep_us=14369196 queue_ms=11
fps: 30.0
vis: 60.0
cpu: exceptions=8813 cacheResets=1 batches=199249 verts=1896870 texStalls=0 recompiles=1545 underruns=10 overruns=0 sleep_us=14625918 queue_ms=17
fps: 30.0
vis: 60.0
cpu: exceptions=9005 cacheResets=1 batches=209119 verts=1976970 texStalls=0 recompiles=1545 underruns=10 overruns=0 sleep_us=14885115 queue_ms=13
fps: 30.0
vis: 60.0
cpu: exceptions=9169 cacheResets=1 batches=218989 verts=2057070 texStalls=0 recompiles=1547 underruns=10 overruns=0 sleep_us=15161869 queue_ms=18
fps: 30.1
vis: 60.0
cpu: exceptions=9313 cacheResets=1 batches=228859 verts=2137170 texStalls=0 recompiles=1547 underruns=10 overruns=0 sleep_us=15451924 queue_ms=15
fps: 30.0
vis: 60.0
cpu: exceptions=9453 cacheResets=1 batches=238729 verts=2217270 texStalls=0 recompiles=1547 underruns=10 overruns=0 sleep_us=15744507 queue_ms=20
fps: 30.0
vis: 60.0
cpu: exceptions=9593 cacheResets=1 batches=248599 verts=2297370 texStalls=0 recompiles=1547 underruns=10 overruns=0 sleep_us=16037039 queue_ms=16
fps: 30.0
vis: 60.0
cpu: exceptions=9731 cacheResets=1 batches=258469 verts=2377470 texStalls=0 recompiles=1547 underruns=10 overruns=0 sleep_us=16332848 queue_ms=21
fps: 30.0
vis: 60.0
cpu: exceptions=9866 cacheResets=1 batches=268339 verts=2457570 texStalls=0 recompiles=1547 underruns=10 overruns=0 sleep_us=16634355 queue_ms=18
fps: 30.0
vis: 60.0
cpu: exceptions=10001 cacheResets=1 batches=278209 verts=2537670 texStalls=0 recompiles=1547 underruns=10 overruns=0 sleep_us=16935998 queue_ms=14
fps: 30.1
vis: 60.0
cpu: exceptions=10136 cacheResets=1 batches=287239 verts=2612730 texStalls=0 recompiles=1548 underruns=10 overruns=0 sleep_us=17257434 queue_ms=20
fps: 30.0
vis: 60.0
cpu: exceptions=10271 cacheResets=1 batches=295849 verts=2685270 texStalls=0 recompiles=1548 underruns=10 overruns=0 sleep_us=17589725 queue_ms=16
fps: 30.0
vis: 60.0
cpu: exceptions=10412 cacheResets=1 batches=304576 verts=2758458 texStalls=0 recompiles=1568 underruns=10 overruns=0 sleep_us=17912280 queue_ms=21
fps: 29.0
vis: 60.0
cpu: exceptions=10577 cacheResets=1 batches=314926 verts=2840628 texStalls=0 recompiles=1568 underruns=11 overruns=0 sleep_us=18189242 queue_ms=9
fps: 30.2
vis: 60.0
cpu: exceptions=10738 cacheResets=1 batches=321860 verts=2903982 texStalls=0 recompiles=1569 underruns=11 overruns=0 sleep_us=18493200 queue_ms=13
fps: 30.0
vis: 60.0
cpu: exceptions=10896 cacheResets=1 batches=325805 verts=2950872 texStalls=0 recompiles=1569 underruns=11 overruns=0 sleep_us=18820383 queue_ms=10
fps: 30.0
vis: 60.0
cpu: exceptions=11060 cacheResets=1 batches=329750 verts=2997762 texStalls=0 recompiles=1572 underruns=11 overruns=0 sleep_us=19142486 queue_ms=15
fps: 29.9
vis: 60.0
cpu: exceptions=11256 cacheResets=1 batches=333695 verts=3044652 texStalls=0 recompiles=1572 underruns=11 overruns=0 sleep_us=19438820 queue_ms=11
fps: 30.0
vis: 60.0
cpu: exceptions=11444 cacheResets=1 batches=337650 verts=3091572 texStalls=0 recompiles=1572 underruns=11 overruns=0 sleep_us=19743331 queue_ms=17
fps: 30.0
vis: 60.0
cpu: exceptions=11611 cacheResets=1 batches=341745 verts=3138912 texStalls=0 recompiles=1572 underruns=11 overruns=0 sleep_us=20060156 queue_ms=13
fps: 30.0
vis: 60.0
cpu: exceptions=11792 cacheResets=1 batches=345864 verts=3186324 texStalls=0 recompiles=1572 underruns=11 overruns=0 sleep_us=20360216 queue_ms=9
fps: 29.9
vis: 60.0
cpu: exceptions=11986 cacheResets=1 batches=350135 verts=3235623 texStalls=0 recompiles=1572 underruns=11 overruns=0 sleep_us=20642383 queue_ms=14
fps: 30.1
vis: 60.0
cpu: exceptions=12180 cacheResets=1 batches=354504 verts=3286170 texStalls=0 recompiles=1572 underruns=11 overruns=0 sleep_us=20930035 queue_ms=11
vis: 60.0
cpu: exceptions=12350 cacheResets=1 batches=358915 verts=3336843 texStalls=0 recompiles=1572 underruns=11 overruns=0 sleep_us=21236610 queue_ms=15
fps: 30.0
vis: 60.0
cpu: exceptions=12527 cacheResets=1 batches=363420 verts=3387798 texStalls=0 recompiles=1572 underruns=11 overruns=0 sleep_us=21535245 queue_ms=12
fps: 29.9
vis: 60.0
cpu: exceptions=12715 cacheResets=1 batches=367995 verts=3438963 texStalls=0 recompiles=1572 underruns=11 overruns=0 sleep_us=21819378 queue_ms=18
fps: 30.0
vis: 60.0
cpu: exceptions=12921 cacheResets=1 batches=372570 verts=3490128 texStalls=0 recompiles=1572 underruns=11 overruns=0 sleep_us=22090449 queue_ms=13
fps: 30.0
vis: 60.0
cpu: exceptions=13103 cacheResets=1 batches=377464 verts=3542517 texStalls=0 recompiles=1572 underruns=11 overruns=0 sleep_us=22381430 queue_ms=10
fps: 30.0
vis: 60.0
cpu: exceptions=13271 cacheResets=1 batches=383254 verts=3598362 texStalls=0 recompiles=1572 underruns=11 overruns=0 sleep_us=22671629 queue_ms=15
fps: 30.0
vis: 60.0
cpu: exceptions=13457 cacheResets=1 batches=389044 verts=3654207 texStalls=0 recompiles=1572 underruns=11 overruns=0 sleep_us=22946997 queue_ms=12
fps: 30.0
vis: 60.0
cpu: exceptions=13659 cacheResets=1 batches=394834 verts=3710052 texStalls=0 recompiles=1572 underruns=11 overruns=0 sleep_us=23204493 queue_ms=16
fps: 30.0
vis: 60.0
cpu: exceptions=13849 cacheResets=1 batches=400667 verts=3766179 texStalls=0 recompiles=1572 underruns=11 overruns=0 sleep_us=23476293 queue_ms=13
fps: 30.0
vis: 60.0
cpu: exceptions=14019 cacheResets=1 batches=406526 verts=3822636 texStalls=0 recompiles=1572 underruns=11 overruns=0 sleep_us=23765644 queue_ms=18
fps: 29.1
mark: stop reason: chain guest VI limit
mark: stop_it requested
audio: alist_resample_calls=42763 alist_resample_samples=5572696 alist_zoh_calls=0 alist_zoh_samples=0 musyx_subframes=0 musyx_voices=0 musyx_voice_peak=0
audio_stages: adpcm_calls=41651 adpcm_samples=5505360 envmix_calls=40317 envmix_samples=5378800 mix_calls=9436 mix_samples=3019520 musyx_fx_calls=0 musyx_fx_taps=0 output_calls=2360 output_samples=1259104
audio_envmix: exp_calls=40317 ge_calls=0 lin_calls=0 nead_calls=0 exp_steady=33833 ge_steady=0 lin_steady=0
audio_gaps: nead_mats=0 nead_efz=0 resample_flag2=0 musyx_ptr10=0
audio_output: stream_requests=6330 stream_fed=4371 input_hz=32006 playback_hz=32006 queue_peak_ms=145
probe_schema: version=2 self=1 interval=127
vm_io: read_ahead=1 reads=0 hits=0 read_bytes=0 writes=0 write_bytes=0 errors=0
subsystem_time: stage=rsp_gfx calls=1046 timed_calls=1046 period=1 timed_us=4299494
subsystem_time: stage=rsp_audio calls=2359 timed_calls=2359 period=1 timed_us=1168658
subsystem_time: stage=rsp_other calls=0 timed_calls=0 period=1 timed_us=0
subsystem_time: stage=lookup calls=6905989 timed_calls=54377 period=127 timed_us=13170
subsystem_time: stage=compile calls=1572 timed_calls=1572 period=1 timed_us=165834
subsystem_time: stage=dispatch calls=6520317 timed_calls=51341 period=127 timed_us=50770
subsystem_self: stage=dispatch calls=6520317 timed_calls=51341 self_us=32349 dropped=0
subsystem_time: stage=execute_inclusive calls=6520317 timed_calls=51341 period=127 timed_us=275903
subsystem_self: stage=execute_inclusive calls=6520317 timed_calls=51341 self_us=76199 dropped=0
subsystem_time: stage=rom_copy calls=3129 timed_calls=3129 period=1 timed_us=41937
subsystem_time: stage=present calls=2399 timed_calls=2399 period=1 timed_us=52004
subsystem_time: stage=limiter calls=2365 timed_calls=2365 period=1 timed_us=24040148
subsystem_time: stage=vm_fault calls=0 timed_calls=0 period=1 timed_us=0
subsystem_time: stage=vm_victim calls=0 timed_calls=0 period=1 timed_us=0
subsystem_time: stage=vm_read calls=0 timed_calls=0 period=1 timed_us=0
subsystem_time: stage=vm_write calls=0 timed_calls=0 period=1 timed_us=0
subsystem_time: stage=tex_hash calls=85147 timed_calls=85147 period=1 timed_us=586301
subsystem_time: stage=tex_lookup calls=85147 timed_calls=85147 period=1 timed_us=43233
subsystem_time: stage=tex_load calls=177 timed_calls=177 period=1 timed_us=7220
subsystem_time: stage=tex_activate calls=85147 timed_calls=85147 period=1 timed_us=52847
subsystem_time: stage=draw_triangles calls=411832 timed_calls=411832 period=1 timed_us=811938
subsystem_time: stage=draw_rect calls=8799 timed_calls=8799 period=1 timed_us=66003
subsystem_time: stage=gfx_list calls=1046 timed_calls=1046 period=1 timed_us=4297408
subsystem_time: stage=gfx_command calls=2786650 timed_calls=21942 period=127 timed_us=36088
gfx_ucodes: mask=00000001
gfx_opcode: op=01 calls=75429 timed_calls=586 timed_us=283
gfx_opcode: op=03 calls=73618 timed_calls=590 timed_us=291
gfx_opcode: op=04 calls=202051 timed_calls=1597 timed_us=5930
gfx_opcode: op=06 calls=145131 timed_calls=1113 timed_us=206
gfx_opcode: op=b4 calls=4451 timed_calls=26 timed_us=5
gfx_opcode: op=b6 calls=23955 timed_calls=188 timed_us=33
gfx_opcode: op=b7 calls=21046 timed_calls=174 timed_us=26
gfx_opcode: op=b8 calls=140319 timed_calls=1096 timed_us=144
gfx_opcode: op=b9 calls=30688 timed_calls=233 timed_us=35
gfx_opcode: op=ba calls=19636 timed_calls=158 timed_us=38
gfx_opcode: op=bb calls=51788 timed_calls=418 timed_us=78
gfx_opcode: op=bc calls=19397 timed_calls=156 timed_us=44
gfx_opcode: op=bd calls=3892 timed_calls=27 timed_us=3
gfx_opcode: op=bf calls=1291614 timed_calls=10156 timed_us=21406
gfx_opcode: op=e4 calls=6448 timed_calls=55 timed_us=491
gfx_opcode: op=e6 calls=85147 timed_calls=667 timed_us=83
gfx_opcode: op=e7 calls=100886 timed_calls=823 timed_us=105
gfx_opcode: op=e8 calls=34686 timed_calls=282 timed_us=38
gfx_opcode: op=e9 calls=1046 timed_calls=8 timed_us=9
gfx_opcode: op=ed calls=7377 timed_calls=62 timed_us=27
gfx_opcode: op=f2 calls=70829 timed_calls=553 timed_us=150
gfx_opcode: op=f3 calls=85147 timed_calls=666 timed_us=3212
gfx_opcode: op=f5 calls=132657 timed_calls=1024 timed_us=201
gfx_opcode: op=f6 calls=3397 timed_calls=24 timed_us=1271
gfx_opcode: op=f7 calls=2351 timed_calls=12 timed_us=6
gfx_opcode: op=f9 calls=38 timed_calls=1 timed_us=0
gfx_opcode: op=fa calls=5666 timed_calls=51 timed_us=8
gfx_opcode: op=fb calls=7254 timed_calls=59 timed_us=10
gfx_opcode: op=fc calls=52421 timed_calls=419 timed_us=54
gfx_opcode: op=fd calls=85147 timed_calls=693 timed_us=104
gfx_opcode: op=fe calls=1046 timed_calls=8 timed_us=6
gfx_opcode: op=ff calls=2092 timed_calls=17 timed_us=11
subsystem_time: stage=vertex calls=2212170 timed_calls=17418 period=127 timed_us=5487
subsystem_time: stage=gfx_state calls=314517 timed_calls=2476 period=127 timed_us=8854
subsystem_self: stage=gfx_state calls=314517 timed_calls=2476 self_us=3334 dropped=0
subsystem_time: stage=gx_wait calls=4 timed_calls=4 period=1 timed_us=2540
subsystem_time: stage=dma_pi calls=3129 timed_calls=3129 period=1 timed_us=96272
subsystem_time: stage=dma_sp calls=6810 timed_calls=6810 period=1 timed_us=6981
subsystem_time: stage=dma_si calls=1690 timed_calls=1690 period=1 timed_us=24737
subsystem_time: stage=tlb_translate calls=200897 timed_calls=1581 period=127 timed_us=184
subsystem_time: stage=pif calls=1691 timed_calls=1691 period=1 timed_us=22766
subsystem_time: stage=input calls=4180 timed_calls=4180 period=1 timed_us=19280
subsystem_time: stage=guest_interrupt calls=17257 timed_calls=17257 period=1 timed_us=24200274
subsystem_self: stage=guest_interrupt calls=17257 timed_calls=17257 self_us=43682 dropped=0
subsystem_time: stage=interpreter_inclusive calls=0 timed_calls=0 period=1 timed_us=0
subsystem_self: stage=interpreter_inclusive calls=0 timed_calls=0 self_us=0 dropped=0
subsystem_time: stage=audio_submit calls=2360 timed_calls=2360 period=1 timed_us=26292
subsystem_time: stage=audio_callback calls=24659 timed_calls=24659 period=1 timed_us=18216
subsystem_time: stage=memory_slow calls=1118317 timed_calls=8805 period=127 timed_us=50726
subsystem_self: stage=memory_slow calls=1118317 timed_calls=8805 self_us=4732 dropped=0
subsystem_time: stage=jit_invalidate calls=385672 timed_calls=3036 period=127 timed_us=643
subsystem_time: stage=cpu_helper calls=17895793 timed_calls=140911 period=127 timed_us=297213
subsystem_time: stage=storage_read calls=0 timed_calls=0 period=1 timed_us=0
subsystem_time: stage=storage_write calls=0 timed_calls=0 period=1 timed_us=0
subsystem_time: stage=save_load calls=0 timed_calls=0 period=1 timed_us=0
subsystem_time: stage=save_write calls=0 timed_calls=0 period=1 timed_us=0
subsystem_time: stage=state_load calls=0 timed_calls=0 period=1 timed_us=0
subsystem_time: stage=state_save calls=0 timed_calls=0 period=1 timed_us=0
subsystem_time: stage=probe_io calls=6 timed_calls=6 period=1 timed_us=73728
subsystem_time: stage=agent_poll calls=4810 timed_calls=4810 period=1 timed_us=1065
audio_time: stage=resample sampled_calls=336 sampled_samples=43888 sampled_us=1888
audio_time: stage=zoh sampled_calls=0 sampled_samples=0 sampled_us=0
audio_time: stage=adpcm sampled_calls=327 sampled_samples=42240 sampled_us=1790
audio_time: stage=envmix_exp sampled_calls=317 sampled_samples=42336 sampled_us=4096
audio_time: stage=envmix_ge sampled_calls=0 sampled_samples=0 sampled_us=0
audio_time: stage=envmix_lin sampled_calls=0 sampled_samples=0 sampled_us=0
audio_time: stage=envmix_nead sampled_calls=0 sampled_samples=0 sampled_us=0
audio_time: stage=mix sampled_calls=74 sampled_samples=23680 sampled_us=401
audio_time: stage=musyx_voice sampled_calls=0 sampled_samples=0 sampled_us=0
audio_time: stage=musyx_fx sampled_calls=0 sampled_samples=0 sampled_us=0
audio_time: stage=output sampled_calls=18 sampled_samples=9584 sampled_us=168
gpu_counters: clks=9773779272 tb_clks=9773779356 ras_busy=198791744 xf_wait_in=9288403125 xf_wait_out=279944581 ras_peak_permille=34 ztop_in=761476076 ztop_out=724564868 z_in=1416436 z_out=1344756 blend_in=726259828 copy_clks=118952365 fifo_overflows=317
game: n=1/9 how=vis vis=2400 vi_rate=60 vi0_retrace=342 wall_us=40221196 sleep_us=24033100 avg_vis=59.25 avg_fps=27.96 exceptions=14188 cacheResets=1 recompiles=1572 batches=411832 verts=3874842 texStalls=0 treeDepthMax=14 underruns=12 overruns=0 queue_peak_ms=127 dsp_avg=1.56 dsp_peak=1.85 dsp_samples=80 pmc1=11674113939 pmc2=11940287452 pmc3=0 pmc4=0 mmcr0=00000042 mmcr1=00000000 heap_used=10876792 heap_free=37448 arena1_free=315392 arena2_free=288704 flushes=6 flush_us=73726 padtrace=11 rom=sd:/wii64/roms/Super Mario 64.v64
=== chain 1/9 end vis=2400 how=vis rom=sd:/wii64/roms/Super Mario 64.v64 ===
mark: pad replay records: 22
mark: loadROM: enter
mark: loadROM: before rom_read
mark: ROMCache_load: enter
mark: ROMCache_load: before first read
mark: ROMCache_load: first read returned
mark: ROMCache_load: byte_swap_type set
mark: ROMCache_load: first byte_swap done
menufps: 0.0
menufps: 8.5
menufps: 8.3
menufps: 8.3
menufps: 8.1
mark: ROMCache_load: loop exited normally
mark: ROMCache_load: elapsed_us=3080058 bytes=13893632 vm=0
mark: loadROM: after rom_read
mark: loadROM: before init_memory
mark: loadROM: after init_memory
mark: loadROM: before romOpen_gfx
mark: loadROM: after romOpen_gfx / before romOpen_audio
mark: loadROM: after romOpen_audio / before romOpen_input
mark: loadROM: after romOpen_input / before cpu_init
mark: loadROM: after cpu_init
menufps: 6.2
menufps: 1.9
menufps: 1.0
menufps: 1.0
fps: 1.4
first_vi: vi0_retrace=3149
vis: 4.1
cpu: exceptions=0 cacheResets=0 batches=0 verts=0 texStalls=0 recompiles=0 underruns=0 overruns=0 sleep_us=0 queue_ms=0
mark: CPU core dispatch: dynarec
vis: 60.0
cpu: exceptions=1029 cacheResets=1 batches=0 verts=0 texStalls=0 recompiles=316 underruns=1 overruns=0 sleep_us=81261 queue_ms=116
vis: 60.0
cpu: exceptions=1329 cacheResets=1 batches=0 verts=0 texStalls=0 recompiles=316 underruns=1 overruns=0 sleep_us=551277 queue_ms=113
vis: 60.0
cpu: exceptions=1629 cacheResets=1 batches=0 verts=0 texStalls=0 recompiles=331 underruns=1 overruns=0 sleep_us=1019753 queue_ms=109
vis: 60.0
cpu: exceptions=1928 cacheResets=1 batches=0 verts=0 texStalls=0 recompiles=331 underruns=1 overruns=0 sleep_us=1489717 queue_ms=116
vis: 60.0
cpu: exceptions=2228 cacheResets=1 batches=0 verts=0 texStalls=0 recompiles=331 underruns=1 overruns=0 sleep_us=1959729 queue_ms=113
vis: 60.0
cpu: exceptions=2527 cacheResets=1 batches=0 verts=0 texStalls=0 recompiles=331 underruns=1 overruns=0 sleep_us=2429463 queue_ms=120
vis: 60.0
cpu: exceptions=2863 cacheResets=1 batches=0 verts=0 texStalls=0 recompiles=344 underruns=1 overruns=0 sleep_us=2891294 queue_ms=116
fps: 0.8
vis: 60.0
cpu: exceptions=3437 cacheResets=1 batches=64 verts=4140 texStalls=0 recompiles=468 underruns=1 overruns=0 sleep_us=3315699 queue_ms=122
fps: 1.6
vis: 60.0
cpu: exceptions=3542 cacheResets=1 batches=576 verts=37260 texStalls=0 recompiles=528 underruns=1 overruns=0 sleep_us=3601050 queue_ms=17
fps: 31.0
vis: 60.0
cpu: exceptions=3683 cacheResets=1 batches=1536 verts=99360 texStalls=0 recompiles=528 underruns=1 overruns=0 sleep_us=3886858 queue_ms=25
fps: 30.0
vis: 60.0
cpu: exceptions=3819 cacheResets=1 batches=2304 verts=149040 texStalls=0 recompiles=566 underruns=1 overruns=0 sleep_us=4149694 queue_ms=20
vis: 60.0
cpu: exceptions=3915 cacheResets=1 batches=2304 verts=149040 texStalls=0 recompiles=566 underruns=1 overruns=0 sleep_us=4327091 queue_ms=28
fps: 3.9
vis: 60.0
cpu: exceptions=4014 cacheResets=1 batches=2424 verts=149760 texStalls=0 recompiles=598 underruns=1 overruns=0 sleep_us=4604265 queue_ms=23
fps: 1.7
vis: 59.6
cpu: exceptions=4116 cacheResets=1 batches=2904 verts=152640 texStalls=0 recompiles=610 underruns=3 overruns=0 sleep_us=4935269 queue_ms=7
fps: 30.8
vis: 59.7
cpu: exceptions=4330 cacheResets=1 batches=4704 verts=163440 texStalls=0 recompiles=611 underruns=4 overruns=0 sleep_us=5099007 queue_ms=11
fps: 29.8
vis: 59.7
cpu: exceptions=4531 cacheResets=1 batches=6504 verts=174240 texStalls=0 recompiles=614 underruns=4 overruns=0 sleep_us=5259560 queue_ms=8
fps: 29.8
vis: 59.7
cpu: exceptions=4724 cacheResets=1 batches=8304 verts=185040 texStalls=0 recompiles=614 underruns=4 overruns=0 sleep_us=5416388 queue_ms=15
fps: 29.9
vis: 59.7
cpu: exceptions=4918 cacheResets=1 batches=10104 verts=195840 texStalls=0 recompiles=614 underruns=4 overruns=0 sleep_us=5574840 queue_ms=10
fps: 29.9
vis: 59.7
cpu: exceptions=5097 cacheResets=1 batches=11904 verts=206640 texStalls=0 recompiles=614 underruns=4 overruns=0 sleep_us=5736244 queue_ms=5
fps: 28.9
vis: 59.7
cpu: exceptions=5275 cacheResets=1 batches=13704 verts=217440 texStalls=0 recompiles=618 underruns=5 overruns=0 sleep_us=5897519 queue_ms=13
vis: 60.0
cpu: exceptions=5455 cacheResets=1 batches=15024 verts=225360 texStalls=0 recompiles=625 underruns=5 overruns=0 sleep_us=6050101 queue_ms=8
vis: 60.0
cpu: exceptions=5606 cacheResets=1 batches=15024 verts=225360 texStalls=0 recompiles=625 underruns=5 overruns=0 sleep_us=6197621 queue_ms=14
vis: 60.0
cpu: exceptions=5714 cacheResets=1 batches=15024 verts=225360 texStalls=0 recompiles=631 underruns=5 overruns=0 sleep_us=6413843 queue_ms=10
fps: 7.0
vis: 60.0
cpu: exceptions=5836 cacheResets=1 batches=15024 verts=225360 texStalls=0 recompiles=674 underruns=5 overruns=0 sleep_us=6648977 queue_ms=17
fps: 31.8
vis: 59.9
cpu: exceptions=6049 cacheResets=1 batches=15024 verts=225360 texStalls=0 recompiles=674 underruns=5 overruns=0 sleep_us=6847714 queue_ms=13
fps: 30.0
vis: 60.0
cpu: exceptions=6238 cacheResets=1 batches=15024 verts=225360 texStalls=0 recompiles=674 underruns=5 overruns=0 sleep_us=7047847 queue_ms=8
fps: 30.0
vis: 60.0
cpu: exceptions=6409 cacheResets=1 batches=15024 verts=225360 texStalls=0 recompiles=674 underruns=5 overruns=0 sleep_us=7252771 queue_ms=16
fps: 30.0
vis: 60.0
cpu: exceptions=6576 cacheResets=1 batches=15024 verts=225360 texStalls=0 recompiles=674 underruns=5 overruns=0 sleep_us=7459768 queue_ms=12
fps: 30.0
vis: 60.0
cpu: exceptions=6746 cacheResets=1 batches=15024 verts=225360 texStalls=0 recompiles=674 underruns=5 overruns=0 sleep_us=7667154 queue_ms=19
fps: 30.0
vis: 59.5
cpu: exceptions=6919 cacheResets=1 batches=15024 verts=225360 texStalls=0 recompiles=681 underruns=5 overruns=0 sleep_us=7873664 queue_ms=16
fps: 29.7
vis: 59.9
cpu: exceptions=7085 cacheResets=1 batches=15024 verts=225360 texStalls=0 recompiles=686 underruns=5 overruns=0 sleep_us=8064865 queue_ms=11
fps: 30.0
vis: 60.0
cpu: exceptions=7254 cacheResets=1 batches=15024 verts=225360 texStalls=0 recompiles=686 underruns=5 overruns=0 sleep_us=8268965 queue_ms=17
vis: 60.0
cpu: exceptions=7426 cacheResets=1 batches=15024 verts=225360 texStalls=0 recompiles=686 underruns=5 overruns=0 sleep_us=8482999 queue_ms=14
fps: 30.0
vis: 60.0
cpu: exceptions=7586 cacheResets=1 batches=15024 verts=225360 texStalls=0 recompiles=686 underruns=5 overruns=0 sleep_us=8700211 queue_ms=21
fps: 30.0
vis: 60.0
cpu: exceptions=7760 cacheResets=1 batches=15024 verts=225360 texStalls=0 recompiles=686 underruns=5 overruns=0 sleep_us=8914229 queue_ms=17
fps: 30.0
vis: 60.0
cpu: exceptions=7936 cacheResets=1 batches=15024 verts=225360 texStalls=0 recompiles=686 underruns=5 overruns=0 sleep_us=9129106 queue_ms=25
fps: 30.0
vis: 60.0
cpu: exceptions=8104 cacheResets=1 batches=15024 verts=225360 texStalls=0 recompiles=686 underruns=5 overruns=0 sleep_us=9345028 queue_ms=21
fps: 30.0
vis: 60.0
cpu: exceptions=8279 cacheResets=1 batches=15024 verts=225360 texStalls=0 recompiles=686 underruns=5 overruns=0 sleep_us=9559611 queue_ms=17
fps: 30.0
vis: 60.0
cpu: exceptions=8448 cacheResets=1 batches=15024 verts=225360 texStalls=0 recompiles=686 underruns=5 overruns=0 sleep_us=9777700 queue_ms=23
fps: 29.1
vis: 59.9
cpu: exceptions=8614 cacheResets=1 batches=15024 verts=225360 texStalls=0 recompiles=688 underruns=5 overruns=0 sleep_us=10015857 queue_ms=8
fps: 30.0
vis: 60.0
cpu: exceptions=8773 cacheResets=1 batches=15024 verts=225360 texStalls=0 recompiles=688 underruns=5 overruns=0 sleep_us=10253072 queue_ms=5
fps: 30.0
vis: 60.0
cpu: exceptions=8939 cacheResets=1 batches=15024 verts=225360 texStalls=0 recompiles=688 underruns=5 overruns=0 sleep_us=10485565 queue_ms=11
fps: 30.0
vis: 60.0
cpu: exceptions=9130 cacheResets=1 batches=15024 verts=225360 texStalls=0 recompiles=688 underruns=5 overruns=0 sleep_us=10694859 queue_ms=7
fps: 30.0
vis: 60.0
cpu: exceptions=9303 cacheResets=1 batches=15024 verts=225360 texStalls=0 recompiles=688 underruns=5 overruns=0 sleep_us=10913317 queue_ms=14
fps: 30.0
vis: 60.0
cpu: exceptions=9459 cacheResets=1 batches=15024 verts=225360 texStalls=0 recompiles=688 underruns=5 overruns=0 sleep_us=11144411 queue_ms=10
fps: 30.0
vis: 60.0
cpu: exceptions=9616 cacheResets=1 batches=15024 verts=225360 texStalls=0 recompiles=688 underruns=5 overruns=0 sleep_us=11375322 queue_ms=17
fps: 30.0
vis: 60.0
cpu: exceptions=9770 cacheResets=1 batches=15024 verts=225360 texStalls=0 recompiles=688 underruns=5 overruns=0 sleep_us=11607734 queue_ms=13
fps: 30.0
vis: 60.0
cpu: exceptions=9928 cacheResets=1 batches=15024 verts=225360 texStalls=0 recompiles=688 underruns=5 overruns=0 sleep_us=11843744 queue_ms=19
fps: 30.0
vis: 60.0
cpu: exceptions=10083 cacheResets=1 batches=15024 verts=225360 texStalls=0 recompiles=688 underruns=5 overruns=0 sleep_us=12081290 queue_ms=14
fps: 30.0
vis: 60.0
cpu: exceptions=10245 cacheResets=1 batches=15024 verts=225360 texStalls=0 recompiles=688 underruns=5 overruns=0 sleep_us=12319507 queue_ms=10
fps: 30.0
vis: 60.0
cpu: exceptions=10397 cacheResets=1 batches=15024 verts=225360 texStalls=0 recompiles=688 underruns=5 overruns=0 sleep_us=12555296 queue_ms=17
fps: 30.0
vis: 60.0
cpu: exceptions=10553 cacheResets=1 batches=15024 verts=225360 texStalls=0 recompiles=688 underruns=5 overruns=0 sleep_us=12786976 queue_ms=13
fps: 30.0
vis: 60.0
cpu: exceptions=10702 cacheResets=1 batches=15024 verts=225360 texStalls=0 recompiles=688 underruns=5 overruns=0 sleep_us=13032773 queue_ms=20
fps: 29.9
vis: 60.0
cpu: exceptions=10904 cacheResets=1 batches=15024 verts=225360 texStalls=0 recompiles=688 underruns=5 overruns=0 sleep_us=13243910 queue_ms=16
fps: 30.0
vis: 60.0
cpu: exceptions=11097 cacheResets=1 batches=15024 verts=225360 texStalls=0 recompiles=688 underruns=5 overruns=0 sleep_us=13446579 queue_ms=22
fps: 30.0
vis: 60.0
cpu: exceptions=11279 cacheResets=1 batches=15024 verts=225360 texStalls=0 recompiles=688 underruns=5 overruns=0 sleep_us=13657409 queue_ms=17
fps: 30.0
vis: 60.0
cpu: exceptions=11454 cacheResets=1 batches=15024 verts=225360 texStalls=0 recompiles=688 underruns=5 overruns=0 sleep_us=13872034 queue_ms=24
fps: 30.0
vis: 60.0
cpu: exceptions=11625 cacheResets=1 batches=15024 verts=225360 texStalls=0 recompiles=688 underruns=5 overruns=0 sleep_us=14088015 queue_ms=20
fps: 30.0
vis: 60.0
cpu: exceptions=11797 cacheResets=1 batches=15024 verts=225360 texStalls=0 recompiles=688 underruns=5 overruns=0 sleep_us=14302743 queue_ms=27
fps: 28.6
vis: 60.0
cpu: exceptions=11971 cacheResets=1 batches=15024 verts=225360 texStalls=0 recompiles=692 underruns=6 overruns=0 sleep_us=14516846 queue_ms=12
vis: 60.0
cpu: exceptions=12130 cacheResets=1 batches=15024 verts=225360 texStalls=0 recompiles=692 underruns=6 overruns=0 sleep_us=14716322 queue_ms=8
vis: 60.0
cpu: exceptions=12257 cacheResets=1 batches=15024 verts=225360 texStalls=0 recompiles=692 underruns=6 overruns=0 sleep_us=14868902 queue_ms=15
vis: 60.0
cpu: exceptions=12376 cacheResets=1 batches=15024 verts=225360 texStalls=0 recompiles=692 underruns=6 overruns=0 sleep_us=15073127 queue_ms=11
fps: 7.5
vis: 59.9
cpu: exceptions=12554 cacheResets=1 batches=15024 verts=225360 texStalls=0 recompiles=720 underruns=7 overruns=0 sleep_us=15292310 queue_ms=29
fps: 31.9
vis: 59.2
cpu: exceptions=12747 cacheResets=1 batches=15024 verts=225360 texStalls=0 recompiles=721 underruns=7 overruns=0 sleep_us=15469396 queue_ms=26
fps: 29.4
vis: 60.0
cpu: exceptions=12968 cacheResets=1 batches=15024 verts=225360 texStalls=0 recompiles=721 underruns=7 overruns=0 sleep_us=15600927 queue_ms=32
fps: 30.2
vis: 59.8
cpu: exceptions=13179 cacheResets=1 batches=15024 verts=225360 texStalls=0 recompiles=721 underruns=7 overruns=0 sleep_us=15737241 queue_ms=28
fps: 29.8
vis: 59.7
cpu: exceptions=13383 cacheResets=1 batches=15024 verts=225360 texStalls=0 recompiles=721 underruns=7 overruns=0 sleep_us=15881899 queue_ms=24
fps: 29.8
vis: 59.7
cpu: exceptions=13571 cacheResets=1 batches=15024 verts=225360 texStalls=0 recompiles=721 underruns=7 overruns=0 sleep_us=16076016 queue_ms=20
fps: 29.9
vis: 59.4
cpu: exceptions=13758 cacheResets=1 batches=15024 verts=225360 texStalls=0 recompiles=724 underruns=7 overruns=0 sleep_us=16263898 queue_ms=17
fps: 29.6
vis: 60.0
cpu: exceptions=13944 cacheResets=1 batches=15024 verts=225360 texStalls=0 recompiles=731 underruns=7 overruns=0 sleep_us=16446032 queue_ms=24
fps: 30.2
vis: 59.8
cpu: exceptions=14124 cacheResets=1 batches=15024 verts=225360 texStalls=0 recompiles=731 underruns=7 overruns=0 sleep_us=16655171 queue_ms=20
fps: 29.2
vis: 59.5
cpu: exceptions=14317 cacheResets=1 batches=15024 verts=225360 texStalls=0 recompiles=731 underruns=7 overruns=0 sleep_us=16847618 queue_ms=16
fps: 30.6
vis: 60.0
cpu: exceptions=14504 cacheResets=1 batches=15024 verts=225360 texStalls=0 recompiles=731 underruns=7 overruns=0 sleep_us=17047589 queue_ms=22
vis: 60.0
cpu: exceptions=14680 cacheResets=1 batches=15024 verts=225360 texStalls=0 recompiles=731 underruns=7 overruns=0 sleep_us=17257385 queue_ms=19
fps: 30.0
vis: 60.0
cpu: exceptions=14847 cacheResets=1 batches=15024 verts=225360 texStalls=0 recompiles=731 underruns=7 overruns=0 sleep_us=17482788 queue_ms=26
fps: 30.0
vis: 60.0
cpu: exceptions=15022 cacheResets=1 batches=15024 verts=225360 texStalls=0 recompiles=731 underruns=7 overruns=0 sleep_us=17697879 queue_ms=22
fps: 30.0
vis: 60.0
cpu: exceptions=15180 cacheResets=1 batches=15024 verts=225360 texStalls=0 recompiles=731 underruns=7 overruns=0 sleep_us=17936323 queue_ms=29
fps: 30.1
vis: 60.0
cpu: exceptions=15341 cacheResets=1 batches=15024 verts=225360 texStalls=0 recompiles=731 underruns=7 overruns=0 sleep_us=18174650 queue_ms=24
fps: 29.1
vis: 59.9
cpu: exceptions=15525 cacheResets=1 batches=15024 verts=225360 texStalls=0 recompiles=732 underruns=7 overruns=0 sleep_us=18377029 queue_ms=9
fps: 29.8
vis: 60.0
cpu: exceptions=15696 cacheResets=1 batches=15024 verts=225360 texStalls=0 recompiles=732 underruns=7 overruns=0 sleep_us=18562633 queue_ms=5
vis: 60.0
cpu: exceptions=15803 cacheResets=1 batches=15024 verts=225360 texStalls=0 recompiles=732 underruns=7 overruns=0 sleep_us=18725461 queue_ms=13
vis: 60.0
cpu: exceptions=15953 cacheResets=1 batches=15024 verts=225360 texStalls=0 recompiles=733 underruns=7 overruns=0 sleep_us=18944723 queue_ms=8
vis: 60.0
cpu: exceptions=16114 cacheResets=1 batches=15024 verts=225360 texStalls=0 recompiles=734 underruns=7 overruns=0 sleep_us=19164477 queue_ms=14
fps: 4.1
vis: 60.0
cpu: exceptions=16295 cacheResets=1 batches=15024 verts=225360 texStalls=0 recompiles=761 underruns=9 overruns=0 sleep_us=19318766 queue_ms=32
fps: 32.2
vis: 59.9
cpu: exceptions=16474 cacheResets=1 batches=15024 verts=225360 texStalls=0 recompiles=761 underruns=9 overruns=0 sleep_us=19515454 queue_ms=38
fps: 29.9
vis: 60.0
cpu: exceptions=16650 cacheResets=1 batches=15024 verts=225360 texStalls=0 recompiles=761 underruns=9 overruns=0 sleep_us=19713872 queue_ms=34
fps: 30.0
vis: 59.9
cpu: exceptions=16823 cacheResets=1 batches=15024 verts=225360 texStalls=0 recompiles=761 underruns=9 overruns=0 sleep_us=19912918 queue_ms=30
fps: 30.0
vis: 60.0
cpu: exceptions=16998 cacheResets=1 batches=15024 verts=225360 texStalls=0 recompiles=761 underruns=9 overruns=0 sleep_us=20115934 queue_ms=37
fps: 30.0
vis: 59.1
cpu: exceptions=17169 cacheResets=1 batches=15024 verts=225360 texStalls=0 recompiles=765 underruns=9 overruns=0 sleep_us=20316260 queue_ms=32
fps: 29.5
vis: 59.8
cpu: exceptions=17347 cacheResets=1 batches=15024 verts=225360 texStalls=0 recompiles=767 underruns=9 overruns=0 sleep_us=20493577 queue_ms=28
fps: 29.9
vis: 59.9
cpu: exceptions=17514 cacheResets=1 batches=15024 verts=225360 texStalls=0 recompiles=767 underruns=9 overruns=0 sleep_us=20675013 queue_ms=24
fps: 29.9
vis: 59.9
cpu: exceptions=17685 cacheResets=1 batches=15024 verts=225360 texStalls=0 recompiles=767 underruns=9 overruns=0 sleep_us=20870248 queue_ms=31
fps: 30.0
vis: 59.5
cpu: exceptions=17865 cacheResets=1 batches=15024 verts=225360 texStalls=0 recompiles=767 underruns=9 overruns=0 sleep_us=21062309 queue_ms=26
fps: 29.7
vis: 59.9
cpu: exceptions=18043 cacheResets=1 batches=15024 verts=225360 texStalls=0 recompiles=767 underruns=9 overruns=0 sleep_us=21248670 queue_ms=23
fps: 30.0
vis: 59.9
cpu: exceptions=18218 cacheResets=1 batches=15024 verts=225360 texStalls=0 recompiles=767 underruns=9 overruns=0 sleep_us=21438907 queue_ms=19
fps: 30.0
vis: 60.0
cpu: exceptions=18384 cacheResets=1 batches=15024 verts=225360 texStalls=0 recompiles=767 underruns=9 overruns=0 sleep_us=21637550 queue_ms=25
fps: 30.0
vis: 59.6
cpu: exceptions=18552 cacheResets=1 batches=15024 verts=225360 texStalls=0 recompiles=767 underruns=9 overruns=0 sleep_us=21854213 queue_ms=22
fps: 29.8
vis: 60.0
cpu: exceptions=18709 cacheResets=1 batches=15024 verts=225360 texStalls=0 recompiles=767 underruns=9 overruns=0 sleep_us=22075320 queue_ms=29
fps: 29.2
vis: 60.0
cpu: exceptions=18868 cacheResets=1 batches=15024 verts=225360 texStalls=0 recompiles=767 underruns=9 overruns=0 sleep_us=22293944 queue_ms=4
fps: 29.9
vis: 60.0
cpu: exceptions=20024 cacheResets=1 batches=15024 verts=225360 texStalls=0 recompiles=776 underruns=9 overruns=0 sleep_us=22454203 queue_ms=10
vis: 60.0
cpu: exceptions=20192 cacheResets=1 batches=15024 verts=225360 texStalls=0 recompiles=829 underruns=9 overruns=0 sleep_us=22736902 queue_ms=7
vis: 60.0
cpu: exceptions=20290 cacheResets=1 batches=15024 verts=225360 texStalls=0 recompiles=829 underruns=9 overruns=0 sleep_us=23092016 queue_ms=13
vis: 60.0
cpu: exceptions=20478 cacheResets=1 batches=15024 verts=225360 texStalls=0 recompiles=1016 underruns=10 overruns=0 sleep_us=23404361 queue_ms=20
vis: 60.0
cpu: exceptions=20557 cacheResets=1 batches=15024 verts=225360 texStalls=0 recompiles=1016 underruns=11 overruns=0 sleep_us=23851687 queue_ms=5
fps: 2.5
vis: 60.0
cpu: exceptions=20763 cacheResets=1 batches=20510 verts=268494 texStalls=0 recompiles=1373 underruns=13 overruns=0 sleep_us=23919199 queue_ms=24
fps: 31.8
vis: 59.7
cpu: exceptions=21001 cacheResets=1 batches=27115 verts=319914 texStalls=0 recompiles=1405 underruns=13 overruns=0 sleep_us=23981056 queue_ms=31
fps: 29.7
vis: 59.2
cpu: exceptions=21296 cacheResets=1 batches=34032 verts=373206 texStalls=0 recompiles=1410 underruns=13 overruns=0 sleep_us=24001514 queue_ms=17
fps: 29.5
vis: 57.9
cpu: exceptions=21638 cacheResets=1 batches=41160 verts=427764 texStalls=0 recompiles=1410 underruns=13 overruns=0 sleep_us=24007349 queue_ms=2
fps: 28.6
vis: 57.0
cpu: exceptions=21998 cacheResets=1 batches=48363 verts=482772 texStalls=0 recompiles=1416 underruns=16 overruns=0 sleep_us=24011890 queue_ms=10
fps: 28.9
vis: 60.0
cpu: exceptions=22329 cacheResets=1 batches=54533 verts=531582 texStalls=0 recompiles=1417 underruns=17 overruns=0 sleep_us=24067516 queue_ms=27
fps: 31.0
vis: 60.0
cpu: exceptions=22630 cacheResets=1 batches=59621 verts=573900 texStalls=0 recompiles=1417 underruns=17 overruns=0 sleep_us=24185723 queue_ms=22
fps: 30.0
vis: 60.0
cpu: exceptions=22950 cacheResets=1 batches=64090 verts=612504 texStalls=0 recompiles=1421 underruns=17 overruns=0 sleep_us=24288996 queue_ms=29
fps: 30.1
vis: 60.0
cpu: exceptions=23260 cacheResets=1 batches=68158 verts=648702 texStalls=0 recompiles=1422 underruns=17 overruns=0 sleep_us=24423554 queue_ms=26
fps: 29.9
vis: 60.0
cpu: exceptions=23570 cacheResets=1 batches=72180 verts=684624 texStalls=0 recompiles=1435 underruns=17 overruns=0 sleep_us=24549592 queue_ms=32
fps: 29.9
vis: 60.0
cpu: exceptions=23867 cacheResets=1 batches=76104 verts=719958 texStalls=0 recompiles=1502 underruns=17 overruns=0 sleep_us=24659986 queue_ms=29
fps: 30.0
vis: 60.0
cpu: exceptions=24182 cacheResets=1 batches=80012 verts=755196 texStalls=0 recompiles=1504 underruns=17 overruns=0 sleep_us=24778281 queue_ms=24
fps: 30.1
vis: 60.0
cpu: exceptions=24492 cacheResets=1 batches=83914 verts=790398 texStalls=0 recompiles=1504 underruns=17 overruns=0 sleep_us=24918589 queue_ms=31
fps: 30.0
vis: 60.0
cpu: exceptions=24784 cacheResets=1 batches=87801 verts=825510 texStalls=0 recompiles=1504 underruns=17 overruns=0 sleep_us=25066739 queue_ms=27
fps: 29.2
mark: stop reason: chain guest VI limit
vis: 57.8
cpu: exceptions=25066 cacheResets=1 batches=91752 verts=861006 texStalls=0 recompiles=1504 underruns=18 overruns=0 sleep_us=25209867 queue_ms=6
mark: stop_it requested
audio: alist_resample_calls=124134 alist_resample_samples=18520696 alist_zoh_calls=0 alist_zoh_samples=0 musyx_subframes=0 musyx_voices=0 musyx_voice_peak=0
audio_stages: adpcm_calls=128102 adpcm_samples=19590016 envmix_calls=124134 envmix_samples=18520696 mix_calls=21240 mix_samples=8156160 musyx_fx_calls=0 musyx_fx_taps=0 output_calls=3566 output_samples=1595408
audio_envmix: exp_calls=0 ge_calls=0 lin_calls=0 nead_calls=124134 exp_steady=0 ge_steady=0 lin_steady=0
audio_gaps: nead_mats=0 nead_efz=0 resample_flag2=0 musyx_ptr10=0
audio_output: stream_requests=7381 stream_fed=5539 input_hz=26807 playback_hz=26807 queue_peak_ms=139
probe_schema: version=2 self=1 interval=127
vm_io: read_ahead=1 reads=0 hits=0 read_bytes=0 writes=0 write_bytes=0 errors=0
subsystem_time: stage=rsp_gfx calls=1428 timed_calls=1428 period=1 timed_us=17099963
subsystem_time: stage=rsp_audio calls=3540 timed_calls=3540 period=1 timed_us=3013039
subsystem_time: stage=rsp_other calls=0 timed_calls=0 period=1 timed_us=0
subsystem_time: stage=lookup calls=8677620 timed_calls=68327 period=127 timed_us=15527
subsystem_time: stage=compile calls=1504 timed_calls=1504 period=1 timed_us=203105
subsystem_time: stage=dispatch calls=8651355 timed_calls=68120 period=127 timed_us=58865
subsystem_self: stage=dispatch calls=8651355 timed_calls=68120 self_us=41062 dropped=0
subsystem_time: stage=execute_inclusive calls=8651355 timed_calls=68120 period=127 timed_us=439067
subsystem_self: stage=execute_inclusive calls=8651355 timed_calls=68120 self_us=116862 dropped=0
subsystem_time: stage=rom_copy calls=8289 timed_calls=8289 period=1 timed_us=71445
subsystem_time: stage=present calls=3599 timed_calls=3599 period=1 timed_us=67025
subsystem_time: stage=limiter calls=2736 timed_calls=2736 period=1 timed_us=25218267
subsystem_time: stage=vm_fault calls=0 timed_calls=0 period=1 timed_us=0
subsystem_time: stage=vm_victim calls=0 timed_calls=0 period=1 timed_us=0
subsystem_time: stage=vm_read calls=0 timed_calls=0 period=1 timed_us=0
subsystem_time: stage=vm_write calls=0 timed_calls=0 period=1 timed_us=0
subsystem_time: stage=tex_hash calls=231269 timed_calls=231269 period=1 timed_us=1474978
subsystem_time: stage=tex_lookup calls=231269 timed_calls=231269 period=1 timed_us=349726
subsystem_time: stage=tex_load calls=1733 timed_calls=1733 period=1 timed_us=127586
subsystem_time: stage=tex_activate calls=231269 timed_calls=231269 period=1 timed_us=59935
subsystem_time: stage=draw_triangles calls=91752 timed_calls=91752 period=1 timed_us=186456
subsystem_time: stage=draw_rect calls=199209 timed_calls=199209 period=1 timed_us=2446985
subsystem_time: stage=gfx_list calls=1428 timed_calls=1428 period=1 timed_us=17096916
subsystem_time: stage=gfx_command calls=3052105 timed_calls=24032 period=127 timed_us=138294
gfx_ucodes: mask=00040000
gfx_opcode: op=01 calls=39357 timed_calls=314 timed_us=144
gfx_opcode: op=03 calls=4732 timed_calls=44 timed_us=51
gfx_opcode: op=04 calls=74849 timed_calls=554 timed_us=1369
gfx_opcode: op=06 calls=126570 timed_calls=947 timed_us=171
gfx_opcode: op=b1 calls=89645 timed_calls=765 timed_us=6017
gfx_opcode: op=b4 calls=811 timed_calls=8 timed_us=1
gfx_opcode: op=b5 calls=21636 timed_calls=179 timed_us=290
gfx_opcode: op=b6 calls=21527 timed_calls=177 timed_us=35
gfx_opcode: op=b7 calls=13822 timed_calls=106 timed_us=16
gfx_opcode: op=b8 calls=127998 timed_calls=986 timed_us=130
gfx_opcode: op=b9 calls=89659 timed_calls=704 timed_us=115
gfx_opcode: op=ba calls=160056 timed_calls=1283 timed_us=241
gfx_opcode: op=bb calls=35718 timed_calls=296 timed_us=57
gfx_opcode: op=bc calls=34815 timed_calls=258 timed_us=68
gfx_opcode: op=bd calls=36 timed_calls=0 timed_us=0
gfx_opcode: op=bf calls=64440 timed_calls=456 timed_us=2122
gfx_opcode: op=c0 calls=16873 timed_calls=139 timed_us=20
gfx_opcode: op=e4 calls=190158 timed_calls=1505 timed_us=19839
gfx_opcode: op=e6 calls=236572 timed_calls=1861 timed_us=240
gfx_opcode: op=e7 calls=327789 timed_calls=2617 timed_us=368
gfx_opcode: op=e8 calls=41869 timed_calls=342 timed_us=39
gfx_opcode: op=e9 calls=1428 timed_calls=10 timed_us=16
gfx_opcode: op=ed calls=8043 timed_calls=63 timed_us=34
gfx_opcode: op=f0 calls=4851 timed_calls=38 timed_us=115
gfx_opcode: op=f2 calls=227707 timed_calls=1790 timed_us=472
gfx_opcode: op=f3 calls=40772 timed_calls=309 timed_us=1908
gfx_opcode: op=f4 calls=190949 timed_calls=1508 timed_us=6349
gfx_opcode: op=f5 calls=464279 timed_calls=3643 timed_us=666
gfx_opcode: op=f6 calls=10516 timed_calls=95 timed_us=2751
gfx_opcode: op=f7 calls=10090 timed_calls=83 timed_us=35
gfx_opcode: op=fa calls=40837 timed_calls=309 timed_us=59
gfx_opcode: op=fb calls=23942 timed_calls=183 timed_us=27
gfx_opcode: op=fc calls=67479 timed_calls=531 timed_us=77
gfx_opcode: op=fd calls=236572 timed_calls=1881 timed_us=280
gfx_opcode: op=fe calls=1427 timed_calls=12 timed_us=9
gfx_opcode: op=ff calls=4281 timed_calls=36 timed_us=92000
subsystem_time: stage=vertex calls=544112 timed_calls=4284 period=127 timed_us=1285
subsystem_time: stage=gfx_state calls=287905 timed_calls=2266 period=127 timed_us=20989
subsystem_self: stage=gfx_state calls=287905 timed_calls=2266 self_us=5041 dropped=0
subsystem_time: stage=gx_wait calls=4 timed_calls=4 period=1 timed_us=2553
subsystem_time: stage=dma_pi calls=8289 timed_calls=8289 period=1 timed_us=145478
subsystem_time: stage=dma_sp calls=9936 timed_calls=9936 period=1 timed_us=10597
subsystem_time: stage=dma_si calls=2986 timed_calls=2986 period=1 timed_us=34276
subsystem_time: stage=tlb_translate calls=0 timed_calls=0 period=127 timed_us=0
subsystem_time: stage=pif calls=2987 timed_calls=2987 period=1 timed_us=31548
subsystem_time: stage=input calls=5712 timed_calls=5712 period=1 timed_us=25832
subsystem_time: stage=guest_interrupt calls=33421 timed_calls=33421 period=1 timed_us=25457368
subsystem_self: stage=guest_interrupt calls=33421 timed_calls=33421 self_us=62800 dropped=0
subsystem_time: stage=interpreter_inclusive calls=0 timed_calls=0 period=1 timed_us=0
subsystem_self: stage=interpreter_inclusive calls=0 timed_calls=0 self_us=0 dropped=0
subsystem_time: stage=audio_submit calls=3566 timed_calls=3566 period=1 timed_us=36000
subsystem_time: stage=audio_callback calls=35962 timed_calls=35962 period=1 timed_us=25256
subsystem_time: stage=memory_slow calls=1356491 timed_calls=10681 period=127 timed_us=173551
subsystem_self: stage=memory_slow calls=1356491 timed_calls=10681 self_us=6213 dropped=0
subsystem_time: stage=jit_invalidate calls=26265 timed_calls=206 period=127 timed_us=44
subsystem_time: stage=cpu_helper calls=35811550 timed_calls=281980 period=127 timed_us=169289
subsystem_time: stage=storage_read calls=0 timed_calls=0 period=1 timed_us=0
subsystem_time: stage=storage_write calls=0 timed_calls=0 period=1 timed_us=0
subsystem_time: stage=save_load calls=0 timed_calls=0 period=1 timed_us=0
subsystem_time: stage=save_write calls=0 timed_calls=0 period=1 timed_us=0
subsystem_time: stage=state_load calls=0 timed_calls=0 period=1 timed_us=0
subsystem_time: stage=state_save calls=0 timed_calls=0 period=1 timed_us=0
subsystem_time: stage=probe_io calls=8 timed_calls=8 period=1 timed_us=116152
subsystem_time: stage=agent_poll calls=7219 timed_calls=7219 period=1 timed_us=1842
audio_time: stage=resample sampled_calls=977 sampled_samples=145512 sampled_us=6198
audio_time: stage=zoh sampled_calls=0 sampled_samples=0 sampled_us=0
audio_time: stage=adpcm sampled_calls=1008 sampled_samples=155232 sampled_us=6502
audio_time: stage=envmix_exp sampled_calls=0 sampled_samples=0 sampled_us=0
audio_time: stage=envmix_ge sampled_calls=0 sampled_samples=0 sampled_us=0
audio_time: stage=envmix_lin sampled_calls=0 sampled_samples=0 sampled_us=0
audio_time: stage=envmix_nead sampled_calls=977 sampled_samples=145512 sampled_us=8780
audio_time: stage=mix sampled_calls=167 sampled_samples=64128 sampled_us=1037
audio_time: stage=musyx_voice sampled_calls=0 sampled_samples=0 sampled_us=0
audio_time: stage=musyx_fx sampled_calls=0 sampled_samples=0 sampled_us=0
audio_time: stage=output sampled_calls=28 sampled_samples=12480 sampled_us=229
gpu_counters: clks=14672744667 tb_clks=14672744748 ras_busy=376836349 xf_wait_in=14236491168 xf_wait_out=206240091 ras_peak_permille=40 ztop_in=1452513140 ztop_out=1423880032 z_in=5198920 z_out=4386100 blend_in=1429400084 copy_clks=145970911 fifo_overflows=0
game: n=2/9 how=vis vis=3600 vi_rate=60 vi0_retrace=3149 wall_us=60381532 sleep_us=25209867 avg_vis=59.39 avg_fps=27.53 exceptions=25067 cacheResets=1 recompiles=1504 batches=91752 verts=861006 texStalls=0 treeDepthMax=14 underruns=18 overruns=0 queue_peak_ms=122 dsp_avg=1.54 dsp_peak=1.95 dsp_samples=121 pmc1=25517693946 pmc2=27287157830 pmc3=0 pmc4=0 mmcr0=00000042 mmcr1=00000000 heap_used=10895544 heap_free=35080 arena1_free=299008 arena2_free=288704 flushes=8 flush_us=116150 padtrace=21 rom=sd:/wii64/roms/Mario Kart 64.v64
=== chain 2/9 end vis=3600 how=vis rom=sd:/wii64/roms/Mario Kart 64.v64 ===
mark: pad replay records: 1
mark: loadROM: enter
mark: loadROM: before rom_read
mark: ROMCache_load: enter
mark: ROMCache_load: before first read
mark: ROMCache_load: first read returned
mark: ROMCache_load: byte_swap_type set
mark: ROMCache_load: first byte_swap done
menufps: 0.0
menufps: 8.3
menufps: 8.1
menufps: 8.0
menufps: 8.1
menufps: 8.1
menufps: 8.0
mark: ROMCache_load: loop exited normally
mark: ROMCache_load: elapsed_us=3851290 bytes=16777216 vm=0
mark: loadROM: after rom_read
mark: loadROM: before init_memory
mark: loadROM: after init_memory
mark: loadROM: before romOpen_gfx
mark: loadROM: after romOpen_gfx / before romOpen_audio
mark: loadROM: after romOpen_audio / before romOpen_input
mark: loadROM: after romOpen_input / before cpu_init
mark: loadROM: after cpu_init
menufps: 5.7
menufps: 1.9
menufps: 1.0
menufps: 1.0
fps: 0.9
first_vi: vi0_retrace=7210
vis: 0.1
cpu: exceptions=0 cacheResets=0 batches=0 verts=0 texStalls=0 recompiles=0 underruns=0 overruns=0 sleep_us=0 queue_ms=0
mark: CPU core dispatch: dynarec
vis: 41.9
cpu: exceptions=28 cacheResets=1 batches=0 verts=0 texStalls=0 recompiles=138 underruns=0 overruns=0 sleep_us=0 queue_ms=0
vis: 60.0
cpu: exceptions=58 cacheResets=1 batches=0 verts=0 texStalls=0 recompiles=138 underruns=0 overruns=0 sleep_us=277259 queue_ms=0
vis: 56.7
cpu: exceptions=106 cacheResets=1 batches=0 verts=0 texStalls=0 recompiles=217 underruns=0 overruns=0 sleep_us=531205 queue_ms=0
vis: 60.0
cpu: exceptions=510 cacheResets=1 batches=0 verts=0 texStalls=0 recompiles=616 underruns=2 overruns=0 sleep_us=787986 queue_ms=27
fps: 0.4
vis: 59.9
cpu: exceptions=717 cacheResets=1 batches=296 verts=2262 texStalls=0 recompiles=1896 underruns=4 overruns=0 sleep_us=902878 queue_ms=58
vis: 60.0
cpu: exceptions=872 cacheResets=1 batches=296 verts=2262 texStalls=0 recompiles=1901 underruns=4 overruns=0 sleep_us=1154735 queue_ms=62
fps: 1.3
vis: 60.0
cpu: exceptions=1052 cacheResets=1 batches=1076 verts=12750 texStalls=0 recompiles=1989 underruns=4 overruns=0 sleep_us=1393592 queue_ms=66
fps: 30.0
vis: 60.0
cpu: exceptions=1240 cacheResets=1 batches=2748 verts=33672 texStalls=0 recompiles=2005 underruns=4 overruns=0 sleep_us=1658521 queue_ms=71
fps: 30.0
vis: 60.0
cpu: exceptions=1423 cacheResets=1 batches=4664 verts=56058 texStalls=0 recompiles=2008 underruns=4 overruns=0 sleep_us=1913877 queue_ms=62
fps: 30.0
vis: 60.0
cpu: exceptions=1606 cacheResets=1 batches=6619 verts=78678 texStalls=0 recompiles=2008 underruns=4 overruns=0 sleep_us=2166821 queue_ms=66
fps: 30.0
vis: 60.0
cpu: exceptions=1783 cacheResets=1 batches=8524 verts=101190 texStalls=0 recompiles=2011 underruns=4 overruns=0 sleep_us=2418048 queue_ms=71
fps: 30.0
vis: 60.0
cpu: exceptions=1978 cacheResets=1 batches=10259 verts=123210 texStalls=0 recompiles=2011 underruns=4 overruns=0 sleep_us=2671437 queue_ms=67
fps: 30.0
vis: 60.0
cpu: exceptions=2160 cacheResets=1 batches=11971 verts=145092 texStalls=0 recompiles=2028 underruns=4 overruns=0 sleep_us=2924522 queue_ms=71
fps: 30.0
vis: 60.0
cpu: exceptions=2344 cacheResets=1 batches=14745 verts=172146 texStalls=0 recompiles=2028 underruns=4 overruns=0 sleep_us=3163027 queue_ms=76
fps: 29.9
vis: 60.0
cpu: exceptions=2543 cacheResets=1 batches=19850 verts=210882 texStalls=0 recompiles=2035 underruns=4 overruns=0 sleep_us=3347064 queue_ms=67
fps: 30.0
vis: 60.0
cpu: exceptions=2734 cacheResets=1 batches=24119 verts=245802 texStalls=0 recompiles=2035 underruns=4 overruns=0 sleep_us=3534994 queue_ms=71
fps: 30.1
vis: 60.0
cpu: exceptions=2909 cacheResets=1 batches=26328 verts=270666 texStalls=0 recompiles=2062 underruns=4 overruns=0 sleep_us=3756998 queue_ms=67
fps: 30.0
vis: 60.0
cpu: exceptions=3085 cacheResets=1 batches=28309 verts=294162 texStalls=0 recompiles=2062 underruns=4 overruns=0 sleep_us=4009130 queue_ms=72
fps: 29.4
vis: 60.0
cpu: exceptions=3256 cacheResets=1 batches=30075 verts=316368 texStalls=0 recompiles=2063 underruns=4 overruns=0 sleep_us=4272032 queue_ms=63
fps: 30.0
vis: 60.0
cpu: exceptions=3444 cacheResets=1 batches=31790 verts=338268 texStalls=0 recompiles=2063 underruns=4 overruns=0 sleep_us=4531947 queue_ms=54
fps: 30.0
vis: 60.0
cpu: exceptions=3627 cacheResets=1 batches=33488 verts=360066 texStalls=0 recompiles=2063 underruns=4 overruns=0 sleep_us=4793498 queue_ms=50
fps: 29.9
vis: 60.0
cpu: exceptions=3821 cacheResets=1 batches=37937 verts=395250 texStalls=0 recompiles=2063 underruns=4 overruns=0 sleep_us=5001932 queue_ms=54
fps: 30.0
vis: 60.0
cpu: exceptions=4020 cacheResets=1 batches=42829 verts=432612 texStalls=0 recompiles=2064 underruns=4 overruns=0 sleep_us=5209740 queue_ms=59
fps: 29.9
vis: 60.0
cpu: exceptions=4221 cacheResets=1 batches=47890 verts=468564 texStalls=0 recompiles=2080 underruns=4 overruns=0 sleep_us=5392770 queue_ms=63
fps: 29.8
vis: 60.0
cpu: exceptions=4411 cacheResets=1 batches=53330 verts=508404 texStalls=0 recompiles=2080 underruns=4 overruns=0 sleep_us=5532689 queue_ms=68
fps: 30.0
vis: 60.0
cpu: exceptions=4605 cacheResets=1 batches=59363 verts=551802 texStalls=0 recompiles=2080 underruns=4 overruns=0 sleep_us=5665433 queue_ms=50
fps: 30.0
vis: 60.0
cpu: exceptions=4796 cacheResets=1 batches=65158 verts=593772 texStalls=0 recompiles=2081 underruns=4 overruns=0 sleep_us=5812215 queue_ms=55
fps: 30.0
vis: 60.0
cpu: exceptions=4993 cacheResets=1 batches=70874 verts=635268 texStalls=0 recompiles=2082 underruns=4 overruns=0 sleep_us=5961180 queue_ms=59
fps: 30.0
vis: 60.0
cpu: exceptions=5188 cacheResets=1 batches=76724 verts=677568 texStalls=0 recompiles=2082 underruns=4 overruns=0 sleep_us=6106623 queue_ms=64
vis: 60.0
cpu: exceptions=5400 cacheResets=1 batches=84858 verts=730212 texStalls=0 recompiles=2082 underruns=4 overruns=0 sleep_us=6223427 queue_ms=60
fps: 30.1
mark: stop reason: chain guest VI limit
mark: stop_it requested
audio: alist_resample_calls=7273 alist_resample_samples=1338232 alist_zoh_calls=0 alist_zoh_samples=0 musyx_subframes=0 musyx_voices=0 musyx_voice_peak=0
audio_stages: adpcm_calls=5684 adpcm_samples=629344 envmix_calls=5654 envmix_samples=1040336 mix_calls=32380 mix_samples=5957920 musyx_fx_calls=0 musyx_fx_taps=0 output_calls=405 output_samples=297160
audio_envmix: exp_calls=0 ge_calls=0 lin_calls=5654 nead_calls=0 exp_steady=0 ge_steady=0 lin_steady=5208
audio_gaps: nead_mats=0 nead_efz=0 resample_flag2=0 musyx_ptr10=0
audio_output: stream_requests=3473 stream_fed=1029 input_hz=21998 playback_hz=21998 queue_peak_ms=90
probe_schema: version=2 self=1 interval=127
vm_io: read_ahead=1 reads=0 hits=0 read_bytes=0 writes=0 write_bytes=0 errors=0
subsystem_time: stage=rsp_gfx calls=358 timed_calls=358 period=1 timed_us=1547352
subsystem_time: stage=rsp_audio calls=406 timed_calls=406 period=1 timed_us=306809
subsystem_time: stage=rsp_other calls=0 timed_calls=0 period=1 timed_us=0
subsystem_time: stage=lookup calls=4415534 timed_calls=34767 period=127 timed_us=8925
subsystem_time: stage=compile calls=2083 timed_calls=2083 period=1 timed_us=177954
subsystem_time: stage=dispatch calls=4132093 timed_calls=32536 period=127 timed_us=31478
subsystem_self: stage=dispatch calls=4132093 timed_calls=32536 self_us=21294 dropped=0
subsystem_time: stage=execute_inclusive calls=4132093 timed_calls=32536 period=127 timed_us=94352
subsystem_self: stage=execute_inclusive calls=4132093 timed_calls=32536 self_us=44573 dropped=0
subsystem_time: stage=rom_copy calls=640 timed_calls=640 period=1 timed_us=14307
subsystem_time: stage=present calls=899 timed_calls=899 period=1 timed_us=62319
subsystem_time: stage=limiter calls=853 timed_calls=853 period=1 timed_us=6273215
subsystem_time: stage=vm_fault calls=0 timed_calls=0 period=1 timed_us=0
subsystem_time: stage=vm_victim calls=0 timed_calls=0 period=1 timed_us=0
subsystem_time: stage=vm_read calls=0 timed_calls=0 period=1 timed_us=0
subsystem_time: stage=vm_write calls=0 timed_calls=0 period=1 timed_us=0
subsystem_time: stage=tex_hash calls=48848 timed_calls=48848 period=1 timed_us=403044
subsystem_time: stage=tex_lookup calls=48848 timed_calls=48848 period=1 timed_us=13126
subsystem_time: stage=tex_load calls=28 timed_calls=28 period=1 timed_us=1989
subsystem_time: stage=tex_activate calls=48848 timed_calls=48848 period=1 timed_us=30657
subsystem_time: stage=draw_triangles calls=86647 timed_calls=86647 period=1 timed_us=246124
subsystem_time: stage=draw_rect calls=0 timed_calls=0 period=1 timed_us=0
subsystem_time: stage=gfx_list calls=358 timed_calls=358 period=1 timed_us=1546633
subsystem_time: stage=gfx_command calls=1088190 timed_calls=8568 period=127 timed_us=12715
gfx_ucodes: mask=00000002
gfx_opcode: op=01 calls=45295 timed_calls=363 timed_us=188
gfx_opcode: op=03 calls=1920 timed_calls=16 timed_us=9
gfx_opcode: op=04 calls=38254 timed_calls=315 timed_us=955
gfx_opcode: op=06 calls=56222 timed_calls=453 timed_us=81
gfx_opcode: op=b1 calls=122759 timed_calls=950 timed_us=7630
gfx_opcode: op=b6 calls=23590 timed_calls=186 timed_us=27
gfx_opcode: op=b7 calls=20998 timed_calls=159 timed_us=21
gfx_opcode: op=b8 calls=56580 timed_calls=447 timed_us=59
gfx_opcode: op=b9 calls=20685 timed_calls=148 timed_us=20
gfx_opcode: op=ba calls=59170 timed_calls=468 timed_us=74
gfx_opcode: op=bb calls=19239 timed_calls=161 timed_us=29
gfx_opcode: op=bc calls=44452 timed_calls=340 timed_us=52
gfx_opcode: op=bd calls=39275 timed_calls=306 timed_us=39
gfx_opcode: op=bf calls=1784 timed_calls=14 timed_us=77
gfx_opcode: op=e6 calls=44251 timed_calls=347 timed_us=40
gfx_opcode: op=e7 calls=155667 timed_calls=1211 timed_us=144
gfx_opcode: op=e9 calls=358 timed_calls=3 timed_us=2
gfx_opcode: op=ed calls=358 timed_calls=4 timed_us=3
gfx_opcode: op=f0 calls=4597 timed_calls=37 timed_us=24
gfx_opcode: op=f2 calls=46899 timed_calls=370 timed_us=92
gfx_opcode: op=f3 calls=48848 timed_calls=395 timed_us=1487
gfx_opcode: op=f5 calls=97281 timed_calls=769 timed_us=143
gfx_opcode: op=f6 calls=716 timed_calls=9 timed_us=655
gfx_opcode: op=f7 calls=716 timed_calls=3 timed_us=1
gfx_opcode: op=f9 calls=5752 timed_calls=38 timed_us=6
gfx_opcode: op=fa calls=41646 timed_calls=332 timed_us=55
gfx_opcode: op=fb calls=17478 timed_calls=137 timed_us=22
gfx_opcode: op=fc calls=18523 timed_calls=141 timed_us=19
gfx_opcode: op=fd calls=53445 timed_calls=437 timed_us=60
gfx_opcode: op=fe calls=358 timed_calls=4 timed_us=3
gfx_opcode: op=ff calls=1074 timed_calls=5 timed_us=2
subsystem_time: stage=vertex calls=360552 timed_calls=2838 period=127 timed_us=863
subsystem_time: stage=gfx_state calls=84009 timed_calls=661 period=127 timed_us=5088
subsystem_self: stage=gfx_state calls=84009 timed_calls=661 self_us=1510 dropped=0
subsystem_time: stage=gx_wait calls=4 timed_calls=4 period=1 timed_us=2561
subsystem_time: stage=dma_pi calls=640 timed_calls=640 period=1 timed_us=27351
subsystem_time: stage=dma_sp calls=1528 timed_calls=1528 period=1 timed_us=1801
subsystem_time: stage=dma_si calls=1147 timed_calls=1147 period=1 timed_us=11209
subsystem_time: stage=tlb_translate calls=0 timed_calls=0 period=127 timed_us=0
subsystem_time: stage=pif calls=1149 timed_calls=1149 period=1 timed_us=10154
subsystem_time: stage=input calls=807 timed_calls=807 period=1 timed_us=8056
subsystem_time: stage=guest_interrupt calls=6615 timed_calls=6615 period=1 timed_us=6384085
subsystem_self: stage=guest_interrupt calls=6615 timed_calls=6615 self_us=22899 dropped=0
subsystem_time: stage=interpreter_inclusive calls=0 timed_calls=0 period=1 timed_us=0
subsystem_self: stage=interpreter_inclusive calls=0 timed_calls=0 self_us=0 dropped=0
subsystem_time: stage=audio_submit calls=405 timed_calls=405 period=1 timed_us=6550
subsystem_time: stage=audio_callback calls=9548 timed_calls=9548 period=1 timed_us=5438
subsystem_time: stage=memory_slow calls=487840 timed_calls=3841 period=127 timed_us=10556
subsystem_self: stage=memory_slow calls=487840 timed_calls=3841 self_us=1800 dropped=0
subsystem_time: stage=jit_invalidate calls=283441 timed_calls=2231 period=127 timed_us=550
subsystem_time: stage=cpu_helper calls=12620305 timed_calls=99372 period=127 timed_us=40288
subsystem_time: stage=storage_read calls=0 timed_calls=0 period=1 timed_us=0
subsystem_time: stage=storage_write calls=0 timed_calls=0 period=1 timed_us=0
subsystem_time: stage=save_load calls=0 timed_calls=0 period=1 timed_us=0
subsystem_time: stage=save_write calls=0 timed_calls=0 period=1 timed_us=0
subsystem_time: stage=state_load calls=0 timed_calls=0 period=1 timed_us=0
subsystem_time: stage=state_save calls=0 timed_calls=0 period=1 timed_us=0
subsystem_time: stage=probe_io calls=3 timed_calls=3 period=1 timed_us=38775
subsystem_time: stage=agent_poll calls=1820 timed_calls=1820 period=1 timed_us=563
audio_time: stage=resample sampled_calls=57 sampled_samples=10488 sampled_us=410
audio_time: stage=zoh sampled_calls=0 sampled_samples=0 sampled_us=0
audio_time: stage=adpcm sampled_calls=44 sampled_samples=4752 sampled_us=205
audio_time: stage=envmix_exp sampled_calls=0 sampled_samples=0 sampled_us=0
audio_time: stage=envmix_ge sampled_calls=0 sampled_samples=0 sampled_us=0
audio_time: stage=envmix_lin sampled_calls=44 sampled_samples=8096 sampled_us=704
audio_time: stage=envmix_nead sampled_calls=0 sampled_samples=0 sampled_us=0
audio_time: stage=mix sampled_calls=254 sampled_samples=46736 sampled_us=779
audio_time: stage=musyx_voice sampled_calls=0 sampled_samples=0 sampled_us=0
audio_time: stage=musyx_fx sampled_calls=0 sampled_samples=0 sampled_us=0
audio_time: stage=output sampled_calls=3 sampled_samples=2208 sampled_us=40
gpu_counters: clks=3730179971 tb_clks=3730180052 ras_busy=138771866 xf_wait_in=3282137955 xf_wait_out=390170388 ras_peak_permille=49 ztop_in=544528252 ztop_out=521104932 z_in=0 z_out=0 blend_in=521167880 copy_clks=50706544 fifo_overflows=844
game: n=3/9 how=vis vis=900 vi_rate=60 vi0_retrace=7210 wall_us=15350355 sleep_us=6270596 avg_vis=57.38 avg_fps=26.60 exceptions=5450 cacheResets=1 recompiles=2083 batches=86647 verts=741906 texStalls=0 treeDepthMax=31 underruns=4 overruns=0 queue_peak_ms=76 dsp_avg=1.34 dsp_peak=1.80 dsp_samples=31 pmc1=6371997723 pmc2=6486327001 pmc3=0 pmc4=0 mmcr0=00000042 mmcr1=00000000 heap_used=10930424 heap_free=37064 arena1_free=262144 arena2_free=288704 flushes=3 flush_us=38774 padtrace=0 rom=sd:/wii64/roms/Banjo-Kazooie.V64
=== chain 3/9 end vis=900 how=vis rom=sd:/wii64/roms/Banjo-Kazooie.V64 ===
mark: pad replay records: 1
mark: loadROM: enter
mark: loadROM: before rom_read
mark: ROMCache_load: enter
mark: ROMCache_load: before first read
mark: ROMCache_load: first read returned
mark: ROMCache_load: byte_swap_type set
mark: ROMCache_load: first byte_swap done
menufps: 0.1
menufps: 8.5
menufps: 8.3
menufps: 7.7
menufps: 8.1
menufps: 8.3
menufps: 8.3
mark: ROMCache_load: loop exited normally
mark: ROMCache_load: elapsed_us=3764111 bytes=16777216 vm=0
mark: loadROM: after rom_read
mark: loadROM: before init_memory
mark: loadROM: after init_memory
mark: loadROM: before romOpen_gfx
mark: loadROM: after romOpen_gfx / before romOpen_audio
mark: loadROM: after romOpen_audio / before romOpen_input
mark: loadROM: after romOpen_input / before cpu_init
mark: loadROM: after cpu_init
menufps: 2.9
menufps: 1.0
menufps: 1.0
fps: 0.5
first_vi: vi0_retrace=8565
vis: 1.2
cpu: exceptions=0 cacheResets=0 batches=0 verts=0 texStalls=0 recompiles=0 underruns=0 overruns=0 sleep_us=0 queue_ms=0
mark: CPU core dispatch: dynarec
vis: 60.0
cpu: exceptions=1471 cacheResets=1 batches=0 verts=0 texStalls=0 recompiles=421 underruns=0 overruns=0 sleep_us=83072 queue_ms=166
fps: 3.1
vis: 60.0
cpu: exceptions=2355 cacheResets=1 batches=0 verts=0 texStalls=0 recompiles=425 underruns=0 overruns=0 sleep_us=421908 queue_ms=160
fps: 60.9
vis: 60.0
cpu: exceptions=2625 cacheResets=1 batches=0 verts=0 texStalls=0 recompiles=425 underruns=0 overruns=0 sleep_us=836292 queue_ms=165
fps: 60.0
vis: 60.0
cpu: exceptions=2918 cacheResets=1 batches=0 verts=0 texStalls=0 recompiles=468 underruns=0 overruns=0 sleep_us=1237337 queue_ms=162
vis: 60.0
cpu: exceptions=3298 cacheResets=1 batches=0 verts=0 texStalls=0 recompiles=468 underruns=0 overruns=0 sleep_us=1585919 queue_ms=157
fps: 14.7
vis: 52.0
cpu: exceptions=3627 cacheResets=1 batches=2368 verts=51708 texStalls=0 recompiles=742 underruns=0 overruns=0 sleep_us=1758273 queue_ms=96
fps: 57.4
vis: 60.0
cpu: exceptions=3918 cacheResets=1 batches=9178 verts=229188 texStalls=0 recompiles=763 underruns=0 overruns=0 sleep_us=1790414 queue_ms=91
fps: 58.9
vis: 60.0
cpu: exceptions=4213 cacheResets=1 batches=15972 verts=406620 texStalls=0 recompiles=771 underruns=0 overruns=0 sleep_us=1824240 queue_ms=87
fps: 60.0
vis: 60.0
cpu: exceptions=4512 cacheResets=1 batches=22722 verts=583920 texStalls=0 recompiles=775 underruns=0 overruns=0 sleep_us=1859367 queue_ms=84
fps: 60.0
vis: 60.0
cpu: exceptions=4803 cacheResets=1 batches=29472 verts=761220 texStalls=0 recompiles=775 underruns=0 overruns=0 sleep_us=1897372 queue_ms=79
fps: 60.0
vis: 60.0
cpu: exceptions=5092 cacheResets=1 batches=36222 verts=938520 texStalls=0 recompiles=775 underruns=0 overruns=0 sleep_us=1937800 queue_ms=86
fps: 60.0
vis: 60.0
cpu: exceptions=5386 cacheResets=1 batches=42972 verts=1115820 texStalls=0 recompiles=775 underruns=0 overruns=0 sleep_us=1974701 queue_ms=81
fps: 60.0
vis: 60.0
cpu: exceptions=5673 cacheResets=1 batches=49722 verts=1293120 texStalls=0 recompiles=777 underruns=0 overruns=0 sleep_us=2014243 queue_ms=87
fps: 60.0
vis: 60.0
cpu: exceptions=5967 cacheResets=1 batches=56472 verts=1470420 texStalls=0 recompiles=777 underruns=0 overruns=0 sleep_us=2046449 queue_ms=83
fps: 60.0
vis: 60.0
cpu: exceptions=6265 cacheResets=1 batches=63222 verts=1647720 texStalls=0 recompiles=777 underruns=0 overruns=0 sleep_us=2075921 queue_ms=89
fps: 60.0
vis: 60.0
cpu: exceptions=6559 cacheResets=1 batches=69972 verts=1825020 texStalls=0 recompiles=777 underruns=0 overruns=0 sleep_us=2106587 queue_ms=84
fps: 60.0
vis: 60.0
cpu: exceptions=6857 cacheResets=1 batches=76722 verts=2002320 texStalls=0 recompiles=777 underruns=0 overruns=0 sleep_us=2134331 queue_ms=90
fps: 60.0
vis: 60.0
cpu: exceptions=7150 cacheResets=1 batches=83472 verts=2179620 texStalls=0 recompiles=777 underruns=0 overruns=0 sleep_us=2163857 queue_ms=86
fps: 60.0
vis: 60.0
cpu: exceptions=7441 cacheResets=1 batches=90222 verts=2356920 texStalls=0 recompiles=777 underruns=0 overruns=0 sleep_us=2196200 queue_ms=82
fps: 60.0
vis: 60.0
cpu: exceptions=7731 cacheResets=1 batches=96972 verts=2534220 texStalls=0 recompiles=777 underruns=0 overruns=0 sleep_us=2229865 queue_ms=88
fps: 60.0
vis: 60.0
cpu: exceptions=8020 cacheResets=1 batches=103722 verts=2711520 texStalls=0 recompiles=777 underruns=0 overruns=0 sleep_us=2267039 queue_ms=83
fps: 59.8
vis: 60.0
cpu: exceptions=8317 cacheResets=1 batches=110472 verts=2888820 texStalls=0 recompiles=777 underruns=0 overruns=0 sleep_us=2297816 queue_ms=89
fps: 60.1
vis: 60.0
cpu: exceptions=8610 cacheResets=1 batches=117222 verts=3066120 texStalls=0 recompiles=777 underruns=0 overruns=0 sleep_us=2316175 queue_ms=85
fps: 60.0
vis: 60.0
cpu: exceptions=8923 cacheResets=1 batches=123972 verts=3243420 texStalls=0 recompiles=777 underruns=0 overruns=0 sleep_us=2321211 queue_ms=91
fps: 59.8
vis: 59.9
cpu: exceptions=9241 cacheResets=1 batches=130722 verts=3420720 texStalls=0 recompiles=777 underruns=0 overruns=0 sleep_us=2323817 queue_ms=86
fps: 60.0
vis: 60.0
cpu: exceptions=9559 cacheResets=1 batches=137472 verts=3598020 texStalls=0 recompiles=777 underruns=0 overruns=0 sleep_us=2327475 queue_ms=83
fps: 60.0
vis: 60.0
cpu: exceptions=9872 cacheResets=1 batches=144222 verts=3775320 texStalls=0 recompiles=777 underruns=0 overruns=0 sleep_us=2332218 queue_ms=88
fps: 58.5
vis: 60.0
cpu: exceptions=10181 cacheResets=1 batches=150972 verts=3952620 texStalls=0 recompiles=777 underruns=0 overruns=0 sleep_us=2339608 queue_ms=75
fps: 59.7
vis: 58.8
cpu: exceptions=10493 cacheResets=1 batches=158284 verts=4141185 texStalls=0 recompiles=777 underruns=0 overruns=0 sleep_us=2351219 queue_ms=63
fps: 54.4
vis: 54.7
cpu: exceptions=10781 cacheResets=1 batches=167720 verts=4369749 texStalls=0 recompiles=777 underruns=0 overruns=0 sleep_us=2351219 queue_ms=16
mark: stop reason: chain guest VI limit
mark: stop_it requested
audio: alist_resample_calls=10077 alist_resample_samples=1250096 alist_zoh_calls=0 alist_zoh_samples=0 musyx_subframes=0 musyx_voices=0 musyx_voice_peak=0
audio_stages: adpcm_calls=9759 adpcm_samples=1154016 envmix_calls=10077 envmix_samples=1250096 mix_calls=79024 mix_samples=10544864 musyx_fx_calls=0 musyx_fx_taps=0 output_calls=897 output_samples=478768
audio_envmix: exp_calls=10077 ge_calls=0 lin_calls=0 nead_calls=0 exp_steady=5510 ge_steady=0 lin_steady=0
audio_gaps: nead_mats=0 nead_efz=0 resample_flag2=0 musyx_ptr10=0
audio_output: stream_requests=3353 stream_fed=1662 input_hz=32006 playback_hz=32006 queue_peak_ms=185
probe_schema: version=2 self=1 interval=127
vm_io: read_ahead=1 reads=0 hits=0 read_bytes=0 writes=0 write_bytes=0 errors=0
subsystem_time: stage=rsp_gfx calls=810 timed_calls=810 period=1 timed_us=6249566
subsystem_time: stage=rsp_audio calls=898 timed_calls=898 period=1 timed_us=592452
subsystem_time: stage=rsp_other calls=0 timed_calls=0 period=1 timed_us=0
subsystem_time: stage=lookup calls=3609985 timed_calls=28425 period=127 timed_us=6434
subsystem_time: stage=compile calls=777 timed_calls=777 period=1 timed_us=106452
subsystem_time: stage=dispatch calls=3517086 timed_calls=27693 period=127 timed_us=24156
subsystem_self: stage=dispatch calls=3517086 timed_calls=27693 self_us=16631 dropped=0
subsystem_time: stage=execute_inclusive calls=3517086 timed_calls=27693 period=127 timed_us=127710
subsystem_self: stage=execute_inclusive calls=3517086 timed_calls=27693 self_us=43944 dropped=0
subsystem_time: stage=rom_copy calls=1024 timed_calls=1024 period=1 timed_us=14750
subsystem_time: stage=present calls=899 timed_calls=899 period=1 timed_us=42350
subsystem_time: stage=limiter calls=765 timed_calls=765 period=1 timed_us=2353899
subsystem_time: stage=vm_fault calls=0 timed_calls=0 period=1 timed_us=0
subsystem_time: stage=vm_victim calls=0 timed_calls=0 period=1 timed_us=0
subsystem_time: stage=vm_read calls=0 timed_calls=0 period=1 timed_us=0
subsystem_time: stage=vm_write calls=0 timed_calls=0 period=1 timed_us=0
subsystem_time: stage=tex_hash calls=147492 timed_calls=147492 period=1 timed_us=1421522
subsystem_time: stage=tex_lookup calls=147492 timed_calls=147492 period=1 timed_us=58607
subsystem_time: stage=tex_load calls=136 timed_calls=136 period=1 timed_us=18909
subsystem_time: stage=tex_activate calls=147492 timed_calls=147492 period=1 timed_us=98778
subsystem_time: stage=draw_triangles calls=169068 timed_calls=169068 period=1 timed_us=646539
subsystem_time: stage=draw_rect calls=5440 timed_calls=5440 period=1 timed_us=119128
subsystem_time: stage=gfx_list calls=810 timed_calls=810 period=1 timed_us=6248030
subsystem_time: stage=gfx_command calls=5319454 timed_calls=41885 period=127 timed_us=53365
gfx_ucodes: mask=00000004
gfx_opcode: op=01 calls=343835 timed_calls=2738 timed_us=6213
gfx_opcode: op=02 calls=4507 timed_calls=41 timed_us=9
gfx_opcode: op=03 calls=108045 timed_calls=828 timed_us=111
gfx_opcode: op=05 calls=40387 timed_calls=324 timed_us=2195
gfx_opcode: op=06 calls=713540 timed_calls=5582 timed_us=27023
gfx_opcode: op=d5 calls=3 timed_calls=0 timed_us=0
gfx_opcode: op=d7 calls=105143 timed_calls=838 timed_us=153
gfx_opcode: op=d8 calls=109877 timed_calls=852 timed_us=140
gfx_opcode: op=d9 calls=416576 timed_calls=3292 timed_us=428
gfx_opcode: op=da calls=172226 timed_calls=1359 timed_us=907
gfx_opcode: op=db calls=73735 timed_calls=589 timed_us=117
gfx_opcode: op=dc calls=7700 timed_calls=64 timed_us=49
gfx_opcode: op=de calls=136822 timed_calls=1083 timed_us=187
gfx_opcode: op=df calls=130819 timed_calls=1038 timed_us=131
gfx_opcode: op=e2 calls=331942 timed_calls=2627 timed_us=356
gfx_opcode: op=e3 calls=238410 timed_calls=1849 timed_us=287
gfx_opcode: op=e4 calls=5440 timed_calls=44 timed_us=1060
gfx_opcode: op=e6 calls=248817 timed_calls=1944 timed_us=235
gfx_opcode: op=e7 calls=719043 timed_calls=5672 timed_us=684
gfx_opcode: op=e8 calls=93600 timed_calls=744 timed_us=91
gfx_opcode: op=e9 calls=810 timed_calls=6 timed_us=8
gfx_opcode: op=ed calls=6080 timed_calls=44 timed_us=17
gfx_opcode: op=f0 calls=104244 timed_calls=839 timed_us=584
gfx_opcode: op=f2 calls=146037 timed_calls=1138 timed_us=304
gfx_opcode: op=f3 calls=127782 timed_calls=994 timed_us=5016
gfx_opcode: op=f4 calls=13870 timed_calls=107 timed_us=570
gfx_opcode: op=f5 calls=342984 timed_calls=2662 timed_us=504
gfx_opcode: op=f6 calls=3080 timed_calls=29 timed_us=2189
gfx_opcode: op=f7 calls=3080 timed_calls=27 timed_us=11
gfx_opcode: op=f8 calls=6650 timed_calls=51 timed_us=12
gfx_opcode: op=f9 calls=75228 timed_calls=583 timed_us=100
gfx_opcode: op=fa calls=118261 timed_calls=953 timed_us=163
gfx_opcode: op=fb calls=14604 timed_calls=117 timed_us=18
gfx_opcode: op=fc calls=112981 timed_calls=894 timed_us=113
gfx_opcode: op=fd calls=235676 timed_calls=1870 timed_us=253
gfx_opcode: op=fe calls=810 timed_calls=7 timed_us=5
gfx_opcode: op=ff calls=6810 timed_calls=56 timed_us=21
subsystem_time: stage=vertex calls=2761556 timed_calls=21744 period=127 timed_us=5662
subsystem_time: stage=gfx_state calls=147504 timed_calls=1161 period=127 timed_us=16446
subsystem_self: stage=gfx_state calls=147504 timed_calls=1161 self_us=3937 dropped=0
subsystem_time: stage=gx_wait calls=4 timed_calls=4 period=1 timed_us=2552
subsystem_time: stage=dma_pi calls=2023 timed_calls=2023 period=1 timed_us=30561
subsystem_time: stage=dma_sp calls=3416 timed_calls=3416 period=1 timed_us=4001
subsystem_time: stage=dma_si calls=4478 timed_calls=4478 period=1 timed_us=22576
subsystem_time: stage=tlb_translate calls=0 timed_calls=0 period=127 timed_us=0
subsystem_time: stage=pif calls=4479 timed_calls=4479 period=1 timed_us=20785
subsystem_time: stage=input calls=3508 timed_calls=3508 period=1 timed_us=14740
subsystem_time: stage=guest_interrupt calls=12491 timed_calls=12491 period=1 timed_us=2476347
subsystem_self: stage=guest_interrupt calls=12491 timed_calls=12491 self_us=28975 dropped=0
subsystem_time: stage=interpreter_inclusive calls=0 timed_calls=0 period=1 timed_us=0
subsystem_self: stage=interpreter_inclusive calls=0 timed_calls=0 self_us=0 dropped=0
subsystem_time: stage=audio_submit calls=898 timed_calls=898 period=1 timed_us=10624
subsystem_time: stage=audio_callback calls=9431 timed_calls=9431 period=1 timed_us=8451
subsystem_time: stage=memory_slow calls=833859 timed_calls=6565 period=127 timed_us=46025
subsystem_self: stage=memory_slow calls=833859 timed_calls=6565 self_us=3519 dropped=0
subsystem_time: stage=jit_invalidate calls=92899 timed_calls=731 period=127 timed_us=165
subsystem_time: stage=cpu_helper calls=10719355 timed_calls=84404 period=127 timed_us=19965
subsystem_time: stage=storage_read calls=0 timed_calls=0 period=1 timed_us=0
subsystem_time: stage=storage_write calls=0 timed_calls=0 period=1 timed_us=0
subsystem_time: stage=save_load calls=0 timed_calls=0 period=1 timed_us=0
subsystem_time: stage=save_write calls=0 timed_calls=0 period=1 timed_us=0
subsystem_time: stage=state_load calls=0 timed_calls=0 period=1 timed_us=0
subsystem_time: stage=state_save calls=0 timed_calls=0 period=1 timed_us=0
subsystem_time: stage=probe_io calls=4 timed_calls=4 period=1 timed_us=57676
subsystem_time: stage=agent_poll calls=1819 timed_calls=1819 period=1 timed_us=510
audio_time: stage=resample sampled_calls=79 sampled_samples=10240 sampled_us=448
audio_time: stage=zoh sampled_calls=0 sampled_samples=0 sampled_us=0
audio_time: stage=adpcm sampled_calls=76 sampled_samples=8016 sampled_us=368
audio_time: stage=envmix_exp sampled_calls=79 sampled_samples=10240 sampled_us=1214
audio_time: stage=envmix_ge sampled_calls=0 sampled_samples=0 sampled_us=0
audio_time: stage=envmix_lin sampled_calls=0 sampled_samples=0 sampled_us=0
audio_time: stage=envmix_nead sampled_calls=0 sampled_samples=0 sampled_us=0
audio_time: stage=mix sampled_calls=622 sampled_samples=83008 sampled_us=1332
audio_time: stage=musyx_voice sampled_calls=0 sampled_samples=0 sampled_us=0
audio_time: stage=musyx_fx sampled_calls=0 sampled_samples=0 sampled_us=0
audio_time: stage=output sampled_calls=7 sampled_samples=3712 sampled_us=72
gpu_counters: clks=3727100956 tb_clks=3727101036 ras_busy=223506900 xf_wait_in=3305532428 xf_wait_out=208507080 ras_peak_permille=103 ztop_in=699079316 ztop_out=566237224 z_in=119838316 z_out=102098716 blend_in=686443180 copy_clks=84778344 fifo_overflows=0
game: n=4/9 how=vis vis=900 vi_rate=60 vi0_retrace=8565 wall_us=15337791 sleep_us=2351219 avg_vis=57.63 avg_fps=54.07 exceptions=10823 cacheResets=1 recompiles=777 batches=169068 verts=4402401 texStalls=0 treeDepthMax=12 underruns=1 overruns=0 queue_peak_ms=166 dsp_avg=1.66 dsp_peak=1.90 dsp_samples=31 pmc1=9289053524 pmc2=9414446435 pmc3=0 pmc4=0 mmcr0=00000042 mmcr1=00000000 heap_used=10842648 heap_free=157608 arena1_free=229376 arena2_free=288704 flushes=4 flush_us=57675 padtrace=0 rom=sd:/wii64/roms/Pokemon Snap.rom
=== chain 4/9 end vis=900 how=vis rom=sd:/wii64/roms/Pokemon Snap.rom ===
mark: pad replay records: 1
mark: loadROM: enter
mark: loadROM: before rom_read
mark: ROMCache_load: enter
mark: ROMCache_load: before first read
mark: ROMCache_load: first read returned
mark: ROMCache_load: byte_swap_type set
mark: ROMCache_load: first byte_swap done
menufps: 0.1
menufps: 8.5
menufps: 8.1
menufps: 8.1
menufps: 8.1
menufps: 8.3
menufps: 8.3
mark: ROMCache_load: loop exited normally
mark: ROMCache_load: elapsed_us=3753705 bytes=16777216 vm=0
mark: loadROM: after rom_read
mark: loadROM: before init_memory
mark: loadROM: after init_memory
mark: loadROM: before romOpen_gfx
mark: loadROM: after romOpen_gfx / before romOpen_audio
mark: loadROM: after romOpen_audio / before romOpen_input
mark: loadROM: after romOpen_input / before cpu_init
mark: loadROM: after cpu_init
menufps: 2.4
menufps: 1.0
menufps: 1.0
fps: 1.2
first_vi: vi0_retrace=9916
vis: 0.7
cpu: exceptions=0 cacheResets=0 batches=0 verts=0 texStalls=0 recompiles=0 underruns=0 overruns=0 sleep_us=0 queue_ms=0
mark: CPU core dispatch: dynarec
vis: 60.0
cpu: exceptions=3973 cacheResets=1 batches=0 verts=0 texStalls=0 recompiles=223 underruns=0 overruns=0 sleep_us=34514 queue_ms=147
fps: 1.1
vis: 60.0
cpu: exceptions=8401 cacheResets=1 batches=0 verts=0 texStalls=0 recompiles=394 underruns=0 overruns=0 sleep_us=127554 queue_ms=152
fps: 61.1
vis: 60.0
cpu: exceptions=8584 cacheResets=1 batches=0 verts=0 texStalls=0 recompiles=410 underruns=0 overruns=0 sleep_us=550479 queue_ms=148
vis: 60.0
cpu: exceptions=8854 cacheResets=1 batches=0 verts=0 texStalls=0 recompiles=437 underruns=0 overruns=0 sleep_us=935965 queue_ms=145
fps: 21.1
vis: 58.3
cpu: exceptions=9606 cacheResets=1 batches=2028 verts=7794 texStalls=0 recompiles=714 underruns=0 overruns=0 sleep_us=1195032 queue_ms=132
fps: 62.3
vis: 60.0
cpu: exceptions=9806 cacheResets=1 batches=22308 verts=85734 texStalls=0 recompiles=765 underruns=0 overruns=0 sleep_us=1407540 queue_ms=137
fps: 60.0
vis: 60.0
cpu: exceptions=10018 cacheResets=1 batches=42588 verts=163674 texStalls=0 recompiles=765 underruns=0 overruns=0 sleep_us=1621386 queue_ms=133
vis: 60.0
cpu: exceptions=10228 cacheResets=1 batches=62868 verts=241614 texStalls=0 recompiles=767 underruns=0 overruns=0 sleep_us=1833825 queue_ms=139
fps: 60.0
vis: 60.0
cpu: exceptions=10470 cacheResets=1 batches=81768 verts=315414 texStalls=0 recompiles=784 underruns=0 overruns=0 sleep_us=2028596 queue_ms=135
fps: 60.0
vis: 60.0
cpu: exceptions=10690 cacheResets=1 batches=100248 verts=387954 texStalls=0 recompiles=784 underruns=0 overruns=0 sleep_us=2241495 queue_ms=140
fps: 60.1
vis: 60.0
cpu: exceptions=10913 cacheResets=1 batches=118728 verts=460494 texStalls=0 recompiles=784 underruns=0 overruns=0 sleep_us=2455447 queue_ms=136
fps: 60.0
vis: 60.0
cpu: exceptions=11133 cacheResets=1 batches=137208 verts=533034 texStalls=0 recompiles=784 underruns=0 overruns=0 sleep_us=2670201 queue_ms=133
fps: 60.0
vis: 60.0
cpu: exceptions=11357 cacheResets=1 batches=155688 verts=605574 texStalls=0 recompiles=784 underruns=0 overruns=0 sleep_us=2884719 queue_ms=138
fps: 60.0
vis: 60.0
cpu: exceptions=11580 cacheResets=1 batches=174168 verts=678114 texStalls=0 recompiles=784 underruns=0 overruns=0 sleep_us=3099053 queue_ms=134
fps: 59.9
vis: 60.0
cpu: exceptions=11832 cacheResets=1 batches=193560 verts=771966 texStalls=0 recompiles=815 underruns=0 overruns=0 sleep_us=3259900 queue_ms=139
fps: 59.9
vis: 60.0
cpu: exceptions=12083 cacheResets=1 batches=213180 verts=871146 texStalls=0 recompiles=815 underruns=0 overruns=0 sleep_us=3422598 queue_ms=136
fps: 57.8
vis: 60.0
cpu: exceptions=12318 cacheResets=1 batches=232800 verts=970326 texStalls=0 recompiles=815 underruns=0 overruns=0 sleep_us=3583379 queue_ms=123
fps: 59.9
vis: 60.0
cpu: exceptions=12588 cacheResets=1 batches=252420 verts=1069506 texStalls=0 recompiles=818 underruns=0 overruns=0 sleep_us=3721940 queue_ms=119
fps: 60.0
vis: 60.0
cpu: exceptions=12892 cacheResets=1 batches=272040 verts=1168686 texStalls=0 recompiles=818 underruns=0 overruns=0 sleep_us=3871117 queue_ms=115
fps: 60.1
vis: 60.0
cpu: exceptions=13166 cacheResets=1 batches=291656 verts=1267842 texStalls=0 recompiles=821 underruns=0 overruns=0 sleep_us=4034683 queue_ms=121
fps: 59.9
vis: 60.0
cpu: exceptions=13424 cacheResets=1 batches=311246 verts=1366842 texStalls=0 recompiles=821 underruns=0 overruns=0 sleep_us=4193062 queue_ms=117
fps: 60.0
vis: 60.0
cpu: exceptions=13701 cacheResets=1 batches=330864 verts=1466010 texStalls=0 recompiles=825 underruns=0 overruns=0 sleep_us=4344218 queue_ms=122
fps: 60.0
vis: 60.0
cpu: exceptions=13945 cacheResets=1 batches=350514 verts=1565370 texStalls=0 recompiles=825 underruns=0 overruns=0 sleep_us=4518573 queue_ms=118
fps: 60.0
vis: 60.0
cpu: exceptions=14207 cacheResets=1 batches=370164 verts=1664730 texStalls=0 recompiles=839 underruns=0 overruns=0 sleep_us=4673187 queue_ms=115
fps: 60.0
vis: 60.0
cpu: exceptions=14466 cacheResets=1 batches=389814 verts=1764090 texStalls=0 recompiles=839 underruns=0 overruns=0 sleep_us=4835767 queue_ms=120
fps: 60.0
vis: 60.0
cpu: exceptions=14743 cacheResets=1 batches=409464 verts=1863450 texStalls=0 recompiles=839 underruns=0 overruns=0 sleep_us=4992033 queue_ms=116
fps: 59.9
vis: 60.0
cpu: exceptions=15028 cacheResets=1 batches=429114 verts=1962810 texStalls=0 recompiles=839 underruns=0 overruns=0 sleep_us=5132797 queue_ms=121
fps: 60.0
vis: 60.0
cpu: exceptions=15302 cacheResets=1 batches=448764 verts=2062170 texStalls=0 recompiles=839 underruns=0 overruns=0 sleep_us=5274820 queue_ms=118
fps: 59.9
vis: 60.0
cpu: exceptions=15577 cacheResets=1 batches=475925 verts=2189370 texStalls=0 recompiles=848 underruns=0 overruns=0 sleep_us=5373133 queue_ms=123
fps: 59.9
mark: stop reason: chain guest VI limit
mark: stop_it requested
audio: alist_resample_calls=16803 alist_resample_samples=3091752 alist_zoh_calls=0 alist_zoh_samples=0 musyx_subframes=0 musyx_voices=0 musyx_voice_peak=0
audio_stages: adpcm_calls=16458 adpcm_samples=2648912 envmix_calls=16803 envmix_samples=3091752 mix_calls=106152 mix_samples=19531968 musyx_fx_calls=0 musyx_fx_taps=0 output_calls=897 output_samples=478768
audio_envmix: exp_calls=0 ge_calls=0 lin_calls=16803 nead_calls=0 exp_steady=0 ge_steady=0 lin_steady=10646
audio_gaps: nead_mats=0 nead_efz=0 resample_flag2=0 musyx_ptr10=0
audio_output: stream_requests=3333 stream_fed=1651 input_hz=32006 playback_hz=32006 queue_peak_ms=172
probe_schema: version=2 self=1 interval=127
vm_io: read_ahead=1 reads=0 hits=0 read_bytes=0 writes=0 write_bytes=0 errors=0
subsystem_time: stage=rsp_gfx calls=806 timed_calls=806 period=1 timed_us=3515510
subsystem_time: stage=rsp_audio calls=898 timed_calls=898 period=1 timed_us=977320
subsystem_time: stage=rsp_other calls=0 timed_calls=0 period=1 timed_us=0
subsystem_time: stage=lookup calls=3187533 timed_calls=25098 period=127 timed_us=5893
subsystem_time: stage=compile calls=848 timed_calls=848 period=1 timed_us=126449
subsystem_time: stage=dispatch calls=2956234 timed_calls=23277 period=127 timed_us=21377
subsystem_self: stage=dispatch calls=2956234 timed_calls=23277 self_us=14825 dropped=0
subsystem_time: stage=execute_inclusive calls=2956234 timed_calls=23277 period=127 timed_us=135586
subsystem_self: stage=execute_inclusive calls=2956234 timed_calls=23277 self_us=36914 dropped=0
subsystem_time: stage=rom_copy calls=10581 timed_calls=10581 period=1 timed_us=29807
subsystem_time: stage=present calls=899 timed_calls=899 period=1 timed_us=37029
subsystem_time: stage=limiter calls=843 timed_calls=843 period=1 timed_us=5480251
subsystem_time: stage=vm_fault calls=0 timed_calls=0 period=1 timed_us=0
subsystem_time: stage=vm_victim calls=0 timed_calls=0 period=1 timed_us=0
subsystem_time: stage=vm_read calls=0 timed_calls=0 period=1 timed_us=0
subsystem_time: stage=vm_write calls=0 timed_calls=0 period=1 timed_us=0
subsystem_time: stage=tex_hash calls=58931 timed_calls=58931 period=1 timed_us=304635
subsystem_time: stage=tex_lookup calls=58931 timed_calls=58931 period=1 timed_us=34248
subsystem_time: stage=tex_load calls=81 timed_calls=81 period=1 timed_us=10714
subsystem_time: stage=tex_activate calls=58931 timed_calls=58931 period=1 timed_us=43546
subsystem_time: stage=draw_triangles calls=502431 timed_calls=502431 period=1 timed_us=789813
subsystem_time: stage=draw_rect calls=1851 timed_calls=1851 period=1 timed_us=27885
subsystem_time: stage=gfx_list calls=806 timed_calls=806 period=1 timed_us=3513913
subsystem_time: stage=gfx_command calls=2544376 timed_calls=20034 period=127 timed_us=30911
gfx_ucodes: mask=00000004
gfx_opcode: op=01 calls=130393 timed_calls=1033 timed_us=2663
gfx_opcode: op=02 calls=92496 timed_calls=723 timed_us=143
gfx_opcode: op=05 calls=15048 timed_calls=129 timed_us=779
gfx_opcode: op=06 calls=378019 timed_calls=3008 timed_us=17934
gfx_opcode: op=d7 calls=66164 timed_calls=528 timed_us=101
gfx_opcode: op=d8 calls=49954 timed_calls=388 timed_us=65
gfx_opcode: op=d9 calls=75714 timed_calls=570 timed_us=77
gfx_opcode: op=da calls=150072 timed_calls=1189 timed_us=730
gfx_opcode: op=db calls=154524 timed_calls=1217 timed_us=206
gfx_opcode: op=dc calls=9631 timed_calls=71 timed_us=46
gfx_opcode: op=de calls=120527 timed_calls=977 timed_us=171
gfx_opcode: op=df calls=94687 timed_calls=733 timed_us=94
gfx_opcode: op=e2 calls=104737 timed_calls=819 timed_us=117
gfx_opcode: op=e3 calls=99769 timed_calls=788 timed_us=129
gfx_opcode: op=e4 calls=432 timed_calls=4 timed_us=82
gfx_opcode: op=e6 calls=105716 timed_calls=835 timed_us=104
gfx_opcode: op=e7 calls=318212 timed_calls=2476 timed_us=303
gfx_opcode: op=e8 calls=38261 timed_calls=298 timed_us=36
gfx_opcode: op=e9 calls=806 timed_calls=6 timed_us=7
gfx_opcode: op=ed calls=5252 timed_calls=38 timed_us=14
gfx_opcode: op=f0 calls=46785 timed_calls=381 timed_us=318
gfx_opcode: op=f2 calls=56590 timed_calls=461 timed_us=128
gfx_opcode: op=f3 calls=55583 timed_calls=433 timed_us=1182
gfx_opcode: op=f4 calls=3348 timed_calls=26 timed_us=232
gfx_opcode: op=f5 calls=145303 timed_calls=1128 timed_us=220
gfx_opcode: op=f6 calls=2171 timed_calls=18 timed_us=3163
gfx_opcode: op=f7 calls=1558 timed_calls=13 timed_us=10
gfx_opcode: op=f8 calls=1283 timed_calls=8 timed_us=2
gfx_opcode: op=f9 calls=21659 timed_calls=175 timed_us=38
gfx_opcode: op=fa calls=13331 timed_calls=101 timed_us=18
gfx_opcode: op=fb calls=2787 timed_calls=19 timed_us=3
gfx_opcode: op=fc calls=74913 timed_calls=603 timed_us=80
gfx_opcode: op=fd calls=102647 timed_calls=797 timed_us=109
gfx_opcode: op=fe calls=806 timed_calls=8 timed_us=6
gfx_opcode: op=ff calls=5198 timed_calls=33 timed_us=13
subsystem_time: stage=vertex calls=778936 timed_calls=6133 period=127 timed_us=2438
subsystem_time: stage=gfx_state calls=500971 timed_calls=3944 period=127 timed_us=8551
subsystem_self: stage=gfx_state calls=500971 timed_calls=3944 self_us=5307 dropped=0
subsystem_time: stage=gx_wait calls=4 timed_calls=4 period=1 timed_us=2553
subsystem_time: stage=dma_pi calls=10582 timed_calls=10582 period=1 timed_us=74045
subsystem_time: stage=dma_sp calls=3408 timed_calls=3408 period=1 timed_us=3897
subsystem_time: stage=dma_si calls=963 timed_calls=963 period=1 timed_us=18569
subsystem_time: stage=tlb_translate calls=0 timed_calls=0 period=127 timed_us=0
subsystem_time: stage=pif calls=964 timed_calls=964 period=1 timed_us=17322
subsystem_time: stage=input calls=3536 timed_calls=3536 period=1 timed_us=14651
subsystem_time: stage=guest_interrupt calls=21603 timed_calls=21603 period=1 timed_us=5578611
subsystem_self: stage=guest_interrupt calls=21603 timed_calls=21603 self_us=29870 dropped=0
subsystem_time: stage=interpreter_inclusive calls=0 timed_calls=0 period=1 timed_us=0
subsystem_self: stage=interpreter_inclusive calls=0 timed_calls=0 self_us=0 dropped=0
subsystem_time: stage=audio_submit calls=898 timed_calls=898 period=1 timed_us=15197
subsystem_time: stage=audio_callback calls=9341 timed_calls=9341 period=1 timed_us=8060
subsystem_time: stage=memory_slow calls=948950 timed_calls=7472 period=127 timed_us=41690
subsystem_self: stage=memory_slow calls=948950 timed_calls=7472 self_us=3550 dropped=0
subsystem_time: stage=jit_invalidate calls=231299 timed_calls=1821 period=127 timed_us=439
subsystem_time: stage=cpu_helper calls=8438230 timed_calls=66442 period=127 timed_us=66724
subsystem_time: stage=storage_read calls=0 timed_calls=0 period=1 timed_us=0
subsystem_time: stage=storage_write calls=0 timed_calls=0 period=1 timed_us=0
subsystem_time: stage=save_load calls=0 timed_calls=0 period=1 timed_us=0
subsystem_time: stage=save_write calls=0 timed_calls=0 period=1 timed_us=0
subsystem_time: stage=state_load calls=0 timed_calls=0 period=1 timed_us=0
subsystem_time: stage=state_save calls=0 timed_calls=0 period=1 timed_us=0
subsystem_time: stage=probe_io calls=3 timed_calls=3 period=1 timed_us=37983
subsystem_time: stage=agent_poll calls=1810 timed_calls=1810 period=1 timed_us=522
audio_time: stage=resample sampled_calls=132 sampled_samples=24288 sampled_us=979
audio_time: stage=zoh sampled_calls=0 sampled_samples=0 sampled_us=0
audio_time: stage=adpcm sampled_calls=129 sampled_samples=20928 sampled_us=881
audio_time: stage=envmix_exp sampled_calls=0 sampled_samples=0 sampled_us=0
audio_time: stage=envmix_ge sampled_calls=0 sampled_samples=0 sampled_us=0
audio_time: stage=envmix_lin sampled_calls=132 sampled_samples=24288 sampled_us=2615
audio_time: stage=envmix_nead sampled_calls=0 sampled_samples=0 sampled_us=0
audio_time: stage=mix sampled_calls=835 sampled_samples=153640 sampled_us=2520
audio_time: stage=musyx_voice sampled_calls=0 sampled_samples=0 sampled_us=0
audio_time: stage=musyx_fx sampled_calls=0 sampled_samples=0 sampled_us=0
audio_time: stage=output sampled_calls=7 sampled_samples=3680 sampled_us=100
gpu_counters: clks=3690807951 tb_clks=3690808032 ras_busy=241437311 xf_wait_in=3060743147 xf_wait_out=402147992 ras_peak_permille=95 ztop_in=702194056 ztop_out=667675768 z_in=189152556 z_out=125045840 blend_in=857090996 copy_clks=87096058 fifo_overflows=1131
game: n=5/9 how=vis vis=900 vi_rate=60 vi0_retrace=9916 wall_us=15188430 sleep_us=5477723 avg_vis=57.97 avg_fps=54.43 exceptions=15833 cacheResets=1 recompiles=848 batches=502431 verts=2313258 texStalls=0 treeDepthMax=14 underruns=0 overruns=0 queue_peak_ms=152 dsp_avg=1.50 dsp_peak=1.75 dsp_samples=30 pmc1=6851390290 pmc2=6974493295 pmc3=0 pmc4=0 mmcr0=00000042 mmcr1=00000000 heap_used=10849432 heap_free=150824 arena1_free=229376 arena2_free=288704 flushes=3 flush_us=37983 padtrace=0 rom=sd:/wii64/roms/Super Smash Bros. (U) [!].z64
=== chain 5/9 end vis=900 how=vis rom=sd:/wii64/roms/Super Smash Bros. (U) [!].z64 ===
mark: pad replay records: 1
mark: loadROM: enter
mark: loadROM: before rom_read
mark: ROMCache_load: enter
mark: ROMCache_load: before first read
mark: ROMCache_load: first read returned
mark: ROMCache_load: byte_swap_type set
mark: ROMCache_load: first byte_swap done
menufps: 0.1
menufps: 8.5
menufps: 8.1
menufps: 8.3
menufps: 8.3
mark: ROMCache_load: loop exited normally
mark: ROMCache_load: elapsed_us=2881167 bytes=12582912 vm=0
mark: loadROM: after rom_read
mark: loadROM: before init_memory
mark: loadROM: after init_memory
mark: loadROM: before romOpen_gfx
mark: loadROM: after romOpen_gfx / before romOpen_audio
mark: loadROM: after romOpen_audio / before romOpen_input
mark: loadROM: after romOpen_input / before cpu_init
mark: loadROM: after cpu_init
menufps: 5.5
menufps: 1.9
menufps: 1.0
menufps: 1.0
fps: 2.9
first_vi: vi0_retrace=11209
vis: 4.3
cpu: exceptions=0 cacheResets=0 batches=0 verts=0 texStalls=0 recompiles=0 underruns=0 overruns=0 sleep_us=0 queue_ms=0
mark: CPU core dispatch: dynarec
vis: 60.0
cpu: exceptions=100 cacheResets=1 batches=0 verts=0 texStalls=0 recompiles=296 underruns=0 overruns=0 sleep_us=23679 queue_ms=0
vis: 60.0
cpu: exceptions=267 cacheResets=1 batches=0 verts=0 texStalls=0 recompiles=472 underruns=1 overruns=0 sleep_us=214889 queue_ms=5
fps: 0.8
vis: 60.0
cpu: exceptions=428 cacheResets=1 batches=0 verts=0 texStalls=0 recompiles=675 underruns=1 overruns=0 sleep_us=529817 queue_ms=9
vis: 60.0
cpu: exceptions=698 cacheResets=1 batches=0 verts=0 texStalls=0 recompiles=675 underruns=1 overruns=0 sleep_us=992862 queue_ms=13
vis: 60.0
cpu: exceptions=931 cacheResets=1 batches=0 verts=0 texStalls=0 recompiles=677 underruns=1 overruns=0 sleep_us=1456434 queue_ms=18
vis: 60.0
cpu: exceptions=1155 cacheResets=1 batches=0 verts=0 texStalls=0 recompiles=677 underruns=1 overruns=0 sleep_us=1920724 queue_ms=9
vis: 60.0
cpu: exceptions=1371 cacheResets=1 batches=0 verts=0 texStalls=0 recompiles=685 underruns=2 overruns=0 sleep_us=2384722 queue_ms=13
vis: 60.0
cpu: exceptions=1595 cacheResets=1 batches=0 verts=0 texStalls=0 recompiles=685 underruns=2 overruns=0 sleep_us=2849409 queue_ms=18
fps: 1.4
vis: 60.0
cpu: exceptions=1748 cacheResets=1 batches=348 verts=1044 texStalls=0 recompiles=713 underruns=2 overruns=0 sleep_us=3163669 queue_ms=22
fps: 60.2
vis: 60.0
cpu: exceptions=1898 cacheResets=1 batches=708 verts=2124 texStalls=0 recompiles=713 underruns=2 overruns=0 sleep_us=3482386 queue_ms=26
fps: 60.0
vis: 60.0
cpu: exceptions=2075 cacheResets=1 batches=4216 verts=45240 texStalls=0 recompiles=796 underruns=2 overruns=0 sleep_us=3813634 queue_ms=15
fps: 56.0
vis: 60.0
cpu: exceptions=2254 cacheResets=1 batches=11476 verts=136860 texStalls=0 recompiles=796 underruns=2 overruns=0 sleep_us=4153828 queue_ms=18
fps: 59.9
vis: 60.0
cpu: exceptions=2441 cacheResets=1 batches=18736 verts=228480 texStalls=0 recompiles=809 underruns=2 overruns=0 sleep_us=4478168 queue_ms=23
fps: 60.0
vis: 60.0
cpu: exceptions=2617 cacheResets=1 batches=25996 verts=320100 texStalls=0 recompiles=809 underruns=2 overruns=0 sleep_us=4806766 queue_ms=13
fps: 60.2
vis: 60.0
cpu: exceptions=2822 cacheResets=1 batches=33256 verts=411720 texStalls=0 recompiles=812 underruns=2 overruns=0 sleep_us=5132473 queue_ms=14
fps: 60.0
vis: 60.0
cpu: exceptions=3002 cacheResets=1 batches=40516 verts=503340 texStalls=0 recompiles=812 underruns=2 overruns=0 sleep_us=5457662 queue_ms=18
fps: 60.0
vis: 60.0
cpu: exceptions=3172 cacheResets=1 batches=47776 verts=594960 texStalls=0 recompiles=813 underruns=2 overruns=0 sleep_us=5787289 queue_ms=23
fps: 60.0
vis: 60.0
cpu: exceptions=3354 cacheResets=1 batches=55036 verts=686580 texStalls=0 recompiles=813 underruns=2 overruns=0 sleep_us=6112284 queue_ms=14
fps: 60.0
vis: 60.0
cpu: exceptions=3555 cacheResets=1 batches=62296 verts=778200 texStalls=0 recompiles=813 underruns=2 overruns=0 sleep_us=6435720 queue_ms=15
fps: 60.0
vis: 60.0
cpu: exceptions=3722 cacheResets=1 batches=69556 verts=869820 texStalls=0 recompiles=813 underruns=2 overruns=0 sleep_us=6766636 queue_ms=18
fps: 60.0
vis: 60.0
cpu: exceptions=3895 cacheResets=1 batches=76816 verts=961440 texStalls=0 recompiles=813 underruns=2 overruns=0 sleep_us=7092387 queue_ms=11
fps: 60.0
vis: 60.0
cpu: exceptions=4068 cacheResets=1 batches=84076 verts=1053060 texStalls=0 recompiles=813 underruns=2 overruns=0 sleep_us=7417102 queue_ms=14
fps: 60.0
vis: 60.0
cpu: exceptions=4264 cacheResets=1 batches=91336 verts=1144680 texStalls=0 recompiles=813 underruns=2 overruns=0 sleep_us=7745949 queue_ms=15
fps: 60.0
vis: 60.0
cpu: exceptions=4437 cacheResets=1 batches=98596 verts=1236300 texStalls=0 recompiles=813 underruns=2 overruns=0 sleep_us=8069551 queue_ms=19
fps: 60.0
vis: 60.0
cpu: exceptions=4608 cacheResets=1 batches=105856 verts=1327920 texStalls=0 recompiles=813 underruns=2 overruns=0 sleep_us=8396153 queue_ms=10
fps: 60.0
vis: 60.0
cpu: exceptions=4775 cacheResets=1 batches=113116 verts=1419540 texStalls=0 recompiles=813 underruns=2 overruns=0 sleep_us=8726785 queue_ms=15
fps: 56.7
vis: 60.0
cpu: exceptions=4974 cacheResets=1 batches=120376 verts=1511160 texStalls=0 recompiles=813 underruns=4 overruns=0 sleep_us=9050036 queue_ms=16
fps: 60.5
vis: 60.0
cpu: exceptions=5151 cacheResets=1 batches=121343 verts=1534314 texStalls=0 recompiles=835 underruns=4 overruns=0 sleep_us=9428412 queue_ms=19
fps: 59.9
vis: 60.0
cpu: exceptions=5340 cacheResets=1 batches=122213 verts=1558434 texStalls=0 recompiles=836 underruns=4 overruns=0 sleep_us=9807690 queue_ms=12
fps: 60.0
mark: stop reason: chain guest VI limit
mark: stop_it requested
audio: alist_resample_calls=18199 alist_resample_samples=2623744 alist_zoh_calls=0 alist_zoh_samples=0 musyx_subframes=0 musyx_voices=0 musyx_voice_peak=0
audio_stages: adpcm_calls=15527 adpcm_samples=620464 envmix_calls=16034 envmix_samples=2305456 mix_calls=41135 mix_samples=6047472 musyx_fx_calls=0 musyx_fx_taps=0 output_calls=433 output_samples=318288
audio_envmix: exp_calls=0 ge_calls=16034 lin_calls=0 nead_calls=0 exp_steady=0 ge_steady=14219 lin_steady=0
audio_gaps: nead_mats=0 nead_efz=0 resample_flag2=0 musyx_ptr10=0
audio_output: stream_requests=2985 stream_fed=1104 input_hz=22047 playback_hz=22047 queue_peak_ms=57
probe_schema: version=2 self=1 interval=127
vm_io: read_ahead=1 reads=0 hits=0 read_bytes=0 writes=0 write_bytes=0 errors=0
subsystem_time: stage=rsp_gfx calls=660 timed_calls=660 period=1 timed_us=1255034
subsystem_time: stage=rsp_audio calls=433 timed_calls=433 period=1 timed_us=576725
subsystem_time: stage=rsp_other calls=0 timed_calls=0 period=1 timed_us=0
subsystem_time: stage=lookup calls=1656675 timed_calls=13044 period=127 timed_us=2934
subsystem_time: stage=compile calls=837 timed_calls=837 period=1 timed_us=95393
subsystem_time: stage=dispatch calls=1558109 timed_calls=12268 period=127 timed_us=15824
subsystem_self: stage=dispatch calls=1558109 timed_calls=12268 self_us=10978 dropped=0
subsystem_time: stage=execute_inclusive calls=1558109 timed_calls=12268 period=127 timed_us=101855
subsystem_self: stage=execute_inclusive calls=1558109 timed_calls=12268 self_us=16985 dropped=0
subsystem_time: stage=rom_copy calls=620 timed_calls=620 period=1 timed_us=11807
subsystem_time: stage=present calls=899 timed_calls=899 period=1 timed_us=34291
subsystem_time: stage=limiter calls=868 timed_calls=868 period=1 timed_us=10155508
subsystem_time: stage=vm_fault calls=0 timed_calls=0 period=1 timed_us=0
subsystem_time: stage=vm_victim calls=0 timed_calls=0 period=1 timed_us=0
subsystem_time: stage=vm_read calls=0 timed_calls=0 period=1 timed_us=0
subsystem_time: stage=vm_write calls=0 timed_calls=0 period=1 timed_us=0
subsystem_time: stage=tex_hash calls=29691 timed_calls=29691 period=1 timed_us=79193
subsystem_time: stage=tex_lookup calls=29691 timed_calls=29691 period=1 timed_us=9367
subsystem_time: stage=tex_load calls=69 timed_calls=69 period=1 timed_us=1378
subsystem_time: stage=tex_activate calls=29691 timed_calls=29691 period=1 timed_us=12352
subsystem_time: stage=draw_triangles calls=123054 timed_calls=123054 period=1 timed_us=263958
subsystem_time: stage=draw_rect calls=17457 timed_calls=17457 period=1 timed_us=106484
subsystem_time: stage=gfx_list calls=660 timed_calls=660 period=1 timed_us=1254048
subsystem_time: stage=gfx_command calls=653190 timed_calls=5143 period=127 timed_us=10267
gfx_ucodes: mask=00001000
gfx_opcode: op=01 calls=12366 timed_calls=106 timed_us=42
gfx_opcode: op=03 calls=1818 timed_calls=16 timed_us=17
gfx_opcode: op=04 calls=48525 timed_calls=374 timed_us=2336
gfx_opcode: op=06 calls=13110 timed_calls=110 timed_us=26
gfx_opcode: op=b1 calls=138519 timed_calls=1076 timed_us=5054
gfx_opcode: op=b6 calls=12297 timed_calls=106 timed_us=17
gfx_opcode: op=b7 calls=12450 timed_calls=104 timed_us=15
gfx_opcode: op=b8 calls=13770 timed_calls=116 timed_us=17
gfx_opcode: op=b9 calls=13164 timed_calls=94 timed_us=15
gfx_opcode: op=ba calls=71856 timed_calls=584 timed_us=102
gfx_opcode: op=bb calls=12945 timed_calls=104 timed_us=21
gfx_opcode: op=bc calls=14745 timed_calls=117 timed_us=22
gfx_opcode: op=bf calls=26967 timed_calls=206 timed_us=363
gfx_opcode: op=e4 calls=17457 timed_calls=143 timed_us=1022
gfx_opcode: op=e6 calls=29691 timed_calls=225 timed_us=28
gfx_opcode: op=e7 calls=43050 timed_calls=323 timed_us=43
gfx_opcode: op=e9 calls=660 timed_calls=6 timed_us=6
gfx_opcode: op=ed calls=1320 timed_calls=12 timed_us=6
gfx_opcode: op=f2 calls=31455 timed_calls=248 timed_us=67
gfx_opcode: op=f3 calls=29691 timed_calls=224 timed_us=398
gfx_opcode: op=f5 calls=60855 timed_calls=477 timed_us=100
gfx_opcode: op=f6 calls=660 timed_calls=6 timed_us=6
gfx_opcode: op=f7 calls=660 timed_calls=6 timed_us=4
gfx_opcode: op=fa calls=996 timed_calls=6 timed_us=1
gfx_opcode: op=fc calls=13152 timed_calls=96 timed_us=14
gfx_opcode: op=fd calls=29691 timed_calls=249 timed_us=36
gfx_opcode: op=ff calls=1320 timed_calls=9 timed_us=5
subsystem_time: stage=vertex calls=712209 timed_calls=5607 period=127 timed_us=2290
subsystem_time: stage=gfx_state calls=32799 timed_calls=258 period=127 timed_us=1584
subsystem_self: stage=gfx_state calls=32799 timed_calls=258 self_us=737 dropped=0
subsystem_time: stage=gx_wait calls=4 timed_calls=4 period=1 timed_us=2560
subsystem_time: stage=dma_pi calls=620 timed_calls=620 period=1 timed_us=25859
subsystem_time: stage=dma_sp calls=2186 timed_calls=2186 period=1 timed_us=2070
subsystem_time: stage=dma_si calls=1681 timed_calls=1681 period=1 timed_us=15917
subsystem_time: stage=tlb_translate calls=2212056 timed_calls=17417 period=127 timed_us=2286
subsystem_time: stage=pif calls=1682 timed_calls=1682 period=1 timed_us=14538
subsystem_time: stage=input calls=2972 timed_calls=2972 period=1 timed_us=11821
subsystem_time: stage=guest_interrupt calls=7040 timed_calls=7040 period=1 timed_us=10261253
subsystem_self: stage=guest_interrupt calls=7040 timed_calls=7040 self_us=21288 dropped=0
subsystem_time: stage=interpreter_inclusive calls=0 timed_calls=0 period=1 timed_us=0
subsystem_self: stage=interpreter_inclusive calls=0 timed_calls=0 self_us=0 dropped=0
subsystem_time: stage=audio_submit calls=433 timed_calls=433 period=1 timed_us=6209
subsystem_time: stage=audio_callback calls=8983 timed_calls=8983 period=1 timed_us=4810
subsystem_time: stage=memory_slow calls=997424 timed_calls=7853 period=127 timed_us=20673
subsystem_self: stage=memory_slow calls=997424 timed_calls=7853 self_us=4082 dropped=0
subsystem_time: stage=jit_invalidate calls=98566 timed_calls=776 period=127 timed_us=152
subsystem_time: stage=cpu_helper calls=4641817 timed_calls=36549 period=127 timed_us=88411
subsystem_time: stage=storage_read calls=0 timed_calls=0 period=1 timed_us=0
subsystem_time: stage=storage_write calls=0 timed_calls=0 period=1 timed_us=0
subsystem_time: stage=save_load calls=0 timed_calls=0 period=1 timed_us=0
subsystem_time: stage=save_write calls=0 timed_calls=0 period=1 timed_us=0
subsystem_time: stage=state_load calls=0 timed_calls=0 period=1 timed_us=0
subsystem_time: stage=state_save calls=0 timed_calls=0 period=1 timed_us=0
subsystem_time: stage=probe_io calls=4 timed_calls=4 period=1 timed_us=56757
subsystem_time: stage=agent_poll calls=1809 timed_calls=1809 period=1 timed_us=436
audio_time: stage=resample sampled_calls=143 sampled_samples=20368 sampled_us=863
audio_time: stage=zoh sampled_calls=0 sampled_samples=0 sampled_us=0
audio_time: stage=adpcm sampled_calls=122 sampled_samples=4912 sampled_us=225
audio_time: stage=envmix_exp sampled_calls=0 sampled_samples=0 sampled_us=0
audio_time: stage=envmix_ge sampled_calls=126 sampled_samples=18352 sampled_us=1796
audio_time: stage=envmix_lin sampled_calls=0 sampled_samples=0 sampled_us=0
audio_time: stage=envmix_nead sampled_calls=0 sampled_samples=0 sampled_us=0
audio_time: stage=mix sampled_calls=323 sampled_samples=47968 sampled_us=760
audio_time: stage=musyx_voice sampled_calls=0 sampled_samples=0 sampled_us=0
audio_time: stage=musyx_fx sampled_calls=0 sampled_samples=0 sampled_us=0
audio_time: stage=output sampled_calls=3 sampled_samples=2192 sampled_us=38
gpu_counters: clks=3688902730 tb_clks=3688902808 ras_busy=47592281 xf_wait_in=3569043491 xf_wait_out=36328185 ras_peak_permille=20 ztop_in=183984516 ztop_out=181452164 z_in=0 z_out=0 blend_in=181632100 copy_clks=74497763 fifo_overflows=0
game: n=6/9 how=vis vis=900 vi_rate=60 vi0_retrace=11209 wall_us=15180581 sleep_us=10152864 avg_vis=58.14 avg_fps=52.44 exceptions=5543 cacheResets=1 recompiles=837 batches=123054 verts=1581750 texStalls=0 treeDepthMax=15 underruns=4 overruns=0 queue_peak_ms=26 dsp_avg=1.39 dsp_peak=1.60 dsp_samples=30 pmc1=3522690268 pmc2=3859519284 pmc3=0 pmc4=0 mmcr0=00000042 mmcr1=00000000 heap_used=10846552 heap_free=153704 arena1_free=229376 arena2_free=288704 flushes=4 flush_us=56756 padtrace=0 rom=sd:/wii64/roms/GoldenEye 007 (USA).z64
=== chain 6/9 end vis=900 how=vis rom=sd:/wii64/roms/GoldenEye 007 (USA).z64 ===
mark: pad replay records: 1
mark: loadROM: enter
mark: loadROM: before rom_read
mark: ROMCache_load: enter
mark: ROMCache_load: before first read
mark: ROMCache_load: first read returned
mark: ROMCache_load: byte_swap_type set
mark: ROMCache_load: first byte_swap done
menufps: 0.1
menufps: 8.5
menufps: 8.3
menufps: 8.0
mark: ROMCache_load: loop exited normally
mark: ROMCache_load: elapsed_us=1914837 bytes=8388608 vm=0
mark: loadROM: after rom_read
mark: loadROM: before init_memory
mark: loadROM: after init_memory
mark: loadROM: before romOpen_gfx
mark: loadROM: after romOpen_gfx / before romOpen_audio
mark: loadROM: after romOpen_audio / before romOpen_input
mark: loadROM: after romOpen_input / before cpu_init
mark: loadROM: after cpu_init
menufps: 2.4
menufps: 1.0
menufps: 1.0
fps: 4.2
first_vi: vi0_retrace=12441
vis: 5.0
cpu: exceptions=0 cacheResets=0 batches=0 verts=0 texStalls=0 recompiles=0 underruns=0 overruns=0 sleep_us=0 queue_ms=0
mark: CPU core dispatch: dynarec
vis: 60.0
cpu: exceptions=60 cacheResets=1 batches=0 verts=0 texStalls=0 recompiles=163 underruns=2 overruns=0 sleep_us=68886 queue_ms=57
fps: 1.2
vis: 60.0
cpu: exceptions=216 cacheResets=1 batches=0 verts=0 texStalls=0 recompiles=207 underruns=2 overruns=0 sleep_us=521245 queue_ms=52
vis: 60.0
cpu: exceptions=516 cacheResets=1 batches=0 verts=0 texStalls=0 recompiles=207 underruns=2 overruns=0 sleep_us=988037 queue_ms=57
vis: 60.0
cpu: exceptions=816 cacheResets=1 batches=0 verts=0 texStalls=0 recompiles=233 underruns=2 overruns=0 sleep_us=1452361 queue_ms=53
vis: 60.0
cpu: exceptions=1069 cacheResets=1 batches=0 verts=0 texStalls=0 recompiles=287 underruns=2 overruns=0 sleep_us=1909896 queue_ms=50
vis: 60.0
cpu: exceptions=1140 cacheResets=1 batches=0 verts=0 texStalls=0 recompiles=288 underruns=3 overruns=0 sleep_us=2316455 queue_ms=0
fps: 0.4
vis: 59.2
cpu: exceptions=1283 cacheResets=1 batches=0 verts=0 texStalls=0 recompiles=508 underruns=5 overruns=0 sleep_us=2527097 queue_ms=29
vis: 52.8
cpu: exceptions=1425 cacheResets=1 batches=0 verts=0 texStalls=0 recompiles=732 underruns=7 overruns=0 sleep_us=2736631 queue_ms=3
fps: 1.7
vis: 60.0
cpu: exceptions=1613 cacheResets=1 batches=3470 verts=86430 texStalls=0 recompiles=834 underruns=9 overruns=0 sleep_us=2882794 queue_ms=52
fps: 21.4
vis: 60.0
cpu: exceptions=1797 cacheResets=1 batches=6940 verts=172860 texStalls=0 recompiles=835 underruns=9 overruns=0 sleep_us=3081979 queue_ms=59
fps: 20.0
vis: 60.0
cpu: exceptions=1992 cacheResets=1 batches=10410 verts=259290 texStalls=0 recompiles=836 underruns=9 overruns=0 sleep_us=3277879 queue_ms=54
fps: 20.0
vis: 60.0
cpu: exceptions=2190 cacheResets=1 batches=13932 verts=345876 texStalls=0 recompiles=838 underruns=9 overruns=0 sleep_us=3471257 queue_ms=51
fps: 20.0
vis: 60.0
cpu: exceptions=2384 cacheResets=1 batches=17631 verts=432993 texStalls=0 recompiles=840 underruns=9 overruns=0 sleep_us=3668705 queue_ms=55
fps: 20.0
vis: 60.0
cpu: exceptions=2603 cacheResets=1 batches=21425 verts=520395 texStalls=0 recompiles=844 underruns=9 overruns=0 sleep_us=3842811 queue_ms=52
fps: 20.0
vis: 60.0
cpu: exceptions=2839 cacheResets=1 batches=25295 verts=608025 texStalls=0 recompiles=844 underruns=9 overruns=0 sleep_us=4016019 queue_ms=57
fps: 20.0
vis: 60.0
cpu: exceptions=3090 cacheResets=1 batches=29227 verts=695841 texStalls=0 recompiles=844 underruns=9 overruns=0 sleep_us=4181144 queue_ms=53
fps: 19.8
vis: 60.0
cpu: exceptions=3369 cacheResets=1 batches=33211 verts=786165 texStalls=0 recompiles=845 underruns=9 overruns=0 sleep_us=4329343 queue_ms=40
fps: 19.7
vis: 60.0
cpu: exceptions=3652 cacheResets=1 batches=37127 verts=877293 texStalls=0 recompiles=845 underruns=9 overruns=0 sleep_us=4480791 queue_ms=46
fps: 20.0
vis: 60.0
cpu: exceptions=3926 cacheResets=1 batches=40783 verts=968241 texStalls=0 recompiles=845 underruns=9 overruns=0 sleep_us=4639235 queue_ms=42
fps: 20.0
vis: 60.0
cpu: exceptions=4190 cacheResets=1 batches=44353 verts=1058931 texStalls=0 recompiles=845 underruns=9 overruns=0 sleep_us=4803181 queue_ms=47
fps: 20.0
vis: 60.0
cpu: exceptions=4461 cacheResets=1 batches=47923 verts=1149621 texStalls=0 recompiles=845 underruns=9 overruns=0 sleep_us=4963493 queue_ms=44
fps: 20.0
vis: 60.0
cpu: exceptions=4732 cacheResets=1 batches=51494 verts=1240314 texStalls=0 recompiles=845 underruns=9 overruns=0 sleep_us=5120115 queue_ms=39
fps: 20.0
vis: 60.0
cpu: exceptions=5012 cacheResets=1 batches=55119 verts=1331790 texStalls=0 recompiles=847 underruns=9 overruns=0 sleep_us=5269588 queue_ms=46
fps: 19.9
vis: 60.0
cpu: exceptions=5321 cacheResets=1 batches=58816 verts=1423761 texStalls=0 recompiles=848 underruns=9 overruns=0 sleep_us=5399617 queue_ms=41
fps: 19.9
vis: 60.0
cpu: exceptions=5613 cacheResets=1 batches=62598 verts=1515951 texStalls=0 recompiles=858 underruns=9 overruns=0 sleep_us=5532130 queue_ms=46
fps: 20.1
vis: 60.0
cpu: exceptions=5840 cacheResets=1 batches=66582 verts=1608930 texStalls=0 recompiles=863 underruns=9 overruns=0 sleep_us=5696694 queue_ms=43
fps: 20.1
vis: 60.0
cpu: exceptions=6045 cacheResets=1 batches=70531 verts=1702005 texStalls=0 recompiles=864 underruns=9 overruns=0 sleep_us=5875142 queue_ms=49
fps: 20.0
vis: 60.0
cpu: exceptions=6213 cacheResets=1 batches=74454 verts=1795218 texStalls=0 recompiles=866 underruns=9 overruns=0 sleep_us=6057885 queue_ms=44
fps: 20.0
vis: 60.0
cpu: exceptions=6456 cacheResets=1 batches=78140 verts=1887327 texStalls=0 recompiles=866 underruns=9 overruns=0 sleep_us=6219023 queue_ms=41
fps: 20.0
vis: 60.0
cpu: exceptions=6635 cacheResets=1 batches=81788 verts=1979121 texStalls=0 recompiles=866 underruns=9 overruns=0 sleep_us=6401952 queue_ms=46
mark: stop reason: chain guest VI limit
mark: stop_it requested
audio: alist_resample_calls=31161 alist_resample_samples=4158040 alist_zoh_calls=0 alist_zoh_samples=0 musyx_subframes=0 musyx_voices=0 musyx_voice_peak=0
audio_stages: adpcm_calls=24532 adpcm_samples=3305024 envmix_calls=24329 envmix_samples=3246392 mix_calls=22482 mix_samples=6834208 musyx_fx_calls=0 musyx_fx_taps=0 output_calls=862 output_samples=459344
audio_envmix: exp_calls=24329 ge_calls=0 lin_calls=0 nead_calls=0 exp_steady=20470 ge_steady=0 lin_steady=0
audio_gaps: nead_mats=0 nead_efz=0 resample_flag2=0 musyx_ptr10=0
audio_output: stream_requests=3428 stream_fed=1593 input_hz=32006 playback_hz=32006 queue_peak_ms=75
probe_schema: version=2 self=1 interval=127
vm_io: read_ahead=1 reads=0 hits=0 read_bytes=0 writes=0 write_bytes=0 errors=0
subsystem_time: stage=rsp_gfx calls=224 timed_calls=224 period=1 timed_us=2780968
subsystem_time: stage=rsp_audio calls=854 timed_calls=854 period=1 timed_us=854112
subsystem_time: stage=rsp_other calls=0 timed_calls=0 period=1 timed_us=0
subsystem_time: stage=lookup calls=2010970 timed_calls=15834 period=127 timed_us=3948
subsystem_time: stage=compile calls=866 timed_calls=866 period=1 timed_us=219165
subsystem_time: stage=dispatch calls=2010933 timed_calls=15834 period=127 timed_us=15383
subsystem_self: stage=dispatch calls=2010933 timed_calls=15834 self_us=10159 dropped=0
subsystem_time: stage=execute_inclusive calls=2010933 timed_calls=15834 period=127 timed_us=106233
subsystem_self: stage=execute_inclusive calls=2010933 timed_calls=15834 self_us=45073 dropped=0
subsystem_time: stage=rom_copy calls=2723 timed_calls=2723 period=1 timed_us=26340
subsystem_time: stage=present calls=899 timed_calls=899 period=1 timed_us=29368
subsystem_time: stage=limiter calls=640 timed_calls=640 period=1 timed_us=6410424
subsystem_time: stage=vm_fault calls=0 timed_calls=0 period=1 timed_us=0
subsystem_time: stage=vm_victim calls=0 timed_calls=0 period=1 timed_us=0
subsystem_time: stage=vm_read calls=0 timed_calls=0 period=1 timed_us=0
subsystem_time: stage=vm_write calls=0 timed_calls=0 period=1 timed_us=0
subsystem_time: stage=tex_hash calls=65254 timed_calls=65254 period=1 timed_us=880073
subsystem_time: stage=tex_lookup calls=65254 timed_calls=65254 period=1 timed_us=59834
subsystem_time: stage=tex_load calls=178 timed_calls=178 period=1 timed_us=12050
subsystem_time: stage=tex_activate calls=65254 timed_calls=65254 period=1 timed_us=38415
subsystem_time: stage=draw_triangles calls=82153 timed_calls=82153 period=1 timed_us=267237
subsystem_time: stage=draw_rect calls=2288 timed_calls=2288 period=1 timed_us=24147
subsystem_time: stage=gfx_list calls=224 timed_calls=224 period=1 timed_us=2780471
subsystem_time: stage=gfx_command calls=1457395 timed_calls=11475 period=127 timed_us=23070
gfx_ucodes: mask=00010000
gfx_opcode: op=01 calls=15717 timed_calls=121 timed_us=58
gfx_opcode: op=03 calls=1768 timed_calls=11 timed_us=11
gfx_opcode: op=04 calls=87909 timed_calls=640 timed_us=2386
gfx_opcode: op=06 calls=36446 timed_calls=275 timed_us=60
gfx_opcode: op=b4 calls=221 timed_calls=2 timed_us=0
gfx_opcode: op=b5 calls=118530 timed_calls=937 timed_us=5929
gfx_opcode: op=b6 calls=8625 timed_calls=79 timed_us=12
gfx_opcode: op=b7 calls=8624 timed_calls=65 timed_us=9
gfx_opcode: op=b8 calls=36670 timed_calls=283 timed_us=37
gfx_opcode: op=b9 calls=9525 timed_calls=72 timed_us=10
gfx_opcode: op=ba calls=24763 timed_calls=190 timed_us=35
gfx_opcode: op=bb calls=28953 timed_calls=245 timed_us=44
gfx_opcode: op=bc calls=5246 timed_calls=54 timed_us=13
gfx_opcode: op=bd calls=1105 timed_calls=8 timed_us=1
gfx_opcode: op=be calls=4199 timed_calls=33 timed_us=4
gfx_opcode: op=bf calls=425712 timed_calls=3307 timed_us=7733
gfx_opcode: op=c0 calls=223 timed_calls=2 timed_us=0
gfx_opcode: op=e4 calls=1846 timed_calls=12 timed_us=135
gfx_opcode: op=e6 calls=79891 timed_calls=645 timed_us=76
gfx_opcode: op=e7 calls=68658 timed_calls=531 timed_us=65
gfx_opcode: op=e8 calls=115398 timed_calls=918 timed_us=108
gfx_opcode: op=e9 calls=224 timed_calls=2 timed_us=3
gfx_opcode: op=ed calls=446 timed_calls=6 timed_us=4
gfx_opcode: op=f0 calls=9945 timed_calls=84 timed_us=228
gfx_opcode: op=f2 calls=53391 timed_calls=441 timed_us=113
gfx_opcode: op=f3 calls=69725 timed_calls=562 timed_us=3327
gfx_opcode: op=f4 calls=221 timed_calls=2 timed_us=49
gfx_opcode: op=f5 calls=133282 timed_calls=1065 timed_us=193
gfx_opcode: op=f6 calls=669 timed_calls=5 timed_us=1387
gfx_opcode: op=f7 calls=448 timed_calls=1 timed_us=0
gfx_opcode: op=f8 calls=884 timed_calls=7 timed_us=1
gfx_opcode: op=fa calls=934 timed_calls=10 timed_us=2
gfx_opcode: op=fb calls=5413 timed_calls=42 timed_us=7
gfx_opcode: op=fc calls=21220 timed_calls=179 timed_us=22
gfx_opcode: op=fd calls=79891 timed_calls=635 timed_us=86
gfx_opcode: op=fe calls=223 timed_calls=0 timed_us=0
gfx_opcode: op=ff calls=450 timed_calls=4 timed_us=1
subsystem_time: stage=vertex calls=942059 timed_calls=7417 period=127 timed_us=2444
subsystem_time: stage=gfx_state calls=68429 timed_calls=538 period=127 timed_us=8966
subsystem_self: stage=gfx_state calls=68429 timed_calls=538 self_us=1181 dropped=0
subsystem_time: stage=gx_wait calls=4 timed_calls=4 period=1 timed_us=2560
subsystem_time: stage=dma_pi calls=2723 timed_calls=2723 period=1 timed_us=51674
subsystem_time: stage=dma_sp calls=2156 timed_calls=2156 period=1 timed_us=2260
subsystem_time: stage=dma_si calls=741 timed_calls=741 period=1 timed_us=5406
subsystem_time: stage=tlb_translate calls=0 timed_calls=0 period=127 timed_us=0
subsystem_time: stage=pif calls=742 timed_calls=742 period=1 timed_us=4789
subsystem_time: stage=input calls=896 timed_calls=896 period=1 timed_us=3833
subsystem_time: stage=guest_interrupt calls=9580 timed_calls=9580 period=1 timed_us=6488330
subsystem_self: stage=guest_interrupt calls=9580 timed_calls=9580 self_us=22430 dropped=0
subsystem_time: stage=interpreter_inclusive calls=0 timed_calls=0 period=1 timed_us=0
subsystem_self: stage=interpreter_inclusive calls=0 timed_calls=0 self_us=0 dropped=0
subsystem_time: stage=audio_submit calls=862 timed_calls=862 period=1 timed_us=10379
subsystem_time: stage=audio_callback calls=9454 timed_calls=9454 period=1 timed_us=7148
subsystem_time: stage=memory_slow calls=580672 timed_calls=4572 period=127 timed_us=8579
subsystem_self: stage=memory_slow calls=580672 timed_calls=4572 self_us=1935 dropped=0
subsystem_time: stage=jit_invalidate calls=37 timed_calls=0 period=127 timed_us=0
subsystem_time: stage=cpu_helper calls=8980811 timed_calls=70715 period=127 timed_us=36965
subsystem_time: stage=storage_read calls=0 timed_calls=0 period=1 timed_us=0
subsystem_time: stage=storage_write calls=0 timed_calls=0 period=1 timed_us=0
subsystem_time: stage=save_load calls=0 timed_calls=0 period=1 timed_us=0
subsystem_time: stage=save_write calls=0 timed_calls=0 period=1 timed_us=0
subsystem_time: stage=state_load calls=0 timed_calls=0 period=1 timed_us=0
subsystem_time: stage=state_save calls=0 timed_calls=0 period=1 timed_us=0
subsystem_time: stage=probe_io calls=3 timed_calls=3 period=1 timed_us=32850
subsystem_time: stage=agent_poll calls=1813 timed_calls=1813 period=1 timed_us=487
audio_time: stage=resample sampled_calls=245 sampled_samples=32672 sampled_us=1435
audio_time: stage=zoh sampled_calls=0 sampled_samples=0 sampled_us=0
audio_time: stage=adpcm sampled_calls=193 sampled_samples=25984 sampled_us=1103
audio_time: stage=envmix_exp sampled_calls=191 sampled_samples=25496 sampled_us=2573
audio_time: stage=envmix_ge sampled_calls=0 sampled_samples=0 sampled_us=0
audio_time: stage=envmix_lin sampled_calls=0 sampled_samples=0 sampled_us=0
audio_time: stage=envmix_nead sampled_calls=0 sampled_samples=0 sampled_us=0
audio_time: stage=mix sampled_calls=177 sampled_samples=53184 sampled_us=862
audio_time: stage=musyx_voice sampled_calls=0 sampled_samples=0 sampled_us=0
audio_time: stage=musyx_fx sampled_calls=0 sampled_samples=0 sampled_us=0
audio_time: stage=output sampled_calls=6 sampled_samples=3216 sampled_us=56
gpu_counters: clks=3701671983 tb_clks=3701672060 ras_busy=46277169 xf_wait_in=3571770192 xf_wait_out=52867920 ras_peak_permille=22 ztop_in=173329172 ztop_out=166146640 z_in=1208724 z_out=654424 blend_in=167597508 copy_clks=28225792 fifo_overflows=0
game: n=7/9 how=vis vis=900 vi_rate=60 vi0_retrace=12441 wall_us=15233121 sleep_us=6408440 avg_vis=57.97 avg_fps=17.13 exceptions=6648 cacheResets=1 recompiles=866 batches=82153 verts=1988286 texStalls=0 treeDepthMax=12 underruns=9 overruns=0 queue_peak_ms=59 dsp_avg=1.52 dsp_peak=1.85 dsp_samples=31 pmc1=6297633225 pmc2=6450928012 pmc3=0 pmc4=0 mmcr0=00000042 mmcr1=00000000 heap_used=10851704 heap_free=148552 arena1_free=229376 arena2_free=288704 flushes=3 flush_us=32849 padtrace=0 rom=sd:/wii64/roms/Wave Race 64 - Kawasaki Jet Ski (USA) (Rev 1).z64
=== chain 7/9 end vis=900 how=vis rom=sd:/wii64/roms/Wave Race 64 - Kawasaki Jet Ski (USA) (Rev 1).z64 ===
mark: pad replay records: 1
mark: loadROM: enter
mark: loadROM: before rom_read
mark: ROMCache_load: enter
mark: ROMCache_load: before first read
mark: ROMCache_load: first read returned
mark: ROMCache_load: byte_swap_type set
mark: ROMCache_load: first byte_swap done
menufps: 0.1
menufps: 8.3
menufps: 8.0
menufps: 7.8
menufps: 8.2
mark: ROMCache_load: loop exited normally
mark: ROMCache_load: elapsed_us=2864452 bytes=12582912 vm=0
mark: loadROM: after rom_read
mark: loadROM: before init_memory
mark: loadROM: after init_memory
mark: loadROM: before romOpen_gfx
mark: loadROM: after romOpen_gfx / before romOpen_audio
mark: loadROM: after romOpen_audio / before romOpen_input
mark: loadROM: after romOpen_input / before cpu_init
mark: loadROM: after cpu_init
menufps: 6.4
menufps: 1.9
menufps: 1.0
menufps: 1.0
fps: 0.5
first_vi: vi0_retrace=13734
vis: 0.5
cpu: exceptions=0 cacheResets=0 batches=0 verts=0 texStalls=0 recompiles=0 underruns=0 overruns=0 sleep_us=0 queue_ms=0
mark: CPU core dispatch: dynarec
vis: 60.0
cpu: exceptions=923 cacheResets=1 batches=0 verts=0 texStalls=0 recompiles=326 underruns=0 overruns=0 sleep_us=187686 queue_ms=112
fps: 1.8
vis: 60.0
cpu: exceptions=1663 cacheResets=1 batches=0 verts=0 texStalls=0 recompiles=533 underruns=0 overruns=0 sleep_us=502487 queue_ms=103
fps: 12.1
vis: 60.0
cpu: exceptions=1966 cacheResets=1 batches=320 verts=960 texStalls=0 recompiles=682 underruns=0 overruns=0 sleep_us=829716 queue_ms=108
vis: 60.0
cpu: exceptions=2843 cacheResets=1 batches=560 verts=1680 texStalls=0 recompiles=691 underruns=0 overruns=0 sleep_us=1176610 queue_ms=112
fps: 18.7
vis: 60.0
cpu: exceptions=2948 cacheResets=1 batches=1160 verts=3480 texStalls=0 recompiles=691 underruns=0 overruns=0 sleep_us=1604637 queue_ms=116
fps: 29.4
vis: 60.0
cpu: exceptions=3056 cacheResets=1 batches=1800 verts=5400 texStalls=0 recompiles=691 underruns=0 overruns=0 sleep_us=2029975 queue_ms=108
fps: 31.1
vis: 60.0
cpu: exceptions=3161 cacheResets=1 batches=2400 verts=7200 texStalls=0 recompiles=691 underruns=0 overruns=0 sleep_us=2457847 queue_ms=99
fps: 30.0
vis: 60.0
cpu: exceptions=3266 cacheResets=1 batches=3000 verts=9000 texStalls=0 recompiles=696 underruns=0 overruns=0 sleep_us=2889839 queue_ms=103
vis: 60.0
cpu: exceptions=3610 cacheResets=1 batches=3040 verts=9120 texStalls=0 recompiles=764 underruns=0 overruns=0 sleep_us=3152286 queue_ms=108
fps: 13.1
vis: 60.0
cpu: exceptions=3924 cacheResets=1 batches=5927 verts=17781 texStalls=0 recompiles=889 underruns=0 overruns=0 sleep_us=3433431 queue_ms=99
fps: 29.8
vis: 60.0
cpu: exceptions=4041 cacheResets=1 batches=12983 verts=38949 texStalls=0 recompiles=904 underruns=0 overruns=0 sleep_us=3776692 queue_ms=103
fps: 31.1
vis: 60.0
cpu: exceptions=4177 cacheResets=1 batches=19656 verts=58968 texStalls=0 recompiles=906 underruns=0 overruns=0 sleep_us=4121188 queue_ms=108
fps: 30.0
vis: 60.0
cpu: exceptions=4298 cacheResets=1 batches=26301 verts=78903 texStalls=0 recompiles=918 underruns=0 overruns=0 sleep_us=4459970 queue_ms=112
fps: 30.0
vis: 60.0
cpu: exceptions=4416 cacheResets=1 batches=32946 verts=98838 texStalls=0 recompiles=918 underruns=0 overruns=0 sleep_us=4802056 queue_ms=103
fps: 30.0
vis: 60.0
cpu: exceptions=4533 cacheResets=1 batches=39591 verts=118773 texStalls=0 recompiles=924 underruns=0 overruns=0 sleep_us=5144650 queue_ms=108
fps: 30.0
vis: 60.0
cpu: exceptions=4651 cacheResets=1 batches=46236 verts=138708 texStalls=0 recompiles=924 underruns=0 overruns=0 sleep_us=5490268 queue_ms=112
fps: 30.0
vis: 60.0
cpu: exceptions=4764 cacheResets=1 batches=52881 verts=158643 texStalls=0 recompiles=925 underruns=0 overruns=0 sleep_us=5840849 queue_ms=103
fps: 30.0
vis: 60.0
cpu: exceptions=4875 cacheResets=1 batches=59526 verts=178578 texStalls=0 recompiles=925 underruns=0 overruns=0 sleep_us=6194011 queue_ms=108
fps: 30.0
vis: 60.0
cpu: exceptions=4986 cacheResets=1 batches=66171 verts=198513 texStalls=0 recompiles=925 underruns=0 overruns=0 sleep_us=6546234 queue_ms=112
fps: 30.0
vis: 60.0
cpu: exceptions=5099 cacheResets=1 batches=72816 verts=218448 texStalls=0 recompiles=925 underruns=0 overruns=0 sleep_us=6895656 queue_ms=116
fps: 30.0
vis: 60.0
cpu: exceptions=5212 cacheResets=1 batches=78187 verts=234561 texStalls=0 recompiles=925 underruns=0 overruns=0 sleep_us=7253232 queue_ms=108
fps: 30.0
vis: 60.0
cpu: exceptions=5337 cacheResets=1 batches=82049 verts=246147 texStalls=0 recompiles=934 underruns=0 overruns=0 sleep_us=7605635 queue_ms=112
fps: 30.0
vis: 60.0
cpu: exceptions=5464 cacheResets=1 batches=87156 verts=261468 texStalls=0 recompiles=934 underruns=0 overruns=0 sleep_us=7935787 queue_ms=116
fps: 30.0
vis: 60.0
cpu: exceptions=5589 cacheResets=1 batches=92739 verts=278217 texStalls=0 recompiles=934 underruns=0 overruns=0 sleep_us=8250910 queue_ms=121
fps: 30.0
vis: 60.0
cpu: exceptions=5707 cacheResets=1 batches=98526 verts=295578 texStalls=0 recompiles=945 underruns=0 overruns=0 sleep_us=8554883 queue_ms=112
fps: 29.2
vis: 60.0
cpu: exceptions=5827 cacheResets=1 batches=103641 verts=310923 texStalls=0 recompiles=946 underruns=0 overruns=0 sleep_us=8860620 queue_ms=103
fps: 30.0
vis: 60.0
cpu: exceptions=5948 cacheResets=1 batches=108646 verts=325938 texStalls=0 recompiles=946 underruns=0 overruns=0 sleep_us=9175908 queue_ms=108
fps: 30.1
vis: 60.0
cpu: exceptions=6069 cacheResets=1 batches=113479 verts=340437 texStalls=0 recompiles=946 underruns=0 overruns=0 sleep_us=9514969 queue_ms=99
fps: 30.0
vis: 60.0
cpu: exceptions=6190 cacheResets=1 batches=117924 verts=353772 texStalls=0 recompiles=946 underruns=0 overruns=0 sleep_us=9872534 queue_ms=103
mark: stop reason: chain guest VI limit
mark: stop_it requested
audio: alist_resample_calls=9757 alist_resample_samples=1397968 alist_zoh_calls=0 alist_zoh_samples=0 musyx_subframes=0 musyx_voices=0 musyx_voice_peak=0
audio_stages: adpcm_calls=7520 adpcm_samples=460832 envmix_calls=7516 envmix_samples=1068128 mix_calls=67230 mix_samples=9895200 musyx_fx_calls=0 musyx_fx_taps=0 output_calls=448 output_samples=329840
audio_envmix: exp_calls=0 ge_calls=7516 lin_calls=0 nead_calls=0 exp_steady=0 ge_steady=7194 lin_steady=0
audio_gaps: nead_mats=0 nead_efz=0 resample_flag2=0 musyx_ptr10=0
audio_output: stream_requests=2828 stream_fed=1137 input_hz=22047 playback_hz=22047 queue_peak_ms=151
probe_schema: version=2 self=1 interval=127
vm_io: read_ahead=1 reads=0 hits=0 read_bytes=0 writes=0 write_bytes=0 errors=0
subsystem_time: stage=rsp_gfx calls=393 timed_calls=393 period=1 timed_us=876653
subsystem_time: stage=rsp_audio calls=448 timed_calls=448 period=1 timed_us=482283
subsystem_time: stage=rsp_other calls=0 timed_calls=0 period=1 timed_us=0
subsystem_time: stage=lookup calls=1667699 timed_calls=13131 period=127 timed_us=3255
subsystem_time: stage=compile calls=946 timed_calls=946 period=1 timed_us=142606
subsystem_time: stage=dispatch calls=1666125 timed_calls=13119 period=127 timed_us=13708
subsystem_self: stage=dispatch calls=1666125 timed_calls=13119 self_us=8342 dropped=0
subsystem_time: stage=execute_inclusive calls=1666125 timed_calls=13119 period=127 timed_us=86711
subsystem_self: stage=execute_inclusive calls=1666125 timed_calls=13119 self_us=27347 dropped=0
subsystem_time: stage=rom_copy calls=1133 timed_calls=1133 period=1 timed_us=12012
subsystem_time: stage=present calls=899 timed_calls=899 period=1 timed_us=21352
subsystem_time: stage=limiter calls=881 timed_calls=881 period=1 timed_us=10214125
subsystem_time: stage=vm_fault calls=0 timed_calls=0 period=1 timed_us=0
subsystem_time: stage=vm_victim calls=0 timed_calls=0 period=1 timed_us=0
subsystem_time: stage=vm_read calls=0 timed_calls=0 period=1 timed_us=0
subsystem_time: stage=vm_write calls=0 timed_calls=0 period=1 timed_us=0
subsystem_time: stage=tex_hash calls=12379 timed_calls=12379 period=1 timed_us=118273
subsystem_time: stage=tex_lookup calls=12379 timed_calls=12379 period=1 timed_us=6425
subsystem_time: stage=tex_load calls=103 timed_calls=103 period=1 timed_us=4251
subsystem_time: stage=tex_activate calls=12379 timed_calls=12379 period=1 timed_us=7407
subsystem_time: stage=draw_triangles calls=122026 timed_calls=122026 period=1 timed_us=160641
subsystem_time: stage=draw_rect calls=5382 timed_calls=5382 period=1 timed_us=49538
subsystem_time: stage=gfx_list calls=393 timed_calls=393 period=1 timed_us=875906
subsystem_time: stage=gfx_command calls=269016 timed_calls=2118 period=127 timed_us=6188
gfx_ucodes: mask=00000200
gfx_opcode: op=01 calls=5357 timed_calls=45 timed_us=26
gfx_opcode: op=03 calls=1414 timed_calls=8 timed_us=6
gfx_opcode: op=04 calls=21288 timed_calls=175 timed_us=584
gfx_opcode: op=05 calls=18264 timed_calls=145 timed_us=3598
gfx_opcode: op=06 calls=6379 timed_calls=54 timed_us=11
gfx_opcode: op=07 calls=16101 timed_calls=115 timed_us=23
gfx_opcode: op=b4 calls=707 timed_calls=6 timed_us=1
gfx_opcode: op=b6 calls=1567 timed_calls=8 timed_us=2
gfx_opcode: op=b7 calls=4373 timed_calls=38 timed_us=7
gfx_opcode: op=b8 calls=6599 timed_calls=48 timed_us=7
gfx_opcode: op=b9 calls=4709 timed_calls=35 timed_us=7
gfx_opcode: op=ba calls=18621 timed_calls=151 timed_us=30
gfx_opcode: op=bb calls=390 timed_calls=4 timed_us=2
gfx_opcode: op=bc calls=15575 timed_calls=111 timed_us=24
gfx_opcode: op=e4 calls=4751 timed_calls=35 timed_us=278
gfx_opcode: op=e6 calls=13189 timed_calls=101 timed_us=17
gfx_opcode: op=e7 calls=25108 timed_calls=214 timed_us=31
gfx_opcode: op=e9 calls=393 timed_calls=2 timed_us=2
gfx_opcode: op=ed calls=2260 timed_calls=9 timed_us=4
gfx_opcode: op=ef calls=2973 timed_calls=24 timed_us=5
gfx_opcode: op=f2 calls=13189 timed_calls=107 timed_us=28
gfx_opcode: op=f3 calls=13189 timed_calls=100 timed_us=632
gfx_opcode: op=f5 calls=26378 timed_calls=209 timed_us=41
gfx_opcode: op=f6 calls=1411 timed_calls=10 timed_us=495
gfx_opcode: op=f7 calls=1163 timed_calls=11 timed_us=6
gfx_opcode: op=f8 calls=383 timed_calls=1 timed_us=0
gfx_opcode: op=f9 calls=383 timed_calls=1 timed_us=0
gfx_opcode: op=fa calls=13791 timed_calls=120 timed_us=23
gfx_opcode: op=fb calls=7666 timed_calls=53 timed_us=9
gfx_opcode: op=fc calls=5150 timed_calls=38 timed_us=6
gfx_opcode: op=fd calls=13189 timed_calls=112 timed_us=17
gfx_opcode: op=fe calls=1163 timed_calls=11 timed_us=4
gfx_opcode: op=ff calls=1943 timed_calls=17 timed_us=9
subsystem_time: stage=vertex calls=183788 timed_calls=1447 period=127 timed_us=382
subsystem_time: stage=gfx_state calls=127408 timed_calls=1003 period=127 timed_us=1903
subsystem_self: stage=gfx_state calls=127408 timed_calls=1003 self_us=842 dropped=0
subsystem_time: stage=gx_wait calls=4 timed_calls=4 period=1 timed_us=2559
subsystem_time: stage=dma_pi calls=1133 timed_calls=1133 period=1 timed_us=23474
subsystem_time: stage=dma_sp calls=1682 timed_calls=1682 period=1 timed_us=1588
subsystem_time: stage=dma_si calls=2587 timed_calls=2587 period=1 timed_us=10895
subsystem_time: stage=tlb_translate calls=0 timed_calls=0 period=127 timed_us=0
subsystem_time: stage=pif calls=2588 timed_calls=2588 period=1 timed_us=11473
subsystem_time: stage=input calls=1600 timed_calls=1600 period=1 timed_us=6868
subsystem_time: stage=guest_interrupt calls=7086 timed_calls=7086 period=1 timed_us=10294047
subsystem_self: stage=guest_interrupt calls=7086 timed_calls=7086 self_us=24220 dropped=0
subsystem_time: stage=interpreter_inclusive calls=0 timed_calls=0 period=1 timed_us=0
subsystem_self: stage=interpreter_inclusive calls=0 timed_calls=0 self_us=0 dropped=0
subsystem_time: stage=audio_submit calls=448 timed_calls=448 period=1 timed_us=5424
subsystem_time: stage=audio_callback calls=8812 timed_calls=8812 period=1 timed_us=5126
subsystem_time: stage=memory_slow calls=807429 timed_calls=6357 period=127 timed_us=19703
subsystem_self: stage=memory_slow calls=807429 timed_calls=6357 self_us=2444 dropped=0
subsystem_time: stage=jit_invalidate calls=1574 timed_calls=12 period=127 timed_us=2
subsystem_time: stage=cpu_helper calls=6796412 timed_calls=53515 period=127 timed_us=99503
subsystem_time: stage=storage_read calls=0 timed_calls=0 period=1 timed_us=0
subsystem_time: stage=storage_write calls=0 timed_calls=0 period=1 timed_us=0
subsystem_time: stage=save_load calls=0 timed_calls=0 period=1 timed_us=0
subsystem_time: stage=save_write calls=0 timed_calls=0 period=1 timed_us=0
subsystem_time: stage=state_load calls=0 timed_calls=0 period=1 timed_us=0
subsystem_time: stage=state_save calls=0 timed_calls=0 period=1 timed_us=0
subsystem_time: stage=probe_io calls=4 timed_calls=4 period=1 timed_us=41051
subsystem_time: stage=agent_poll calls=1809 timed_calls=1809 period=1 timed_us=444
audio_time: stage=resample sampled_calls=76 sampled_samples=10832 sampled_us=471
audio_time: stage=zoh sampled_calls=0 sampled_samples=0 sampled_us=0
audio_time: stage=adpcm sampled_calls=59 sampled_samples=3808 sampled_us=173
audio_time: stage=envmix_exp sampled_calls=0 sampled_samples=0 sampled_us=0
audio_time: stage=envmix_ge sampled_calls=59 sampled_samples=8240 sampled_us=749
audio_time: stage=envmix_lin sampled_calls=0 sampled_samples=0 sampled_us=0
audio_time: stage=envmix_nead sampled_calls=0 sampled_samples=0 sampled_us=0
audio_time: stage=mix sampled_calls=529 sampled_samples=77792 sampled_us=1230
audio_time: stage=musyx_voice sampled_calls=0 sampled_samples=0 sampled_us=0
audio_time: stage=musyx_fx sampled_calls=0 sampled_samples=0 sampled_us=0
audio_time: stage=output sampled_calls=3 sampled_samples=2176 sampled_us=30
gpu_counters: clks=3684969077 tb_clks=3684969156 ras_busy=71107000 xf_wait_in=3551483675 xf_wait_out=81306783 ras_peak_permille=28 ztop_in=276385008 ztop_out=267708288 z_in=78532 z_out=45532 blend_in=267872380 copy_clks=43449015 fifo_overflows=1
game: n=8/9 how=vis vis=900 vi_rate=60 vi0_retrace=13734 wall_us=15164385 sleep_us=10211559 avg_vis=58.02 avg_fps=26.18 exceptions=6302 cacheResets=1 recompiles=946 batches=122026 verts=366078 texStalls=0 treeDepthMax=13 underruns=0 overruns=0 queue_peak_ms=121 dsp_avg=1.39 dsp_peak=1.65 dsp_samples=30 pmc1=3478116070 pmc2=3639361477 pmc3=0 pmc4=0 mmcr0=00000042 mmcr1=00000000 heap_used=10855896 heap_free=144360 arena1_free=229376 arena2_free=288704 flushes=4 flush_us=41050 padtrace=0 rom=sd:/wii64/roms/Diddy Kong Racing (USA) (En,Fr) (Rev 1).z64
=== chain 8/9 end vis=900 how=vis rom=sd:/wii64/roms/Diddy Kong Racing (USA) (En,Fr) (Rev 1).z64 ===
mark: pad replay records: 1
mark: loadROM: enter
mark: loadROM: before rom_read
mark: ROMCache_load: enter
menufps: 0.1
menufps: 0.2
mark: ROMCache_load: before first read
mark: ROMCache_load: first read returned
mark: ROMCache_load: byte_swap_type set
mark: ROMCache_load: first byte_swap done
menufps: 0.2
menufps: 8.5
menufps: 8.1
menufps: 7.7
menufps: 8.0
menufps: 8.0
menufps: 8.1
menufps: 3.5
menufps: 1.3
menufps: 1.3
menufps: 1.3
menufps: 1.3
menufps: 1.3
menufps: 1.3
menufps: 3.7
menufps: 8.4
menufps: 8.3
menufps: 8.3
menufps: 7.7
mark: ROMCache_load: loop exited normally
menufps: 3.4
menufps: 1.2
menufps: 1.2
menufps: 1.1
menufps: 1.1
menufps: 1.1
menufps: 1.1
menufps: 1.1
menufps: 1.1
menufps: 1.2
menufps: 1.2
menufps: 1.1
menufps: 1.1
menufps: 1.1
menufps: 1.1
menufps: 1.1
menufps: 1.1
menufps: 1.1
menufps: 1.1
menufps: 1.1
mark: ROMCache_load: preflush_us=17629488 writes=2040 bytes=16711680
mark: ROMCache_load: elapsed_us=39604352 bytes=33554432 vm=1
mark: loadROM: after rom_read
mark: loadROM: before init_memory
mark: loadROM: after init_memory
mark: loadROM: before romOpen_gfx
mark: loadROM: after romOpen_gfx / before romOpen_audio
mark: loadROM: after romOpen_audio / before romOpen_input
mark: loadROM: after romOpen_input / before cpu_init
mark: loadROM: after cpu_init
menufps: 3.1
menufps: 1.0
menufps: 1.0
fps: 0.4
first_vi: vi0_retrace=17226
vis: 0.7
cpu: exceptions=0 cacheResets=0 batches=0 verts=0 texStalls=0 recompiles=0 underruns=0 overruns=0 sleep_us=0 queue_ms=0
mark: CPU core dispatch: dynarec
vis: 55.8
cpu: exceptions=31 cacheResets=1 batches=0 verts=0 texStalls=0 recompiles=82 underruns=0 overruns=0 sleep_us=0 queue_ms=0
vis: 60.0
cpu: exceptions=61 cacheResets=1 batches=0 verts=0 texStalls=0 recompiles=82 underruns=0 overruns=0 sleep_us=330145 queue_ms=0
vis: 60.0
cpu: exceptions=91 cacheResets=1 batches=0 verts=0 texStalls=0 recompiles=82 underruns=0 overruns=0 sleep_us=659695 queue_ms=0
vis: 60.0
cpu: exceptions=199 cacheResets=1 batches=0 verts=0 texStalls=0 recompiles=182 underruns=0 overruns=0 sleep_us=928817 queue_ms=0
vis: 60.0
cpu: exceptions=244 cacheResets=1 batches=0 verts=0 texStalls=0 recompiles=188 underruns=0 overruns=0 sleep_us=1250512 queue_ms=0
vis: 60.0
cpu: exceptions=286 cacheResets=1 batches=0 verts=0 texStalls=0 recompiles=188 underruns=0 overruns=0 sleep_us=1569177 queue_ms=0
vis: 60.0
cpu: exceptions=316 cacheResets=1 batches=0 verts=0 texStalls=0 recompiles=188 underruns=0 overruns=0 sleep_us=1885324 queue_ms=0
vis: 60.0
cpu: exceptions=390 cacheResets=1 batches=0 verts=0 texStalls=0 recompiles=314 underruns=1 overruns=0 sleep_us=2293623 queue_ms=30
vis: 60.0
cpu: exceptions=467 cacheResets=1 batches=0 verts=0 texStalls=0 recompiles=323 underruns=1 overruns=0 sleep_us=2740956 queue_ms=34
vis: 60.0
cpu: exceptions=542 cacheResets=1 batches=0 verts=0 texStalls=0 recompiles=323 underruns=1 overruns=0 sleep_us=3192763 queue_ms=38
vis: 60.0
cpu: exceptions=733 cacheResets=1 batches=0 verts=0 texStalls=0 recompiles=434 underruns=2 overruns=0 sleep_us=3402452 queue_ms=43
vis: 60.0
cpu: exceptions=949 cacheResets=1 batches=0 verts=0 texStalls=0 recompiles=434 underruns=2 overruns=0 sleep_us=3584205 queue_ms=47
vis: 60.0
cpu: exceptions=1140 cacheResets=1 batches=0 verts=0 texStalls=0 recompiles=448 underruns=2 overruns=0 sleep_us=3782207 queue_ms=51
vis: 60.0
cpu: exceptions=1382 cacheResets=1 batches=0 verts=0 texStalls=0 recompiles=484 underruns=2 overruns=0 sleep_us=3959473 queue_ms=43
fps: 0.1
vis: 60.0
cpu: exceptions=1670 cacheResets=1 batches=663 verts=7602 texStalls=0 recompiles=1251 underruns=3 overruns=0 sleep_us=4065748 queue_ms=112
fps: 30.5
vis: 60.0
cpu: exceptions=1944 cacheResets=1 batches=1788 verts=19932 texStalls=0 recompiles=1255 underruns=3 overruns=0 sleep_us=4393559 queue_ms=104
fps: 30.0
vis: 60.0
cpu: exceptions=2221 cacheResets=1 batches=2913 verts=32262 texStalls=0 recompiles=1276 underruns=3 overruns=0 sleep_us=4711284 queue_ms=108
fps: 30.0
vis: 60.0
cpu: exceptions=2498 cacheResets=1 batches=4038 verts=44592 texStalls=0 recompiles=1279 underruns=3 overruns=0 sleep_us=5049322 queue_ms=99
fps: 30.0
vis: 60.0
cpu: exceptions=2772 cacheResets=1 batches=5163 verts=56922 texStalls=0 recompiles=1280 underruns=3 overruns=0 sleep_us=5388572 queue_ms=104
fps: 30.0
vis: 60.0
cpu: exceptions=3059 cacheResets=1 batches=6288 verts=69252 texStalls=0 recompiles=1300 underruns=3 overruns=0 sleep_us=5713126 queue_ms=108
fps: 30.0
vis: 60.0
cpu: exceptions=3339 cacheResets=1 batches=7413 verts=81582 texStalls=0 recompiles=1300 underruns=3 overruns=0 sleep_us=6036755 queue_ms=112
fps: 30.0
vis: 60.0
cpu: exceptions=3620 cacheResets=1 batches=8538 verts=93912 texStalls=0 recompiles=1302 underruns=3 overruns=0 sleep_us=6365009 queue_ms=104
fps: 30.0
vis: 60.0
cpu: exceptions=3903 cacheResets=1 batches=9663 verts=106242 texStalls=0 recompiles=1351 underruns=3 overruns=0 sleep_us=6691826 queue_ms=108
fps: 30.1
vis: 60.0
cpu: exceptions=4188 cacheResets=1 batches=10032 verts=111852 texStalls=0 recompiles=1366 underruns=3 overruns=0 sleep_us=7043257 queue_ms=112
fps: 30.0
vis: 60.0
cpu: exceptions=4342 cacheResets=1 batches=10158 verts=113904 texStalls=0 recompiles=1383 underruns=3 overruns=0 sleep_us=7387106 queue_ms=104
fps: 30.0
vis: 60.0
cpu: exceptions=4490 cacheResets=1 batches=10536 verts=139314 texStalls=0 recompiles=1384 underruns=3 overruns=0 sleep_us=7724244 queue_ms=108
fps: 30.0
vis: 60.0
cpu: exceptions=4637 cacheResets=1 batches=10941 verts=166539 texStalls=0 recompiles=1386 underruns=3 overruns=0 sleep_us=8063898 queue_ms=112
fps: 30.0
vis: 60.0
cpu: exceptions=4782 cacheResets=1 batches=11346 verts=193764 texStalls=0 recompiles=1387 underruns=3 overruns=0 sleep_us=8413544 queue_ms=117
fps: 30.0
vis: 60.0
cpu: exceptions=4932 cacheResets=1 batches=11751 verts=220989 texStalls=0 recompiles=1387 underruns=3 overruns=0 sleep_us=8759516 queue_ms=108
fps: 30.0
vis: 60.0
cpu: exceptions=5082 cacheResets=1 batches=12156 verts=248214 texStalls=0 recompiles=1389 underruns=3 overruns=0 sleep_us=9102852 queue_ms=112
mark: stop reason: chain guest VI limit
mark: stop_it requested
audio: alist_resample_calls=11186 alist_resample_samples=2058224 alist_zoh_calls=0 alist_zoh_samples=0 musyx_subframes=0 musyx_voices=0 musyx_voice_peak=0
audio_stages: adpcm_calls=6590 adpcm_samples=722912 envmix_calls=8440 envmix_samples=1552960 mix_calls=54920 mix_samples=10105280 musyx_fx_calls=0 musyx_fx_taps=0 output_calls=342 output_samples=251896
audio_envmix: exp_calls=0 ge_calls=0 lin_calls=8440 nead_calls=0 exp_steady=0 ge_steady=0 lin_steady=7902
audio_gaps: nead_mats=0 nead_efz=0 resample_flag2=0 musyx_ptr10=0
audio_output: stream_requests=4276 stream_fed=868 input_hz=22047 playback_hz=22047 queue_peak_ms=133
probe_schema: version=2 self=1 interval=127
vm_io: read_ahead=1 reads=58 hits=277 read_bytes=1900544 writes=0 write_bytes=0 errors=0
subsystem_time: stage=rsp_gfx calls=238 timed_calls=238 period=1 timed_us=448760
subsystem_time: stage=rsp_audio calls=343 timed_calls=343 period=1 timed_us=471914
subsystem_time: stage=rsp_other calls=1 timed_calls=1 period=1 timed_us=4
subsystem_time: stage=lookup calls=1605726 timed_calls=12643 period=127 timed_us=3347
subsystem_time: stage=compile calls=1389 timed_calls=1389 period=1 timed_us=204024
subsystem_time: stage=dispatch calls=1604151 timed_calls=12631 period=127 timed_us=13946
subsystem_self: stage=dispatch calls=1604151 timed_calls=12631 self_us=8534 dropped=0
subsystem_time: stage=execute_inclusive calls=1604151 timed_calls=12631 period=127 timed_us=120279
subsystem_self: stage=execute_inclusive calls=1604151 timed_calls=12631 self_us=33229 dropped=0
subsystem_time: stage=rom_copy calls=1048 timed_calls=1048 period=1 timed_us=252175
subsystem_time: stage=present calls=899 timed_calls=899 period=1 timed_us=240178
subsystem_time: stage=limiter calls=843 timed_calls=843 period=1 timed_us=9105367
subsystem_time: stage=vm_fault calls=335 timed_calls=335 period=1 timed_us=234611
subsystem_time: stage=vm_victim calls=335 timed_calls=335 period=1 timed_us=391
subsystem_time: stage=vm_read calls=58 timed_calls=58 period=1 timed_us=218734
subsystem_time: stage=vm_write calls=0 timed_calls=0 period=1 timed_us=0
subsystem_time: stage=tex_hash calls=7634 timed_calls=7634 period=1 timed_us=69092
subsystem_time: stage=tex_lookup calls=7634 timed_calls=7634 period=1 timed_us=2619
subsystem_time: stage=tex_load calls=24 timed_calls=24 period=1 timed_us=3608
subsystem_time: stage=tex_activate calls=7634 timed_calls=7634 period=1 timed_us=4778
subsystem_time: stage=draw_triangles calls=12183 timed_calls=12183 period=1 timed_us=35577
subsystem_time: stage=draw_rect calls=1687 timed_calls=1687 period=1 timed_us=9031
subsystem_time: stage=gfx_list calls=238 timed_calls=238 period=1 timed_us=448319
subsystem_time: stage=gfx_command calls=176157 timed_calls=1387 period=127 timed_us=4097
gfx_ucodes: mask=00000004
gfx_opcode: op=00 calls=237 timed_calls=1 timed_us=0
gfx_opcode: op=01 calls=5860 timed_calls=51 timed_us=401
gfx_opcode: op=05 calls=17853 timed_calls=141 timed_us=768
gfx_opcode: op=06 calls=32745 timed_calls=254 timed_us=968
gfx_opcode: op=d7 calls=979 timed_calls=6 timed_us=1
gfx_opcode: op=d9 calls=7439 timed_calls=61 timed_us=10
gfx_opcode: op=da calls=6173 timed_calls=51 timed_us=20
gfx_opcode: op=db calls=5265 timed_calls=41 timed_us=11
gfx_opcode: op=dc calls=1858 timed_calls=16 timed_us=14
gfx_opcode: op=de calls=1346 timed_calls=12 timed_us=4
gfx_opcode: op=df calls=1584 timed_calls=11 timed_us=2
gfx_opcode: op=e2 calls=2119 timed_calls=18 timed_us=4
gfx_opcode: op=e3 calls=11276 timed_calls=82 timed_us=16
gfx_opcode: op=e6 calls=10066 timed_calls=87 timed_us=10
gfx_opcode: op=e7 calls=30043 timed_calls=248 timed_us=35
gfx_opcode: op=e8 calls=2432 timed_calls=16 timed_us=1
gfx_opcode: op=e9 calls=238 timed_calls=1 timed_us=0
gfx_opcode: op=ed calls=2162 timed_calls=11 timed_us=3
gfx_opcode: op=f0 calls=2432 timed_calls=21 timed_us=10
gfx_opcode: op=f2 calls=3086 timed_calls=23 timed_us=6
gfx_opcode: op=f3 calls=7634 timed_calls=59 timed_us=333
gfx_opcode: op=f5 calls=8229 timed_calls=62 timed_us=12
gfx_opcode: op=f6 calls=1925 timed_calls=14 timed_us=1296
gfx_opcode: op=f7 calls=948 timed_calls=8 timed_us=3
gfx_opcode: op=f8 calls=237 timed_calls=3 timed_us=1
gfx_opcode: op=fa calls=234 timed_calls=0 timed_us=0
gfx_opcode: op=fc calls=979 timed_calls=11 timed_us=2
gfx_opcode: op=fd calls=10066 timed_calls=73 timed_us=10
gfx_opcode: op=fe calls=237 timed_calls=2 timed_us=1
gfx_opcode: op=ff calls=475 timed_calls=3 timed_us=2
subsystem_time: stage=vertex calls=98130 timed_calls=772 period=127 timed_us=337
subsystem_time: stage=gfx_state calls=11689 timed_calls=92 period=127 timed_us=777
subsystem_self: stage=gfx_state calls=11689 timed_calls=92 self_us=194 dropped=0
subsystem_time: stage=gx_wait calls=4 timed_calls=4 period=1 timed_us=2554
subsystem_time: stage=dma_pi calls=1048 timed_calls=1048 period=1 timed_us=271612
subsystem_time: stage=dma_sp calls=1162 timed_calls=1162 period=1 timed_us=1180
subsystem_time: stage=dma_si calls=1351 timed_calls=1351 period=1 timed_us=3595
subsystem_time: stage=tlb_translate calls=0 timed_calls=0 period=127 timed_us=0
subsystem_time: stage=pif calls=1352 timed_calls=1352 period=1 timed_us=2843
subsystem_time: stage=input calls=388 timed_calls=388 period=1 timed_us=1648
subsystem_time: stage=guest_interrupt calls=5850 timed_calls=5850 period=1 timed_us=9391875
subsystem_self: stage=guest_interrupt calls=5850 timed_calls=5850 self_us=20398 dropped=0
subsystem_time: stage=interpreter_inclusive calls=0 timed_calls=0 period=1 timed_us=0
subsystem_self: stage=interpreter_inclusive calls=0 timed_calls=0 self_us=0 dropped=0
subsystem_time: stage=audio_submit calls=343 timed_calls=343 period=1 timed_us=5516
subsystem_time: stage=audio_callback calls=10300 timed_calls=10300 period=1 timed_us=4620
subsystem_time: stage=memory_slow calls=1083992 timed_calls=8535 period=127 timed_us=10916
subsystem_self: stage=memory_slow calls=1083992 timed_calls=8535 self_us=2848 dropped=0
subsystem_time: stage=jit_invalidate calls=1575 timed_calls=12 period=127 timed_us=2
subsystem_time: stage=cpu_helper calls=10245950 timed_calls=80676 period=127 timed_us=39505
subsystem_time: stage=storage_read calls=0 timed_calls=0 period=1 timed_us=0
subsystem_time: stage=storage_write calls=0 timed_calls=0 period=1 timed_us=0
subsystem_time: stage=save_load calls=0 timed_calls=0 period=1 timed_us=0
subsystem_time: stage=save_write calls=0 timed_calls=0 period=1 timed_us=0
subsystem_time: stage=state_load calls=0 timed_calls=0 period=1 timed_us=0
subsystem_time: stage=state_save calls=0 timed_calls=0 period=1 timed_us=0
subsystem_time: stage=probe_io calls=3 timed_calls=3 period=1 timed_us=32675
subsystem_time: stage=agent_poll calls=1812 timed_calls=1812 period=1 timed_us=440
audio_time: stage=resample sampled_calls=88 sampled_samples=16192 sampled_us=638
audio_time: stage=zoh sampled_calls=0 sampled_samples=0 sampled_us=0
audio_time: stage=adpcm sampled_calls=51 sampled_samples=5680 sampled_us=243
audio_time: stage=envmix_exp sampled_calls=0 sampled_samples=0 sampled_us=0
audio_time: stage=envmix_ge sampled_calls=0 sampled_samples=0 sampled_us=0
audio_time: stage=envmix_lin sampled_calls=66 sampled_samples=12144 sampled_us=1000
audio_time: stage=envmix_nead sampled_calls=0 sampled_samples=0 sampled_us=0
audio_time: stage=mix sampled_calls=432 sampled_samples=79488 sampled_us=1291
audio_time: stage=musyx_voice sampled_calls=0 sampled_samples=0 sampled_us=0
audio_time: stage=musyx_fx sampled_calls=0 sampled_samples=0 sampled_us=0
audio_time: stage=output sampled_calls=2 sampled_samples=1472 sampled_us=26
gpu_counters: clks=3700728975 tb_clks=3700729056 ras_busy=49125956 xf_wait_in=3623269392 xf_wait_out=65930020 ras_peak_permille=24 ztop_in=195041748 ztop_out=194057036 z_in=0 z_out=0 blend_in=194107080 copy_clks=67339358 fifo_overflows=0
game: n=9/9 how=vis vis=900 vi_rate=60 vi0_retrace=17226 wall_us=15229213 sleep_us=9102852 avg_vis=57.95 avg_fps=26.53 exceptions=5087 cacheResets=1 recompiles=1389 batches=12183 verts=250029 texStalls=0 treeDepthMax=15 underruns=3 overruns=0 queue_peak_ms=117 dsp_avg=1.36 dsp_peak=1.55 dsp_samples=31 pmc1=4152149648 pmc2=4564711297 pmc3=0 pmc4=0 mmcr0=00000042 mmcr1=00000000 heap_used=10885624 heap_free=114632 arena1_free=229376 arena2_free=288704 flushes=3 flush_us=32674 padtrace=0 rom=sd:/wii64/roms/Donkey Kong 64 (USA).z64
=== chain 9/9 end vis=900 how=vis rom=sd:/wii64/roms/Donkey Kong 64 (USA).z64 ===
