--- wii64 perf log ---
mark: diag received dynacore line
mark: diag requested core: dynarec
mark: pad replay records: 1
selftest:
  raw[0]=51288741604243079
  raw[1]=51288741604243079
  raw[2]=51288741604243092
  raw[3]=51288741604243105
  raw[4]=51288741604243118
  delta[0]=0us
  delta[1]=0us
  delta[2]=0us
  delta[3]=0us
mark: audio quality: accurate
mark: audio modes: n64=0 output=0 mixer=0 latency=2 sync=0
mark: diag applied core: dynarec
mark: HBC agent ready
mark: loadROM: enter
mark: loadROM: before rom_read
mark: ROMCache_load: enter
mark: ROMCache_load: before first read
mark: ROMCache_load: first read returned
mark: ROMCache_load: byte_swap_type set
mark: ROMCache_load: first byte_swap done
menufps: 59.7
mark: ROMCache_load: loop exited normally
mark: ROMCache_load: elapsed_us=543321 bytes=16777216 vm=0
mark: loadROM: after rom_read
mark: loadROM: before init_memory
mark: loadROM: after init_memory
mark: loadROM: before romOpen_gfx
mark: loadROM: after romOpen_gfx / before romOpen_audio
mark: loadROM: after romOpen_audio / before romOpen_input
mark: loadROM: after romOpen_input / before cpu_init
mark: loadROM: after cpu_init
menufps: 3.6
menufps: 1.0
menufps: 1.0
fps: 0.0
first_vi: vi0_retrace=223
vis: 0.0
cpu: exceptions=0 cacheResets=0 batches=0 verts=0 texStalls=0 recompiles=0 underruns=0 overruns=0 sleep_us=0 queue_ms=0
mark: CPU core dispatch: dynarec
vis: 45.5
cpu: exceptions=30 cacheResets=1 batches=0 verts=0 texStalls=0 recompiles=138 underruns=0 overruns=0 sleep_us=0 queue_ms=0
vis: 60.0
cpu: exceptions=60 cacheResets=1 batches=0 verts=0 texStalls=0 recompiles=138 underruns=0 overruns=0 sleep_us=254202 queue_ms=0
vis: 59.3
cpu: exceptions=225 cacheResets=1 batches=0 verts=0 texStalls=0 recompiles=232 underruns=0 overruns=0 sleep_us=469803 queue_ms=0
vis: 60.0
cpu: exceptions=519 cacheResets=1 batches=0 verts=0 texStalls=0 recompiles=616 underruns=2 overruns=0 sleep_us=727786 queue_ms=34
fps: 0.4
vis: 60.0
cpu: exceptions=727 cacheResets=1 batches=44 verts=2262 texStalls=0 recompiles=1897 underruns=3 overruns=0 sleep_us=838243 queue_ms=65
vis: 60.0
cpu: exceptions=882 cacheResets=1 batches=44 verts=2262 texStalls=0 recompiles=1902 underruns=3 overruns=0 sleep_us=1176149 queue_ms=69
fps: 1.3
vis: 60.0
cpu: exceptions=1065 cacheResets=1 batches=387 verts=14094 texStalls=0 recompiles=1991 underruns=3 overruns=0 sleep_us=1489972 queue_ms=74
fps: 30.0
vis: 60.0
cpu: exceptions=1252 cacheResets=1 batches=1177 verts=35124 texStalls=0 recompiles=2006 underruns=3 overruns=0 sleep_us=1849780 queue_ms=65
fps: 30.0
vis: 60.0
cpu: exceptions=1435 cacheResets=1 batches=2204 verts=57576 texStalls=0 recompiles=2009 underruns=3 overruns=0 sleep_us=2205520 queue_ms=69
fps: 30.0
vis: 60.0
cpu: exceptions=1618 cacheResets=1 batches=3260 verts=80202 texStalls=0 recompiles=2009 underruns=3 overruns=0 sleep_us=2560737 queue_ms=74
fps: 30.0
vis: 60.0
cpu: exceptions=1794 cacheResets=1 batches=4321 verts=102648 texStalls=0 recompiles=2012 underruns=3 overruns=0 sleep_us=2915803 queue_ms=78
fps: 30.0
vis: 60.0
cpu: exceptions=1989 cacheResets=1 batches=5383 verts=124680 texStalls=0 recompiles=2012 underruns=3 overruns=0 sleep_us=3269948 queue_ms=74
fps: 30.0
vis: 60.0
cpu: exceptions=2173 cacheResets=1 batches=6417 verts=146544 texStalls=0 recompiles=2029 underruns=3 overruns=0 sleep_us=3622929 queue_ms=65
fps: 30.0
vis: 60.0
cpu: exceptions=2356 cacheResets=1 batches=7583 verts=174672 texStalls=0 recompiles=2029 underruns=3 overruns=0 sleep_us=3966133 queue_ms=70
fps: 29.9
vis: 60.0
cpu: exceptions=2557 cacheResets=1 batches=9167 verts=213516 texStalls=0 recompiles=2036 underruns=3 overruns=0 sleep_us=4274746 queue_ms=74
fps: 30.0
vis: 60.0
cpu: exceptions=2747 cacheResets=1 batches=10846 verts=247458 texStalls=0 recompiles=2047 underruns=3 overruns=0 sleep_us=4591137 queue_ms=70
fps: 30.0
vis: 60.0
cpu: exceptions=2921 cacheResets=1 batches=12375 verts=272292 texStalls=0 recompiles=2063 underruns=3 overruns=0 sleep_us=4930441 queue_ms=74
fps: 30.0
vis: 60.0
cpu: exceptions=3096 cacheResets=1 batches=13663 verts=295680 texStalls=0 recompiles=2063 underruns=3 overruns=0 sleep_us=5286464 queue_ms=66
fps: 30.0
vis: 60.0
cpu: exceptions=3268 cacheResets=1 batches=14744 verts=317826 texStalls=0 recompiles=2064 underruns=3 overruns=0 sleep_us=5649279 queue_ms=70
fps: 30.0
vis: 60.0
cpu: exceptions=3456 cacheResets=1 batches=15784 verts=339726 texStalls=0 recompiles=2064 underruns=3 overruns=0 sleep_us=6008600 queue_ms=74
fps: 30.0
vis: 60.0
cpu: exceptions=3638 cacheResets=1 batches=16805 verts=361512 texStalls=0 recompiles=2064 underruns=3 overruns=0 sleep_us=6364785 queue_ms=70
fps: 30.0
vis: 60.0
cpu: exceptions=3832 cacheResets=1 batches=18106 verts=397746 texStalls=0 recompiles=2064 underruns=3 overruns=0 sleep_us=6689859 queue_ms=75
fps: 30.0
vis: 60.0
cpu: exceptions=4032 cacheResets=1 batches=19443 verts=435108 texStalls=0 recompiles=2065 underruns=3 overruns=0 sleep_us=7014810 queue_ms=66
fps: 29.9
vis: 60.0
cpu: exceptions=4235 cacheResets=1 batches=21682 verts=470712 texStalls=0 recompiles=2081 underruns=3 overruns=0 sleep_us=7310837 queue_ms=70
fps: 29.7
vis: 60.0
cpu: exceptions=4422 cacheResets=1 batches=26578 verts=511338 texStalls=0 recompiles=2081 underruns=3 overruns=0 sleep_us=7542083 queue_ms=75
fps: 30.0
vis: 60.0
cpu: exceptions=4617 cacheResets=1 batches=31920 verts=554640 texStalls=0 recompiles=2081 underruns=3 overruns=0 sleep_us=7764602 queue_ms=71
fps: 30.0
vis: 60.0
cpu: exceptions=4809 cacheResets=1 batches=37021 verts=596496 texStalls=0 recompiles=2082 underruns=3 overruns=0 sleep_us=7996104 queue_ms=75
fps: 30.0
vis: 60.0
cpu: exceptions=5005 cacheResets=1 batches=42078 verts=638088 texStalls=0 recompiles=2083 underruns=3 overruns=0 sleep_us=8228443 queue_ms=66
fps: 30.0
vis: 60.0
cpu: exceptions=5204 cacheResets=1 batches=47253 verts=680388 texStalls=0 recompiles=2083 underruns=3 overruns=0 sleep_us=8454017 queue_ms=71
fps: 30.2
vis: 60.0
cpu: exceptions=5414 cacheResets=1 batches=51910 verts=733260 texStalls=0 recompiles=2084 underruns=3 overruns=0 sleep_us=8679348 queue_ms=67
vis: 60.0
cpu: exceptions=5610 cacheResets=1 batches=54109 verts=771378 texStalls=0 recompiles=2095 underruns=3 overruns=0 sleep_us=8995855 queue_ms=71
fps: 30.1
vis: 60.0
cpu: exceptions=5795 cacheResets=1 batches=56141 verts=808506 texStalls=0 recompiles=2095 underruns=3 overruns=0 sleep_us=9336723 queue_ms=76
fps: 30.1
vis: 60.0
cpu: exceptions=5966 cacheResets=1 batches=56970 verts=838410 texStalls=0 recompiles=2095 underruns=3 overruns=0 sleep_us=9723239 queue_ms=67
fps: 30.1
vis: 60.0
cpu: exceptions=6144 cacheResets=1 batches=57645 verts=867390 texStalls=0 recompiles=2098 underruns=3 overruns=0 sleep_us=10113686 queue_ms=71
fps: 30.0
vis: 60.0
cpu: exceptions=6319 cacheResets=1 batches=58100 verts=885018 texStalls=0 recompiles=2130 underruns=3 overruns=0 sleep_us=10530124 queue_ms=67
fps: 30.0
vis: 60.0
cpu: exceptions=6495 cacheResets=1 batches=58355 verts=894186 texStalls=0 recompiles=2277 underruns=3 overruns=0 sleep_us=10899688 queue_ms=72
vis: 60.0
cpu: exceptions=6678 cacheResets=1 batches=58355 verts=894186 texStalls=0 recompiles=2277 underruns=3 overruns=0 sleep_us=11176693 queue_ms=76
vis: 60.0
cpu: exceptions=6829 cacheResets=1 batches=58355 verts=894186 texStalls=0 recompiles=2283 underruns=3 overruns=0 sleep_us=11494971 queue_ms=80
vis: 60.0
cpu: exceptions=6970 cacheResets=1 batches=58355 verts=894186 texStalls=0 recompiles=2287 underruns=3 overruns=0 sleep_us=11842269 queue_ms=72
vis: 60.0
cpu: exceptions=7120 cacheResets=1 batches=58355 verts=894186 texStalls=0 recompiles=2288 underruns=3 overruns=0 sleep_us=12188469 queue_ms=68
fps: 2.9
vis: 60.0
cpu: exceptions=7268 cacheResets=1 batches=58362 verts=894501 texStalls=0 recompiles=2293 underruns=3 overruns=0 sleep_us=12514063 queue_ms=72
fps: 11.2
vis: 60.0
cpu: exceptions=7453 cacheResets=1 batches=59155 verts=906531 texStalls=0 recompiles=2315 underruns=3 overruns=0 sleep_us=12849910 queue_ms=76
fps: 19.3
vis: 60.0
cpu: exceptions=7619 cacheResets=1 batches=60501 verts=926727 texStalls=0 recompiles=2315 underruns=3 overruns=0 sleep_us=13224227 queue_ms=68
fps: 20.0
vis: 60.0
cpu: exceptions=7786 cacheResets=1 batches=61871 verts=947067 texStalls=0 recompiles=2315 underruns=3 overruns=0 sleep_us=13630649 queue_ms=64
fps: 20.0
vis: 60.0
cpu: exceptions=7949 cacheResets=1 batches=63241 verts=967407 texStalls=0 recompiles=2315 underruns=3 overruns=0 sleep_us=14037332 queue_ms=68
fps: 20.0
vis: 60.0
cpu: exceptions=8119 cacheResets=1 batches=64806 verts=991518 texStalls=0 recompiles=2315 underruns=3 overruns=0 sleep_us=14434190 queue_ms=72
vis: 60.0
cpu: exceptions=8282 cacheResets=1 batches=66402 verts=1016466 texStalls=0 recompiles=2315 underruns=3 overruns=0 sleep_us=14835637 queue_ms=77
fps: 20.1
vis: 60.0
cpu: exceptions=8450 cacheResets=1 batches=66962 verts=1022556 texStalls=0 recompiles=2315 underruns=3 overruns=0 sleep_us=15267470 queue_ms=68
fps: 20.0
vis: 60.0
cpu: exceptions=8624 cacheResets=1 batches=67542 verts=1029678 texStalls=0 recompiles=2316 underruns=3 overruns=0 sleep_us=15688368 queue_ms=64
fps: 19.8
vis: 60.0
cpu: exceptions=8787 cacheResets=1 batches=69652 verts=1089168 texStalls=0 recompiles=2320 underruns=3 overruns=0 sleep_us=16049263 queue_ms=68
fps: 19.4
vis: 60.0
cpu: exceptions=8962 cacheResets=1 batches=71947 verts=1144296 texStalls=0 recompiles=2323 underruns=3 overruns=0 sleep_us=16380266 queue_ms=73
fps: 20.0
vis: 60.0
cpu: exceptions=9132 cacheResets=1 batches=73962 verts=1190325 texStalls=0 recompiles=2323 underruns=3 overruns=0 sleep_us=16729987 queue_ms=77
fps: 16.4
vis: 60.0
cpu: exceptions=9290 cacheResets=1 batches=75560 verts=1230081 texStalls=0 recompiles=2325 underruns=3 overruns=0 sleep_us=17062389 queue_ms=68
fps: 18.8
vis: 60.0
cpu: exceptions=9460 cacheResets=1 batches=77480 verts=1279311 texStalls=0 recompiles=2325 underruns=3 overruns=0 sleep_us=17432247 queue_ms=64
fps: 20.0
vis: 60.0
cpu: exceptions=9628 cacheResets=1 batches=79400 verts=1328541 texStalls=0 recompiles=2325 underruns=3 overruns=0 sleep_us=17801787 queue_ms=69
fps: 20.0
vis: 60.0
cpu: exceptions=9793 cacheResets=1 batches=81320 verts=1377771 texStalls=0 recompiles=2325 underruns=3 overruns=0 sleep_us=18175746 queue_ms=73
fps: 20.0
vis: 60.0
cpu: exceptions=9958 cacheResets=1 batches=83240 verts=1427001 texStalls=0 recompiles=2325 underruns=3 overruns=0 sleep_us=18543150 queue_ms=77
fps: 20.0
vis: 60.0
cpu: exceptions=10126 cacheResets=1 batches=85160 verts=1476231 texStalls=0 recompiles=2325 underruns=3 overruns=0 sleep_us=18914716 queue_ms=73
fps: 20.0
vis: 60.0
cpu: exceptions=10283 cacheResets=1 batches=87080 verts=1525461 texStalls=0 recompiles=2325 underruns=3 overruns=0 sleep_us=19290027 queue_ms=65
fps: 20.0
vis: 60.0
cpu: exceptions=10471 cacheResets=1 batches=89000 verts=1574691 texStalls=0 recompiles=2325 underruns=3 overruns=0 sleep_us=19651474 queue_ms=69
mark: stop reason: chain guest VI limit
mark: stop_it requested
audio: alist_resample_calls=12288 alist_resample_samples=2260992 alist_zoh_calls=0 alist_zoh_samples=0 musyx_subframes=0 musyx_voices=0 musyx_voice_peak=0
audio_stages: adpcm_calls=8696 adpcm_samples=910096 envmix_calls=8875 envmix_samples=1633000 mix_calls=68260 mix_samples=12559840 musyx_fx_calls=0 musyx_fx_taps=0 output_calls=855 output_samples=627256
audio_envmix: exp_calls=0 ge_calls=0 lin_calls=8875 nead_calls=0 exp_steady=0 ge_steady=0 lin_steady=8256
audio_gaps: nead_mats=0 nead_efz=0 resample_flag2=0 musyx_ptr10=0
audio_output: stream_requests=4553 stream_fed=2173 input_hz=21998 playback_hz=21998 queue_peak_ms=96
audio_time: stage=resample sampled_calls=96 sampled_samples=17664 sampled_us=1401
audio_time: stage=zoh sampled_calls=0 sampled_samples=0 sampled_us=0
audio_time: stage=adpcm sampled_calls=68 sampled_samples=7072 sampled_us=519
audio_time: stage=envmix_exp sampled_calls=0 sampled_samples=0 sampled_us=0
audio_time: stage=envmix_ge sampled_calls=0 sampled_samples=0 sampled_us=0
audio_time: stage=envmix_lin sampled_calls=69 sampled_samples=12696 sampled_us=1045
audio_time: stage=envmix_nead sampled_calls=0 sampled_samples=0 sampled_us=0
audio_time: stage=mix sampled_calls=537 sampled_samples=98808 sampled_us=2090
audio_time: stage=musyx_voice sampled_calls=0 sampled_samples=0 sampled_us=0
audio_time: stage=musyx_fx sampled_calls=0 sampled_samples=0 sampled_us=0
audio_time: stage=output sampled_calls=6 sampled_samples=4416 sampled_us=18
gpu_counters: clks=0 tb_clks=7323439804 ras_busy=0 xf_wait_in=0 xf_wait_out=0 ras_peak_permille=0 ztop_in=0 ztop_out=0 z_in=0 z_out=0 blend_in=0 copy_clks=0 fifo_overflows=0
game: n=1/9 how=vis vis=1800 vi_rate=60 vi0_retrace=223 wall_us=30137549 sleep_us=19722613 avg_vis=58.77 avg_fps=23.79 exceptions=10510 cacheResets=1 recompiles=2325 batches=89384 verts=1584537 texStalls=0 treeDepthMax=32 underruns=3 overruns=0 queue_peak_ms=80 dsp_avg=3.81 dsp_peak=4.75 dsp_samples=61 pmc1=21929347252 pmc2=0 pmc3=0 pmc4=0 mmcr0=00000042 mmcr1=00000000 heap_used=10947576 heap_free=36936 arena1_free=241664 arena2_free=288704 flushes=5 flush_us=3446 padtrace=1 rom=sd:/wii64/roms/Banjo-Kazooie.V64
=== chain 1/9 end vis=1800 how=vis rom=sd:/wii64/roms/Banjo-Kazooie.V64 ===
mark: pad replay records: 27
mark: loadROM: enter
mark: loadROM: before rom_read
mark: ROMCache_load: enter
menufps: 0.1
menufps: 0.2
mark: ROMCache_load: before first read
mark: ROMCache_load: first read returned
mark: ROMCache_load: byte_swap_type set
mark: ROMCache_load: first byte_swap done
menufps: 0.2
menufps: 55.1
menufps: 1.4
menufps: 1.4
menufps: 1.4
menufps: 1.4
menufps: 1.4
menufps: 1.4
menufps: 1.4
menufps: 21.4
mark: ROMCache_load: loop exited normally
menufps: 12.8
menufps: 1.1
menufps: 1.1
menufps: 1.1
menufps: 1.1
menufps: 1.1
menufps: 1.1
menufps: 1.1
menufps: 1.1
menufps: 1.1
menufps: 1.1
menufps: 1.1
menufps: 1.1
menufps: 1.1
menufps: 1.1
menufps: 1.1
menufps: 1.1
menufps: 1.1
menufps: 1.1
menufps: 1.1
mark: ROMCache_load: preflush_us=18119082
mark: ROMCache_load: elapsed_us=34623995 bytes=33554432 vm=1
mark: loadROM: after rom_read
mark: loadROM: before init_memory
mark: loadROM: after init_memory
mark: loadROM: before romOpen_gfx
mark: loadROM: after romOpen_gfx / before romOpen_audio
mark: loadROM: after romOpen_audio / before romOpen_input
mark: loadROM: after romOpen_input / before cpu_init
mark: loadROM: after cpu_init
menufps: 3.4
menufps: 1.0
menufps: 1.0
fps: 0.2
first_vi: vi0_retrace=4295
vis: 0.2
cpu: exceptions=0 cacheResets=0 batches=0 verts=0 texStalls=0 recompiles=0 underruns=0 overruns=0 sleep_us=0 queue_ms=0
mark: CPU core dispatch: dynarec
vis: 21.0
cpu: exceptions=199 cacheResets=1 batches=0 verts=0 texStalls=0 recompiles=114 underruns=0 overruns=0 sleep_us=0 queue_ms=0
vis: 50.0
cpu: exceptions=939 cacheResets=1 batches=0 verts=0 texStalls=0 recompiles=197 underruns=0 overruns=0 sleep_us=135659 queue_ms=0
fps: 0.9
vis: 50.0
cpu: exceptions=1786 cacheResets=1 batches=184 verts=6624 texStalls=0 recompiles=632 underruns=1 overruns=0 sleep_us=453232 queue_ms=50
fps: 53.9
vis: 50.0
cpu: exceptions=2186 cacheResets=1 batches=384 verts=13824 texStalls=0 recompiles=632 underruns=1 overruns=0 sleep_us=886014 queue_ms=45
fps: 50.0
vis: 50.0
cpu: exceptions=2586 cacheResets=1 batches=584 verts=21024 texStalls=0 recompiles=632 underruns=1 overruns=0 sleep_us=1319046 queue_ms=53
fps: 50.0
vis: 50.0
cpu: exceptions=2986 cacheResets=1 batches=784 verts=28224 texStalls=0 recompiles=632 underruns=1 overruns=0 sleep_us=1752298 queue_ms=50
fps: 50.0
vis: 50.0
cpu: exceptions=4105 cacheResets=1 batches=832 verts=29952 texStalls=0 recompiles=788 underruns=1 overruns=0 sleep_us=1941124 queue_ms=45
vis: 50.0
cpu: exceptions=5316 cacheResets=1 batches=832 verts=29952 texStalls=0 recompiles=1142 underruns=1 overruns=0 sleep_us=2028616 queue_ms=53
fps: 1.9
vis: 50.0
cpu: exceptions=6437 cacheResets=1 batches=2335 verts=60408 texStalls=0 recompiles=1683 underruns=3 overruns=0 sleep_us=2170237 queue_ms=112
fps: 21.3
vis: 50.0
cpu: exceptions=7425 cacheResets=1 batches=3687 verts=87960 texStalls=0 recompiles=1683 underruns=3 overruns=0 sleep_us=2497122 queue_ms=119
fps: 16.7
vis: 50.0
cpu: exceptions=8416 cacheResets=1 batches=5208 verts=118956 texStalls=0 recompiles=1688 underruns=3 overruns=0 sleep_us=2811222 queue_ms=115
fps: 16.7
vis: 50.0
cpu: exceptions=9405 cacheResets=1 batches=6560 verts=146508 texStalls=0 recompiles=1689 underruns=3 overruns=0 sleep_us=3138340 queue_ms=122
fps: 16.7
vis: 50.0
cpu: exceptions=10396 cacheResets=1 batches=7912 verts=174060 texStalls=0 recompiles=1743 underruns=3 overruns=0 sleep_us=3442883 queue_ms=118
fps: 16.6
vis: 50.0
cpu: exceptions=11388 cacheResets=1 batches=9433 verts=205056 texStalls=0 recompiles=1745 underruns=3 overruns=0 sleep_us=3729208 queue_ms=125
fps: 16.7
vis: 50.0
cpu: exceptions=12378 cacheResets=1 batches=10785 verts=232608 texStalls=0 recompiles=1748 underruns=3 overruns=0 sleep_us=4036082 queue_ms=122
fps: 16.7
vis: 50.0
cpu: exceptions=13368 cacheResets=1 batches=12137 verts=260160 texStalls=0 recompiles=1748 underruns=3 overruns=0 sleep_us=4353456 queue_ms=128
fps: 16.7
vis: 50.0
cpu: exceptions=14358 cacheResets=1 batches=13658 verts=291156 texStalls=0 recompiles=1748 underruns=3 overruns=0 sleep_us=4658236 queue_ms=125
fps: 16.7
vis: 50.0
cpu: exceptions=15347 cacheResets=1 batches=15010 verts=318708 texStalls=0 recompiles=1748 underruns=3 overruns=0 sleep_us=4976515 queue_ms=121
vis: 50.0
cpu: exceptions=16338 cacheResets=1 batches=16362 verts=346260 texStalls=0 recompiles=1748 underruns=3 overruns=0 sleep_us=5294169 queue_ms=129
fps: 16.6
vis: 50.0
cpu: exceptions=17330 cacheResets=1 batches=17883 verts=377256 texStalls=0 recompiles=1748 underruns=3 overruns=0 sleep_us=5598070 queue_ms=125
fps: 16.7
vis: 50.0
cpu: exceptions=18318 cacheResets=1 batches=19235 verts=404808 texStalls=0 recompiles=1748 underruns=3 overruns=0 sleep_us=5915713 queue_ms=132
fps: 16.7
vis: 50.0
cpu: exceptions=19308 cacheResets=1 batches=20587 verts=432360 texStalls=0 recompiles=1772 underruns=3 overruns=0 sleep_us=6219617 queue_ms=128
fps: 16.7
vis: 50.0
cpu: exceptions=20299 cacheResets=1 batches=22108 verts=463356 texStalls=0 recompiles=1772 underruns=3 overruns=0 sleep_us=6482502 queue_ms=135
fps: 16.7
vis: 50.0
cpu: exceptions=21287 cacheResets=1 batches=23460 verts=490908 texStalls=0 recompiles=1773 underruns=3 overruns=0 sleep_us=6745717 queue_ms=131
fps: 16.7
vis: 50.0
cpu: exceptions=22279 cacheResets=1 batches=24812 verts=518460 texStalls=0 recompiles=1773 underruns=3 overruns=0 sleep_us=7013280 queue_ms=137
fps: 16.7
vis: 50.0
cpu: exceptions=23272 cacheResets=1 batches=26407 verts=549456 texStalls=0 recompiles=1773 underruns=3 overruns=0 sleep_us=7266562 queue_ms=134
fps: 16.7
vis: 50.0
cpu: exceptions=24263 cacheResets=1 batches=27821 verts=577008 texStalls=0 recompiles=1775 underruns=3 overruns=0 sleep_us=7534425 queue_ms=132
fps: 16.7
vis: 50.0
cpu: exceptions=25255 cacheResets=1 batches=29177 verts=604560 texStalls=0 recompiles=1775 underruns=3 overruns=0 sleep_us=7803611 queue_ms=137
fps: 16.7
vis: 50.0
cpu: exceptions=26249 cacheResets=1 batches=30698 verts=635556 texStalls=0 recompiles=1775 underruns=3 overruns=0 sleep_us=8059149 queue_ms=136
fps: 16.7
vis: 50.0
cpu: exceptions=27241 cacheResets=1 batches=32050 verts=663108 texStalls=0 recompiles=1775 underruns=3 overruns=0 sleep_us=8328571 queue_ms=140
fps: 16.7
vis: 50.0
cpu: exceptions=28232 cacheResets=1 batches=33402 verts=690660 texStalls=0 recompiles=1775 underruns=3 overruns=0 sleep_us=8625507 queue_ms=139
fps: 16.7
vis: 50.0
cpu: exceptions=29224 cacheResets=1 batches=34923 verts=721656 texStalls=0 recompiles=1775 underruns=3 overruns=0 sleep_us=8930932 queue_ms=143
vis: 50.0
cpu: exceptions=30214 cacheResets=1 batches=36275 verts=749208 texStalls=0 recompiles=1775 underruns=3 overruns=0 sleep_us=9250063 queue_ms=141
fps: 16.7
vis: 50.0
cpu: exceptions=31205 cacheResets=1 batches=37627 verts=776760 texStalls=0 recompiles=1775 underruns=3 overruns=0 sleep_us=9569117 queue_ms=138
fps: 16.7
vis: 50.0
cpu: exceptions=32197 cacheResets=1 batches=39148 verts=807756 texStalls=0 recompiles=1775 underruns=3 overruns=0 sleep_us=9874453 queue_ms=145
fps: 16.7
vis: 50.0
cpu: exceptions=33186 cacheResets=1 batches=40500 verts=835308 texStalls=0 recompiles=1775 underruns=3 overruns=0 sleep_us=10193529 queue_ms=142
fps: 16.7
vis: 50.0
cpu: exceptions=34177 cacheResets=1 batches=41852 verts=862860 texStalls=0 recompiles=1787 underruns=3 overruns=0 sleep_us=10499852 queue_ms=147
fps: 16.7
vis: 50.0
cpu: exceptions=35170 cacheResets=1 batches=43373 verts=893856 texStalls=0 recompiles=1787 underruns=3 overruns=0 sleep_us=10786385 queue_ms=145
fps: 16.6
vis: 50.0
cpu: exceptions=36161 cacheResets=1 batches=44725 verts=921408 texStalls=0 recompiles=1787 underruns=3 overruns=0 sleep_us=11097585 queue_ms=149
vis: 50.0
cpu: exceptions=37890 cacheResets=1 batches=45401 verts=935184 texStalls=0 recompiles=1876 underruns=3 overruns=0 sleep_us=11383067 queue_ms=147
fps: 7.8
vis: 50.0
cpu: exceptions=39121 cacheResets=1 batches=46616 verts=942474 texStalls=0 recompiles=1909 underruns=3 overruns=0 sleep_us=11561830 queue_ms=154
fps: 55.1
vis: 49.8
cpu: exceptions=39626 cacheResets=1 batches=50012 verts=962850 texStalls=0 recompiles=1932 underruns=3 overruns=0 sleep_us=11754647 queue_ms=133
fps: 49.8
vis: 50.0
cpu: exceptions=40058 cacheResets=1 batches=53412 verts=983250 texStalls=0 recompiles=1933 underruns=3 overruns=0 sleep_us=11936542 queue_ms=128
fps: 50.0
vis: 50.0
cpu: exceptions=40476 cacheResets=1 batches=56812 verts=1003650 texStalls=0 recompiles=1933 underruns=3 overruns=0 sleep_us=12110611 queue_ms=136
fps: 50.0
vis: 50.0
cpu: exceptions=40882 cacheResets=1 batches=60212 verts=1024050 texStalls=0 recompiles=1933 underruns=3 overruns=0 sleep_us=12306396 queue_ms=131
fps: 50.0
vis: 50.0
cpu: exceptions=41282 cacheResets=1 batches=63612 verts=1044450 texStalls=0 recompiles=1933 underruns=3 overruns=0 sleep_us=12484890 queue_ms=138
fps: 50.0
vis: 50.0
cpu: exceptions=41682 cacheResets=1 batches=67012 verts=1064850 texStalls=0 recompiles=1933 underruns=3 overruns=0 sleep_us=12666645 queue_ms=136
fps: 50.0
vis: 50.0
cpu: exceptions=42082 cacheResets=1 batches=70412 verts=1085250 texStalls=0 recompiles=1933 underruns=3 overruns=0 sleep_us=12850429 queue_ms=141
fps: 50.0
vis: 50.0
cpu: exceptions=42482 cacheResets=1 batches=73812 verts=1105650 texStalls=0 recompiles=1933 underruns=3 overruns=0 sleep_us=13032427 queue_ms=140
fps: 50.0
vis: 50.0
cpu: exceptions=42882 cacheResets=1 batches=77212 verts=1126050 texStalls=0 recompiles=1933 underruns=3 overruns=0 sleep_us=13225778 queue_ms=145
fps: 50.0
vis: 50.0
cpu: exceptions=43282 cacheResets=1 batches=80612 verts=1146450 texStalls=0 recompiles=1933 underruns=3 overruns=0 sleep_us=13428040 queue_ms=141
fps: 50.0
vis: 50.0
cpu: exceptions=43682 cacheResets=1 batches=84012 verts=1166850 texStalls=0 recompiles=1933 underruns=3 overruns=0 sleep_us=13623462 queue_ms=139
fps: 50.0
vis: 50.0
cpu: exceptions=44082 cacheResets=1 batches=87412 verts=1187250 texStalls=0 recompiles=1933 underruns=3 overruns=0 sleep_us=13813865 queue_ms=144
fps: 50.0
vis: 50.0
cpu: exceptions=44482 cacheResets=1 batches=90812 verts=1207650 texStalls=0 recompiles=1933 underruns=3 overruns=0 sleep_us=13997872 queue_ms=142
fps: 50.0
vis: 50.0
cpu: exceptions=44882 cacheResets=1 batches=94212 verts=1228050 texStalls=0 recompiles=1933 underruns=3 overruns=0 sleep_us=14181639 queue_ms=149
fps: 50.0
vis: 50.0
cpu: exceptions=45282 cacheResets=1 batches=97612 verts=1248450 texStalls=0 recompiles=1933 underruns=3 overruns=0 sleep_us=14374119 queue_ms=145
fps: 50.0
vis: 50.0
cpu: exceptions=45682 cacheResets=1 batches=101012 verts=1268850 texStalls=0 recompiles=1933 underruns=3 overruns=0 sleep_us=14576204 queue_ms=152
fps: 50.0
vis: 50.0
cpu: exceptions=46082 cacheResets=1 batches=104412 verts=1289250 texStalls=0 recompiles=1933 underruns=3 overruns=0 sleep_us=14775745 queue_ms=148
fps: 49.9
vis: 50.0
cpu: exceptions=46482 cacheResets=1 batches=107812 verts=1309650 texStalls=0 recompiles=1933 underruns=3 overruns=0 sleep_us=14968247 queue_ms=145
fps: 50.0
vis: 50.0
cpu: exceptions=46882 cacheResets=1 batches=111212 verts=1330050 texStalls=0 recompiles=1933 underruns=3 overruns=0 sleep_us=15153913 queue_ms=151
fps: 49.7
vis: 50.0
cpu: exceptions=47288 cacheResets=1 batches=115677 verts=1356900 texStalls=0 recompiles=1946 underruns=3 overruns=0 sleep_us=15281316 queue_ms=148
fps: 50.2
vis: 50.0
cpu: exceptions=47700 cacheResets=1 batches=120801 verts=1387794 texStalls=0 recompiles=1947 underruns=3 overruns=0 sleep_us=15398064 queue_ms=155
fps: 50.0
vis: 50.0
cpu: exceptions=48109 cacheResets=1 batches=125926 verts=1418694 texStalls=0 recompiles=1947 underruns=3 overruns=0 sleep_us=15531390 queue_ms=152
fps: 50.0
vis: 50.0
cpu: exceptions=48509 cacheResets=1 batches=131051 verts=1449594 texStalls=0 recompiles=1947 underruns=3 overruns=0 sleep_us=15672177 queue_ms=158
fps: 50.0
vis: 50.0
cpu: exceptions=48909 cacheResets=1 batches=136176 verts=1480494 texStalls=0 recompiles=1947 underruns=3 overruns=0 sleep_us=15801781 queue_ms=155
fps: 50.0
vis: 50.0
cpu: exceptions=49309 cacheResets=1 batches=141301 verts=1511394 texStalls=0 recompiles=1947 underruns=3 overruns=0 sleep_us=15918085 queue_ms=160
fps: 50.0
vis: 50.0
cpu: exceptions=49709 cacheResets=1 batches=146426 verts=1542294 texStalls=0 recompiles=1947 underruns=3 overruns=0 sleep_us=16033594 queue_ms=158
fps: 50.0
vis: 50.0
cpu: exceptions=50109 cacheResets=1 batches=151551 verts=1573194 texStalls=0 recompiles=1947 underruns=3 overruns=0 sleep_us=16150107 queue_ms=154
fps: 50.0
vis: 50.0
cpu: exceptions=50509 cacheResets=1 batches=156676 verts=1604094 texStalls=0 recompiles=1947 underruns=3 overruns=0 sleep_us=16273934 queue_ms=161
fps: 50.0
vis: 50.0
cpu: exceptions=50909 cacheResets=1 batches=161801 verts=1634994 texStalls=0 recompiles=1947 underruns=3 overruns=0 sleep_us=16402649 queue_ms=159
fps: 50.0
vis: 50.0
cpu: exceptions=51309 cacheResets=1 batches=166926 verts=1665894 texStalls=0 recompiles=1947 underruns=3 overruns=0 sleep_us=16523750 queue_ms=164
fps: 50.0
vis: 50.0
cpu: exceptions=51709 cacheResets=1 batches=172051 verts=1696794 texStalls=0 recompiles=1947 underruns=3 overruns=0 sleep_us=16635060 queue_ms=162
fps: 50.0
vis: 50.0
cpu: exceptions=52110 cacheResets=1 batches=177176 verts=1727694 texStalls=0 recompiles=1947 underruns=3 overruns=0 sleep_us=16740069 queue_ms=167
fps: 50.0
vis: 50.0
cpu: exceptions=52512 cacheResets=1 batches=182301 verts=1758594 texStalls=0 recompiles=1947 underruns=3 overruns=0 sleep_us=16845547 queue_ms=163
fps: 50.0
vis: 50.0
cpu: exceptions=52912 cacheResets=1 batches=187426 verts=1789494 texStalls=0 recompiles=1947 underruns=3 overruns=0 sleep_us=16965828 queue_ms=171
fps: 50.0
vis: 50.0
cpu: exceptions=53312 cacheResets=1 batches=192551 verts=1820394 texStalls=0 recompiles=1947 underruns=3 overruns=0 sleep_us=17093273 queue_ms=166
fps: 50.0
vis: 50.0
cpu: exceptions=53712 cacheResets=1 batches=197676 verts=1851294 texStalls=0 recompiles=1947 underruns=3 overruns=0 sleep_us=17212519 queue_ms=174
fps: 50.0
vis: 50.0
cpu: exceptions=54112 cacheResets=1 batches=202801 verts=1882194 texStalls=0 recompiles=1947 underruns=3 overruns=0 sleep_us=17322013 queue_ms=172
fps: 49.9
vis: 50.0
cpu: exceptions=54512 cacheResets=1 batches=207926 verts=1913094 texStalls=0 recompiles=1947 underruns=3 overruns=0 sleep_us=17432215 queue_ms=167
fps: 50.0
vis: 50.0
cpu: exceptions=54912 cacheResets=1 batches=213051 verts=1943994 texStalls=0 recompiles=1947 underruns=3 overruns=0 sleep_us=17543334 queue_ms=175
fps: 50.0
vis: 50.0
cpu: exceptions=55312 cacheResets=1 batches=218176 verts=1974894 texStalls=0 recompiles=1947 underruns=3 overruns=0 sleep_us=17662161 queue_ms=170
fps: 50.0
vis: 50.0
cpu: exceptions=55712 cacheResets=1 batches=223301 verts=2005794 texStalls=0 recompiles=1947 underruns=3 overruns=0 sleep_us=17791178 queue_ms=176
fps: 50.0
vis: 50.0
cpu: exceptions=56112 cacheResets=1 batches=228426 verts=2036694 texStalls=0 recompiles=1947 underruns=3 overruns=0 sleep_us=17910229 queue_ms=175
fps: 50.0
vis: 50.0
cpu: exceptions=56512 cacheResets=1 batches=233551 verts=2067594 texStalls=0 recompiles=1947 underruns=3 overruns=0 sleep_us=18020811 queue_ms=170
fps: 50.0
vis: 50.0
cpu: exceptions=56914 cacheResets=1 batches=238675 verts=2098434 texStalls=0 recompiles=1948 underruns=3 overruns=0 sleep_us=18126098 queue_ms=178
fps: 50.0
vis: 50.0
cpu: exceptions=57317 cacheResets=1 batches=243800 verts=2129184 texStalls=0 recompiles=1948 underruns=3 overruns=0 sleep_us=18225443 queue_ms=175
fps: 50.0
vis: 50.0
cpu: exceptions=57718 cacheResets=1 batches=248925 verts=2159934 texStalls=0 recompiles=1948 underruns=3 overruns=0 sleep_us=18340827 queue_ms=179
fps: 50.0
vis: 50.0
cpu: exceptions=58118 cacheResets=1 batches=254050 verts=2190684 texStalls=0 recompiles=1948 underruns=3 overruns=0 sleep_us=18472667 queue_ms=178
fps: 50.0
vis: 50.0
cpu: exceptions=58518 cacheResets=1 batches=259175 verts=2221434 texStalls=0 recompiles=1948 underruns=3 overruns=0 sleep_us=18594730 queue_ms=182
fps: 50.0
vis: 50.0
cpu: exceptions=58918 cacheResets=1 batches=264300 verts=2252184 texStalls=0 recompiles=1948 underruns=3 overruns=0 sleep_us=18712569 queue_ms=180
fps: 50.0
vis: 50.0
cpu: exceptions=59318 cacheResets=1 batches=269425 verts=2282934 texStalls=0 recompiles=1949 underruns=3 overruns=0 sleep_us=18828414 queue_ms=187
fps: 50.0
vis: 50.0
cpu: exceptions=59718 cacheResets=1 batches=274550 verts=2313684 texStalls=0 recompiles=1949 underruns=3 overruns=0 sleep_us=18945782 queue_ms=183
fps: 50.0
vis: 50.0
cpu: exceptions=60118 cacheResets=1 batches=279675 verts=2344434 texStalls=0 recompiles=1949 underruns=3 overruns=0 sleep_us=19076642 queue_ms=191
fps: 50.0
vis: 50.0
cpu: exceptions=60518 cacheResets=1 batches=284800 verts=2375184 texStalls=0 recompiles=1949 underruns=3 overruns=0 sleep_us=19215857 queue_ms=187
fps: 50.0
vis: 50.0
cpu: exceptions=60918 cacheResets=1 batches=289925 verts=2405934 texStalls=0 recompiles=1949 underruns=3 overruns=0 sleep_us=19351388 queue_ms=183
fps: 50.0
vis: 50.0
cpu: exceptions=61318 cacheResets=1 batches=295050 verts=2436684 texStalls=0 recompiles=1949 underruns=3 overruns=0 sleep_us=19479921 queue_ms=190
fps: 49.8
vis: 50.0
cpu: exceptions=61979 cacheResets=1 batches=300841 verts=2471430 texStalls=0 recompiles=1957 underruns=3 overruns=0 sleep_us=19559237 queue_ms=186
fps: 50.0
vis: 50.0
cpu: exceptions=62382 cacheResets=1 batches=307816 verts=2513280 texStalls=0 recompiles=1957 underruns=3 overruns=0 sleep_us=19620365 queue_ms=193
fps: 49.9
vis: 50.0
cpu: exceptions=62783 cacheResets=1 batches=314791 verts=2555130 texStalls=0 recompiles=1957 underruns=3 overruns=0 sleep_us=19695210 queue_ms=191
fps: 50.0
vis: 50.0
cpu: exceptions=63183 cacheResets=1 batches=321766 verts=2596980 texStalls=0 recompiles=1957 underruns=3 overruns=0 sleep_us=19784264 queue_ms=186
vis: 50.0
cpu: exceptions=63583 cacheResets=1 batches=327749 verts=2632878 texStalls=0 recompiles=1958 underruns=3 overruns=0 sleep_us=19905452 queue_ms=194
fps: 50.3
vis: 50.0
cpu: exceptions=63983 cacheResets=1 batches=331624 verts=2656128 texStalls=0 recompiles=1958 underruns=3 overruns=0 sleep_us=20092728 queue_ms=190
fps: 50.0
vis: 50.0
cpu: exceptions=64383 cacheResets=1 batches=335499 verts=2679378 texStalls=0 recompiles=1958 underruns=3 overruns=0 sleep_us=20272352 queue_ms=195
fps: 50.0
vis: 50.0
cpu: exceptions=64783 cacheResets=1 batches=339374 verts=2702628 texStalls=0 recompiles=1958 underruns=3 overruns=0 sleep_us=20453109 queue_ms=194
fps: 50.0
vis: 50.0
cpu: exceptions=65183 cacheResets=1 batches=343249 verts=2725878 texStalls=0 recompiles=1958 underruns=3 overruns=0 sleep_us=20639582 queue_ms=198
fps: 50.0
vis: 50.0
cpu: exceptions=65583 cacheResets=1 batches=347124 verts=2749128 texStalls=0 recompiles=1958 underruns=3 overruns=0 sleep_us=20835140 queue_ms=197
fps: 50.0
vis: 50.0
cpu: exceptions=65983 cacheResets=1 batches=350999 verts=2772378 texStalls=0 recompiles=1958 underruns=3 overruns=0 sleep_us=21033834 queue_ms=204
fps: 50.0
vis: 50.0
cpu: exceptions=66383 cacheResets=1 batches=354874 verts=2795628 texStalls=0 recompiles=1958 underruns=3 overruns=0 sleep_us=21222211 queue_ms=199
fps: 50.0
vis: 50.0
cpu: exceptions=66784 cacheResets=1 batches=358740 verts=2818824 texStalls=0 recompiles=1966 underruns=3 overruns=0 sleep_us=21393906 queue_ms=207
fps: 50.0
vis: 50.0
cpu: exceptions=67184 cacheResets=1 batches=362615 verts=2842074 texStalls=0 recompiles=1966 underruns=3 overruns=0 sleep_us=21568825 queue_ms=202
fps: 50.0
vis: 50.0
cpu: exceptions=67585 cacheResets=1 batches=366490 verts=2865324 texStalls=0 recompiles=1966 underruns=3 overruns=0 sleep_us=21749315 queue_ms=199
fps: 50.0
vis: 50.0
cpu: exceptions=67985 cacheResets=1 batches=370365 verts=2888574 texStalls=0 recompiles=1966 underruns=3 overruns=0 sleep_us=21945073 queue_ms=206
fps: 50.0
vis: 50.0
cpu: exceptions=68385 cacheResets=1 batches=374240 verts=2911824 texStalls=0 recompiles=1966 underruns=3 overruns=0 sleep_us=22145845 queue_ms=202
fps: 50.0
vis: 50.0
cpu: exceptions=68785 cacheResets=1 batches=378115 verts=2935074 texStalls=0 recompiles=1966 underruns=3 overruns=0 sleep_us=22334534 queue_ms=210
fps: 50.0
vis: 50.0
cpu: exceptions=69185 cacheResets=1 batches=381990 verts=2958324 texStalls=0 recompiles=1966 underruns=3 overruns=0 sleep_us=22510835 queue_ms=207
fps: 50.0
vis: 50.0
cpu: exceptions=69585 cacheResets=1 batches=385865 verts=2981574 texStalls=0 recompiles=1966 underruns=3 overruns=0 sleep_us=22684342 queue_ms=212
fps: 50.0
vis: 50.0
cpu: exceptions=69985 cacheResets=1 batches=389740 verts=3004824 texStalls=0 recompiles=1966 underruns=3 overruns=0 sleep_us=22857770 queue_ms=210
fps: 50.0
vis: 50.0
cpu: exceptions=70385 cacheResets=1 batches=393615 verts=3028074 texStalls=0 recompiles=1966 underruns=3 overruns=0 sleep_us=23039380 queue_ms=214
fps: 49.9
vis: 50.0
cpu: exceptions=70785 cacheResets=1 batches=397490 verts=3051324 texStalls=0 recompiles=1966 underruns=3 overruns=0 sleep_us=23226855 queue_ms=212
fps: 50.0
vis: 50.0
cpu: exceptions=71185 cacheResets=1 batches=401365 verts=3074574 texStalls=0 recompiles=1966 underruns=3 overruns=0 sleep_us=23406780 queue_ms=218
fps: 50.0
vis: 50.0
cpu: exceptions=71719 cacheResets=1 batches=405076 verts=3096840 texStalls=0 recompiles=1971 underruns=3 overruns=0 sleep_us=23560806 queue_ms=215
vis: 50.0
cpu: exceptions=72602 cacheResets=1 batches=405076 verts=3096840 texStalls=0 recompiles=1971 underruns=3 overruns=0 sleep_us=23724779 queue_ms=212
vis: 50.0
cpu: exceptions=74091 cacheResets=1 batches=405076 verts=3096840 texStalls=0 recompiles=2000 underruns=3 overruns=0 sleep_us=23868634 queue_ms=217
fps: 13.4
vis: 50.0
cpu: exceptions=74721 cacheResets=1 batches=406865 verts=3143622 texStalls=0 recompiles=2272 underruns=3 overruns=0 sleep_us=24023584 queue_ms=199
fps: 19.9
vis: 50.0
cpu: exceptions=75114 cacheResets=1 batches=409808 verts=3222570 texStalls=0 recompiles=2272 underruns=3 overruns=0 sleep_us=24331780 queue_ms=207
fps: 16.7
vis: 50.0
cpu: exceptions=75505 cacheResets=1 batches=412424 verts=3292746 texStalls=0 recompiles=2272 underruns=3 overruns=0 sleep_us=24656994 queue_ms=203
fps: 16.7
vis: 50.0
cpu: exceptions=75896 cacheResets=1 batches=415040 verts=3362922 texStalls=0 recompiles=2272 underruns=3 overruns=0 sleep_us=24982142 queue_ms=201
fps: 16.7
vis: 50.0
cpu: exceptions=76289 cacheResets=1 batches=417847 verts=3436638 texStalls=0 recompiles=2273 underruns=3 overruns=0 sleep_us=25303495 queue_ms=205
fps: 16.6
vis: 50.0
cpu: exceptions=76680 cacheResets=1 batches=420259 verts=3498966 texStalls=0 recompiles=2273 underruns=3 overruns=0 sleep_us=25640533 queue_ms=203
fps: 16.7
vis: 50.0
cpu: exceptions=77072 cacheResets=1 batches=422878 verts=3569142 texStalls=0 recompiles=2287 underruns=3 overruns=0 sleep_us=25959130 queue_ms=210
fps: 16.7
vis: 50.0
cpu: exceptions=77556 cacheResets=1 batches=425515 verts=3636318 texStalls=0 recompiles=2312 underruns=3 overruns=0 sleep_us=26248460 queue_ms=206
vis: 50.0
cpu: exceptions=77947 cacheResets=1 batches=428097 verts=3705186 texStalls=0 recompiles=2312 underruns=3 overruns=0 sleep_us=26562252 queue_ms=213
fps: 16.6
vis: 50.0
cpu: exceptions=78338 cacheResets=1 batches=430713 verts=3775362 texStalls=0 recompiles=2319 underruns=3 overruns=0 sleep_us=26875042 queue_ms=209
fps: 16.7
vis: 50.0
cpu: exceptions=78731 cacheResets=1 batches=433656 verts=3854310 texStalls=0 recompiles=2319 underruns=3 overruns=0 sleep_us=27169784 queue_ms=216
fps: 16.7
vis: 50.0
cpu: exceptions=79122 cacheResets=1 batches=436272 verts=3924486 texStalls=0 recompiles=2319 underruns=3 overruns=0 sleep_us=27482759 queue_ms=212
fps: 16.7
vis: 50.0
cpu: exceptions=79513 cacheResets=1 batches=438888 verts=3994662 texStalls=0 recompiles=2319 underruns=3 overruns=0 sleep_us=27795767 queue_ms=220
fps: 16.7
vis: 50.0
cpu: exceptions=79906 cacheResets=1 batches=441831 verts=4073610 texStalls=0 recompiles=2319 underruns=3 overruns=0 sleep_us=28090476 queue_ms=215
fps: 16.7
vis: 50.0
cpu: exceptions=80297 cacheResets=1 batches=444447 verts=4143786 texStalls=0 recompiles=2319 underruns=3 overruns=0 sleep_us=28403428 queue_ms=213
fps: 16.6
vis: 50.0
cpu: exceptions=80688 cacheResets=1 batches=447063 verts=4213962 texStalls=0 recompiles=2319 underruns=3 overruns=0 sleep_us=28716328 queue_ms=220
fps: 16.7
vis: 50.0
cpu: exceptions=81081 cacheResets=1 batches=450006 verts=4292910 texStalls=0 recompiles=2319 underruns=3 overruns=0 sleep_us=29010862 queue_ms=215
fps: 16.7
vis: 50.0
cpu: exceptions=81472 cacheResets=1 batches=452622 verts=4363086 texStalls=0 recompiles=2319 underruns=3 overruns=0 sleep_us=29323745 queue_ms=223
fps: 16.7
vis: 50.0
cpu: exceptions=81863 cacheResets=1 batches=455238 verts=4433262 texStalls=0 recompiles=2319 underruns=3 overruns=0 sleep_us=29636695 queue_ms=219
fps: 16.7
vis: 50.0
cpu: exceptions=82256 cacheResets=1 batches=458181 verts=4512210 texStalls=0 recompiles=2319 underruns=3 overruns=0 sleep_us=29931462 queue_ms=226
fps: 16.7
vis: 50.0
cpu: exceptions=82647 cacheResets=1 batches=460797 verts=4582386 texStalls=0 recompiles=2319 underruns=3 overruns=0 sleep_us=30244494 queue_ms=222
vis: 50.0
cpu: exceptions=83038 cacheResets=1 batches=463413 verts=4652562 texStalls=0 recompiles=2331 underruns=3 overruns=0 sleep_us=30563445 queue_ms=228
fps: 16.7
vis: 50.0
cpu: exceptions=83431 cacheResets=1 batches=466356 verts=4731510 texStalls=0 recompiles=2331 underruns=3 overruns=0 sleep_us=30873334 queue_ms=225
fps: 16.7
vis: 50.0
cpu: exceptions=83822 cacheResets=1 batches=468972 verts=4801686 texStalls=0 recompiles=2331 underruns=3 overruns=0 sleep_us=31199783 queue_ms=231
fps: 16.7
vis: 50.0
cpu: exceptions=84214 cacheResets=1 batches=471588 verts=4871862 texStalls=0 recompiles=2331 underruns=3 overruns=0 sleep_us=31525751 queue_ms=230
fps: 16.7
vis: 50.0
cpu: exceptions=84693 cacheResets=1 batches=474531 verts=4950810 texStalls=0 recompiles=2331 underruns=3 overruns=0 sleep_us=31821487 queue_ms=225
fps: 16.6
vis: 50.0
cpu: exceptions=85084 cacheResets=1 batches=477147 verts=5020986 texStalls=0 recompiles=2331 underruns=3 overruns=0 sleep_us=32135030 queue_ms=232
fps: 16.7
vis: 50.0
cpu: exceptions=85474 cacheResets=1 batches=479763 verts=5091162 texStalls=0 recompiles=2331 underruns=3 overruns=0 sleep_us=32448000 queue_ms=228
fps: 16.7
vis: 50.0
cpu: exceptions=85867 cacheResets=1 batches=482706 verts=5170110 texStalls=0 recompiles=2331 underruns=3 overruns=0 sleep_us=32743357 queue_ms=235
fps: 16.7
vis: 50.0
cpu: exceptions=86258 cacheResets=1 batches=485410 verts=5240286 texStalls=0 recompiles=2331 underruns=3 overruns=0 sleep_us=33056617 queue_ms=231
fps: 16.7
vis: 50.0
cpu: exceptions=86649 cacheResets=1 batches=488378 verts=5310462 texStalls=0 recompiles=2331 underruns=3 overruns=0 sleep_us=33369159 queue_ms=238
fps: 16.7
vis: 50.0
cpu: exceptions=87042 cacheResets=1 batches=491681 verts=5389410 texStalls=0 recompiles=2331 underruns=3 overruns=0 sleep_us=33663621 queue_ms=235
fps: 16.7
vis: 50.0
cpu: exceptions=87432 cacheResets=1 batches=494622 verts=5459586 texStalls=0 recompiles=2331 underruns=3 overruns=0 sleep_us=33976296 queue_ms=242
fps: 16.7
vis: 50.0
cpu: exceptions=87823 cacheResets=1 batches=497553 verts=5529762 texStalls=0 recompiles=2331 underruns=3 overruns=0 sleep_us=34288906 queue_ms=237
fps: 16.7
vis: 50.0
cpu: exceptions=88216 cacheResets=1 batches=500888 verts=5608710 texStalls=0 recompiles=2331 underruns=3 overruns=0 sleep_us=34583249 queue_ms=245
vis: 50.0
cpu: exceptions=88607 cacheResets=1 batches=503856 verts=5678886 texStalls=0 recompiles=2331 underruns=3 overruns=0 sleep_us=34895863 queue_ms=240
fps: 16.6
vis: 50.0
cpu: exceptions=88998 cacheResets=1 batches=506812 verts=5749062 texStalls=0 recompiles=2331 underruns=3 overruns=0 sleep_us=35208643 queue_ms=239
fps: 16.7
vis: 50.0
cpu: exceptions=89391 cacheResets=1 batches=510108 verts=5828010 texStalls=0 recompiles=2331 underruns=3 overruns=0 sleep_us=35503015 queue_ms=243
fps: 16.7
vis: 50.0
cpu: exceptions=89782 cacheResets=1 batches=513044 verts=5898186 texStalls=0 recompiles=2331 underruns=3 overruns=0 sleep_us=35815660 queue_ms=241
fps: 16.7
vis: 50.0
cpu: exceptions=90173 cacheResets=1 batches=515994 verts=5968362 texStalls=0 recompiles=2331 underruns=3 overruns=0 sleep_us=36135728 queue_ms=247
fps: 16.7
vis: 50.0
cpu: exceptions=90566 cacheResets=1 batches=519157 verts=6047310 texStalls=0 recompiles=2331 underruns=3 overruns=0 sleep_us=36445126 queue_ms=245
fps: 16.7
vis: 50.0
cpu: exceptions=90957 cacheResets=1 batches=521773 verts=6117486 texStalls=0 recompiles=2331 underruns=3 overruns=0 sleep_us=36771217 queue_ms=242
fps: 16.7
vis: 50.0
cpu: exceptions=91349 cacheResets=1 batches=524397 verts=6187662 texStalls=0 recompiles=2331 underruns=3 overruns=0 sleep_us=37096710 queue_ms=247
fps: 16.6
vis: 50.0
cpu: exceptions=91832 cacheResets=1 batches=527340 verts=6266610 texStalls=0 recompiles=2331 underruns=3 overruns=0 sleep_us=37390073 queue_ms=245
fps: 16.7
vis: 50.0
cpu: exceptions=92223 cacheResets=1 batches=529956 verts=6336786 texStalls=0 recompiles=2331 underruns=3 overruns=0 sleep_us=37701040 queue_ms=250
fps: 16.7
vis: 50.0
cpu: exceptions=92614 cacheResets=1 batches=532572 verts=6406962 texStalls=0 recompiles=2331 underruns=3 overruns=0 sleep_us=38012355 queue_ms=249
fps: 16.7
vis: 50.0
cpu: exceptions=93007 cacheResets=1 batches=535515 verts=6485910 texStalls=0 recompiles=2331 underruns=3 overruns=0 sleep_us=38305214 queue_ms=253
fps: 16.7
vis: 50.0
cpu: exceptions=93398 cacheResets=1 batches=538131 verts=6556086 texStalls=0 recompiles=2331 underruns=3 overruns=0 sleep_us=38616363 queue_ms=252
vis: 50.0
cpu: exceptions=93789 cacheResets=1 batches=540747 verts=6626262 texStalls=0 recompiles=2331 underruns=3 overruns=0 sleep_us=38927583 queue_ms=257
fps: 16.7
vis: 50.0
cpu: exceptions=94182 cacheResets=1 batches=543690 verts=6705210 texStalls=0 recompiles=2331 underruns=3 overruns=0 sleep_us=39220387 queue_ms=255
fps: 16.7
vis: 50.0
cpu: exceptions=94573 cacheResets=1 batches=546306 verts=6775386 texStalls=0 recompiles=2331 underruns=3 overruns=0 sleep_us=39531649 queue_ms=260
fps: 16.7
vis: 50.0
cpu: exceptions=94964 cacheResets=1 batches=548922 verts=6845562 texStalls=0 recompiles=2331 underruns=3 overruns=0 sleep_us=39842822 queue_ms=257
fps: 16.7
vis: 50.0
cpu: exceptions=95357 cacheResets=1 batches=551865 verts=6924510 texStalls=0 recompiles=2331 underruns=3 overruns=0 sleep_us=40135726 queue_ms=254
fps: 16.7
vis: 50.0
cpu: exceptions=95748 cacheResets=1 batches=554481 verts=6994686 texStalls=0 recompiles=2331 underruns=3 overruns=0 sleep_us=40447315 queue_ms=260
fps: 16.7
vis: 50.0
cpu: exceptions=96139 cacheResets=1 batches=557097 verts=7064862 texStalls=0 recompiles=2331 underruns=3 overruns=0 sleep_us=40758995 queue_ms=258
fps: 16.6
vis: 50.0
cpu: exceptions=96532 cacheResets=1 batches=560040 verts=7143810 texStalls=0 recompiles=2331 underruns=3 overruns=0 sleep_us=41051780 queue_ms=263
fps: 16.7
vis: 50.0
cpu: exceptions=96923 cacheResets=1 batches=562656 verts=7213986 texStalls=0 recompiles=2331 underruns=3 overruns=0 sleep_us=41362938 queue_ms=262
fps: 16.7
vis: 50.0
cpu: exceptions=97314 cacheResets=1 batches=565272 verts=7284162 texStalls=0 recompiles=2331 underruns=3 overruns=0 sleep_us=41681951 queue_ms=266
fps: 16.7
vis: 50.0
cpu: exceptions=97707 cacheResets=1 batches=568215 verts=7363110 texStalls=0 recompiles=2331 underruns=3 overruns=0 sleep_us=41990032 queue_ms=265
fps: 16.7
vis: 50.0
cpu: exceptions=98098 cacheResets=1 batches=570831 verts=7433286 texStalls=0 recompiles=2331 underruns=3 overruns=0 sleep_us=42315261 queue_ms=260
fps: 16.7
vis: 50.0
cpu: exceptions=98490 cacheResets=1 batches=573447 verts=7503462 texStalls=0 recompiles=2331 underruns=3 overruns=0 sleep_us=42641520 queue_ms=268
fps: 16.6
vis: 50.0
cpu: exceptions=98932 cacheResets=1 batches=576390 verts=7582410 texStalls=0 recompiles=2331 underruns=3 overruns=0 sleep_us=42943611 queue_ms=263
vis: 50.0
cpu: exceptions=99323 cacheResets=1 batches=579006 verts=7652586 texStalls=0 recompiles=2331 underruns=3 overruns=0 sleep_us=43262894 queue_ms=271
fps: 16.7
vis: 50.0
cpu: exceptions=99714 cacheResets=1 batches=581622 verts=7722762 texStalls=0 recompiles=2331 underruns=3 overruns=0 sleep_us=43582238 queue_ms=266
fps: 16.7
vis: 50.0
cpu: exceptions=100107 cacheResets=1 batches=584565 verts=7801710 texStalls=0 recompiles=2331 underruns=3 overruns=0 sleep_us=43882873 queue_ms=274
fps: 16.7
vis: 50.0
cpu: exceptions=100498 cacheResets=1 batches=587181 verts=7871886 texStalls=0 recompiles=2331 underruns=3 overruns=0 sleep_us=44200064 queue_ms=270
fps: 16.7
vis: 50.0
cpu: exceptions=100889 cacheResets=1 batches=589797 verts=7942062 texStalls=0 recompiles=2331 underruns=3 overruns=0 sleep_us=44517331 queue_ms=276
fps: 16.7
vis: 50.0
cpu: exceptions=101282 cacheResets=1 batches=592740 verts=8021010 texStalls=0 recompiles=2331 underruns=3 overruns=0 sleep_us=44816834 queue_ms=274
fps: 16.7
vis: 50.0
cpu: exceptions=101673 cacheResets=1 batches=595356 verts=8091186 texStalls=0 recompiles=2331 underruns=3 overruns=0 sleep_us=45133867 queue_ms=270
fps: 16.7
vis: 50.0
cpu: exceptions=102064 cacheResets=1 batches=597972 verts=8161362 texStalls=0 recompiles=2331 underruns=3 overruns=0 sleep_us=45451952 queue_ms=277
fps: 16.7
vis: 50.0
cpu: exceptions=102457 cacheResets=1 batches=600915 verts=8240310 texStalls=0 recompiles=2331 underruns=3 overruns=0 sleep_us=45753665 queue_ms=273
fps: 16.7
vis: 50.0
cpu: exceptions=102848 cacheResets=1 batches=603531 verts=8310486 texStalls=0 recompiles=2331 underruns=3 overruns=0 sleep_us=46072730 queue_ms=281
fps: 16.7
vis: 50.0
cpu: exceptions=103239 cacheResets=1 batches=606147 verts=8380662 texStalls=0 recompiles=2331 underruns=3 overruns=0 sleep_us=46391936 queue_ms=276
fps: 16.7
vis: 50.0
cpu: exceptions=103632 cacheResets=1 batches=609090 verts=8459610 texStalls=0 recompiles=2331 underruns=3 overruns=0 sleep_us=46693621 queue_ms=283
fps: 16.7
vis: 50.0
cpu: exceptions=104023 cacheResets=1 batches=611706 verts=8529786 texStalls=0 recompiles=2331 underruns=3 overruns=0 sleep_us=47018931 queue_ms=279
vis: 50.0
cpu: exceptions=104414 cacheResets=1 batches=614322 verts=8599962 texStalls=0 recompiles=2331 underruns=3 overruns=0 sleep_us=47345499 queue_ms=278
fps: 16.6
vis: 50.0
cpu: exceptions=104808 cacheResets=1 batches=617265 verts=8678910 texStalls=0 recompiles=2331 underruns=3 overruns=0 sleep_us=47654959 queue_ms=282
fps: 16.7
vis: 50.0
cpu: exceptions=105199 cacheResets=1 batches=619881 verts=8749086 texStalls=0 recompiles=2331 underruns=3 overruns=0 sleep_us=47981155 queue_ms=281
fps: 16.7
vis: 50.0
cpu: exceptions=105686 cacheResets=1 batches=622497 verts=8819262 texStalls=0 recompiles=2331 underruns=3 overruns=0 sleep_us=48289920 queue_ms=285
fps: 16.6
vis: 50.0
cpu: exceptions=106079 cacheResets=1 batches=625440 verts=8898210 texStalls=0 recompiles=2331 underruns=3 overruns=0 sleep_us=48583556 queue_ms=284
fps: 16.7
vis: 50.0
cpu: exceptions=106470 cacheResets=1 batches=628056 verts=8968386 texStalls=0 recompiles=2331 underruns=3 overruns=0 sleep_us=48895589 queue_ms=289
fps: 16.7
vis: 50.0
cpu: exceptions=106861 cacheResets=1 batches=630672 verts=9038562 texStalls=0 recompiles=2331 underruns=3 overruns=0 sleep_us=49207297 queue_ms=286
fps: 16.7
vis: 50.0
cpu: exceptions=107254 cacheResets=1 batches=633615 verts=9117510 texStalls=0 recompiles=2331 underruns=3 overruns=0 sleep_us=49500862 queue_ms=292
fps: 16.7
vis: 50.0
cpu: exceptions=107645 cacheResets=1 batches=636231 verts=9187686 texStalls=0 recompiles=2331 underruns=3 overruns=0 sleep_us=49812674 queue_ms=290
fps: 16.7
vis: 50.0
cpu: exceptions=108036 cacheResets=1 batches=638847 verts=9257862 texStalls=0 recompiles=2331 underruns=3 overruns=0 sleep_us=50124473 queue_ms=295
fps: 16.7
vis: 50.0
cpu: exceptions=108429 cacheResets=1 batches=641790 verts=9336810 texStalls=0 recompiles=2331 underruns=3 overruns=0 sleep_us=50417918 queue_ms=293
fps: 16.7
vis: 50.0
cpu: exceptions=108820 cacheResets=1 batches=644406 verts=9406986 texStalls=0 recompiles=2331 underruns=3 overruns=0 sleep_us=50729659 queue_ms=289
fps: 16.7
vis: 50.0
cpu: exceptions=109211 cacheResets=1 batches=647022 verts=9477162 texStalls=0 recompiles=2331 underruns=3 overruns=0 sleep_us=51041377 queue_ms=297
fps: 16.7
vis: 50.0
cpu: exceptions=109604 cacheResets=1 batches=649965 verts=9556110 texStalls=0 recompiles=2331 underruns=3 overruns=0 sleep_us=51334957 queue_ms=292
vis: 50.0
cpu: exceptions=109995 cacheResets=1 batches=652581 verts=9626286 texStalls=0 recompiles=2331 underruns=3 overruns=0 sleep_us=51646734 queue_ms=299
fps: 16.7
vis: 50.0
cpu: exceptions=110386 cacheResets=1 batches=655197 verts=9696462 texStalls=0 recompiles=2331 underruns=3 overruns=0 sleep_us=51958541 queue_ms=296
fps: 16.7
vis: 50.0
cpu: exceptions=110779 cacheResets=1 batches=658140 verts=9775410 texStalls=0 recompiles=2331 underruns=3 overruns=0 sleep_us=52252029 queue_ms=302
fps: 16.7
vis: 50.0
cpu: exceptions=111175 cacheResets=1 batches=660756 verts=9845586 texStalls=0 recompiles=2336 underruns=3 overruns=0 sleep_us=52565938 queue_ms=300
fps: 16.7
vis: 50.0
cpu: exceptions=111567 cacheResets=1 batches=663372 verts=9915762 texStalls=0 recompiles=2336 underruns=3 overruns=0 sleep_us=52881285 queue_ms=305
fps: 16.7
vis: 50.0
cpu: exceptions=111960 cacheResets=1 batches=666315 verts=9994710 texStalls=0 recompiles=2336 underruns=3 overruns=0 sleep_us=53188744 queue_ms=303
fps: 16.6
vis: 50.0
cpu: exceptions=112351 cacheResets=1 batches=668931 verts=10064886 texStalls=0 recompiles=2336 underruns=3 overruns=0 sleep_us=53514023 queue_ms=298
fps: 16.7
vis: 50.0
cpu: exceptions=112742 cacheResets=1 batches=671547 verts=10135062 texStalls=0 recompiles=2336 underruns=3 overruns=0 sleep_us=53839284 queue_ms=306
fps: 16.7
vis: 50.0
cpu: exceptions=113135 cacheResets=1 batches=674490 verts=10214010 texStalls=0 recompiles=2341 underruns=3 overruns=0 sleep_us=54146543 queue_ms=302
fps: 16.7
vis: 50.0
cpu: exceptions=113526 cacheResets=1 batches=677106 verts=10284186 texStalls=0 recompiles=2341 underruns=3 overruns=0 sleep_us=54471816 queue_ms=309
fps: 16.7
vis: 50.0
cpu: exceptions=113916 cacheResets=1 batches=679722 verts=10354362 texStalls=0 recompiles=2341 underruns=3 overruns=0 sleep_us=54801840 queue_ms=305
vis: 50.0
cpu: exceptions=114813 cacheResets=1 batches=680049 verts=10363134 texStalls=0 recompiles=2358 underruns=3 overruns=0 sleep_us=55019847 queue_ms=311
vis: 50.0
cpu: exceptions=116322 cacheResets=1 batches=680049 verts=10363134 texStalls=0 recompiles=2395 underruns=3 overruns=0 sleep_us=55224266 queue_ms=310
fps: 2.2
vis: 50.0
cpu: exceptions=117165 cacheResets=1 batches=681418 verts=10398024 texStalls=0 recompiles=2541 underruns=3 overruns=0 sleep_us=55397961 queue_ms=305
fps: 18.2
vis: 49.9
cpu: exceptions=117570 cacheResets=1 batches=684136 verts=10469250 texStalls=0 recompiles=2541 underruns=3 overruns=0 sleep_us=55712615 queue_ms=311
fps: 16.6
vis: 50.0
cpu: exceptions=117966 cacheResets=1 batches=686552 verts=10532562 texStalls=0 recompiles=2541 underruns=3 overruns=0 sleep_us=56035305 queue_ms=309
fps: 16.7
vis: 50.0
cpu: exceptions=118357 cacheResets=1 batches=688968 verts=10595874 texStalls=0 recompiles=2541 underruns=3 overruns=0 sleep_us=56366153 queue_ms=314
fps: 16.7
vis: 50.0
cpu: exceptions=118750 cacheResets=1 batches=691686 verts=10667100 texStalls=0 recompiles=2542 underruns=3 overruns=0 sleep_us=56661854 queue_ms=313
fps: 16.7
vis: 50.0
cpu: exceptions=119141 cacheResets=1 batches=694102 verts=10730412 texStalls=0 recompiles=2542 underruns=3 overruns=0 sleep_us=56974306 queue_ms=317
vis: 50.0
cpu: exceptions=119532 cacheResets=1 batches=696518 verts=10793724 texStalls=0 recompiles=2542 underruns=3 overruns=0 sleep_us=57295631 queue_ms=316
fps: 16.7
vis: 50.0
cpu: exceptions=119925 cacheResets=1 batches=699236 verts=10864950 texStalls=0 recompiles=2542 underruns=3 overruns=0 sleep_us=57613427 queue_ms=321
fps: 16.7
vis: 50.0
cpu: exceptions=120316 cacheResets=1 batches=701652 verts=10928262 texStalls=0 recompiles=2542 underruns=3 overruns=0 sleep_us=57948681 queue_ms=319
fps: 16.7
vis: 50.0
cpu: exceptions=120707 cacheResets=1 batches=704068 verts=10991574 texStalls=0 recompiles=2542 underruns=3 overruns=0 sleep_us=58280640 queue_ms=324
fps: 16.7
vis: 50.0
cpu: exceptions=121100 cacheResets=1 batches=706786 verts=11062800 texStalls=0 recompiles=2542 underruns=3 overruns=0 sleep_us=58601926 queue_ms=322
fps: 16.7
vis: 50.0
cpu: exceptions=121491 cacheResets=1 batches=709202 verts=11126112 texStalls=0 recompiles=2542 underruns=3 overruns=0 sleep_us=58930486 queue_ms=317
fps: 16.7
vis: 50.0
cpu: exceptions=121882 cacheResets=1 batches=711618 verts=11189424 texStalls=0 recompiles=2542 underruns=3 overruns=0 sleep_us=59252553 queue_ms=325
fps: 16.6
vis: 50.0
cpu: exceptions=122275 cacheResets=1 batches=714540 verts=11268498 texStalls=0 recompiles=2545 underruns=3 overruns=0 sleep_us=59521929 queue_ms=321
fps: 16.7
vis: 50.0
cpu: exceptions=122666 cacheResets=1 batches=717228 verts=11342274 texStalls=0 recompiles=2545 underruns=3 overruns=0 sleep_us=59822023 queue_ms=329
fps: 16.7
vis: 50.0
cpu: exceptions=123057 cacheResets=1 batches=719916 verts=11416050 texStalls=0 recompiles=2545 underruns=3 overruns=0 sleep_us=60118077 queue_ms=324
fps: 16.7
vis: 50.0
cpu: exceptions=123450 cacheResets=1 batches=722940 verts=11499048 texStalls=0 recompiles=2545 underruns=3 overruns=0 sleep_us=60400688 queue_ms=322
fps: 16.7
vis: 50.0
cpu: exceptions=123841 cacheResets=1 batches=725628 verts=11572824 texStalls=0 recompiles=2545 underruns=3 overruns=0 sleep_us=60696373 queue_ms=327
fps: 16.7
vis: 50.0
cpu: exceptions=124232 cacheResets=1 batches=728316 verts=11646600 texStalls=0 recompiles=2545 underruns=3 overruns=0 sleep_us=60996076 queue_ms=325
fps: 16.7
vis: 50.0
cpu: exceptions=124625 cacheResets=1 batches=731340 verts=11729598 texStalls=0 recompiles=2545 underruns=3 overruns=0 sleep_us=61273958 queue_ms=331
vis: 50.0
cpu: exceptions=125016 cacheResets=1 batches=734028 verts=11803374 texStalls=0 recompiles=2545 underruns=3 overruns=0 sleep_us=61570071 queue_ms=328
fps: 16.7
vis: 50.0
cpu: exceptions=125407 cacheResets=1 batches=736716 verts=11877150 texStalls=0 recompiles=2545 underruns=3 overruns=0 sleep_us=61883240 queue_ms=335
fps: 16.7
vis: 50.0
cpu: exceptions=125800 cacheResets=1 batches=739740 verts=11960148 texStalls=0 recompiles=2545 underruns=3 overruns=0 sleep_us=62175548 queue_ms=330
fps: 16.7
vis: 50.0
cpu: exceptions=126191 cacheResets=1 batches=742428 verts=12033924 texStalls=0 recompiles=2548 underruns=3 overruns=0 sleep_us=62464668 queue_ms=338
fps: 16.7
vis: 50.0
cpu: exceptions=126582 cacheResets=1 batches=745116 verts=12107700 texStalls=0 recompiles=2548 underruns=3 overruns=0 sleep_us=62754509 queue_ms=334
fps: 16.7
vis: 49.9
cpu: exceptions=126975 cacheResets=1 batches=748140 verts=12190698 texStalls=0 recompiles=2548 underruns=3 overruns=0 sleep_us=63030851 queue_ms=341
fps: 16.6
vis: 50.0
cpu: exceptions=127366 cacheResets=1 batches=750828 verts=12264474 texStalls=0 recompiles=2548 underruns=3 overruns=0 sleep_us=63321860 queue_ms=336
fps: 16.7
vis: 50.0
cpu: exceptions=127757 cacheResets=1 batches=753516 verts=12338250 texStalls=0 recompiles=2548 underruns=3 overruns=0 sleep_us=63610670 queue_ms=335
fps: 16.7
vis: 50.0
cpu: exceptions=128150 cacheResets=1 batches=756540 verts=12421248 texStalls=0 recompiles=2548 underruns=3 overruns=0 sleep_us=63889023 queue_ms=340
fps: 16.7
vis: 50.0
cpu: exceptions=128541 cacheResets=1 batches=759228 verts=12495024 texStalls=0 recompiles=2548 underruns=3 overruns=0 sleep_us=64178074 queue_ms=338
fps: 16.7
vis: 50.0
cpu: exceptions=128932 cacheResets=1 batches=761916 verts=12568800 texStalls=0 recompiles=2548 underruns=3 overruns=0 sleep_us=64473581 queue_ms=343
fps: 16.7
vis: 50.0
cpu: exceptions=129325 cacheResets=1 batches=764940 verts=12651798 texStalls=0 recompiles=2548 underruns=3 overruns=0 sleep_us=64745706 queue_ms=340
fps: 16.7
vis: 50.0
cpu: exceptions=129716 cacheResets=1 batches=767628 verts=12725574 texStalls=0 recompiles=2548 underruns=3 overruns=0 sleep_us=65041834 queue_ms=338
vis: 50.0
cpu: exceptions=130107 cacheResets=1 batches=770316 verts=12799350 texStalls=0 recompiles=2548 underruns=3 overruns=0 sleep_us=65341855 queue_ms=344
fps: 16.6
vis: 50.0
cpu: exceptions=130500 cacheResets=1 batches=773340 verts=12882348 texStalls=0 recompiles=2549 underruns=3 overruns=0 sleep_us=65615379 queue_ms=341
fps: 16.7
vis: 50.0
cpu: exceptions=130891 cacheResets=1 batches=776028 verts=12956124 texStalls=0 recompiles=2549 underruns=3 overruns=0 sleep_us=65912286 queue_ms=347
fps: 16.7
vis: 50.0
cpu: exceptions=131282 cacheResets=1 batches=778716 verts=13029900 texStalls=0 recompiles=2549 underruns=3 overruns=0 sleep_us=66207954 queue_ms=345
fps: 16.7
vis: 50.0
cpu: exceptions=131675 cacheResets=1 batches=781740 verts=13112898 texStalls=0 recompiles=2549 underruns=3 overruns=0 sleep_us=66490330 queue_ms=350
fps: 16.7
vis: 50.0
cpu: exceptions=132066 cacheResets=1 batches=784428 verts=13186674 texStalls=0 recompiles=2549 underruns=3 overruns=0 sleep_us=66768734 queue_ms=347
fps: 16.7
vis: 50.0
cpu: exceptions=132457 cacheResets=1 batches=787116 verts=13260450 texStalls=0 recompiles=2549 underruns=3 overruns=0 sleep_us=67035063 queue_ms=353
fps: 16.7
vis: 49.9
cpu: exceptions=132850 cacheResets=1 batches=790140 verts=13343448 texStalls=0 recompiles=2549 underruns=3 overruns=0 sleep_us=67271468 queue_ms=351
fps: 16.6
vis: 50.0
cpu: exceptions=133241 cacheResets=1 batches=792828 verts=13417224 texStalls=0 recompiles=2549 underruns=3 overruns=0 sleep_us=67525289 queue_ms=346
fps: 16.7
vis: 50.0
cpu: exceptions=133632 cacheResets=1 batches=795516 verts=13491000 texStalls=0 recompiles=2549 underruns=3 overruns=0 sleep_us=67773825 queue_ms=354
fps: 16.7
vis: 49.9
cpu: exceptions=134025 cacheResets=1 batches=798540 verts=13573998 texStalls=0 recompiles=2552 underruns=3 overruns=0 sleep_us=68014587 queue_ms=350
fps: 16.6
vis: 50.0
cpu: exceptions=134416 cacheResets=1 batches=801228 verts=13647774 texStalls=0 recompiles=2552 underruns=3 overruns=0 sleep_us=68272638 queue_ms=348
fps: 16.7
vis: 50.0
cpu: exceptions=134807 cacheResets=1 batches=803916 verts=13721550 texStalls=0 recompiles=2552 underruns=3 overruns=0 sleep_us=68524230 queue_ms=353
fps: 16.7
vis: 49.9
cpu: exceptions=135200 cacheResets=1 batches=806940 verts=13804548 texStalls=0 recompiles=2552 underruns=3 overruns=0 sleep_us=68766580 queue_ms=351
vis: 50.0
cpu: exceptions=135591 cacheResets=1 batches=809628 verts=13878324 texStalls=0 recompiles=2552 underruns=3 overruns=0 sleep_us=69025058 queue_ms=357
fps: 16.6
vis: 50.0
cpu: exceptions=135982 cacheResets=1 batches=812316 verts=13952100 texStalls=0 recompiles=2552 underruns=3 overruns=0 sleep_us=69282912 queue_ms=354
fps: 16.7
vis: 49.7
cpu: exceptions=136383 cacheResets=1 batches=815340 verts=14035098 texStalls=0 recompiles=2553 underruns=3 overruns=0 sleep_us=69503085 queue_ms=352
fps: 16.6
vis: 50.0
cpu: exceptions=136780 cacheResets=1 batches=818028 verts=14108874 texStalls=0 recompiles=2555 underruns=3 overruns=0 sleep_us=69715859 queue_ms=356
fps: 16.7
vis: 50.0
cpu: exceptions=137172 cacheResets=1 batches=820716 verts=14182650 texStalls=0 recompiles=2556 underruns=3 overruns=0 sleep_us=69953846 queue_ms=355
fps: 16.7
vis: 49.9
cpu: exceptions=137566 cacheResets=1 batches=823740 verts=14265648 texStalls=0 recompiles=2556 underruns=3 overruns=0 sleep_us=70194274 queue_ms=351
fps: 16.6
vis: 50.0
cpu: exceptions=137957 cacheResets=1 batches=826428 verts=14339424 texStalls=0 recompiles=2556 underruns=3 overruns=0 sleep_us=70478835 queue_ms=357
fps: 16.7
vis: 50.0
cpu: exceptions=138348 cacheResets=1 batches=829116 verts=14413200 texStalls=0 recompiles=2556 underruns=3 overruns=0 sleep_us=70786303 queue_ms=356
fps: 16.7
vis: 50.0
cpu: exceptions=138741 cacheResets=1 batches=832140 verts=14496198 texStalls=0 recompiles=2556 underruns=3 overruns=0 sleep_us=71069969 queue_ms=360
fps: 16.7
vis: 50.0
cpu: exceptions=139132 cacheResets=1 batches=834828 verts=14569974 texStalls=0 recompiles=2556 underruns=3 overruns=0 sleep_us=71354380 queue_ms=359
fps: 16.7
vis: 50.0
cpu: exceptions=139523 cacheResets=1 batches=837516 verts=14643750 texStalls=0 recompiles=2556 underruns=3 overruns=0 sleep_us=71654385 queue_ms=363
fps: 16.7
vis: 50.0
cpu: exceptions=139916 cacheResets=1 batches=840540 verts=14726748 texStalls=0 recompiles=2556 underruns=3 overruns=0 sleep_us=71934721 queue_ms=362
fps: 16.7
vis: 50.0
cpu: exceptions=140307 cacheResets=1 batches=843228 verts=14800524 texStalls=0 recompiles=2559 underruns=3 overruns=0 sleep_us=72231943 queue_ms=366
vis: 50.0
cpu: exceptions=140698 cacheResets=1 batches=845916 verts=14874300 texStalls=0 recompiles=2559 underruns=3 overruns=0 sleep_us=72528749 queue_ms=364
fps: 16.7
vis: 50.0
cpu: exceptions=141091 cacheResets=1 batches=848940 verts=14957298 texStalls=0 recompiles=2559 underruns=3 overruns=0 sleep_us=72809536 queue_ms=369
fps: 16.7
vis: 50.0
cpu: exceptions=141483 cacheResets=1 batches=851628 verts=15031074 texStalls=0 recompiles=2566 underruns=3 overruns=0 sleep_us=73107907 queue_ms=367
fps: 16.7
vis: 50.0
cpu: exceptions=141874 cacheResets=1 batches=854316 verts=15104850 texStalls=0 recompiles=2566 underruns=3 overruns=0 sleep_us=73404926 queue_ms=364
fps: 16.7
vis: 50.0
cpu: exceptions=142267 cacheResets=1 batches=857340 verts=15187848 texStalls=0 recompiles=2566 underruns=3 overruns=0 sleep_us=73704496 queue_ms=371
fps: 16.7
vis: 50.0
cpu: exceptions=142658 cacheResets=1 batches=860028 verts=15261624 texStalls=0 recompiles=2566 underruns=3 overruns=0 sleep_us=74014269 queue_ms=367
fps: 16.7
vis: 50.0
cpu: exceptions=143049 cacheResets=1 batches=862716 verts=15335400 texStalls=0 recompiles=2566 underruns=3 overruns=0 sleep_us=74306065 queue_ms=374
fps: 16.7
vis: 50.0
cpu: exceptions=143442 cacheResets=1 batches=865740 verts=15418398 texStalls=0 recompiles=2566 underruns=3 overruns=0 sleep_us=74581098 queue_ms=369
fps: 16.7
vis: 50.0
cpu: exceptions=143833 cacheResets=1 batches=868428 verts=15492174 texStalls=0 recompiles=2566 underruns=3 overruns=0 sleep_us=74873878 queue_ms=376
fps: 16.7
vis: 50.0
cpu: exceptions=144224 cacheResets=1 batches=871116 verts=15565950 texStalls=0 recompiles=2566 underruns=3 overruns=0 sleep_us=75169904 queue_ms=373
fps: 16.7
vis: 50.0
cpu: exceptions=144617 cacheResets=1 batches=874140 verts=15648948 texStalls=0 recompiles=2566 underruns=3 overruns=0 sleep_us=75442256 queue_ms=370
fps: 16.7
vis: 50.0
cpu: exceptions=145008 cacheResets=1 batches=876828 verts=15722724 texStalls=0 recompiles=2566 underruns=3 overruns=0 sleep_us=75742234 queue_ms=377
fps: 16.7
vis: 50.0
cpu: exceptions=145399 cacheResets=1 batches=879516 verts=15796500 texStalls=0 recompiles=2566 underruns=3 overruns=0 sleep_us=76031965 queue_ms=373
fps: 16.6
vis: 50.0
cpu: exceptions=145792 cacheResets=1 batches=882540 verts=15879498 texStalls=0 recompiles=2566 underruns=3 overruns=0 sleep_us=76314677 queue_ms=380
vis: 50.0
cpu: exceptions=146184 cacheResets=1 batches=885228 verts=15953274 texStalls=0 recompiles=2573 underruns=3 overruns=0 sleep_us=76601025 queue_ms=376
fps: 16.7
vis: 50.0
cpu: exceptions=146575 cacheResets=1 batches=887916 verts=16027050 texStalls=0 recompiles=2573 underruns=3 overruns=0 sleep_us=76896699 queue_ms=384
fps: 16.7
vis: 50.0
cpu: exceptions=146968 cacheResets=1 batches=890940 verts=16110048 texStalls=0 recompiles=2573 underruns=3 overruns=0 sleep_us=77172414 queue_ms=379
fps: 16.7
vis: 50.0
cpu: exceptions=147359 cacheResets=1 batches=893628 verts=16183824 texStalls=0 recompiles=2573 underruns=3 overruns=0 sleep_us=77463730 queue_ms=387
fps: 16.7
vis: 50.0
cpu: exceptions=147750 cacheResets=1 batches=896316 verts=16257600 texStalls=0 recompiles=2575 underruns=3 overruns=0 sleep_us=77761653 queue_ms=383
fps: 16.7
vis: 50.0
cpu: exceptions=148143 cacheResets=1 batches=899340 verts=16340598 texStalls=0 recompiles=2575 underruns=3 overruns=0 sleep_us=78046060 queue_ms=381
fps: 16.7
vis: 50.0
cpu: exceptions=148534 cacheResets=1 batches=902028 verts=16414374 texStalls=0 recompiles=2575 underruns=3 overruns=0 sleep_us=78348163 queue_ms=386
fps: 16.7
vis: 50.0
cpu: exceptions=148925 cacheResets=1 batches=904716 verts=16488150 texStalls=0 recompiles=2575 underruns=3 overruns=0 sleep_us=78643197 queue_ms=383
fps: 16.7
vis: 50.0
cpu: exceptions=149319 cacheResets=1 batches=907740 verts=16571148 texStalls=0 recompiles=2575 underruns=3 overruns=0 sleep_us=78928373 queue_ms=389
fps: 16.7
vis: 50.0
cpu: exceptions=149710 cacheResets=1 batches=910429 verts=16644924 texStalls=0 recompiles=2575 underruns=3 overruns=0 sleep_us=79230602 queue_ms=386
fps: 16.7
vis: 50.0
cpu: exceptions=150101 cacheResets=1 batches=913117 verts=16718700 texStalls=0 recompiles=2575 underruns=3 overruns=0 sleep_us=79526057 queue_ms=385
fps: 16.7
vis: 49.9
cpu: exceptions=150494 cacheResets=1 batches=916141 verts=16801698 texStalls=0 recompiles=2575 underruns=3 overruns=0 sleep_us=79783824 queue_ms=389
fps: 16.6
vis: 50.0
cpu: exceptions=150885 cacheResets=1 batches=918829 verts=16875474 texStalls=0 recompiles=2575 underruns=3 overruns=0 sleep_us=80040295 queue_ms=388
vis: 50.0
cpu: exceptions=151276 cacheResets=1 batches=921517 verts=16949250 texStalls=0 recompiles=2575 underruns=3 overruns=0 sleep_us=80295478 queue_ms=392
fps: 16.7
vis: 49.8
cpu: exceptions=151669 cacheResets=1 batches=924541 verts=17032248 texStalls=0 recompiles=2575 underruns=3 overruns=0 sleep_us=80527355 queue_ms=391
fps: 16.6
vis: 50.0
cpu: exceptions=152060 cacheResets=1 batches=927229 verts=17106024 texStalls=0 recompiles=2575 underruns=3 overruns=0 sleep_us=80784089 queue_ms=395
fps: 16.7
vis: 50.0
cpu: exceptions=152451 cacheResets=1 batches=929917 verts=17179800 texStalls=0 recompiles=2575 underruns=3 overruns=0 sleep_us=81041472 queue_ms=393
fps: 16.7
vis: 49.7
cpu: exceptions=152845 cacheResets=1 batches=932941 verts=17262798 texStalls=0 recompiles=2575 underruns=3 overruns=0 sleep_us=81264767 queue_ms=389
fps: 16.6
vis: 50.0
cpu: exceptions=153236 cacheResets=1 batches=935629 verts=17336574 texStalls=0 recompiles=2575 underruns=3 overruns=0 sleep_us=81480811 queue_ms=387
fps: 16.6
vis: 50.0
cpu: exceptions=153629 cacheResets=1 batches=938317 verts=17410350 texStalls=0 recompiles=2575 underruns=3 overruns=0 sleep_us=81716403 queue_ms=394
fps: 16.7
vis: 49.8
cpu: exceptions=154022 cacheResets=1 batches=941341 verts=17493348 texStalls=0 recompiles=2575 underruns=3 overruns=0 sleep_us=81940609 queue_ms=390
fps: 16.6
vis: 50.0
cpu: exceptions=154413 cacheResets=1 batches=944029 verts=17567124 texStalls=0 recompiles=2575 underruns=3 overruns=0 sleep_us=82179309 queue_ms=396
fps: 16.7
vis: 50.0
cpu: exceptions=154809 cacheResets=1 batches=946717 verts=17640900 texStalls=0 recompiles=2580 underruns=3 overruns=0 sleep_us=82387486 queue_ms=393
fps: 16.7
vis: 49.9
cpu: exceptions=155208 cacheResets=1 batches=949741 verts=17723898 texStalls=0 recompiles=2583 underruns=3 overruns=0 sleep_us=82610409 queue_ms=390
fps: 16.6
vis: 50.0
cpu: exceptions=155617 cacheResets=1 batches=952429 verts=17797674 texStalls=0 recompiles=2586 underruns=3 overruns=0 sleep_us=82869006 queue_ms=396
fps: 16.7
vis: 50.0
cpu: exceptions=156018 cacheResets=1 batches=955117 verts=17871450 texStalls=0 recompiles=2590 underruns=3 overruns=0 sleep_us=83151053 queue_ms=394
fps: 16.7
vis: 50.0
cpu: exceptions=156410 cacheResets=1 batches=958141 verts=17954448 texStalls=0 recompiles=2590 underruns=3 overruns=0 sleep_us=83454078 queue_ms=399
vis: 50.0
cpu: exceptions=156801 cacheResets=1 batches=960829 verts=18028224 texStalls=0 recompiles=2590 underruns=3 overruns=0 sleep_us=83774560 queue_ms=398
fps: 16.7
vis: 50.0
cpu: exceptions=157192 cacheResets=1 batches=963517 verts=18102000 texStalls=0 recompiles=2590 underruns=3 overruns=0 sleep_us=84095107 queue_ms=402
fps: 16.7
vis: 50.0
cpu: exceptions=157585 cacheResets=1 batches=966541 verts=18184998 texStalls=0 recompiles=2593 underruns=3 overruns=0 sleep_us=84397948 queue_ms=401
fps: 16.7
vis: 50.0
cpu: exceptions=157976 cacheResets=1 batches=969229 verts=18258774 texStalls=0 recompiles=2593 underruns=3 overruns=0 sleep_us=84717983 queue_ms=396
fps: 16.7
vis: 50.0
cpu: exceptions=158367 cacheResets=1 batches=971917 verts=18332550 texStalls=0 recompiles=2593 underruns=3 overruns=0 sleep_us=85041416 queue_ms=403
fps: 16.7
vis: 50.0
cpu: exceptions=158760 cacheResets=1 batches=974941 verts=18415548 texStalls=0 recompiles=2593 underruns=3 overruns=0 sleep_us=85332950 queue_ms=399
fps: 16.7
vis: 50.0
cpu: exceptions=159151 cacheResets=1 batches=977629 verts=18489324 texStalls=0 recompiles=2593 underruns=3 overruns=0 sleep_us=85639332 queue_ms=406
fps: 16.7
vis: 50.0
cpu: exceptions=159542 cacheResets=1 batches=980317 verts=18563100 texStalls=0 recompiles=2593 underruns=3 overruns=0 sleep_us=85945623 queue_ms=403
fps: 16.7
vis: 50.0
cpu: exceptions=159935 cacheResets=1 batches=983341 verts=18646098 texStalls=0 recompiles=2595 underruns=3 overruns=0 sleep_us=86232774 queue_ms=410
fps: 16.7
vis: 50.0
cpu: exceptions=160326 cacheResets=1 batches=986029 verts=18719874 texStalls=0 recompiles=2595 underruns=3 overruns=0 sleep_us=86539094 queue_ms=406
fps: 16.7
vis: 50.0
cpu: exceptions=160717 cacheResets=1 batches=988717 verts=18793650 texStalls=0 recompiles=2595 underruns=3 overruns=0 sleep_us=86845181 queue_ms=412
fps: 16.7
vis: 50.0
cpu: exceptions=161110 cacheResets=1 batches=991741 verts=18876648 texStalls=0 recompiles=2595 underruns=3 overruns=0 sleep_us=87134127 queue_ms=409
fps: 16.7
vis: 50.0
cpu: exceptions=161501 cacheResets=1 batches=994442 verts=18950424 texStalls=0 recompiles=2595 underruns=3 overruns=0 sleep_us=87432735 queue_ms=406
vis: 50.0
cpu: exceptions=161892 cacheResets=1 batches=997130 verts=19024200 texStalls=0 recompiles=2595 underruns=3 overruns=0 sleep_us=87739270 queue_ms=413
fps: 16.7
vis: 50.0
cpu: exceptions=162285 cacheResets=1 batches=1000154 verts=19107198 texStalls=0 recompiles=2595 underruns=3 overruns=0 sleep_us=88022977 queue_ms=409
fps: 16.7
vis: 50.0
cpu: exceptions=162676 cacheResets=1 batches=1002842 verts=19180974 texStalls=0 recompiles=2595 underruns=3 overruns=0 sleep_us=88312387 queue_ms=417
fps: 16.7
vis: 50.0
cpu: exceptions=163069 cacheResets=1 batches=1005530 verts=19254750 texStalls=0 recompiles=2596 underruns=3 overruns=0 sleep_us=88597287 queue_ms=412
fps: 16.7
vis: 49.9
cpu: exceptions=163463 cacheResets=1 batches=1008552 verts=19337598 texStalls=0 recompiles=2600 underruns=3 overruns=0 sleep_us=88858572 queue_ms=420
fps: 16.6
vis: 50.0
cpu: exceptions=163856 cacheResets=1 batches=1011208 verts=19409934 texStalls=0 recompiles=2600 underruns=3 overruns=0 sleep_us=89132878 queue_ms=415
fps: 16.7
vis: 50.0
cpu: exceptions=164254 cacheResets=1 batches=1013864 verts=19482270 texStalls=0 recompiles=2600 underruns=3 overruns=0 sleep_us=89382810 queue_ms=414
fps: 16.7
vis: 49.7
cpu: exceptions=164649 cacheResets=1 batches=1016852 verts=19563648 texStalls=0 recompiles=2600 underruns=3 overruns=0 sleep_us=89599352 queue_ms=409
fps: 16.6
vis: 50.0
cpu: exceptions=165042 cacheResets=1 batches=1019508 verts=19635984 texStalls=0 recompiles=2600 underruns=3 overruns=0 sleep_us=89833858 queue_ms=417
fps: 16.7
vis: 50.0
cpu: exceptions=165434 cacheResets=1 batches=1022164 verts=19708320 texStalls=0 recompiles=2600 underruns=3 overruns=0 sleep_us=90067233 queue_ms=413
fps: 16.7
vis: 49.7
cpu: exceptions=165827 cacheResets=1 batches=1025152 verts=19789698 texStalls=0 recompiles=2600 underruns=3 overruns=0 sleep_us=90292454 queue_ms=420
fps: 16.6
vis: 50.0
cpu: exceptions=166218 cacheResets=1 batches=1027808 verts=19862034 texStalls=0 recompiles=2600 underruns=3 overruns=0 sleep_us=90525391 queue_ms=415
fps: 16.7
vis: 50.0
cpu: exceptions=166613 cacheResets=1 batches=1030464 verts=19934370 texStalls=0 recompiles=2600 underruns=3 overruns=0 sleep_us=90738688 queue_ms=423
fps: 16.7
vis: 49.6
cpu: exceptions=167008 cacheResets=1 batches=1033452 verts=20015748 texStalls=0 recompiles=2606 underruns=3 overruns=0 sleep_us=90928652 queue_ms=418
vis: 50.0
cpu: exceptions=167401 cacheResets=1 batches=1036108 verts=20088084 texStalls=0 recompiles=2606 underruns=3 overruns=0 sleep_us=91138605 queue_ms=417
fps: 16.5
vis: 50.0
cpu: exceptions=167793 cacheResets=1 batches=1038764 verts=20160420 texStalls=0 recompiles=2606 underruns=3 overruns=0 sleep_us=91380008 queue_ms=413
fps: 16.7
vis: 49.9
cpu: exceptions=168186 cacheResets=1 batches=1041752 verts=20241798 texStalls=0 recompiles=2606 underruns=3 overruns=0 sleep_us=91631938 queue_ms=420
fps: 16.6
vis: 50.0
cpu: exceptions=168577 cacheResets=1 batches=1044408 verts=20314134 texStalls=0 recompiles=2606 underruns=3 overruns=0 sleep_us=91916969 queue_ms=417
fps: 16.7
vis: 50.0
cpu: exceptions=168968 cacheResets=1 batches=1047066 verts=20386518 texStalls=0 recompiles=2608 underruns=3 overruns=0 sleep_us=92210319 queue_ms=422
fps: 16.6
vis: 50.0
cpu: exceptions=169361 cacheResets=1 batches=1050072 verts=20468328 texStalls=0 recompiles=2608 underruns=3 overruns=0 sleep_us=92483847 queue_ms=420
fps: 16.7
vis: 50.0
cpu: exceptions=169752 cacheResets=1 batches=1052744 verts=20541048 texStalls=0 recompiles=2608 underruns=3 overruns=0 sleep_us=92780661 queue_ms=416
mark: stop reason: chain guest VI limit
mark: stop_it requested
audio: alist_resample_calls=193292 alist_resample_samples=30992848 alist_zoh_calls=0 alist_zoh_samples=0 musyx_subframes=0 musyx_voices=0 musyx_voice_peak=0
audio_stages: adpcm_calls=215328 adpcm_samples=34190352 envmix_calls=193292 envmix_samples=30992848 mix_calls=160880 mix_samples=62681448 musyx_fx_calls=0 musyx_fx_taps=0 output_calls=8957 output_samples=5745120
audio_envmix: exp_calls=0 ge_calls=0 lin_calls=0 nead_calls=193292 exp_steady=0 ge_steady=0 lin_steady=0
audio_gaps: nead_mats=0 nead_efz=0 resample_flag2=0 musyx_ptr10=0
audio_output: stream_requests=22020 stream_fed=19902 input_hz=31995 playback_hz=31995 queue_peak_ms=444
audio_time: stage=resample sampled_calls=1521 sampled_samples=243808 sampled_us=21009
audio_time: stage=zoh sampled_calls=0 sampled_samples=0 sampled_us=0
audio_time: stage=adpcm sampled_calls=1695 sampled_samples=269936 sampled_us=20012
audio_time: stage=envmix_exp sampled_calls=0 sampled_samples=0 sampled_us=0
audio_time: stage=envmix_ge sampled_calls=0 sampled_samples=0 sampled_us=0
audio_time: stage=envmix_lin sampled_calls=0 sampled_samples=0 sampled_us=0
audio_time: stage=envmix_nead sampled_calls=1521 sampled_samples=243808 sampled_us=21770
audio_time: stage=mix sampled_calls=1266 sampled_samples=492880 sampled_us=10339
audio_time: stage=musyx_voice sampled_calls=0 sampled_samples=0 sampled_us=0
audio_time: stage=musyx_fx sampled_calls=0 sampled_samples=0 sampled_us=0
audio_time: stage=output sampled_calls=70 sampled_samples=44912 sampled_us=207
gpu_counters: clks=0 tb_clks=43829571924 ras_busy=0 xf_wait_in=0 xf_wait_out=0 ras_peak_permille=0 ztop_in=0 ztop_out=0 z_in=0 z_out=0 blend_in=0 copy_clks=0 fifo_overflows=10
game: n=2/9 how=vis vis=9000 vi_rate=50 vi0_retrace=4295 wall_us=180368544 sleep_us=92936678 avg_vis=49.77 avg_fps=24.80 exceptions=169956 cacheResets=1 recompiles=2608 batches=1054080 verts=20577408 texStalls=0 treeDepthMax=15 underruns=3 overruns=0 queue_peak_ms=423 dsp_avg=3.83 dsp_peak=5.50 dsp_samples=361 pmc1=131179522715 pmc2=0 pmc3=0 pmc4=0 mmcr0=00000042 mmcr1=00000000 heap_used=10957240 heap_free=35464 arena1_free=233472 arena2_free=288704 flushes=20 flush_us=16923 padtrace=29 rom=sd:/wii64/roms/Legend of Zelda, The - Majora's Mask (E) (M4) [!].z64
=== chain 2/9 end vis=9000 how=vis rom=sd:/wii64/roms/Legend of Zelda, The - Majora's Mask (E) (M4) [!].z64 ===
mark: pad replay records: 22
mark: loadROM: enter
mark: loadROM: before rom_read
mark: ROMCache_load: enter
mark: ROMCache_load: before first read
mark: ROMCache_load: first read returned
mark: ROMCache_load: byte_swap_type set
mark: ROMCache_load: first byte_swap done
menufps: 0.0
mark: ROMCache_load: loop exited normally
mark: ROMCache_load: elapsed_us=420736 bytes=13893632 vm=0
mark: loadROM: after rom_read
mark: loadROM: before init_memory
mark: loadROM: after init_memory
mark: loadROM: before romOpen_gfx
mark: loadROM: after romOpen_gfx / before romOpen_audio
mark: loadROM: after romOpen_audio / before romOpen_input
mark: loadROM: after romOpen_input / before cpu_init
mark: loadROM: after cpu_init
menufps: 18.1
menufps: 1.0
menufps: 1.0
fps: 2.1
first_vi: vi0_retrace=15325
vis: 3.6
cpu: exceptions=0 cacheResets=0 batches=0 verts=0 texStalls=0 recompiles=0 underruns=0 overruns=0 sleep_us=0 queue_ms=0
mark: CPU core dispatch: dynarec
vis: 60.0
cpu: exceptions=1030 cacheResets=1 batches=0 verts=0 texStalls=0 recompiles=316 underruns=1 overruns=0 sleep_us=125178 queue_ms=74
vis: 60.0
cpu: exceptions=1330 cacheResets=1 batches=0 verts=0 texStalls=0 recompiles=316 underruns=1 overruns=0 sleep_us=605889 queue_ms=70
vis: 60.0
cpu: exceptions=1630 cacheResets=1 batches=0 verts=0 texStalls=0 recompiles=331 underruns=1 overruns=0 sleep_us=1084954 queue_ms=66
vis: 60.0
cpu: exceptions=1930 cacheResets=1 batches=0 verts=0 texStalls=0 recompiles=331 underruns=1 overruns=0 sleep_us=1565597 queue_ms=74
vis: 60.0
cpu: exceptions=2230 cacheResets=1 batches=0 verts=0 texStalls=0 recompiles=331 underruns=1 overruns=0 sleep_us=2046196 queue_ms=70
vis: 60.0
cpu: exceptions=2530 cacheResets=1 batches=0 verts=0 texStalls=0 recompiles=331 underruns=1 overruns=0 sleep_us=2526742 queue_ms=77
vis: 60.0
cpu: exceptions=2866 cacheResets=1 batches=0 verts=0 texStalls=0 recompiles=344 underruns=1 overruns=0 sleep_us=2999154 queue_ms=73
fps: 0.8
vis: 60.0
cpu: exceptions=3440 cacheResets=1 batches=64 verts=4140 texStalls=0 recompiles=468 underruns=1 overruns=0 sleep_us=3431656 queue_ms=79
fps: 1.6
vis: 60.0
cpu: exceptions=3545 cacheResets=1 batches=576 verts=37260 texStalls=0 recompiles=528 underruns=2 overruns=0 sleep_us=3746394 queue_ms=7
fps: 31.1
vis: 60.0
cpu: exceptions=3686 cacheResets=1 batches=1536 verts=99360 texStalls=0 recompiles=528 underruns=2 overruns=0 sleep_us=4103305 queue_ms=14
fps: 30.0
vis: 60.0
cpu: exceptions=3822 cacheResets=1 batches=2304 verts=149040 texStalls=0 recompiles=566 underruns=2 overruns=0 sleep_us=4425484 queue_ms=10
vis: 60.0
cpu: exceptions=3918 cacheResets=1 batches=2304 verts=149040 texStalls=0 recompiles=566 underruns=2 overruns=0 sleep_us=4653264 queue_ms=17
fps: 3.8
vis: 60.0
cpu: exceptions=4017 cacheResets=1 batches=2424 verts=149760 texStalls=0 recompiles=598 underruns=3 overruns=0 sleep_us=4961172 queue_ms=23
fps: 1.7
vis: 60.0
cpu: exceptions=4119 cacheResets=1 batches=2904 verts=152640 texStalls=0 recompiles=610 underruns=5 overruns=0 sleep_us=5303337 queue_ms=7
fps: 31.0
vis: 60.0
cpu: exceptions=4333 cacheResets=1 batches=4704 verts=163440 texStalls=0 recompiles=611 underruns=5 overruns=0 sleep_us=5524213 queue_ms=11
fps: 30.0
vis: 60.0
cpu: exceptions=4534 cacheResets=1 batches=6504 verts=174240 texStalls=0 recompiles=614 underruns=5 overruns=0 sleep_us=5739562 queue_ms=8
fps: 30.0
vis: 60.0
cpu: exceptions=4727 cacheResets=1 batches=8304 verts=185040 texStalls=0 recompiles=614 underruns=5 overruns=0 sleep_us=5949348 queue_ms=15
fps: 30.0
vis: 60.0
cpu: exceptions=4921 cacheResets=1 batches=10104 verts=195840 texStalls=0 recompiles=614 underruns=5 overruns=0 sleep_us=6160473 queue_ms=10
fps: 30.0
vis: 60.0
cpu: exceptions=5100 cacheResets=1 batches=11904 verts=206640 texStalls=0 recompiles=614 underruns=5 overruns=0 sleep_us=6376261 queue_ms=16
fps: 30.0
vis: 60.0
cpu: exceptions=5278 cacheResets=1 batches=13704 verts=217440 texStalls=0 recompiles=618 underruns=5 overruns=0 sleep_us=6590402 queue_ms=13
vis: 60.0
cpu: exceptions=5458 cacheResets=1 batches=15024 verts=225360 texStalls=0 recompiles=625 underruns=5 overruns=0 sleep_us=6788520 queue_ms=19
vis: 60.0
cpu: exceptions=5609 cacheResets=1 batches=15024 verts=225360 texStalls=0 recompiles=625 underruns=5 overruns=0 sleep_us=6961085 queue_ms=14
vis: 60.0
cpu: exceptions=5717 cacheResets=1 batches=15024 verts=225360 texStalls=0 recompiles=631 underruns=5 overruns=0 sleep_us=7199137 queue_ms=21
fps: 6.6
vis: 60.0
cpu: exceptions=5838 cacheResets=1 batches=15024 verts=225360 texStalls=0 recompiles=674 underruns=5 overruns=0 sleep_us=7465990 queue_ms=17
fps: 32.0
vis: 60.0
cpu: exceptions=6051 cacheResets=1 batches=15024 verts=225360 texStalls=0 recompiles=674 underruns=5 overruns=0 sleep_us=7724095 queue_ms=23
fps: 30.0
vis: 60.0
cpu: exceptions=6240 cacheResets=1 batches=15024 verts=225360 texStalls=0 recompiles=674 underruns=5 overruns=0 sleep_us=7980768 queue_ms=19
fps: 30.0
vis: 60.0
cpu: exceptions=6411 cacheResets=1 batches=15024 verts=225360 texStalls=0 recompiles=674 underruns=5 overruns=0 sleep_us=8242028 queue_ms=16
vis: 60.0
cpu: exceptions=6578 cacheResets=1 batches=15024 verts=225360 texStalls=0 recompiles=674 underruns=5 overruns=0 sleep_us=8504965 queue_ms=23
fps: 30.0
vis: 60.0
cpu: exceptions=6748 cacheResets=1 batches=15024 verts=225360 texStalls=0 recompiles=674 underruns=5 overruns=0 sleep_us=8768844 queue_ms=19
fps: 30.0
vis: 59.9
cpu: exceptions=6921 cacheResets=1 batches=15024 verts=225360 texStalls=0 recompiles=681 underruns=5 overruns=0 sleep_us=9028374 queue_ms=26
fps: 29.9
vis: 60.0
cpu: exceptions=7087 cacheResets=1 batches=15024 verts=225360 texStalls=0 recompiles=686 underruns=5 overruns=0 sleep_us=9274607 queue_ms=22
fps: 30.0
vis: 60.0
cpu: exceptions=7256 cacheResets=1 batches=15024 verts=225360 texStalls=0 recompiles=686 underruns=5 overruns=0 sleep_us=9533482 queue_ms=28
fps: 30.0
vis: 60.0
cpu: exceptions=7428 cacheResets=1 batches=15024 verts=225360 texStalls=0 recompiles=686 underruns=5 overruns=0 sleep_us=9804362 queue_ms=25
fps: 30.0
vis: 60.0
cpu: exceptions=7588 cacheResets=1 batches=15024 verts=225360 texStalls=0 recompiles=686 underruns=5 overruns=0 sleep_us=10077749 queue_ms=32
fps: 30.0
vis: 60.0
cpu: exceptions=7762 cacheResets=1 batches=15024 verts=225360 texStalls=0 recompiles=686 underruns=5 overruns=0 sleep_us=10348705 queue_ms=28
fps: 30.0
vis: 60.0
cpu: exceptions=7938 cacheResets=1 batches=15024 verts=225360 texStalls=0 recompiles=686 underruns=5 overruns=0 sleep_us=10620541 queue_ms=25
fps: 30.0
vis: 60.0
cpu: exceptions=8106 cacheResets=1 batches=15024 verts=225360 texStalls=0 recompiles=686 underruns=5 overruns=0 sleep_us=10893112 queue_ms=32
fps: 29.9
vis: 60.0
cpu: exceptions=8281 cacheResets=1 batches=15024 verts=225360 texStalls=0 recompiles=686 underruns=5 overruns=0 sleep_us=11165156 queue_ms=28
fps: 30.0
vis: 60.0
cpu: exceptions=8450 cacheResets=1 batches=15024 verts=225360 texStalls=0 recompiles=686 underruns=5 overruns=0 sleep_us=11441134 queue_ms=34
fps: 30.1
vis: 60.0
cpu: exceptions=8616 cacheResets=1 batches=15024 verts=225360 texStalls=0 recompiles=688 underruns=5 overruns=0 sleep_us=11743029 queue_ms=30
fps: 30.0
vis: 60.0
cpu: exceptions=8775 cacheResets=1 batches=15024 verts=225360 texStalls=0 recompiles=688 underruns=5 overruns=0 sleep_us=12045496 queue_ms=37
fps: 30.0
vis: 60.0
cpu: exceptions=8941 cacheResets=1 batches=15024 verts=225360 texStalls=0 recompiles=688 underruns=5 overruns=0 sleep_us=12343094 queue_ms=33
fps: 29.9
vis: 60.0
cpu: exceptions=9132 cacheResets=1 batches=15024 verts=225360 texStalls=0 recompiles=688 underruns=5 overruns=0 sleep_us=12611375 queue_ms=28
fps: 30.0
vis: 60.0
cpu: exceptions=9305 cacheResets=1 batches=15024 verts=225360 texStalls=0 recompiles=688 underruns=5 overruns=0 sleep_us=12888913 queue_ms=35
fps: 30.1
vis: 60.0
cpu: exceptions=9461 cacheResets=1 batches=15024 verts=225360 texStalls=0 recompiles=688 underruns=5 overruns=0 sleep_us=13181329 queue_ms=31
fps: 30.0
vis: 60.0
cpu: exceptions=9618 cacheResets=1 batches=15024 verts=225360 texStalls=0 recompiles=688 underruns=5 overruns=0 sleep_us=13473687 queue_ms=38
fps: 30.0
vis: 60.0
cpu: exceptions=9772 cacheResets=1 batches=15024 verts=225360 texStalls=0 recompiles=688 underruns=5 overruns=0 sleep_us=13768170 queue_ms=35
fps: 30.0
vis: 60.0
cpu: exceptions=9930 cacheResets=1 batches=15024 verts=225360 texStalls=0 recompiles=688 underruns=5 overruns=0 sleep_us=14068632 queue_ms=41
fps: 30.0
vis: 60.0
cpu: exceptions=10085 cacheResets=1 batches=15024 verts=225360 texStalls=0 recompiles=688 underruns=5 overruns=0 sleep_us=14371869 queue_ms=36
fps: 30.0
vis: 60.0
cpu: exceptions=10247 cacheResets=1 batches=15024 verts=225360 texStalls=0 recompiles=688 underruns=5 overruns=0 sleep_us=14676168 queue_ms=42
fps: 29.9
vis: 60.0
cpu: exceptions=10399 cacheResets=1 batches=15024 verts=225360 texStalls=0 recompiles=688 underruns=5 overruns=0 sleep_us=14977231 queue_ms=38
fps: 30.0
vis: 60.0
cpu: exceptions=10555 cacheResets=1 batches=15024 verts=225360 texStalls=0 recompiles=688 underruns=5 overruns=0 sleep_us=15273027 queue_ms=45
fps: 30.0
vis: 60.0
cpu: exceptions=10704 cacheResets=1 batches=15024 verts=225360 texStalls=0 recompiles=688 underruns=5 overruns=0 sleep_us=15585353 queue_ms=41
fps: 29.9
vis: 60.0
cpu: exceptions=10906 cacheResets=1 batches=15024 verts=225360 texStalls=0 recompiles=688 underruns=5 overruns=0 sleep_us=15855302 queue_ms=48
vis: 60.0
cpu: exceptions=11099 cacheResets=1 batches=15024 verts=225360 texStalls=0 recompiles=688 underruns=5 overruns=0 sleep_us=16113896 queue_ms=44
fps: 30.0
vis: 60.0
cpu: exceptions=11281 cacheResets=1 batches=15024 verts=225360 texStalls=0 recompiles=688 underruns=5 overruns=0 sleep_us=16382096 queue_ms=39
fps: 30.0
vis: 60.0
cpu: exceptions=11456 cacheResets=1 batches=15024 verts=225360 texStalls=0 recompiles=688 underruns=5 overruns=0 sleep_us=16654653 queue_ms=45
fps: 30.0
vis: 60.0
cpu: exceptions=11627 cacheResets=1 batches=15024 verts=225360 texStalls=0 recompiles=688 underruns=5 overruns=0 sleep_us=16927636 queue_ms=42
fps: 30.0
vis: 60.0
cpu: exceptions=11799 cacheResets=1 batches=15024 verts=225360 texStalls=0 recompiles=688 underruns=5 overruns=0 sleep_us=17199709 queue_ms=48
fps: 30.0
vis: 60.0
cpu: exceptions=11973 cacheResets=1 batches=15024 verts=225360 texStalls=0 recompiles=692 underruns=5 overruns=0 sleep_us=17470232 queue_ms=44
fps: 30.0
vis: 60.0
cpu: exceptions=12132 cacheResets=1 batches=15024 verts=225360 texStalls=0 recompiles=692 underruns=5 overruns=0 sleep_us=17716870 queue_ms=51
vis: 60.0
cpu: exceptions=12259 cacheResets=1 batches=15024 verts=225360 texStalls=0 recompiles=692 underruns=5 overruns=0 sleep_us=17895555 queue_ms=47
vis: 60.0
cpu: exceptions=12378 cacheResets=1 batches=15024 verts=225360 texStalls=0 recompiles=692 underruns=5 overruns=0 sleep_us=18114156 queue_ms=54
fps: 5.4
vis: 60.0
cpu: exceptions=12557 cacheResets=1 batches=15024 verts=225360 texStalls=0 recompiles=720 underruns=5 overruns=0 sleep_us=18335637 queue_ms=51
fps: 31.8
vis: 59.7
cpu: exceptions=12750 cacheResets=1 batches=15024 verts=225360 texStalls=0 recompiles=721 underruns=5 overruns=0 sleep_us=18562581 queue_ms=47
fps: 29.9
vis: 60.0
cpu: exceptions=12971 cacheResets=1 batches=15024 verts=225360 texStalls=0 recompiles=721 underruns=5 overruns=0 sleep_us=18737473 queue_ms=54
fps: 30.2
vis: 60.0
cpu: exceptions=13182 cacheResets=1 batches=15024 verts=225360 texStalls=0 recompiles=721 underruns=5 overruns=0 sleep_us=18928461 queue_ms=49
fps: 29.9
vis: 60.0
cpu: exceptions=13386 cacheResets=1 batches=15024 verts=225360 texStalls=0 recompiles=721 underruns=5 overruns=0 sleep_us=19122052 queue_ms=56
fps: 30.0
vis: 60.0
cpu: exceptions=13574 cacheResets=1 batches=15024 verts=225360 texStalls=0 recompiles=721 underruns=5 overruns=0 sleep_us=19374236 queue_ms=53
fps: 29.8
vis: 59.8
cpu: exceptions=13761 cacheResets=1 batches=15024 verts=225360 texStalls=0 recompiles=724 underruns=5 overruns=0 sleep_us=19618243 queue_ms=60
vis: 60.0
cpu: exceptions=13947 cacheResets=1 batches=15024 verts=225360 texStalls=0 recompiles=731 underruns=5 overruns=0 sleep_us=19863597 queue_ms=56
fps: 30.2
vis: 60.0
cpu: exceptions=14127 cacheResets=1 batches=15024 verts=225360 texStalls=0 recompiles=731 underruns=5 overruns=0 sleep_us=20134346 queue_ms=53
fps: 29.8
vis: 60.0
cpu: exceptions=14320 cacheResets=1 batches=15024 verts=225360 texStalls=0 recompiles=731 underruns=5 overruns=0 sleep_us=20385213 queue_ms=59
fps: 29.9
vis: 60.0
cpu: exceptions=14507 cacheResets=1 batches=15024 verts=225360 texStalls=0 recompiles=731 underruns=5 overruns=0 sleep_us=20645919 queue_ms=54
fps: 30.3
vis: 60.0
cpu: exceptions=14683 cacheResets=1 batches=15024 verts=225360 texStalls=0 recompiles=731 underruns=5 overruns=0 sleep_us=20917616 queue_ms=62
fps: 30.0
vis: 60.0
cpu: exceptions=14850 cacheResets=1 batches=15024 verts=225360 texStalls=0 recompiles=731 underruns=5 overruns=0 sleep_us=21207843 queue_ms=58
fps: 29.9
vis: 60.0
cpu: exceptions=15025 cacheResets=1 batches=15024 verts=225360 texStalls=0 recompiles=731 underruns=5 overruns=0 sleep_us=21485868 queue_ms=65
fps: 30.0
vis: 60.0
cpu: exceptions=15183 cacheResets=1 batches=15024 verts=225360 texStalls=0 recompiles=731 underruns=5 overruns=0 sleep_us=21789804 queue_ms=61
fps: 30.1
vis: 60.0
cpu: exceptions=15344 cacheResets=1 batches=15024 verts=225360 texStalls=0 recompiles=731 underruns=5 overruns=0 sleep_us=22093899 queue_ms=67
fps: 29.9
vis: 60.0
cpu: exceptions=15528 cacheResets=1 batches=15024 verts=225360 texStalls=0 recompiles=732 underruns=5 overruns=0 sleep_us=22355667 queue_ms=63
fps: 29.9
vis: 60.0
cpu: exceptions=15699 cacheResets=1 batches=15024 verts=225360 texStalls=0 recompiles=732 underruns=5 overruns=0 sleep_us=22593570 queue_ms=59
vis: 60.0
cpu: exceptions=15806 cacheResets=1 batches=15024 verts=225360 texStalls=0 recompiles=732 underruns=5 overruns=0 sleep_us=22795560 queue_ms=66
vis: 60.0
cpu: exceptions=15956 cacheResets=1 batches=15024 verts=225360 texStalls=0 recompiles=733 underruns=5 overruns=0 sleep_us=23025747 queue_ms=62
vis: 60.0
cpu: exceptions=16117 cacheResets=1 batches=15024 verts=225360 texStalls=0 recompiles=734 underruns=5 overruns=0 sleep_us=23258792 queue_ms=68
fps: 4.1
vis: 60.0
cpu: exceptions=16298 cacheResets=1 batches=15024 verts=225360 texStalls=0 recompiles=761 underruns=5 overruns=0 sleep_us=23460228 queue_ms=64
fps: 32.3
vis: 60.0
cpu: exceptions=16477 cacheResets=1 batches=15024 verts=225360 texStalls=0 recompiles=761 underruns=5 overruns=0 sleep_us=23712579 queue_ms=70
fps: 30.0
vis: 60.0
cpu: exceptions=16653 cacheResets=1 batches=15024 verts=225360 texStalls=0 recompiles=761 underruns=5 overruns=0 sleep_us=23967999 queue_ms=66
fps: 30.0
vis: 60.0
cpu: exceptions=16826 cacheResets=1 batches=15024 verts=225360 texStalls=0 recompiles=761 underruns=5 overruns=0 sleep_us=24223527 queue_ms=62
fps: 30.0
vis: 60.0
cpu: exceptions=17001 cacheResets=1 batches=15024 verts=225360 texStalls=0 recompiles=761 underruns=5 overruns=0 sleep_us=24483262 queue_ms=69
fps: 29.9
vis: 59.6
cpu: exceptions=17172 cacheResets=1 batches=15024 verts=225360 texStalls=0 recompiles=765 underruns=5 overruns=0 sleep_us=24736357 queue_ms=65
fps: 29.8
vis: 60.0
cpu: exceptions=17350 cacheResets=1 batches=15024 verts=225360 texStalls=0 recompiles=767 underruns=5 overruns=0 sleep_us=24968082 queue_ms=71
fps: 30.0
vis: 60.0
cpu: exceptions=17517 cacheResets=1 batches=15024 verts=225360 texStalls=0 recompiles=767 underruns=5 overruns=0 sleep_us=25202562 queue_ms=67
fps: 30.1
vis: 60.0
cpu: exceptions=17687 cacheResets=1 batches=15024 verts=225360 texStalls=0 recompiles=767 underruns=5 overruns=0 sleep_us=25454044 queue_ms=74
fps: 29.9
vis: 59.9
cpu: exceptions=17867 cacheResets=1 batches=15024 verts=225360 texStalls=0 recompiles=767 underruns=5 overruns=0 sleep_us=25699583 queue_ms=69
fps: 29.9
vis: 60.0
cpu: exceptions=18045 cacheResets=1 batches=15024 verts=225360 texStalls=0 recompiles=767 underruns=5 overruns=0 sleep_us=25941977 queue_ms=66
fps: 30.0
vis: 60.0
cpu: exceptions=18220 cacheResets=1 batches=15024 verts=225360 texStalls=0 recompiles=767 underruns=5 overruns=0 sleep_us=26188660 queue_ms=72
fps: 30.0
vis: 60.0
cpu: exceptions=18386 cacheResets=1 batches=15024 verts=225360 texStalls=0 recompiles=767 underruns=5 overruns=0 sleep_us=26445521 queue_ms=68
fps: 30.1
vis: 60.0
cpu: exceptions=18554 cacheResets=1 batches=15024 verts=225360 texStalls=0 recompiles=767 underruns=5 overruns=0 sleep_us=26724040 queue_ms=75
fps: 29.7
vis: 60.0
cpu: exceptions=18711 cacheResets=1 batches=15024 verts=225360 texStalls=0 recompiles=767 underruns=5 overruns=0 sleep_us=27011668 queue_ms=72
fps: 30.3
vis: 60.0
cpu: exceptions=18870 cacheResets=1 batches=15024 verts=225360 texStalls=0 recompiles=767 underruns=5 overruns=0 sleep_us=27296730 queue_ms=79
fps: 29.9
vis: 60.0
cpu: exceptions=20025 cacheResets=1 batches=15024 verts=225360 texStalls=0 recompiles=776 underruns=5 overruns=0 sleep_us=27524034 queue_ms=75
vis: 60.0
cpu: exceptions=20192 cacheResets=1 batches=15024 verts=225360 texStalls=0 recompiles=829 underruns=5 overruns=0 sleep_us=27778452 queue_ms=82
vis: 60.0
cpu: exceptions=20290 cacheResets=1 batches=15024 verts=225360 texStalls=0 recompiles=829 underruns=5 overruns=0 sleep_us=28105017 queue_ms=77
vis: 60.0
cpu: exceptions=20479 cacheResets=1 batches=15024 verts=225360 texStalls=0 recompiles=1016 underruns=5 overruns=0 sleep_us=28391849 queue_ms=74
vis: 60.0
cpu: exceptions=20558 cacheResets=1 batches=15024 verts=225360 texStalls=0 recompiles=1016 underruns=5 overruns=0 sleep_us=28837491 queue_ms=26
fps: 0.4
vis: 60.0
cpu: exceptions=20764 cacheResets=1 batches=19639 verts=268494 texStalls=0 recompiles=1373 underruns=8 overruns=0 sleep_us=29017532 queue_ms=35
fps: 32.1
vis: 60.0
cpu: exceptions=21002 cacheResets=1 batches=25239 verts=319914 texStalls=0 recompiles=1405 underruns=8 overruns=0 sleep_us=29215065 queue_ms=42
fps: 29.8
vis: 60.0
cpu: exceptions=21298 cacheResets=1 batches=31151 verts=373206 texStalls=0 recompiles=1410 underruns=8 overruns=0 sleep_us=29376877 queue_ms=38
fps: 29.9
vis: 60.0
cpu: exceptions=21640 cacheResets=1 batches=37274 verts=427764 texStalls=0 recompiles=1410 underruns=8 overruns=0 sleep_us=29518231 queue_ms=45
fps: 29.9
vis: 60.0
cpu: exceptions=22000 cacheResets=1 batches=43472 verts=482772 texStalls=0 recompiles=1416 underruns=8 overruns=0 sleep_us=29652502 queue_ms=42
fps: 30.0
vis: 60.0
cpu: exceptions=22331 cacheResets=1 batches=48637 verts=531582 texStalls=0 recompiles=1417 underruns=8 overruns=0 sleep_us=29848370 queue_ms=48
fps: 31.1
vis: 60.0
cpu: exceptions=22632 cacheResets=1 batches=52720 verts=573900 texStalls=0 recompiles=1417 underruns=8 overruns=0 sleep_us=30089787 queue_ms=44
fps: 29.0
vis: 60.0
cpu: exceptions=22952 cacheResets=1 batches=56184 verts=612504 texStalls=0 recompiles=1421 underruns=8 overruns=0 sleep_us=30312527 queue_ms=40
fps: 31.0
vis: 60.0
cpu: exceptions=23262 cacheResets=1 batches=59247 verts=648702 texStalls=0 recompiles=1422 underruns=8 overruns=0 sleep_us=30564136 queue_ms=47
fps: 30.0
vis: 60.0
cpu: exceptions=23572 cacheResets=1 batches=62264 verts=684624 texStalls=0 recompiles=1435 underruns=8 overruns=0 sleep_us=30802780 queue_ms=43
fps: 30.0
vis: 60.0
cpu: exceptions=23869 cacheResets=1 batches=65183 verts=719958 texStalls=0 recompiles=1502 underruns=8 overruns=0 sleep_us=31028133 queue_ms=50
fps: 30.0
vis: 60.0
cpu: exceptions=24184 cacheResets=1 batches=68086 verts=755196 texStalls=0 recompiles=1504 underruns=8 overruns=0 sleep_us=31269172 queue_ms=45
fps: 30.0
vis: 60.0
cpu: exceptions=24494 cacheResets=1 batches=70983 verts=790398 texStalls=0 recompiles=1504 underruns=8 overruns=0 sleep_us=31533509 queue_ms=52
fps: 30.0
vis: 60.0
cpu: exceptions=24786 cacheResets=1 batches=73865 verts=825510 texStalls=0 recompiles=1504 underruns=8 overruns=0 sleep_us=31808827 queue_ms=48
fps: 30.0
vis: 60.0
cpu: exceptions=25071 cacheResets=1 batches=76811 verts=861006 texStalls=0 recompiles=1504 underruns=8 overruns=0 sleep_us=32089930 queue_ms=56
fps: 30.0
vis: 60.0
cpu: exceptions=25355 cacheResets=1 batches=79820 verts=896880 texStalls=0 recompiles=1506 underruns=8 overruns=0 sleep_us=32366013 queue_ms=51
fps: 30.0
vis: 60.0
cpu: exceptions=25639 cacheResets=1 batches=82813 verts=932658 texStalls=0 recompiles=1506 underruns=8 overruns=0 sleep_us=32643601 queue_ms=57
fps: 28.9
vis: 60.0
cpu: exceptions=25956 cacheResets=1 batches=85919 verts=969114 texStalls=0 recompiles=1601 underruns=8 overruns=0 sleep_us=32837288 queue_ms=53
fps: 30.0
vis: 60.0
cpu: exceptions=26320 cacheResets=1 batches=89180 verts=1006500 texStalls=0 recompiles=1604 underruns=8 overruns=0 sleep_us=33002867 queue_ms=48
fps: 30.1
vis: 60.0
cpu: exceptions=26665 cacheResets=1 batches=92147 verts=1042122 texStalls=0 recompiles=1611 underruns=8 overruns=0 sleep_us=33175316 queue_ms=55
fps: 30.0
vis: 60.0
cpu: exceptions=27017 cacheResets=1 batches=94954 verts=1076784 texStalls=0 recompiles=1619 underruns=8 overruns=0 sleep_us=33346684 queue_ms=51
fps: 30.1
vis: 60.0
cpu: exceptions=27348 cacheResets=1 batches=97754 verts=1111404 texStalls=0 recompiles=1621 underruns=8 overruns=0 sleep_us=33545354 queue_ms=59
vis: 60.0
cpu: exceptions=27654 cacheResets=1 batches=100453 verts=1145418 texStalls=0 recompiles=1622 underruns=8 overruns=0 sleep_us=33765133 queue_ms=54
fps: 30.1
vis: 60.0
cpu: exceptions=27954 cacheResets=1 batches=103134 verts=1179324 texStalls=0 recompiles=1624 underruns=8 overruns=0 sleep_us=33985865 queue_ms=60
fps: 30.0
vis: 60.0
cpu: exceptions=28270 cacheResets=1 batches=105793 verts=1213098 texStalls=0 recompiles=1624 underruns=8 overruns=0 sleep_us=34210539 queue_ms=56
fps: 30.1
vis: 60.0
cpu: exceptions=28561 cacheResets=1 batches=108456 verts=1246896 texStalls=0 recompiles=1625 underruns=8 overruns=0 sleep_us=34441250 queue_ms=63
fps: 30.0
vis: 60.0
cpu: exceptions=28836 cacheResets=1 batches=111010 verts=1279326 texStalls=0 recompiles=1627 underruns=8 overruns=0 sleep_us=34673294 queue_ms=59
fps: 30.0
vis: 60.0
cpu: exceptions=29096 cacheResets=1 batches=113583 verts=1311054 texStalls=0 recompiles=1628 underruns=8 overruns=0 sleep_us=34917047 queue_ms=66
fps: 30.0
vis: 60.0
cpu: exceptions=29362 cacheResets=1 batches=116170 verts=1342110 texStalls=0 recompiles=1630 underruns=8 overruns=0 sleep_us=35156562 queue_ms=62
fps: 30.0
vis: 60.0
cpu: exceptions=29628 cacheResets=1 batches=118557 verts=1371102 texStalls=0 recompiles=1630 underruns=8 overruns=0 sleep_us=35397358 queue_ms=57
fps: 30.0
vis: 60.0
cpu: exceptions=29891 cacheResets=1 batches=120788 verts=1397805 texStalls=0 recompiles=1634 underruns=8 overruns=0 sleep_us=35650229 queue_ms=65
fps: 30.0
vis: 60.0
cpu: exceptions=30147 cacheResets=1 batches=122978 verts=1423770 texStalls=0 recompiles=1634 underruns=8 overruns=0 sleep_us=35910464 queue_ms=61
fps: 29.9
vis: 60.0
cpu: exceptions=30442 cacheResets=1 batches=125436 verts=1451343 texStalls=0 recompiles=1634 underruns=8 overruns=0 sleep_us=36140345 queue_ms=68
fps: 30.0
vis: 60.0
cpu: exceptions=30730 cacheResets=1 batches=127995 verts=1481202 texStalls=0 recompiles=1634 underruns=8 overruns=0 sleep_us=36368730 queue_ms=64
fps: 30.1
vis: 60.0
cpu: exceptions=30993 cacheResets=1 batches=130529 verts=1512399 texStalls=0 recompiles=1636 underruns=8 overruns=0 sleep_us=36624874 queue_ms=71
fps: 30.7
vis: 60.0
cpu: exceptions=31252 cacheResets=1 batches=132974 verts=1543998 texStalls=0 recompiles=1642 underruns=8 overruns=0 sleep_us=36883652 queue_ms=66
fps: 29.3
vis: 60.0
cpu: exceptions=31520 cacheResets=1 batches=135509 verts=1574985 texStalls=0 recompiles=1642 underruns=8 overruns=0 sleep_us=37125760 queue_ms=74
fps: 30.0
vis: 60.0
cpu: exceptions=31774 cacheResets=1 batches=137933 verts=1604865 texStalls=0 recompiles=1642 underruns=8 overruns=0 sleep_us=37386604 queue_ms=70
fps: 30.0
vis: 60.0
cpu: exceptions=32031 cacheResets=1 batches=140311 verts=1634901 texStalls=0 recompiles=1642 underruns=8 overruns=0 sleep_us=37650489 queue_ms=77
fps: 30.1
vis: 60.0
cpu: exceptions=32305 cacheResets=1 batches=142455 verts=1661553 texStalls=0 recompiles=1657 underruns=8 overruns=0 sleep_us=37890102 queue_ms=74
fps: 30.0
vis: 60.0
cpu: exceptions=32554 cacheResets=1 batches=144061 verts=1682889 texStalls=0 recompiles=1658 underruns=8 overruns=0 sleep_us=38148698 queue_ms=69
fps: 30.0
vis: 60.0
cpu: exceptions=32799 cacheResets=1 batches=145778 verts=1704891 texStalls=0 recompiles=1661 underruns=8 overruns=0 sleep_us=38416338 queue_ms=76
fps: 29.9
vis: 60.0
cpu: exceptions=33054 cacheResets=1 batches=147529 verts=1727112 texStalls=0 recompiles=1661 underruns=8 overruns=0 sleep_us=38673042 queue_ms=72
fps: 29.9
vis: 60.0
cpu: exceptions=33325 cacheResets=1 batches=149464 verts=1750467 texStalls=0 recompiles=1671 underruns=8 overruns=0 sleep_us=38903136 queue_ms=79
fps: 30.1
vis: 60.0
cpu: exceptions=33568 cacheResets=1 batches=151198 verts=1772616 texStalls=0 recompiles=1674 underruns=8 overruns=0 sleep_us=39155713 queue_ms=75
fps: 30.0
vis: 60.0
cpu: exceptions=33829 cacheResets=1 batches=152986 verts=1794657 texStalls=0 recompiles=1686 underruns=8 overruns=0 sleep_us=39389282 queue_ms=82
fps: 30.0
vis: 60.0
cpu: exceptions=34080 cacheResets=1 batches=154799 verts=1816560 texStalls=0 recompiles=1690 underruns=8 overruns=0 sleep_us=39621956 queue_ms=77
fps: 30.2
vis: 60.0
cpu: exceptions=34305 cacheResets=1 batches=156570 verts=1838211 texStalls=0 recompiles=1694 underruns=8 overruns=0 sleep_us=39869000 queue_ms=84
fps: 30.0
vis: 60.0
cpu: exceptions=34518 cacheResets=1 batches=158404 verts=1860240 texStalls=0 recompiles=1694 underruns=8 overruns=0 sleep_us=40125806 queue_ms=80
fps: 30.1
vis: 60.0
cpu: exceptions=34718 cacheResets=1 batches=160006 verts=1878819 texStalls=0 recompiles=1694 underruns=8 overruns=0 sleep_us=40414745 queue_ms=87
vis: 60.0
cpu: exceptions=34912 cacheResets=1 batches=161156 verts=1892334 texStalls=0 recompiles=1694 underruns=8 overruns=0 sleep_us=40715655 queue_ms=82
fps: 30.7
vis: 60.0
cpu: exceptions=35098 cacheResets=1 batches=162334 verts=1906017 texStalls=0 recompiles=1694 underruns=8 overruns=0 sleep_us=41012994 queue_ms=90
fps: 29.2
vis: 60.0
cpu: exceptions=35311 cacheResets=1 batches=163473 verts=1919466 texStalls=0 recompiles=1694 underruns=8 overruns=0 sleep_us=41301585 queue_ms=85
fps: 30.0
vis: 60.0
cpu: exceptions=35519 cacheResets=1 batches=164611 verts=1932909 texStalls=0 recompiles=1694 underruns=8 overruns=0 sleep_us=41584716 queue_ms=80
fps: 30.0
vis: 60.0
cpu: exceptions=35732 cacheResets=1 batches=165727 verts=1946220 texStalls=0 recompiles=1694 underruns=8 overruns=0 sleep_us=41868534 queue_ms=87
fps: 30.2
vis: 60.0
cpu: exceptions=35947 cacheResets=1 batches=166831 verts=1959459 texStalls=0 recompiles=1694 underruns=8 overruns=0 sleep_us=42151582 queue_ms=83
fps: 29.8
vis: 60.0
cpu: exceptions=36166 cacheResets=1 batches=167944 verts=1972752 texStalls=0 recompiles=1694 underruns=8 overruns=0 sleep_us=42430953 queue_ms=90
fps: 30.0
vis: 60.0
cpu: exceptions=36380 cacheResets=1 batches=169047 verts=1985985 texStalls=0 recompiles=1716 underruns=8 overruns=0 sleep_us=42709489 queue_ms=85
fps: 30.0
vis: 60.0
cpu: exceptions=36585 cacheResets=1 batches=170142 verts=1999170 texStalls=0 recompiles=1717 underruns=8 overruns=0 sleep_us=42993934 queue_ms=93
fps: 30.0
vis: 60.0
cpu: exceptions=36790 cacheResets=1 batches=171229 verts=2012307 texStalls=0 recompiles=1717 underruns=8 overruns=0 sleep_us=43279644 queue_ms=88
fps: 30.0
vis: 60.0
cpu: exceptions=37002 cacheResets=1 batches=172311 verts=2025414 texStalls=0 recompiles=1717 underruns=8 overruns=0 sleep_us=43563514 queue_ms=84
fps: 30.0
vis: 60.0
cpu: exceptions=37203 cacheResets=1 batches=173407 verts=2038605 texStalls=0 recompiles=1717 underruns=8 overruns=0 sleep_us=43848970 queue_ms=91
fps: 30.0
vis: 60.0
cpu: exceptions=37402 cacheResets=1 batches=174478 verts=2051454 texStalls=0 recompiles=1720 underruns=8 overruns=0 sleep_us=44132509 queue_ms=87
fps: 30.0
vis: 60.0
cpu: exceptions=37614 cacheResets=1 batches=175562 verts=2064453 texStalls=0 recompiles=1720 underruns=8 overruns=0 sleep_us=44416711 queue_ms=93
fps: 30.7
vis: 60.0
cpu: exceptions=37805 cacheResets=1 batches=176654 verts=2077620 texStalls=0 recompiles=1720 underruns=8 overruns=0 sleep_us=44711583 queue_ms=89
fps: 29.3
vis: 60.0
cpu: exceptions=38012 cacheResets=1 batches=177740 verts=2090655 texStalls=0 recompiles=1720 underruns=8 overruns=0 sleep_us=45000512 queue_ms=96
fps: 30.0
vis: 60.0
cpu: exceptions=38218 cacheResets=1 batches=178827 verts=2103672 texStalls=0 recompiles=1721 underruns=8 overruns=0 sleep_us=45291275 queue_ms=93
fps: 30.0
vis: 60.0
cpu: exceptions=38430 cacheResets=1 batches=179929 verts=2116899 texStalls=0 recompiles=1721 underruns=8 overruns=0 sleep_us=45577993 queue_ms=100
fps: 30.0
vis: 60.0
cpu: exceptions=38633 cacheResets=1 batches=181032 verts=2130132 texStalls=0 recompiles=1721 underruns=8 overruns=0 sleep_us=45866027 queue_ms=96
fps: 30.0
vis: 60.0
cpu: exceptions=38847 cacheResets=1 batches=182108 verts=2142987 texStalls=0 recompiles=1731 underruns=8 overruns=0 sleep_us=46149950 queue_ms=103
fps: 30.0
vis: 60.0
cpu: exceptions=39072 cacheResets=1 batches=183188 verts=2155986 texStalls=0 recompiles=1731 underruns=8 overruns=0 sleep_us=46434661 queue_ms=98
fps: 30.7
vis: 60.0
cpu: exceptions=39287 cacheResets=1 batches=184281 verts=2169159 texStalls=0 recompiles=1733 underruns=8 overruns=0 sleep_us=46729219 queue_ms=105
fps: 29.9
vis: 60.0
cpu: exceptions=39494 cacheResets=1 batches=185371 verts=2182242 texStalls=0 recompiles=1734 underruns=8 overruns=0 sleep_us=47019455 queue_ms=102
fps: 29.4
vis: 60.0
cpu: exceptions=39708 cacheResets=1 batches=186458 verts=2195187 texStalls=0 recompiles=1734 underruns=8 overruns=0 sleep_us=47306766 queue_ms=98
fps: 30.7
mark: stop reason: chain guest VI limit
mark: stop_it requested
audio: alist_resample_calls=198897 alist_resample_samples=29675696 alist_zoh_calls=0 alist_zoh_samples=0 musyx_subframes=0 musyx_voices=0 musyx_voice_peak=0
audio_stages: adpcm_calls=211219 adpcm_samples=32000736 envmix_calls=198897 envmix_samples=29675696 mix_calls=32040 mix_samples=12303360 musyx_fx_calls=0 musyx_fx_taps=0 output_calls=5366 output_samples=2401136
audio_envmix: exp_calls=0 ge_calls=0 lin_calls=0 nead_calls=198897 exp_steady=0 ge_steady=0 lin_steady=0
audio_gaps: nead_mats=0 nead_efz=0 resample_flag2=0 musyx_ptr10=0
audio_output: stream_requests=10082 stream_fed=8328 input_hz=26807 playback_hz=26807 queue_peak_ms=121
audio_time: stage=resample sampled_calls=1566 sampled_samples=233256 sampled_us=20026
audio_time: stage=zoh sampled_calls=0 sampled_samples=0 sampled_us=0
audio_time: stage=adpcm sampled_calls=1663 sampled_samples=251376 sampled_us=18615
audio_time: stage=envmix_exp sampled_calls=0 sampled_samples=0 sampled_us=0
audio_time: stage=envmix_ge sampled_calls=0 sampled_samples=0 sampled_us=0
audio_time: stage=envmix_lin sampled_calls=0 sampled_samples=0 sampled_us=0
audio_time: stage=envmix_nead sampled_calls=1566 sampled_samples=233256 sampled_us=20851
audio_time: stage=mix sampled_calls=252 sampled_samples=96768 sampled_us=2017
audio_time: stage=musyx_voice sampled_calls=0 sampled_samples=0 sampled_us=0
audio_time: stage=musyx_fx sampled_calls=0 sampled_samples=0 sampled_us=0
audio_time: stage=output sampled_calls=42 sampled_samples=18784 sampled_us=89
gpu_counters: clks=0 tb_clks=21877256272 ras_busy=0 xf_wait_in=0 xf_wait_out=0 ras_peak_permille=0 ztop_in=0 ztop_out=0 z_in=0 z_out=0 blend_in=0 copy_clks=0 fifo_overflows=0
game: n=3/9 how=vis vis=5400 vi_rate=60 vi0_retrace=15325 wall_us=90029811 sleep_us=47589302 avg_vis=59.68 avg_fps=28.50 exceptions=39899 cacheResets=1 recompiles=1734 batches=187465 verts=2207187 texStalls=0 treeDepthMax=14 underruns=8 overruns=0 queue_peak_ms=105 dsp_avg=3.81 dsp_peak=5.20 dsp_samples=180 pmc1=65471182457 pmc2=0 pmc3=0 pmc4=0 mmcr0=00000042 mmcr1=00000000 heap_used=10911512 heap_free=118056 arena1_free=196608 arena2_free=288704 flushes=11 flush_us=9686 padtrace=21 rom=sd:/wii64/roms/Mario Kart 64.v64
=== chain 3/9 end vis=5400 how=vis rom=sd:/wii64/roms/Mario Kart 64.v64 ===
mark: pad replay records: 11
mark: loadROM: enter
mark: loadROM: before rom_read
mark: ROMCache_load: enter
mark: ROMCache_load: before first read
mark: ROMCache_load: first read returned
mark: ROMCache_load: byte_swap_type set
mark: ROMCache_load: first byte_swap done
menufps: 0.0
menufps: 55.4
menufps: 1.4
menufps: 1.4
menufps: 1.4
menufps: 1.4
menufps: 1.4
menufps: 1.4
menufps: 1.4
menufps: 21.4
mark: ROMCache_load: loop exited normally
menufps: 12.6
menufps: 1.1
menufps: 1.1
menufps: 1.1
menufps: 1.1
menufps: 1.1
menufps: 1.1
menufps: 1.1
menufps: 1.1
menufps: 1.1
menufps: 1.1
menufps: 1.1
menufps: 1.1
menufps: 1.1
menufps: 1.1
menufps: 1.1
menufps: 1.1
menufps: 1.1
menufps: 1.1
menufps: 1.1
mark: ROMCache_load: preflush_us=18135750
mark: ROMCache_load: elapsed_us=24487290 bytes=33554432 vm=1
mark: loadROM: after rom_read
mark: loadROM: before init_memory
mark: loadROM: after init_memory
mark: loadROM: before romOpen_gfx
mark: loadROM: after romOpen_gfx / before romOpen_audio
mark: loadROM: after romOpen_audio / before romOpen_input
mark: loadROM: after romOpen_input / before cpu_init
mark: loadROM: after cpu_init
menufps: 3.4
menufps: 1.0
menufps: 1.0
fps: 0.0
first_vi: vi0_retrace=22379
vis: 1.1
cpu: exceptions=0 cacheResets=0 batches=0 verts=0 texStalls=0 recompiles=0 underruns=0 overruns=0 sleep_us=0 queue_ms=0
mark: CPU core dispatch: dynarec
vis: 50.0
cpu: exceptions=417 cacheResets=1 batches=0 verts=0 texStalls=0 recompiles=309 underruns=0 overruns=0 sleep_us=202898 queue_ms=0
vis: 50.0
cpu: exceptions=657 cacheResets=1 batches=0 verts=0 texStalls=0 recompiles=309 underruns=0 overruns=0 sleep_us=696027 queue_ms=0
vis: 50.0
cpu: exceptions=3133 cacheResets=1 batches=0 verts=0 texStalls=0 recompiles=333 underruns=0 overruns=0 sleep_us=1139960 queue_ms=0
vis: 50.0
cpu: exceptions=3373 cacheResets=1 batches=0 verts=0 texStalls=0 recompiles=333 underruns=0 overruns=0 sleep_us=1632766 queue_ms=0
fps: 0.4
vis: 48.3
cpu: exceptions=3641 cacheResets=1 batches=0 verts=0 texStalls=0 recompiles=924 underruns=2 overruns=0 sleep_us=1920765 queue_ms=11
fps: 34.6
vis: 50.0
cpu: exceptions=3789 cacheResets=1 batches=0 verts=0 texStalls=0 recompiles=965 underruns=2 overruns=0 sleep_us=2322496 queue_ms=9
fps: 50.0
vis: 50.0
cpu: exceptions=3941 cacheResets=1 batches=0 verts=0 texStalls=0 recompiles=965 underruns=2 overruns=0 sleep_us=2732558 queue_ms=14
fps: 50.0
vis: 50.0
cpu: exceptions=4089 cacheResets=1 batches=0 verts=0 texStalls=0 recompiles=972 underruns=2 overruns=0 sleep_us=3147453 queue_ms=11
fps: 50.0
vis: 50.0
cpu: exceptions=4241 cacheResets=1 batches=0 verts=0 texStalls=0 recompiles=972 underruns=2 overruns=0 sleep_us=3557540 queue_ms=17
fps: 50.0
vis: 50.0
cpu: exceptions=4389 cacheResets=1 batches=0 verts=0 texStalls=0 recompiles=972 underruns=2 overruns=0 sleep_us=3972887 queue_ms=15
fps: 50.0
vis: 50.0
cpu: exceptions=4541 cacheResets=1 batches=0 verts=0 texStalls=0 recompiles=972 underruns=2 overruns=0 sleep_us=4383027 queue_ms=20
fps: 50.0
vis: 50.0
cpu: exceptions=4689 cacheResets=1 batches=0 verts=0 texStalls=0 recompiles=972 underruns=2 overruns=0 sleep_us=4798350 queue_ms=17
fps: 49.9
vis: 50.0
cpu: exceptions=4847 cacheResets=1 batches=0 verts=0 texStalls=0 recompiles=1001 underruns=2 overruns=0 sleep_us=5190216 queue_ms=24
fps: 50.0
vis: 50.0
cpu: exceptions=4995 cacheResets=1 batches=0 verts=0 texStalls=0 recompiles=1002 underruns=2 overruns=0 sleep_us=5598574 queue_ms=21
fps: 50.0
vis: 50.0
cpu: exceptions=5147 cacheResets=1 batches=0 verts=0 texStalls=0 recompiles=1002 underruns=2 overruns=0 sleep_us=6001217 queue_ms=27
fps: 50.0
vis: 50.0
cpu: exceptions=5295 cacheResets=1 batches=0 verts=0 texStalls=0 recompiles=1002 underruns=2 overruns=0 sleep_us=6409695 queue_ms=23
fps: 50.0
vis: 50.0
cpu: exceptions=5447 cacheResets=1 batches=0 verts=0 texStalls=0 recompiles=1002 underruns=2 overruns=0 sleep_us=6812412 queue_ms=21
vis: 50.0
cpu: exceptions=5595 cacheResets=1 batches=0 verts=0 texStalls=0 recompiles=1002 underruns=2 overruns=0 sleep_us=7221456 queue_ms=27
fps: 49.9
vis: 50.0
cpu: exceptions=5747 cacheResets=1 batches=0 verts=0 texStalls=0 recompiles=1002 underruns=2 overruns=0 sleep_us=7624718 queue_ms=23
fps: 50.0
vis: 50.0
cpu: exceptions=5895 cacheResets=1 batches=0 verts=0 texStalls=0 recompiles=1002 underruns=2 overruns=0 sleep_us=8033763 queue_ms=31
fps: 50.0
vis: 50.0
cpu: exceptions=6047 cacheResets=1 batches=0 verts=0 texStalls=0 recompiles=1002 underruns=2 overruns=0 sleep_us=8436975 queue_ms=28
fps: 50.0
vis: 50.0
cpu: exceptions=6195 cacheResets=1 batches=0 verts=0 texStalls=0 recompiles=1002 underruns=2 overruns=0 sleep_us=8845912 queue_ms=24
fps: 50.0
vis: 50.0
cpu: exceptions=6347 cacheResets=1 batches=0 verts=0 texStalls=0 recompiles=1002 underruns=2 overruns=0 sleep_us=9248861 queue_ms=30
fps: 50.0
vis: 50.0
cpu: exceptions=6495 cacheResets=1 batches=0 verts=0 texStalls=0 recompiles=1002 underruns=2 overruns=0 sleep_us=9657502 queue_ms=27
fps: 50.0
vis: 50.0
cpu: exceptions=6650 cacheResets=1 batches=0 verts=0 texStalls=0 recompiles=1143 underruns=2 overruns=0 sleep_us=10043695 queue_ms=33
fps: 50.0
vis: 50.0
cpu: exceptions=6802 cacheResets=1 batches=0 verts=0 texStalls=0 recompiles=1143 underruns=2 overruns=0 sleep_us=10447308 queue_ms=30
fps: 50.0
vis: 50.0
cpu: exceptions=7023 cacheResets=1 batches=0 verts=0 texStalls=0 recompiles=1205 underruns=2 overruns=0 sleep_us=10869505 queue_ms=36
fps: 34.9
vis: 50.0
cpu: exceptions=7207 cacheResets=1 batches=0 verts=0 texStalls=0 recompiles=1245 underruns=3 overruns=0 sleep_us=11288849 queue_ms=3
fps: 43.9
vis: 50.0
cpu: exceptions=7356 cacheResets=1 batches=0 verts=0 texStalls=0 recompiles=1254 underruns=3 overruns=0 sleep_us=11716550 queue_ms=10
fps: 50.0
vis: 50.0
cpu: exceptions=7508 cacheResets=1 batches=0 verts=0 texStalls=0 recompiles=1254 underruns=3 overruns=0 sleep_us=12162639 queue_ms=7
fps: 50.0
vis: 50.0
cpu: exceptions=7656 cacheResets=1 batches=0 verts=0 texStalls=0 recompiles=1256 underruns=3 overruns=0 sleep_us=12611225 queue_ms=13
fps: 50.0
vis: 50.0
cpu: exceptions=7808 cacheResets=1 batches=0 verts=0 texStalls=0 recompiles=1256 underruns=3 overruns=0 sleep_us=13057392 queue_ms=9
fps: 50.0
vis: 50.0
cpu: exceptions=7956 cacheResets=1 batches=0 verts=0 texStalls=0 recompiles=1256 underruns=3 overruns=0 sleep_us=13506084 queue_ms=7
fps: 50.0
vis: 50.0
cpu: exceptions=8107 cacheResets=1 batches=0 verts=0 texStalls=0 recompiles=1256 underruns=3 overruns=0 sleep_us=13952208 queue_ms=13
fps: 50.1
vis: 50.0
cpu: exceptions=8255 cacheResets=1 batches=0 verts=0 texStalls=0 recompiles=1258 underruns=3 overruns=0 sleep_us=14411632 queue_ms=9
fps: 46.0
vis: 50.0
cpu: exceptions=8408 cacheResets=1 batches=0 verts=0 texStalls=0 recompiles=1259 underruns=3 overruns=0 sleep_us=14816575 queue_ms=16
fps: 50.0
vis: 50.0
cpu: exceptions=8556 cacheResets=1 batches=0 verts=0 texStalls=0 recompiles=1259 underruns=3 overruns=0 sleep_us=15265349 queue_ms=14
fps: 49.9
vis: 50.0
cpu: exceptions=8707 cacheResets=1 batches=0 verts=0 texStalls=0 recompiles=1259 underruns=3 overruns=0 sleep_us=15711888 queue_ms=10
fps: 50.0
vis: 50.0
cpu: exceptions=8854 cacheResets=1 batches=0 verts=0 texStalls=0 recompiles=1259 underruns=3 overruns=0 sleep_us=16160974 queue_ms=16
fps: 50.0
vis: 50.0
cpu: exceptions=9006 cacheResets=1 batches=0 verts=0 texStalls=0 recompiles=1260 underruns=3 overruns=0 sleep_us=16610012 queue_ms=13
fps: 46.1
vis: 50.0
cpu: exceptions=9156 cacheResets=1 batches=0 verts=0 texStalls=0 recompiles=1260 underruns=3 overruns=0 sleep_us=17026408 queue_ms=20
fps: 50.0
vis: 50.0
cpu: exceptions=9307 cacheResets=1 batches=0 verts=0 texStalls=0 recompiles=1261 underruns=3 overruns=0 sleep_us=17472791 queue_ms=16
fps: 50.0
vis: 50.0
cpu: exceptions=9455 cacheResets=1 batches=0 verts=0 texStalls=0 recompiles=1261 underruns=3 overruns=0 sleep_us=17921731 queue_ms=22
fps: 50.0
vis: 50.0
cpu: exceptions=9606 cacheResets=1 batches=0 verts=0 texStalls=0 recompiles=1261 underruns=3 overruns=0 sleep_us=18368053 queue_ms=20
vis: 50.0
cpu: exceptions=9753 cacheResets=1 batches=0 verts=0 texStalls=0 recompiles=1263 underruns=3 overruns=0 sleep_us=18816816 queue_ms=26
fps: 50.0
vis: 50.0
cpu: exceptions=9893 cacheResets=1 batches=0 verts=0 texStalls=0 recompiles=1272 underruns=3 overruns=0 sleep_us=19276528 queue_ms=22
fps: 35.8
vis: 50.0
cpu: exceptions=10141 cacheResets=1 batches=0 verts=0 texStalls=0 recompiles=1448 underruns=5 overruns=0 sleep_us=19614259 queue_ms=17
vis: 49.7
cpu: exceptions=10434 cacheResets=1 batches=0 verts=0 texStalls=0 recompiles=1644 underruns=5 overruns=0 sleep_us=19745699 queue_ms=13
fps: 12.3
vis: 50.0
cpu: exceptions=10672 cacheResets=1 batches=200 verts=3990 texStalls=0 recompiles=1791 underruns=5 overruns=0 sleep_us=19970144 queue_ms=10
fps: 107.3
vis: 50.0
cpu: exceptions=10855 cacheResets=1 batches=680 verts=13566 texStalls=0 recompiles=1808 underruns=5 overruns=0 sleep_us=20376161 queue_ms=8
fps: 100.0
vis: 50.0
cpu: exceptions=11047 cacheResets=1 batches=1200 verts=23940 texStalls=0 recompiles=1833 underruns=5 overruns=0 sleep_us=20782499 queue_ms=13
fps: 100.0
vis: 50.0
cpu: exceptions=11230 cacheResets=1 batches=1680 verts=33516 texStalls=0 recompiles=1837 underruns=5 overruns=0 sleep_us=21196271 queue_ms=10
fps: 100.0
vis: 50.0
cpu: exceptions=11422 cacheResets=1 batches=2200 verts=43890 texStalls=0 recompiles=1837 underruns=5 overruns=0 sleep_us=21604870 queue_ms=17
fps: 100.0
vis: 50.0
cpu: exceptions=11605 cacheResets=1 batches=2680 verts=53466 texStalls=0 recompiles=1839 underruns=5 overruns=0 sleep_us=22018753 queue_ms=14
fps: 99.5
vis: 50.0
cpu: exceptions=11812 cacheResets=1 batches=3200 verts=63840 texStalls=0 recompiles=1941 underruns=5 overruns=0 sleep_us=22379978 queue_ms=19
vis: 50.0
cpu: exceptions=12031 cacheResets=1 batches=3680 verts=73416 texStalls=0 recompiles=1973 underruns=5 overruns=0 sleep_us=22693581 queue_ms=17
fps: 99.6
vis: 50.0
cpu: exceptions=12263 cacheResets=1 batches=4200 verts=83790 texStalls=0 recompiles=1980 underruns=5 overruns=0 sleep_us=22973826 queue_ms=23
fps: 99.7
vis: 50.0
cpu: exceptions=12491 cacheResets=1 batches=4680 verts=93366 texStalls=0 recompiles=1981 underruns=5 overruns=0 sleep_us=23260848 queue_ms=19
fps: 100.0
vis: 50.0
cpu: exceptions=12723 cacheResets=1 batches=5200 verts=103740 texStalls=0 recompiles=1981 underruns=5 overruns=0 sleep_us=23538512 queue_ms=26
fps: 100.0
vis: 50.0
cpu: exceptions=12954 cacheResets=1 batches=5680 verts=113316 texStalls=0 recompiles=1981 underruns=5 overruns=0 sleep_us=23822855 queue_ms=23
fps: 100.0
vis: 50.0
cpu: exceptions=13187 cacheResets=1 batches=6200 verts=123690 texStalls=0 recompiles=1986 underruns=5 overruns=0 sleep_us=24098705 queue_ms=20
fps: 100.1
vis: 50.0
cpu: exceptions=13411 cacheResets=1 batches=6680 verts=133266 texStalls=0 recompiles=1987 underruns=5 overruns=0 sleep_us=24383179 queue_ms=26
fps: 99.9
vis: 50.0
cpu: exceptions=13647 cacheResets=1 batches=7200 verts=143640 texStalls=0 recompiles=1994 underruns=5 overruns=0 sleep_us=24662684 queue_ms=23
fps: 100.1
vis: 50.0
cpu: exceptions=13879 cacheResets=1 batches=7680 verts=153216 texStalls=0 recompiles=1994 underruns=5 overruns=0 sleep_us=24943895 queue_ms=30
fps: 99.9
vis: 50.0
cpu: exceptions=14119 cacheResets=1 batches=8200 verts=163590 texStalls=0 recompiles=1994 underruns=5 overruns=0 sleep_us=25230830 queue_ms=26
fps: 100.1
vis: 50.0
cpu: exceptions=14341 cacheResets=1 batches=8680 verts=173166 texStalls=0 recompiles=1994 underruns=5 overruns=0 sleep_us=25541235 queue_ms=33
fps: 100.0
vis: 50.0
cpu: exceptions=14574 cacheResets=1 batches=9200 verts=183540 texStalls=0 recompiles=1994 underruns=5 overruns=0 sleep_us=25862005 queue_ms=31
fps: 100.2
vis: 50.0
cpu: exceptions=14792 cacheResets=1 batches=9680 verts=193116 texStalls=0 recompiles=1995 underruns=5 overruns=0 sleep_us=26194356 queue_ms=36
fps: 100.4
vis: 50.0
cpu: exceptions=15008 cacheResets=1 batches=10200 verts=203490 texStalls=0 recompiles=2001 underruns=5 overruns=0 sleep_us=26574891 queue_ms=33
fps: 100.3
vis: 50.0
cpu: exceptions=15191 cacheResets=1 batches=10680 verts=213066 texStalls=0 recompiles=2001 underruns=5 overruns=0 sleep_us=27004822 queue_ms=38
fps: 100.0
vis: 50.0
cpu: exceptions=15383 cacheResets=1 batches=11200 verts=223440 texStalls=0 recompiles=2001 underruns=5 overruns=0 sleep_us=27430574 queue_ms=36
fps: 100.0
mark: stop reason: chain guest VI limit
mark: stop_it requested
audio: alist_resample_calls=27445 alist_resample_samples=3874384 alist_zoh_calls=0 alist_zoh_samples=0 musyx_subframes=0 musyx_voices=0 musyx_voice_peak=0
audio_stages: adpcm_calls=28351 adpcm_samples=3849808 envmix_calls=27445 envmix_samples=3874384 mix_calls=73860 mix_samples=10796640 musyx_fx_calls=0 musyx_fx_taps=0 output_calls=1681 output_samples=1078416
audio_envmix: exp_calls=27445 ge_calls=0 lin_calls=0 nead_calls=0 exp_steady=8654 ge_steady=0 lin_steady=0
audio_gaps: nead_mats=0 nead_efz=0 resample_flag2=0 musyx_ptr10=0
audio_output: stream_requests=6425 stream_fed=3741 input_hz=31995 playback_hz=31995 queue_peak_ms=60
audio_time: stage=resample sampled_calls=216 sampled_samples=29472 sampled_us=2567
audio_time: stage=zoh sampled_calls=0 sampled_samples=0 sampled_us=0
audio_time: stage=adpcm sampled_calls=223 sampled_samples=29536 sampled_us=2213
audio_time: stage=envmix_exp sampled_calls=216 sampled_samples=29472 sampled_us=4885
audio_time: stage=envmix_ge sampled_calls=0 sampled_samples=0 sampled_us=0
audio_time: stage=envmix_lin sampled_calls=0 sampled_samples=0 sampled_us=0
audio_time: stage=envmix_nead sampled_calls=0 sampled_samples=0 sampled_us=0
audio_time: stage=mix sampled_calls=581 sampled_samples=84096 sampled_us=1810
audio_time: stage=musyx_voice sampled_calls=0 sampled_samples=0 sampled_us=0
audio_time: stage=musyx_fx sampled_calls=0 sampled_samples=0 sampled_us=0
audio_time: stage=output sampled_calls=13 sampled_samples=8368 sampled_us=35
gpu_counters: clks=0 tb_clks=8754641948 ras_busy=0 xf_wait_in=0 xf_wait_out=0 ras_peak_permille=0 ztop_in=0 ztop_out=0 z_in=0 z_out=0 blend_in=0 copy_clks=0 fifo_overflows=0
game: n=4/9 how=vis vis=1800 vi_rate=50 vi0_retrace=22379 wall_us=36027283 sleep_us=27839491 avg_vis=49.29 avg_fps=64.01 exceptions=15564 cacheResets=1 recompiles=2001 batches=11680 verts=233016 texStalls=0 treeDepthMax=20 underruns=5 overruns=0 queue_peak_ms=38 dsp_avg=3.91 dsp_peak=5.05 dsp_samples=72 pmc1=26211756903 pmc2=0 pmc3=0 pmc4=0 mmcr0=00000042 mmcr1=00000000 heap_used=10914360 heap_free=115208 arena1_free=196608 arena2_free=288704 flushes=5 flush_us=4533 padtrace=9 rom=sd:/wii64/roms/Mario Party 2 (E) (M5) [!].z64
=== chain 4/9 end vis=1800 how=vis rom=sd:/wii64/roms/Mario Party 2 (E) (M5) [!].z64 ===
mark: pad replay records: 11
mark: loadROM: enter
mark: loadROM: before rom_read
mark: ROMCache_load: enter
mark: ROMCache_load: before first read
mark: ROMCache_load: first read returned
mark: ROMCache_load: byte_swap_type set
mark: ROMCache_load: first byte_swap done
menufps: 0.1
menufps: 54.3
menufps: 1.4
menufps: 1.4
menufps: 1.4
menufps: 1.4
menufps: 1.4
menufps: 1.4
menufps: 1.4
menufps: 21.4
mark: ROMCache_load: loop exited normally
menufps: 12.8
menufps: 1.1
menufps: 1.1
menufps: 1.1
menufps: 1.1
menufps: 1.1
menufps: 1.1
menufps: 1.1
menufps: 1.1
menufps: 1.1
menufps: 1.1
menufps: 1.1
menufps: 1.1
menufps: 1.1
menufps: 1.1
menufps: 1.1
menufps: 1.1
menufps: 1.1
menufps: 1.1
menufps: 1.1
mark: ROMCache_load: preflush_us=18119035
mark: ROMCache_load: elapsed_us=24481703 bytes=33554432 vm=1
mark: loadROM: after rom_read
mark: loadROM: before init_memory
mark: loadROM: after init_memory
mark: loadROM: before romOpen_gfx
mark: loadROM: after romOpen_gfx / before romOpen_audio
mark: loadROM: after romOpen_audio / before romOpen_input
mark: loadROM: after romOpen_input / before cpu_init
mark: loadROM: after cpu_init
menufps: 3.4
menufps: 1.0
menufps: 1.0
fps: 0.7
first_vi: vi0_retrace=26199
vis: 0.9
cpu: exceptions=0 cacheResets=0 batches=0 verts=0 texStalls=0 recompiles=0 underruns=0 overruns=0 sleep_us=0 queue_ms=0
mark: CPU core dispatch: dynarec
vis: 50.0
cpu: exceptions=1750 cacheResets=1 batches=0 verts=0 texStalls=0 recompiles=367 underruns=0 overruns=0 sleep_us=167498 queue_ms=0
fps: 1.3
vis: 49.8
cpu: exceptions=2778 cacheResets=1 batches=0 verts=0 texStalls=0 recompiles=807 underruns=1 overruns=0 sleep_us=530551 queue_ms=38
fps: 33.7
vis: 50.0
cpu: exceptions=2994 cacheResets=1 batches=0 verts=0 texStalls=0 recompiles=1244 underruns=1 overruns=0 sleep_us=790518 queue_ms=17
fps: 49.7
vis: 50.0
cpu: exceptions=3130 cacheResets=1 batches=0 verts=0 texStalls=0 recompiles=1253 underruns=1 overruns=0 sleep_us=1198352 queue_ms=28
fps: 50.3
vis: 50.0
cpu: exceptions=3282 cacheResets=1 batches=0 verts=0 texStalls=0 recompiles=1267 underruns=1 overruns=0 sleep_us=1582991 queue_ms=36
fps: 49.9
vis: 50.0
cpu: exceptions=3439 cacheResets=1 batches=0 verts=0 texStalls=0 recompiles=1269 underruns=1 overruns=0 sleep_us=1959882 queue_ms=47
fps: 50.1
vis: 50.0
cpu: exceptions=3590 cacheResets=1 batches=0 verts=0 texStalls=0 recompiles=1277 underruns=1 overruns=0 sleep_us=2327451 queue_ms=20
fps: 49.8
vis: 50.0
cpu: exceptions=3734 cacheResets=1 batches=0 verts=0 texStalls=0 recompiles=1277 underruns=1 overruns=0 sleep_us=2706203 queue_ms=37
fps: 50.1
vis: 50.0
cpu: exceptions=3887 cacheResets=1 batches=0 verts=0 texStalls=0 recompiles=1278 underruns=1 overruns=0 sleep_us=3082401 queue_ms=45
fps: 50.0
vis: 50.0
cpu: exceptions=4030 cacheResets=1 batches=0 verts=0 texStalls=0 recompiles=1279 underruns=1 overruns=0 sleep_us=3459828 queue_ms=50
fps: 50.1
vis: 50.0
cpu: exceptions=4179 cacheResets=1 batches=0 verts=0 texStalls=0 recompiles=1279 underruns=1 overruns=0 sleep_us=3834211 queue_ms=29
vis: 50.0
cpu: exceptions=4332 cacheResets=1 batches=0 verts=0 texStalls=0 recompiles=1280 underruns=1 overruns=0 sleep_us=4218210 queue_ms=46
fps: 49.8
vis: 50.0
cpu: exceptions=4489 cacheResets=1 batches=0 verts=0 texStalls=0 recompiles=1313 underruns=1 overruns=0 sleep_us=4578832 queue_ms=48
fps: 50.0
vis: 50.0
cpu: exceptions=4634 cacheResets=1 batches=0 verts=0 texStalls=0 recompiles=1315 underruns=1 overruns=0 sleep_us=4945738 queue_ms=50
fps: 50.1
vis: 50.0
cpu: exceptions=4776 cacheResets=1 batches=0 verts=0 texStalls=0 recompiles=1318 underruns=1 overruns=0 sleep_us=5308820 queue_ms=38
fps: 50.0
vis: 50.0
cpu: exceptions=4914 cacheResets=1 batches=0 verts=0 texStalls=0 recompiles=1318 underruns=1 overruns=0 sleep_us=5681929 queue_ms=40
fps: 49.9
vis: 50.0
cpu: exceptions=5057 cacheResets=1 batches=0 verts=0 texStalls=0 recompiles=1318 underruns=1 overruns=0 sleep_us=6059816 queue_ms=56
fps: 50.1
vis: 50.0
cpu: exceptions=5200 cacheResets=1 batches=0 verts=0 texStalls=0 recompiles=1318 underruns=1 overruns=0 sleep_us=6445170 queue_ms=53
fps: 49.9
vis: 50.0
cpu: exceptions=5348 cacheResets=1 batches=0 verts=0 texStalls=0 recompiles=1318 underruns=1 overruns=0 sleep_us=6819959 queue_ms=41
fps: 50.1
vis: 50.0
cpu: exceptions=5497 cacheResets=1 batches=0 verts=0 texStalls=0 recompiles=1318 underruns=1 overruns=0 sleep_us=7196996 queue_ms=48
fps: 49.9
vis: 50.0
cpu: exceptions=5644 cacheResets=1 batches=0 verts=0 texStalls=0 recompiles=1318 underruns=1 overruns=0 sleep_us=7570741 queue_ms=59
fps: 49.9
vis: 50.0
cpu: exceptions=5787 cacheResets=1 batches=0 verts=0 texStalls=0 recompiles=1318 underruns=1 overruns=0 sleep_us=7951136 queue_ms=61
fps: 49.9
vis: 50.0
cpu: exceptions=5941 cacheResets=1 batches=0 verts=0 texStalls=0 recompiles=1318 underruns=1 overruns=0 sleep_us=8323209 queue_ms=40
fps: 50.1
vis: 50.0
cpu: exceptions=6088 cacheResets=1 batches=0 verts=0 texStalls=0 recompiles=1318 underruns=1 overruns=0 sleep_us=8690756 queue_ms=51
fps: 49.9
vis: 50.0
cpu: exceptions=6243 cacheResets=1 batches=0 verts=0 texStalls=0 recompiles=1425 underruns=1 overruns=0 sleep_us=9045307 queue_ms=59
fps: 49.9
vis: 50.0
cpu: exceptions=6424 cacheResets=1 batches=0 verts=0 texStalls=0 recompiles=1436 underruns=1 overruns=0 sleep_us=9411560 queue_ms=70
fps: 50.2
vis: 50.0
cpu: exceptions=6569 cacheResets=1 batches=0 verts=0 texStalls=0 recompiles=1457 underruns=1 overruns=0 sleep_us=9835970 queue_ms=43
fps: 46.5
vis: 50.0
cpu: exceptions=6740 cacheResets=1 batches=0 verts=0 texStalls=0 recompiles=1475 underruns=1 overruns=0 sleep_us=10235872 queue_ms=60
fps: 50.0
vis: 50.0
cpu: exceptions=6880 cacheResets=1 batches=0 verts=0 texStalls=0 recompiles=1475 underruns=1 overruns=0 sleep_us=10689445 queue_ms=62
fps: 50.0
vis: 50.0
cpu: exceptions=7015 cacheResets=1 batches=0 verts=0 texStalls=0 recompiles=1477 underruns=1 overruns=0 sleep_us=11145314 queue_ms=64
fps: 50.0
vis: 50.0
cpu: exceptions=7155 cacheResets=1 batches=0 verts=0 texStalls=0 recompiles=1477 underruns=1 overruns=0 sleep_us=11599138 queue_ms=52
fps: 50.0
vis: 50.0
cpu: exceptions=7291 cacheResets=1 batches=0 verts=0 texStalls=0 recompiles=1477 underruns=1 overruns=0 sleep_us=12055177 queue_ms=54
fps: 50.0
vis: 50.0
cpu: exceptions=7430 cacheResets=1 batches=0 verts=0 texStalls=0 recompiles=1482 underruns=1 overruns=0 sleep_us=12508930 queue_ms=71
fps: 50.2
vis: 50.0
cpu: exceptions=7565 cacheResets=1 batches=0 verts=0 texStalls=0 recompiles=1484 underruns=1 overruns=0 sleep_us=12971327 queue_ms=73
fps: 46.0
vis: 50.0
cpu: exceptions=7706 cacheResets=1 batches=0 verts=0 texStalls=0 recompiles=1484 underruns=1 overruns=0 sleep_us=13387753 queue_ms=55
fps: 50.0
vis: 50.0
cpu: exceptions=7841 cacheResets=1 batches=0 verts=0 texStalls=0 recompiles=1485 underruns=1 overruns=0 sleep_us=13843823 queue_ms=63
fps: 50.0
vis: 50.0
cpu: exceptions=7981 cacheResets=1 batches=0 verts=0 texStalls=0 recompiles=1485 underruns=1 overruns=0 sleep_us=14297287 queue_ms=80
vis: 50.0
cpu: exceptions=8116 cacheResets=1 batches=0 verts=0 texStalls=0 recompiles=1485 underruns=1 overruns=0 sleep_us=14753240 queue_ms=76
fps: 50.0
vis: 50.0
cpu: exceptions=8256 cacheResets=1 batches=0 verts=0 texStalls=0 recompiles=1485 underruns=1 overruns=0 sleep_us=15206601 queue_ms=64
fps: 50.0
vis: 50.0
cpu: exceptions=8393 cacheResets=1 batches=0 verts=0 texStalls=0 recompiles=1486 underruns=1 overruns=0 sleep_us=15639760 queue_ms=72
fps: 46.2
vis: 50.0
cpu: exceptions=8533 cacheResets=1 batches=0 verts=0 texStalls=0 recompiles=1487 underruns=1 overruns=0 sleep_us=16085607 queue_ms=74
fps: 50.0
vis: 50.0
cpu: exceptions=8667 cacheResets=1 batches=0 verts=0 texStalls=0 recompiles=1487 underruns=1 overruns=0 sleep_us=16541354 queue_ms=85
fps: 50.0
vis: 50.0
cpu: exceptions=8807 cacheResets=1 batches=0 verts=0 texStalls=0 recompiles=1487 underruns=1 overruns=0 sleep_us=16994821 queue_ms=64
fps: 50.0
vis: 50.0
cpu: exceptions=8942 cacheResets=1 batches=0 verts=0 texStalls=0 recompiles=1489 underruns=1 overruns=0 sleep_us=17450933 queue_ms=75
fps: 50.0
vis: 50.0
cpu: exceptions=9081 cacheResets=1 batches=0 verts=0 texStalls=0 recompiles=1491 underruns=1 overruns=0 sleep_us=17910876 queue_ms=82
fps: 34.0
vis: 50.0
cpu: exceptions=9282 cacheResets=1 batches=0 verts=0 texStalls=0 recompiles=1883 underruns=1 overruns=0 sleep_us=18231416 queue_ms=79
fps: 27.2
vis: 50.0
cpu: exceptions=9405 cacheResets=1 batches=0 verts=0 texStalls=0 recompiles=1891 underruns=1 overruns=0 sleep_us=18632149 queue_ms=67
fps: 50.0
vis: 50.0
cpu: exceptions=9534 cacheResets=1 batches=0 verts=0 texStalls=0 recompiles=1926 underruns=1 overruns=0 sleep_us=19042892 queue_ms=74
fps: 49.9
vis: 50.0
cpu: exceptions=9665 cacheResets=1 batches=0 verts=0 texStalls=0 recompiles=1930 underruns=1 overruns=0 sleep_us=19457970 queue_ms=85
fps: 50.1
vis: 50.0
cpu: exceptions=9789 cacheResets=1 batches=0 verts=0 texStalls=0 recompiles=1930 underruns=1 overruns=0 sleep_us=19882427 queue_ms=87
fps: 49.9
vis: 50.0
cpu: exceptions=9913 cacheResets=1 batches=0 verts=0 texStalls=0 recompiles=1931 underruns=1 overruns=0 sleep_us=20310584 queue_ms=75
fps: 50.1
vis: 50.0
cpu: exceptions=10042 cacheResets=1 batches=0 verts=0 texStalls=0 recompiles=1931 underruns=1 overruns=0 sleep_us=20735817 queue_ms=77
fps: 63.3
vis: 50.0
cpu: exceptions=10196 cacheResets=1 batches=682 verts=3168 texStalls=0 recompiles=2004 underruns=1 overruns=0 sleep_us=21129332 queue_ms=94
fps: 75.1
vis: 50.0
cpu: exceptions=10348 cacheResets=1 batches=1488 verts=6912 texStalls=0 recompiles=2004 underruns=1 overruns=0 sleep_us=21541038 queue_ms=96
fps: 74.9
vis: 50.0
cpu: exceptions=10495 cacheResets=1 batches=2232 verts=10368 texStalls=0 recompiles=2004 underruns=1 overruns=0 sleep_us=21957656 queue_ms=101
fps: 75.0
vis: 50.0
cpu: exceptions=10651 cacheResets=1 batches=3038 verts=14112 texStalls=0 recompiles=2004 underruns=1 overruns=0 sleep_us=22369772 queue_ms=75
fps: 75.0
vis: 50.0
cpu: exceptions=10802 cacheResets=1 batches=3782 verts=17568 texStalls=0 recompiles=2004 underruns=1 overruns=0 sleep_us=22786911 queue_ms=82
fps: 75.0
vis: 50.0
cpu: exceptions=10958 cacheResets=1 batches=4588 verts=21312 texStalls=0 recompiles=2004 underruns=1 overruns=0 sleep_us=23198700 queue_ms=99
fps: 75.1
vis: 50.0
cpu: exceptions=11102 cacheResets=1 batches=5332 verts=24768 texStalls=0 recompiles=2005 underruns=1 overruns=0 sleep_us=23618233 queue_ms=95
fps: 74.9
vis: 50.0
cpu: exceptions=11255 cacheResets=1 batches=6138 verts=28512 texStalls=0 recompiles=2005 underruns=1 overruns=0 sleep_us=24033634 queue_ms=101
vis: 50.0
cpu: exceptions=11399 cacheResets=1 batches=6882 verts=31968 texStalls=0 recompiles=2005 underruns=1 overruns=0 sleep_us=24453770 queue_ms=80
fps: 75.1
vis: 50.0
cpu: exceptions=11553 cacheResets=1 batches=7688 verts=35712 texStalls=0 recompiles=2005 underruns=1 overruns=0 sleep_us=24869985 queue_ms=96
fps: 74.9
vis: 50.0
cpu: exceptions=11679 cacheResets=1 batches=7892 verts=36858 texStalls=0 recompiles=2055 underruns=1 overruns=0 sleep_us=25287789 queue_ms=98
fps: 53.9
vis: 50.0
cpu: exceptions=11802 cacheResets=1 batches=7996 verts=37599 texStalls=0 recompiles=2055 underruns=1 overruns=0 sleep_us=25708664 queue_ms=109
fps: 49.9
vis: 50.0
cpu: exceptions=11926 cacheResets=1 batches=8092 verts=38283 texStalls=0 recompiles=2055 underruns=1 overruns=0 sleep_us=26133617 queue_ms=88
fps: 50.0
vis: 50.0
cpu: exceptions=12054 cacheResets=1 batches=8196 verts=39024 texStalls=0 recompiles=2069 underruns=1 overruns=0 sleep_us=26554169 queue_ms=99
fps: 49.9
vis: 50.0
cpu: exceptions=12179 cacheResets=1 batches=8292 verts=39708 texStalls=0 recompiles=2069 underruns=1 overruns=0 sleep_us=26978596 queue_ms=107
fps: 50.1
vis: 50.0
cpu: exceptions=12306 cacheResets=1 batches=8396 verts=40449 texStalls=0 recompiles=2070 underruns=1 overruns=0 sleep_us=27398944 queue_ms=109
fps: 49.9
vis: 50.0
cpu: exceptions=12429 cacheResets=1 batches=8492 verts=41133 texStalls=0 recompiles=2070 underruns=1 overruns=0 sleep_us=27823970 queue_ms=91
fps: 45.9
vis: 50.0
cpu: exceptions=12571 cacheResets=1 batches=8596 verts=45411 texStalls=0 recompiles=2159 underruns=1 overruns=0 sleep_us=28205245 queue_ms=99
fps: 54.6
vis: 50.0
cpu: exceptions=12694 cacheResets=1 batches=8692 verts=50811 texStalls=0 recompiles=2160 underruns=1 overruns=0 sleep_us=28627027 queue_ms=110
fps: 49.9
mark: stop reason: chain guest VI limit
mark: stop_it requested
audio: alist_resample_calls=26826 alist_resample_samples=4935984 alist_zoh_calls=0 alist_zoh_samples=0 musyx_subframes=0 musyx_voices=0 musyx_voice_peak=0
audio_stages: adpcm_calls=27521 adpcm_samples=3544928 envmix_calls=26826 envmix_samples=4935984 mix_calls=61700 mix_samples=11352800 musyx_fx_calls=0 musyx_fx_taps=0 output_calls=1328 output_samples=1135280
audio_envmix: exp_calls=0 ge_calls=0 lin_calls=26826 nead_calls=0 exp_steady=0 ge_steady=0 lin_steady=17389
audio_gaps: nead_mats=0 nead_efz=0 resample_flag2=0 musyx_ptr10=0
audio_output: stream_requests=5785 stream_fed=3930 input_hz=31995 playback_hz=31995 queue_peak_ms=139
audio_time: stage=resample sampled_calls=211 sampled_samples=38824 sampled_us=3080
audio_time: stage=zoh sampled_calls=0 sampled_samples=0 sampled_us=0
audio_time: stage=adpcm sampled_calls=216 sampled_samples=29184 sampled_us=2204
audio_time: stage=envmix_exp sampled_calls=0 sampled_samples=0 sampled_us=0
audio_time: stage=envmix_ge sampled_calls=0 sampled_samples=0 sampled_us=0
audio_time: stage=envmix_lin sampled_calls=211 sampled_samples=38824 sampled_us=4140
audio_time: stage=envmix_nead sampled_calls=0 sampled_samples=0 sampled_us=0
audio_time: stage=mix sampled_calls=485 sampled_samples=89240 sampled_us=1874
audio_time: stage=musyx_voice sampled_calls=0 sampled_samples=0 sampled_us=0
audio_time: stage=musyx_fx sampled_calls=0 sampled_samples=0 sampled_us=0
audio_time: stage=output sampled_calls=10 sampled_samples=8280 sampled_us=52
gpu_counters: clks=0 tb_clks=8750348264 ras_busy=0 xf_wait_in=0 xf_wait_out=0 ras_peak_permille=0 ztop_in=0 ztop_out=0 z_in=0 z_out=0 blend_in=0 copy_clks=0 fifo_overflows=0
game: n=5/9 how=vis vis=1800 vi_rate=50 vi0_retrace=26199 wall_us=36009609 sleep_us=29022586 avg_vis=49.32 avg_fps=51.13 exceptions=12815 cacheResets=1 recompiles=2162 batches=8788 verts=56211 texStalls=0 treeDepthMax=20 underruns=1 overruns=0 queue_peak_ms=110 dsp_avg=3.85 dsp_peak=5.05 dsp_samples=72 pmc1=26195962196 pmc2=0 pmc3=0 pmc4=0 mmcr0=00000042 mmcr1=00000000 heap_used=10924440 heap_free=105128 arena1_free=196608 arena2_free=288704 flushes=6 flush_us=4726 padtrace=10 rom=sd:/wii64/roms/Mario Party 3 (E) (M4) [!].z64
=== chain 5/9 end vis=1800 how=vis rom=sd:/wii64/roms/Mario Party 3 (E) (M4) [!].z64 ===
mark: pad replay records: 11
mark: loadROM: enter
mark: loadROM: before rom_read
mark: ROMCache_load: enter
mark: ROMCache_load: before first read
mark: ROMCache_load: first read returned
mark: ROMCache_load: byte_swap_type set
mark: ROMCache_load: first byte_swap done
menufps: 0.1
menufps: 54.2
menufps: 1.4
menufps: 1.4
menufps: 1.4
menufps: 1.4
menufps: 1.4
menufps: 1.4
menufps: 1.4
menufps: 21.4
mark: ROMCache_load: loop exited normally
menufps: 12.6
menufps: 1.1
menufps: 1.1
menufps: 1.1
menufps: 1.1
menufps: 1.1
menufps: 1.1
menufps: 1.1
menufps: 1.1
menufps: 1.1
menufps: 1.1
menufps: 1.1
menufps: 1.1
menufps: 1.1
menufps: 1.1
menufps: 1.1
menufps: 1.1
menufps: 1.1
menufps: 1.1
menufps: 1.1
mark: ROMCache_load: preflush_us=18118809
mark: ROMCache_load: elapsed_us=24498679 bytes=33554432 vm=1
mark: loadROM: after rom_read
mark: loadROM: before init_memory
mark: loadROM: after init_memory
mark: loadROM: before romOpen_gfx
mark: loadROM: after romOpen_gfx / before romOpen_audio
mark: loadROM: after romOpen_audio / before romOpen_input
mark: loadROM: after romOpen_input / before cpu_init
mark: loadROM: after cpu_init
menufps: 3.4
menufps: 1.0
menufps: 1.0
fps: 0.4
first_vi: vi0_retrace=30019
vis: 0.9
cpu: exceptions=0 cacheResets=0 batches=0 verts=0 texStalls=0 recompiles=0 underruns=0 overruns=0 sleep_us=0 queue_ms=0
mark: CPU core dispatch: dynarec
vis: 60.0
cpu: exceptions=420 cacheResets=1 batches=0 verts=0 texStalls=0 recompiles=315 underruns=0 overruns=0 sleep_us=198103 queue_ms=0
vis: 60.0
cpu: exceptions=660 cacheResets=1 batches=0 verts=0 texStalls=0 recompiles=315 underruns=0 overruns=0 sleep_us=690954 queue_ms=0
vis: 60.0
cpu: exceptions=2154 cacheResets=1 batches=0 verts=0 texStalls=0 recompiles=336 underruns=0 overruns=0 sleep_us=1154657 queue_ms=0
fps: 0.5
vis: 60.0
cpu: exceptions=2416 cacheResets=1 batches=0 verts=0 texStalls=0 recompiles=660 underruns=1 overruns=0 sleep_us=1608187 queue_ms=14
vis: 60.0
cpu: exceptions=2622 cacheResets=1 batches=0 verts=0 texStalls=0 recompiles=786 underruns=1 overruns=0 sleep_us=1981543 queue_ms=10
fps: 56.4
vis: 60.0
cpu: exceptions=2787 cacheResets=1 batches=0 verts=0 texStalls=0 recompiles=786 underruns=1 overruns=0 sleep_us=2422504 queue_ms=6
fps: 60.0
vis: 60.0
cpu: exceptions=2952 cacheResets=1 batches=0 verts=0 texStalls=0 recompiles=791 underruns=1 overruns=0 sleep_us=2863216 queue_ms=12
fps: 60.0
vis: 60.0
cpu: exceptions=3117 cacheResets=1 batches=0 verts=0 texStalls=0 recompiles=791 underruns=1 overruns=0 sleep_us=3304370 queue_ms=8
fps: 60.0
vis: 60.0
cpu: exceptions=3282 cacheResets=1 batches=0 verts=0 texStalls=0 recompiles=791 underruns=1 overruns=0 sleep_us=3745463 queue_ms=13
fps: 60.0
vis: 60.0
cpu: exceptions=3447 cacheResets=1 batches=0 verts=0 texStalls=0 recompiles=805 underruns=1 overruns=0 sleep_us=4186621 queue_ms=9
fps: 60.2
vis: 60.0
cpu: exceptions=3614 cacheResets=1 batches=0 verts=0 texStalls=0 recompiles=805 underruns=1 overruns=0 sleep_us=4598768 queue_ms=14
fps: 54.0
vis: 60.0
cpu: exceptions=3794 cacheResets=1 batches=0 verts=0 texStalls=0 recompiles=807 underruns=1 overruns=0 sleep_us=5039693 queue_ms=11
fps: 60.0
vis: 60.0
cpu: exceptions=3974 cacheResets=1 batches=0 verts=0 texStalls=0 recompiles=807 underruns=1 overruns=0 sleep_us=5480787 queue_ms=16
fps: 59.9
vis: 60.0
cpu: exceptions=4154 cacheResets=1 batches=0 verts=0 texStalls=0 recompiles=807 underruns=1 overruns=0 sleep_us=5922030 queue_ms=13
fps: 60.0
vis: 60.0
cpu: exceptions=4334 cacheResets=1 batches=0 verts=0 texStalls=0 recompiles=807 underruns=1 overruns=0 sleep_us=6363203 queue_ms=8
fps: 60.2
vis: 60.0
cpu: exceptions=4516 cacheResets=1 batches=0 verts=0 texStalls=0 recompiles=808 underruns=1 overruns=0 sleep_us=6774282 queue_ms=14
fps: 54.0
vis: 60.0
cpu: exceptions=4696 cacheResets=1 batches=0 verts=0 texStalls=0 recompiles=809 underruns=1 overruns=0 sleep_us=7215401 queue_ms=10
fps: 60.0
vis: 60.0
cpu: exceptions=4876 cacheResets=1 batches=0 verts=0 texStalls=0 recompiles=809 underruns=1 overruns=0 sleep_us=7656580 queue_ms=16
fps: 60.0
vis: 60.0
cpu: exceptions=5056 cacheResets=1 batches=0 verts=0 texStalls=0 recompiles=809 underruns=1 overruns=0 sleep_us=8097747 queue_ms=11
fps: 60.0
vis: 60.0
cpu: exceptions=5236 cacheResets=1 batches=0 verts=0 texStalls=0 recompiles=811 underruns=1 overruns=0 sleep_us=8538953 queue_ms=8
fps: 60.0
vis: 58.1
cpu: exceptions=5510 cacheResets=1 batches=0 verts=0 texStalls=0 recompiles=1101 underruns=2 overruns=0 sleep_us=8907741 queue_ms=5
vis: 60.0
cpu: exceptions=5769 cacheResets=1 batches=0 verts=0 texStalls=0 recompiles=1125 underruns=3 overruns=0 sleep_us=9125959 queue_ms=9
vis: 60.0
cpu: exceptions=6021 cacheResets=1 batches=0 verts=0 texStalls=0 recompiles=1125 underruns=3 overruns=0 sleep_us=9361186 queue_ms=15
vis: 59.6
cpu: exceptions=6263 cacheResets=1 batches=0 verts=0 texStalls=0 recompiles=1125 underruns=3 overruns=0 sleep_us=9605313 queue_ms=11
vis: 60.0
cpu: exceptions=6488 cacheResets=1 batches=0 verts=0 texStalls=0 recompiles=1125 underruns=3 overruns=0 sleep_us=9843340 queue_ms=16
vis: 60.0
cpu: exceptions=6709 cacheResets=1 batches=0 verts=0 texStalls=0 recompiles=1125 underruns=3 overruns=0 sleep_us=10075448 queue_ms=12
vis: 60.0
cpu: exceptions=6929 cacheResets=1 batches=0 verts=0 texStalls=0 recompiles=1125 underruns=3 overruns=0 sleep_us=10317345 queue_ms=9
fps: 5.7
vis: 58.5
cpu: exceptions=7135 cacheResets=1 batches=373 verts=8757 texStalls=0 recompiles=1295 underruns=4 overruns=0 sleep_us=10538388 queue_ms=5
fps: 147.8
vis: 60.0
cpu: exceptions=7409 cacheResets=1 batches=5968 verts=140112 texStalls=0 recompiles=1419 underruns=4 overruns=0 sleep_us=10697608 queue_ms=10
fps: 152.0
vis: 60.0
cpu: exceptions=7684 cacheResets=1 batches=11563 verts=271467 texStalls=0 recompiles=1420 underruns=4 overruns=0 sleep_us=10864348 queue_ms=6
fps: 149.9
vis: 60.0
cpu: exceptions=7959 cacheResets=1 batches=17158 verts=402822 texStalls=0 recompiles=1445 underruns=4 overruns=0 sleep_us=11028291 queue_ms=12
fps: 149.0
vis: 60.0
cpu: exceptions=8234 cacheResets=1 batches=22753 verts=534177 texStalls=0 recompiles=1461 underruns=4 overruns=0 sleep_us=11193643 queue_ms=8
fps: 149.5
vis: 60.0
cpu: exceptions=8518 cacheResets=1 batches=28348 verts=665532 texStalls=0 recompiles=1471 underruns=4 overruns=0 sleep_us=11341162 queue_ms=5
fps: 149.5
vis: 59.9
cpu: exceptions=8798 cacheResets=1 batches=33943 verts=796887 texStalls=0 recompiles=1585 underruns=5 overruns=0 sleep_us=11439199 queue_ms=18
fps: 149.9
vis: 60.0
cpu: exceptions=9064 cacheResets=1 batches=39538 verts=928242 texStalls=0 recompiles=1586 underruns=5 overruns=0 sleep_us=11567601 queue_ms=15
fps: 149.9
vis: 60.0
cpu: exceptions=9336 cacheResets=1 batches=45133 verts=1059597 texStalls=0 recompiles=1586 underruns=5 overruns=0 sleep_us=11694996 queue_ms=20
fps: 149.7
vis: 59.9
cpu: exceptions=9605 cacheResets=1 batches=50728 verts=1190952 texStalls=0 recompiles=1587 underruns=5 overruns=0 sleep_us=11823375 queue_ms=16
fps: 149.7
vis: 59.9
cpu: exceptions=9884 cacheResets=1 batches=56323 verts=1322307 texStalls=0 recompiles=1587 underruns=5 overruns=0 sleep_us=11941318 queue_ms=12
fps: 149.6
vis: 59.8
cpu: exceptions=10166 cacheResets=1 batches=61918 verts=1453662 texStalls=0 recompiles=1587 underruns=5 overruns=0 sleep_us=12060681 queue_ms=9
fps: 149.6
vis: 59.9
cpu: exceptions=10443 cacheResets=1 batches=67513 verts=1585017 texStalls=0 recompiles=1587 underruns=5 overruns=0 sleep_us=12181456 queue_ms=15
fps: 149.6
vis: 59.8
cpu: exceptions=10724 cacheResets=1 batches=73108 verts=1716372 texStalls=0 recompiles=1587 underruns=5 overruns=0 sleep_us=12296696 queue_ms=10
fps: 149.9
vis: 60.0
cpu: exceptions=10999 cacheResets=1 batches=78703 verts=1847727 texStalls=0 recompiles=1593 underruns=5 overruns=0 sleep_us=12418375 queue_ms=7
fps: 149.8
vis: 59.9
cpu: exceptions=11277 cacheResets=1 batches=84298 verts=1979082 texStalls=0 recompiles=1593 underruns=5 overruns=0 sleep_us=12542260 queue_ms=12
fps: 149.9
vis: 59.9
cpu: exceptions=11556 cacheResets=1 batches=89893 verts=2110437 texStalls=0 recompiles=1593 underruns=5 overruns=0 sleep_us=12666201 queue_ms=8
fps: 149.7
vis: 59.9
cpu: exceptions=11839 cacheResets=1 batches=95488 verts=2241792 texStalls=0 recompiles=1593 underruns=5 overruns=0 sleep_us=12791843 queue_ms=14
fps: 149.9
vis: 60.0
cpu: exceptions=12114 cacheResets=1 batches=101083 verts=2373147 texStalls=0 recompiles=1593 underruns=5 overruns=0 sleep_us=12916049 queue_ms=10
fps: 149.6
vis: 59.8
cpu: exceptions=12397 cacheResets=1 batches=106678 verts=2504502 texStalls=0 recompiles=1593 underruns=6 overruns=0 sleep_us=13027376 queue_ms=15
fps: 149.7
vis: 59.9
cpu: exceptions=12676 cacheResets=1 batches=112273 verts=2635857 texStalls=0 recompiles=1593 underruns=6 overruns=0 sleep_us=13147768 queue_ms=11
fps: 149.8
vis: 59.9
cpu: exceptions=12955 cacheResets=1 batches=117868 verts=2767212 texStalls=0 recompiles=1593 underruns=6 overruns=0 sleep_us=13267740 queue_ms=16
fps: 149.7
vis: 59.9
cpu: exceptions=13236 cacheResets=1 batches=123463 verts=2898567 texStalls=0 recompiles=1593 underruns=6 overruns=0 sleep_us=13385302 queue_ms=13
fps: 149.6
vis: 59.8
cpu: exceptions=13517 cacheResets=1 batches=129058 verts=3029922 texStalls=0 recompiles=1593 underruns=6 overruns=0 sleep_us=13498672 queue_ms=9
fps: 149.5
vis: 59.8
cpu: exceptions=13808 cacheResets=1 batches=134653 verts=3161277 texStalls=0 recompiles=1593 underruns=6 overruns=0 sleep_us=13610614 queue_ms=14
fps: 149.5
vis: 59.8
cpu: exceptions=14094 cacheResets=1 batches=140248 verts=3292632 texStalls=0 recompiles=1593 underruns=6 overruns=0 sleep_us=13724453 queue_ms=11
fps: 149.3
vis: 59.8
cpu: exceptions=14377 cacheResets=1 batches=145843 verts=3423987 texStalls=0 recompiles=1593 underruns=6 overruns=0 sleep_us=13837243 queue_ms=7
fps: 149.7
vis: 59.9
cpu: exceptions=14663 cacheResets=1 batches=151438 verts=3555342 texStalls=0 recompiles=1594 underruns=6 overruns=0 sleep_us=13948113 queue_ms=12
fps: 149.9
vis: 60.0
cpu: exceptions=14947 cacheResets=1 batches=157033 verts=3686697 texStalls=0 recompiles=1594 underruns=6 overruns=0 sleep_us=14064312 queue_ms=8
fps: 149.7
vis: 59.9
cpu: exceptions=15238 cacheResets=1 batches=162628 verts=3818052 texStalls=0 recompiles=1594 underruns=6 overruns=0 sleep_us=14180135 queue_ms=4
fps: 149.8
vis: 59.9
cpu: exceptions=15525 cacheResets=1 batches=168223 verts=3949407 texStalls=0 recompiles=1594 underruns=6 overruns=0 sleep_us=14298720 queue_ms=10
fps: 149.6
vis: 59.9
cpu: exceptions=15811 cacheResets=1 batches=173818 verts=4080762 texStalls=0 recompiles=1594 underruns=7 overruns=0 sleep_us=14420155 queue_ms=15
mark: stop reason: chain guest VI limit
mark: stop_it requested
audio: alist_resample_calls=34472 alist_resample_samples=4388592 alist_zoh_calls=0 alist_zoh_samples=0 musyx_subframes=0 musyx_voices=0 musyx_voice_peak=0
audio_stages: adpcm_calls=36455 adpcm_samples=3954912 envmix_calls=34472 envmix_samples=4388592 mix_calls=67250 mix_samples=8972640 musyx_fx_calls=0 musyx_fx_taps=0 output_calls=1681 output_samples=897264
audio_envmix: exp_calls=34472 ge_calls=0 lin_calls=0 nead_calls=0 exp_steady=17563 ge_steady=0 lin_steady=0
audio_gaps: nead_mats=0 nead_efz=0 resample_flag2=0 musyx_ptr10=0
audio_output: stream_requests=5657 stream_fed=3114 input_hz=32006 playback_hz=32006 queue_peak_ms=41
audio_time: stage=resample sampled_calls=271 sampled_samples=33680 sampled_us=2894
audio_time: stage=zoh sampled_calls=0 sampled_samples=0 sampled_us=0
audio_time: stage=adpcm sampled_calls=287 sampled_samples=30288 sampled_us=2264
audio_time: stage=envmix_exp sampled_calls=271 sampled_samples=33680 sampled_us=4694
audio_time: stage=envmix_ge sampled_calls=0 sampled_samples=0 sampled_us=0
audio_time: stage=envmix_lin sampled_calls=0 sampled_samples=0 sampled_us=0
audio_time: stage=envmix_nead sampled_calls=0 sampled_samples=0 sampled_us=0
audio_time: stage=mix sampled_calls=529 sampled_samples=70496 sampled_us=1511
audio_time: stage=musyx_voice sampled_calls=0 sampled_samples=0 sampled_us=0
audio_time: stage=musyx_fx sampled_calls=0 sampled_samples=0 sampled_us=0
audio_time: stage=output sampled_calls=13 sampled_samples=6896 sampled_us=30
gpu_counters: clks=0 tb_clks=7305997472 ras_busy=0 xf_wait_in=0 xf_wait_out=0 ras_peak_permille=0 ztop_in=0 ztop_out=0 z_in=0 z_out=0 blend_in=0 copy_clks=0 fifo_overflows=1
game: n=6/9 how=vis vis=1800 vi_rate=60 vi0_retrace=30019 wall_us=30065791 sleep_us=14527340 avg_vis=58.91 avg_fps=111.83 exceptions=16087 cacheResets=1 recompiles=1594 batches=179040 verts=4203360 texStalls=0 treeDepthMax=25 underruns=7 overruns=0 queue_peak_ms=20 dsp_avg=3.75 dsp_peak=4.95 dsp_samples=60 pmc1=21870441891 pmc2=0 pmc3=0 pmc4=0 mmcr0=00000042 mmcr1=00000000 heap_used=10890776 heap_free=138792 arena1_free=196608 arena2_free=288704 flushes=5 flush_us=3623 padtrace=10 rom=sd:/wii64/roms/Mario Party.v64
=== chain 6/9 end vis=1800 how=vis rom=sd:/wii64/roms/Mario Party.v64 ===
mark: pad replay records: 1
mark: loadROM: enter
mark: loadROM: before rom_read
mark: ROMCache_load: enter
mark: ROMCache_load: before first read
mark: ROMCache_load: first read returned
mark: ROMCache_load: byte_swap_type set
mark: ROMCache_load: first byte_swap done
menufps: 0.1
menufps: 58.8
mark: ROMCache_load: loop exited normally
mark: ROMCache_load: elapsed_us=517063 bytes=16777216 vm=0
mark: loadROM: after rom_read
mark: loadROM: before init_memory
mark: loadROM: after init_memory
mark: loadROM: before romOpen_gfx
mark: loadROM: after romOpen_gfx / before romOpen_audio
mark: loadROM: after romOpen_audio / before romOpen_input
mark: loadROM: after romOpen_input / before cpu_init
mark: loadROM: after cpu_init
menufps: 2.8
menufps: 1.0
menufps: 1.0
fps: 17.1
first_vi: vi0_retrace=32046
vis: 7.0
cpu: exceptions=0 cacheResets=0 batches=0 verts=0 texStalls=0 recompiles=0 underruns=0 overruns=0 sleep_us=0 queue_ms=0
mark: CPU core dispatch: dynarec
vis: 60.0
cpu: exceptions=1471 cacheResets=1 batches=0 verts=0 texStalls=0 recompiles=421 underruns=0 overruns=0 sleep_us=140156 queue_ms=130
fps: 3.1
vis: 60.0
cpu: exceptions=2355 cacheResets=1 batches=0 verts=0 texStalls=0 recompiles=425 underruns=0 overruns=0 sleep_us=526763 queue_ms=124
fps: 60.9
vis: 60.0
cpu: exceptions=2625 cacheResets=1 batches=0 verts=0 texStalls=0 recompiles=425 underruns=0 overruns=0 sleep_us=966655 queue_ms=120
fps: 60.0
vis: 60.0
cpu: exceptions=2918 cacheResets=1 batches=0 verts=0 texStalls=0 recompiles=468 underruns=0 overruns=0 sleep_us=1387101 queue_ms=126
vis: 60.0
cpu: exceptions=3298 cacheResets=1 batches=0 verts=0 texStalls=0 recompiles=468 underruns=0 overruns=0 sleep_us=1713714 queue_ms=121
fps: 14.7
vis: 53.6
cpu: exceptions=3637 cacheResets=1 batches=2160 verts=57624 texStalls=0 recompiles=742 underruns=0 overruns=0 sleep_us=1875577 queue_ms=67
fps: 59.7
vis: 60.0
cpu: exceptions=3927 cacheResets=1 batches=8940 verts=235104 texStalls=0 recompiles=763 underruns=0 overruns=0 sleep_us=1979363 queue_ms=72
fps: 60.0
vis: 60.0
cpu: exceptions=4223 cacheResets=1 batches=15711 verts=412530 texStalls=0 recompiles=771 underruns=0 overruns=0 sleep_us=2084452 queue_ms=67
fps: 60.0
vis: 60.0
cpu: exceptions=4522 cacheResets=1 batches=22461 verts=589830 texStalls=0 recompiles=775 underruns=0 overruns=0 sleep_us=2189402 queue_ms=65
fps: 60.0
vis: 60.0
cpu: exceptions=4813 cacheResets=1 batches=29211 verts=767130 texStalls=0 recompiles=775 underruns=0 overruns=0 sleep_us=2297853 queue_ms=69
fps: 60.0
vis: 60.0
cpu: exceptions=5101 cacheResets=1 batches=35961 verts=944430 texStalls=0 recompiles=775 underruns=0 overruns=0 sleep_us=2408134 queue_ms=66
fps: 60.0
vis: 60.0
cpu: exceptions=5396 cacheResets=1 batches=42711 verts=1121730 texStalls=0 recompiles=775 underruns=0 overruns=0 sleep_us=2515293 queue_ms=70
fps: 60.0
vis: 60.0
cpu: exceptions=5682 cacheResets=1 batches=49461 verts=1299030 texStalls=0 recompiles=777 underruns=0 overruns=0 sleep_us=2627552 queue_ms=68
fps: 59.9
vis: 60.0
cpu: exceptions=5976 cacheResets=1 batches=56211 verts=1476330 texStalls=0 recompiles=777 underruns=0 overruns=0 sleep_us=2733238 queue_ms=63
fps: 60.0
vis: 60.0
cpu: exceptions=6274 cacheResets=1 batches=62961 verts=1653630 texStalls=0 recompiles=777 underruns=0 overruns=0 sleep_us=2836278 queue_ms=69
fps: 60.0
vis: 60.0
cpu: exceptions=6569 cacheResets=1 batches=69711 verts=1830930 texStalls=0 recompiles=777 underruns=0 overruns=0 sleep_us=2939153 queue_ms=65
fps: 60.0
vis: 60.0
cpu: exceptions=6867 cacheResets=1 batches=76461 verts=2008230 texStalls=0 recompiles=777 underruns=0 overruns=0 sleep_us=3038889 queue_ms=70
fps: 60.0
vis: 60.0
cpu: exceptions=7159 cacheResets=1 batches=83211 verts=2185530 texStalls=0 recompiles=777 underruns=0 overruns=0 sleep_us=3140511 queue_ms=67
fps: 60.0
vis: 60.0
cpu: exceptions=7451 cacheResets=1 batches=89961 verts=2362830 texStalls=0 recompiles=777 underruns=0 overruns=0 sleep_us=3245109 queue_ms=71
fps: 60.0
vis: 60.0
cpu: exceptions=7740 cacheResets=1 batches=96711 verts=2540130 texStalls=0 recompiles=777 underruns=0 overruns=0 sleep_us=3351319 queue_ms=68
fps: 60.0
vis: 60.0
cpu: exceptions=8030 cacheResets=1 batches=103461 verts=2717430 texStalls=0 recompiles=777 underruns=0 overruns=0 sleep_us=3461672 queue_ms=64
fps: 59.9
vis: 60.0
cpu: exceptions=8327 cacheResets=1 batches=110211 verts=2894730 texStalls=0 recompiles=777 underruns=0 overruns=0 sleep_us=3562229 queue_ms=70
fps: 60.0
vis: 60.0
cpu: exceptions=8621 cacheResets=1 batches=116961 verts=3072030 texStalls=0 recompiles=777 underruns=0 overruns=0 sleep_us=3652465 queue_ms=65
fps: 60.0
vis: 60.0
cpu: exceptions=8932 cacheResets=1 batches=123711 verts=3249330 texStalls=0 recompiles=777 underruns=0 overruns=0 sleep_us=3727278 queue_ms=72
fps: 60.0
vis: 60.0
cpu: exceptions=9250 cacheResets=1 batches=130461 verts=3426630 texStalls=0 recompiles=777 underruns=0 overruns=0 sleep_us=3798695 queue_ms=67
fps: 60.0
vis: 60.0
cpu: exceptions=9569 cacheResets=1 batches=137211 verts=3603930 texStalls=0 recompiles=777 underruns=0 overruns=0 sleep_us=3871611 queue_ms=73
fps: 60.0
vis: 60.0
cpu: exceptions=9882 cacheResets=1 batches=143961 verts=3781230 texStalls=0 recompiles=777 underruns=0 overruns=0 sleep_us=3946021 queue_ms=69
fps: 60.0
vis: 60.0
cpu: exceptions=10191 cacheResets=1 batches=150711 verts=3958530 texStalls=0 recompiles=777 underruns=0 overruns=0 sleep_us=4023747 queue_ms=65
fps: 59.8
vis: 60.0
cpu: exceptions=10504 cacheResets=1 batches=157883 verts=4149348 texStalls=0 recompiles=777 underruns=0 overruns=0 sleep_us=4093071 queue_ms=71
fps: 60.1
vis: 60.0
cpu: exceptions=10813 cacheResets=1 batches=166733 verts=4394238 texStalls=0 recompiles=777 underruns=0 overruns=0 sleep_us=4121734 queue_ms=67
fps: 60.0
vis: 60.0
cpu: exceptions=11136 cacheResets=1 batches=175583 verts=4639128 texStalls=0 recompiles=778 underruns=0 overruns=0 sleep_us=4155336 queue_ms=72
fps: 60.0
vis: 60.0
cpu: exceptions=11471 cacheResets=1 batches=184433 verts=4884018 texStalls=0 recompiles=787 underruns=0 overruns=0 sleep_us=4168344 queue_ms=68
fps: 60.0
vis: 60.0
cpu: exceptions=11794 cacheResets=1 batches=193283 verts=5128908 texStalls=0 recompiles=787 underruns=0 overruns=0 sleep_us=4188998 queue_ms=74
fps: 59.8
vis: 60.0
cpu: exceptions=12124 cacheResets=1 batches=202133 verts=5373798 texStalls=0 recompiles=790 underruns=0 overruns=0 sleep_us=4208517 queue_ms=69
fps: 60.0
vis: 60.0
cpu: exceptions=12458 cacheResets=1 batches=210983 verts=5618688 texStalls=0 recompiles=790 underruns=0 overruns=0 sleep_us=4223822 queue_ms=66
fps: 60.0
vis: 60.0
cpu: exceptions=12782 cacheResets=1 batches=219833 verts=5863578 texStalls=0 recompiles=790 underruns=0 overruns=0 sleep_us=4245282 queue_ms=71
fps: 60.1
vis: 60.0
cpu: exceptions=13110 cacheResets=1 batches=228611 verts=6106296 texStalls=0 recompiles=790 underruns=0 overruns=0 sleep_us=4271910 queue_ms=67
fps: 60.0
vis: 60.0
cpu: exceptions=13425 cacheResets=1 batches=236921 verts=6334896 texStalls=0 recompiles=790 underruns=0 overruns=0 sleep_us=4317715 queue_ms=73
fps: 60.0
vis: 60.0
cpu: exceptions=13734 cacheResets=1 batches=245231 verts=6563496 texStalls=0 recompiles=790 underruns=0 overruns=0 sleep_us=4371792 queue_ms=69
fps: 60.0
vis: 60.0
cpu: exceptions=14048 cacheResets=1 batches=253541 verts=6792096 texStalls=0 recompiles=790 underruns=0 overruns=0 sleep_us=4428463 queue_ms=65
fps: 60.0
vis: 60.0
cpu: exceptions=14364 cacheResets=1 batches=261851 verts=7020696 texStalls=0 recompiles=790 underruns=0 overruns=0 sleep_us=4481551 queue_ms=71
fps: 60.0
vis: 60.0
cpu: exceptions=14670 cacheResets=1 batches=270161 verts=7249296 texStalls=0 recompiles=790 underruns=0 overruns=0 sleep_us=4541322 queue_ms=67
fps: 60.0
vis: 60.0
cpu: exceptions=14991 cacheResets=1 batches=278471 verts=7477896 texStalls=0 recompiles=790 underruns=0 overruns=0 sleep_us=4594301 queue_ms=72
fps: 60.0
vis: 60.0
cpu: exceptions=15312 cacheResets=1 batches=286781 verts=7706496 texStalls=0 recompiles=790 underruns=0 overruns=0 sleep_us=4639187 queue_ms=69
fps: 60.0
vis: 60.0
cpu: exceptions=15621 cacheResets=1 batches=295091 verts=7935096 texStalls=0 recompiles=790 underruns=0 overruns=0 sleep_us=4689980 queue_ms=73
fps: 60.0
vis: 60.0
cpu: exceptions=15929 cacheResets=1 batches=303401 verts=8163696 texStalls=0 recompiles=790 underruns=0 overruns=0 sleep_us=4745206 queue_ms=70
vis: 60.0
cpu: exceptions=16235 cacheResets=1 batches=311711 verts=8392296 texStalls=0 recompiles=790 underruns=0 overruns=0 sleep_us=4801576 queue_ms=67
fps: 60.0
vis: 60.0
cpu: exceptions=16534 cacheResets=1 batches=320069 verts=8621184 texStalls=0 recompiles=790 underruns=0 overruns=0 sleep_us=4862293 queue_ms=71
fps: 60.0
vis: 60.0
cpu: exceptions=16836 cacheResets=1 batches=328559 verts=8850864 texStalls=0 recompiles=790 underruns=0 overruns=0 sleep_us=4921324 queue_ms=68
fps: 60.0
vis: 60.0
cpu: exceptions=17142 cacheResets=1 batches=337049 verts=9080544 texStalls=0 recompiles=790 underruns=0 overruns=0 sleep_us=4975019 queue_ms=73
fps: 60.0
vis: 60.0
cpu: exceptions=17450 cacheResets=1 batches=345539 verts=9310224 texStalls=0 recompiles=790 underruns=0 overruns=0 sleep_us=5026076 queue_ms=69
fps: 60.0
vis: 60.0
cpu: exceptions=17763 cacheResets=1 batches=354029 verts=9539904 texStalls=0 recompiles=790 underruns=0 overruns=0 sleep_us=5070501 queue_ms=75
fps: 60.0
vis: 60.0
cpu: exceptions=18075 cacheResets=1 batches=362519 verts=9769584 texStalls=0 recompiles=790 underruns=0 overruns=0 sleep_us=5118759 queue_ms=71
fps: 59.9
vis: 60.0
cpu: exceptions=18381 cacheResets=1 batches=371009 verts=9999264 texStalls=0 recompiles=790 underruns=0 overruns=0 sleep_us=5171269 queue_ms=76
fps: 60.0
vis: 60.0
cpu: exceptions=18683 cacheResets=1 batches=379595 verts=10233000 texStalls=0 recompiles=790 underruns=0 overruns=0 sleep_us=5222977 queue_ms=72
fps: 60.0
vis: 60.0
cpu: exceptions=18989 cacheResets=1 batches=388445 verts=10477890 texStalls=0 recompiles=790 underruns=0 overruns=0 sleep_us=5262735 queue_ms=69
fps: 60.0
vis: 60.0
cpu: exceptions=19292 cacheResets=1 batches=397303 verts=10722780 texStalls=0 recompiles=790 underruns=0 overruns=0 sleep_us=5307973 queue_ms=73
fps: 60.0
vis: 60.0
cpu: exceptions=19598 cacheResets=1 batches=406153 verts=10967670 texStalls=0 recompiles=790 underruns=0 overruns=0 sleep_us=5348936 queue_ms=70
fps: 60.0
vis: 60.0
cpu: exceptions=19909 cacheResets=1 batches=415003 verts=11212560 texStalls=0 recompiles=790 underruns=0 overruns=0 sleep_us=5385323 queue_ms=75
fps: 60.0
vis: 60.0
cpu: exceptions=20220 cacheResets=1 batches=423853 verts=11457450 texStalls=0 recompiles=790 underruns=0 overruns=0 sleep_us=5417783 queue_ms=71
mark: stop reason: chain guest VI limit
mark: stop_it requested
audio: alist_resample_calls=28071 alist_resample_samples=3565888 alist_zoh_calls=0 alist_zoh_samples=0 musyx_subframes=0 musyx_voices=0 musyx_voice_peak=0
audio_stages: adpcm_calls=27644 adpcm_samples=3310960 envmix_calls=28071 envmix_samples=3565888 mix_calls=158224 mix_samples=21109440 musyx_fx_calls=0 musyx_fx_taps=0 output_calls=1797 output_samples=958992
audio_envmix: exp_calls=28071 ge_calls=0 lin_calls=0 nead_calls=0 exp_steady=11984 ge_steady=0 lin_steady=0
audio_gaps: nead_mats=0 nead_efz=0 resample_flag2=0 musyx_ptr10=0
audio_output: stream_requests=4966 stream_fed=3322 input_hz=32006 playback_hz=32006 queue_peak_ms=148
audio_time: stage=resample sampled_calls=221 sampled_samples=28928 sampled_us=2493
audio_time: stage=zoh sampled_calls=0 sampled_samples=0 sampled_us=0
audio_time: stage=adpcm sampled_calls=217 sampled_samples=25584 sampled_us=1934
audio_time: stage=envmix_exp sampled_calls=221 sampled_samples=28928 sampled_us=4509
audio_time: stage=envmix_ge sampled_calls=0 sampled_samples=0 sampled_us=0
audio_time: stage=envmix_lin sampled_calls=0 sampled_samples=0 sampled_us=0
audio_time: stage=envmix_nead sampled_calls=0 sampled_samples=0 sampled_us=0
audio_time: stage=mix sampled_calls=1245 sampled_samples=166048 sampled_us=3537
audio_time: stage=musyx_voice sampled_calls=0 sampled_samples=0 sampled_us=0
audio_time: stage=musyx_fx sampled_calls=0 sampled_samples=0 sampled_us=0
audio_time: stage=output sampled_calls=14 sampled_samples=7456 sampled_us=32
gpu_counters: clks=0 tb_clks=7306420084 ras_busy=0 xf_wait_in=0 xf_wait_out=0 ras_peak_permille=0 ztop_in=0 ztop_out=0 z_in=0 z_out=0 blend_in=0 copy_clks=0 fifo_overflows=14
game: n=7/9 how=vis vis=1800 vi_rate=60 vi0_retrace=32046 wall_us=30067548 sleep_us=5417783 avg_vis=59.03 avg_fps=57.49 exceptions=20231 cacheResets=1 recompiles=790 batches=424148 verts=11465613 texStalls=0 treeDepthMax=12 underruns=0 overruns=0 queue_peak_ms=130 dsp_avg=3.89 dsp_peak=5.60 dsp_samples=61 pmc1=21693115246 pmc2=0 pmc3=0 pmc4=0 mmcr0=00000042 mmcr1=00000000 heap_used=10844344 heap_free=185224 arena1_free=196608 arena2_free=288704 flushes=5 flush_us=4738 padtrace=0 rom=sd:/wii64/roms/Pokemon Snap.rom
=== chain 7/9 end vis=1800 how=vis rom=sd:/wii64/roms/Pokemon Snap.rom ===
mark: pad replay records: 7
mark: loadROM: enter
mark: loadROM: before rom_read
mark: ROMCache_load: enter
mark: ROMCache_load: before first read
mark: ROMCache_load: first read returned
mark: ROMCache_load: byte_swap_type set
mark: ROMCache_load: first byte_swap done
menufps: 0.1
mark: ROMCache_load: loop exited normally
mark: ROMCache_load: elapsed_us=271395 bytes=8388608 vm=0
mark: loadROM: after rom_read
mark: loadROM: before init_memory
mark: loadROM: after init_memory
mark: loadROM: before romOpen_gfx
mark: loadROM: after romOpen_gfx / before romOpen_audio
mark: loadROM: after romOpen_audio / before romOpen_input
mark: loadROM: after romOpen_input / before cpu_init
mark: loadROM: after cpu_init
menufps: 13.5
menufps: 1.0
menufps: 1.0
fps: 6.9
first_vi: vi0_retrace=34054
vis: 0.6
cpu: exceptions=0 cacheResets=0 batches=0 verts=0 texStalls=0 recompiles=0 underruns=0 overruns=0 sleep_us=0 queue_ms=0
mark: CPU core dispatch: dynarec
vis: 60.0
cpu: exceptions=240 cacheResets=1 batches=0 verts=0 texStalls=0 recompiles=189 underruns=2 overruns=0 sleep_us=256446 queue_ms=100
vis: 60.0
cpu: exceptions=540 cacheResets=1 batches=0 verts=0 texStalls=0 recompiles=198 underruns=2 overruns=0 sleep_us=741378 queue_ms=96
vis: 60.0
cpu: exceptions=840 cacheResets=1 batches=0 verts=0 texStalls=0 recompiles=204 underruns=2 overruns=0 sleep_us=1226626 queue_ms=102
vis: 60.0
cpu: exceptions=1135 cacheResets=1 batches=0 verts=0 texStalls=0 recompiles=204 underruns=2 overruns=0 sleep_us=1712385 queue_ms=97
fps: 0.5
vis: 60.0
cpu: exceptions=1430 cacheResets=1 batches=414 verts=9387 texStalls=0 recompiles=468 underruns=3 overruns=0 sleep_us=2006802 queue_ms=11
fps: 20.7
vis: 60.0
cpu: exceptions=1587 cacheResets=1 batches=2484 verts=56322 texStalls=0 recompiles=475 underruns=3 overruns=0 sleep_us=2444078 queue_ms=9
fps: 29.8
vis: 60.0
cpu: exceptions=1751 cacheResets=1 batches=4554 verts=103257 texStalls=0 recompiles=478 underruns=3 overruns=0 sleep_us=2879441 queue_ms=15
fps: 30.1
vis: 60.0
cpu: exceptions=1893 cacheResets=1 batches=6624 verts=150192 texStalls=0 recompiles=478 underruns=3 overruns=0 sleep_us=3325383 queue_ms=11
fps: 30.0
vis: 60.0
cpu: exceptions=2035 cacheResets=1 batches=8694 verts=197127 texStalls=0 recompiles=478 underruns=3 overruns=0 sleep_us=3770811 queue_ms=7
fps: 30.0
vis: 60.0
cpu: exceptions=2177 cacheResets=1 batches=10767 verts=244080 texStalls=0 recompiles=489 underruns=3 overruns=0 sleep_us=4214811 queue_ms=13
fps: 30.0
vis: 60.0
cpu: exceptions=2318 cacheResets=1 batches=12574 verts=284835 texStalls=0 recompiles=498 underruns=3 overruns=0 sleep_us=4662754 queue_ms=9
vis: 60.0
cpu: exceptions=2637 cacheResets=1 batches=12574 verts=284835 texStalls=0 recompiles=675 underruns=4 overruns=0 sleep_us=4937454 queue_ms=23
vis: 60.0
cpu: exceptions=2727 cacheResets=1 batches=12574 verts=284835 texStalls=0 recompiles=733 underruns=4 overruns=0 sleep_us=5206921 queue_ms=19
vis: 60.0
cpu: exceptions=2817 cacheResets=1 batches=12574 verts=284835 texStalls=0 recompiles=784 underruns=4 overruns=0 sleep_us=5561185 queue_ms=25
fps: 4.4
vis: 60.0
cpu: exceptions=2960 cacheResets=1 batches=13906 verts=302151 texStalls=0 recompiles=910 underruns=6 overruns=0 sleep_us=5808858 queue_ms=8
fps: 15.2
vis: 60.0
cpu: exceptions=3117 cacheResets=1 batches=18791 verts=366426 texStalls=0 recompiles=910 underruns=6 overruns=0 sleep_us=6060104 queue_ms=4
fps: 30.0
vis: 60.0
cpu: exceptions=3272 cacheResets=1 batches=23667 verts=430395 texStalls=0 recompiles=927 underruns=6 overruns=0 sleep_us=6311264 queue_ms=8
fps: 30.0
vis: 60.0
cpu: exceptions=3435 cacheResets=1 batches=28533 verts=494286 texStalls=0 recompiles=927 underruns=6 overruns=0 sleep_us=6563128 queue_ms=5
fps: 30.0
vis: 60.0
cpu: exceptions=3590 cacheResets=1 batches=33394 verts=558147 texStalls=0 recompiles=927 underruns=6 overruns=0 sleep_us=6825302 queue_ms=10
fps: 30.0
vis: 60.0
cpu: exceptions=3761 cacheResets=1 batches=38258 verts=622026 texStalls=0 recompiles=927 underruns=6 overruns=0 sleep_us=7071874 queue_ms=6
fps: 29.9
vis: 60.0
cpu: exceptions=3977 cacheResets=1 batches=43141 verts=686019 texStalls=0 recompiles=936 underruns=6 overruns=0 sleep_us=7298273 queue_ms=12
fps: 19.4
vis: 60.0
cpu: exceptions=4233 cacheResets=1 batches=43736 verts=693762 texStalls=0 recompiles=1065 underruns=8 overruns=0 sleep_us=7568077 queue_ms=13
fps: 31.7
vis: 60.0
cpu: exceptions=4400 cacheResets=1 batches=44542 verts=704178 texStalls=0 recompiles=1065 underruns=8 overruns=0 sleep_us=7975343 queue_ms=17
fps: 30.0
vis: 60.0
cpu: exceptions=4572 cacheResets=1 batches=45337 verts=714528 texStalls=0 recompiles=1065 underruns=8 overruns=0 sleep_us=8381076 queue_ms=13
fps: 30.0
vis: 60.0
cpu: exceptions=4737 cacheResets=1 batches=46132 verts=724878 texStalls=0 recompiles=1065 underruns=8 overruns=0 sleep_us=8798299 queue_ms=9
fps: 30.0
vis: 60.0
cpu: exceptions=4910 cacheResets=1 batches=46927 verts=735228 texStalls=0 recompiles=1065 underruns=8 overruns=0 sleep_us=9203084 queue_ms=15
fps: 30.0
vis: 60.0
cpu: exceptions=5089 cacheResets=1 batches=47722 verts=745578 texStalls=0 recompiles=1065 underruns=8 overruns=0 sleep_us=9600980 queue_ms=10
fps: 30.0
vis: 60.0
cpu: exceptions=5262 cacheResets=1 batches=48517 verts=755928 texStalls=0 recompiles=1065 underruns=8 overruns=0 sleep_us=10003183 queue_ms=16
fps: 30.0
vis: 60.0
cpu: exceptions=5431 cacheResets=1 batches=49312 verts=766278 texStalls=0 recompiles=1065 underruns=8 overruns=0 sleep_us=10412937 queue_ms=13
fps: 30.0
vis: 60.0
cpu: exceptions=5596 cacheResets=1 batches=50107 verts=776628 texStalls=0 recompiles=1065 underruns=8 overruns=0 sleep_us=10830489 queue_ms=17
vis: 60.0
cpu: exceptions=5778 cacheResets=1 batches=50622 verts=785298 texStalls=0 recompiles=1068 underruns=8 overruns=0 sleep_us=11246431 queue_ms=14
fps: 30.0
vis: 60.0
cpu: exceptions=5953 cacheResets=1 batches=51130 verts=793926 texStalls=0 recompiles=1071 underruns=8 overruns=0 sleep_us=11658186 queue_ms=10
fps: 29.9
vis: 60.0
cpu: exceptions=6202 cacheResets=1 batches=51232 verts=795654 texStalls=0 recompiles=1131 underruns=8 overruns=0 sleep_us=11935824 queue_ms=16
fps: 4.1
vis: 60.0
cpu: exceptions=6352 cacheResets=1 batches=51787 verts=806670 texStalls=0 recompiles=1530 underruns=9 overruns=0 sleep_us=12132098 queue_ms=32
fps: 32.9
vis: 60.0
cpu: exceptions=6487 cacheResets=1 batches=54697 verts=879300 texStalls=0 recompiles=1534 underruns=9 overruns=0 sleep_us=12516842 queue_ms=38
vis: 60.0
cpu: exceptions=6622 cacheResets=1 batches=57607 verts=951930 texStalls=0 recompiles=1534 underruns=9 overruns=0 sleep_us=12902049 queue_ms=35
fps: 30.0
vis: 60.0
cpu: exceptions=6757 cacheResets=1 batches=60517 verts=1024560 texStalls=0 recompiles=1534 underruns=9 overruns=0 sleep_us=13287317 queue_ms=32
fps: 30.0
vis: 60.0
cpu: exceptions=6892 cacheResets=1 batches=63427 verts=1097190 texStalls=0 recompiles=1534 underruns=9 overruns=0 sleep_us=13672504 queue_ms=36
fps: 30.0
vis: 60.0
cpu: exceptions=7044 cacheResets=1 batches=67345 verts=1175868 texStalls=0 recompiles=1544 underruns=9 overruns=0 sleep_us=14025104 queue_ms=33
fps: 29.9
vis: 60.0
cpu: exceptions=7219 cacheResets=1 batches=71512 verts=1256040 texStalls=0 recompiles=1545 underruns=9 overruns=0 sleep_us=14359466 queue_ms=38
fps: 30.0
vis: 60.0
cpu: exceptions=7399 cacheResets=1 batches=75667 verts=1336140 texStalls=0 recompiles=1545 underruns=9 overruns=0 sleep_us=14688954 queue_ms=34
fps: 30.0
vis: 60.0
cpu: exceptions=7580 cacheResets=1 batches=79822 verts=1416240 texStalls=0 recompiles=1545 underruns=9 overruns=0 sleep_us=15013234 queue_ms=40
fps: 30.0
vis: 60.0
cpu: exceptions=7775 cacheResets=1 batches=83977 verts=1496340 texStalls=0 recompiles=1545 underruns=9 overruns=0 sleep_us=15328445 queue_ms=36
fps: 29.9
vis: 60.0
cpu: exceptions=7988 cacheResets=1 batches=88132 verts=1576440 texStalls=0 recompiles=1545 underruns=9 overruns=0 sleep_us=15634530 queue_ms=32
fps: 30.0
vis: 60.0
cpu: exceptions=8196 cacheResets=1 batches=92287 verts=1656540 texStalls=0 recompiles=1545 underruns=9 overruns=0 sleep_us=15942611 queue_ms=37
fps: 30.0
vis: 60.0
cpu: exceptions=8415 cacheResets=1 batches=96442 verts=1736640 texStalls=0 recompiles=1545 underruns=9 overruns=0 sleep_us=16240665 queue_ms=34
fps: 30.0
vis: 60.0
cpu: exceptions=8620 cacheResets=1 batches=100597 verts=1816740 texStalls=0 recompiles=1545 underruns=9 overruns=0 sleep_us=16550683 queue_ms=38
fps: 30.0
vis: 60.0
cpu: exceptions=8814 cacheResets=1 batches=104752 verts=1896840 texStalls=0 recompiles=1545 underruns=9 overruns=0 sleep_us=16871071 queue_ms=35
fps: 30.0
vis: 60.0
cpu: exceptions=9006 cacheResets=1 batches=108907 verts=1976940 texStalls=0 recompiles=1545 underruns=9 overruns=0 sleep_us=17194678 queue_ms=40
fps: 30.0
vis: 60.0
cpu: exceptions=9170 cacheResets=1 batches=113062 verts=2057040 texStalls=0 recompiles=1547 underruns=9 overruns=0 sleep_us=17537359 queue_ms=36
fps: 30.0
vis: 60.0
cpu: exceptions=9314 cacheResets=1 batches=117217 verts=2137140 texStalls=0 recompiles=1547 underruns=9 overruns=0 sleep_us=17892343 queue_ms=33
fps: 30.0
vis: 60.0
cpu: exceptions=9454 cacheResets=1 batches=121372 verts=2217240 texStalls=0 recompiles=1547 underruns=9 overruns=0 sleep_us=18249949 queue_ms=38
fps: 29.9
vis: 60.0
cpu: exceptions=9594 cacheResets=1 batches=125527 verts=2297340 texStalls=0 recompiles=1547 underruns=9 overruns=0 sleep_us=18607590 queue_ms=34
fps: 30.0
vis: 60.0
cpu: exceptions=9732 cacheResets=1 batches=129682 verts=2377440 texStalls=0 recompiles=1547 underruns=9 overruns=0 sleep_us=18967235 queue_ms=39
fps: 30.0
vis: 60.0
cpu: exceptions=9867 cacheResets=1 batches=133837 verts=2457540 texStalls=0 recompiles=1547 underruns=9 overruns=0 sleep_us=19330208 queue_ms=36
fps: 30.0
vis: 60.0
cpu: exceptions=10002 cacheResets=1 batches=137992 verts=2537640 texStalls=0 recompiles=1547 underruns=9 overruns=0 sleep_us=19693317 queue_ms=32
fps: 30.1
vis: 60.0
cpu: exceptions=10137 cacheResets=1 batches=141307 verts=2612700 texStalls=0 recompiles=1548 underruns=9 overruns=0 sleep_us=20073224 queue_ms=38
fps: 30.0
vis: 60.0
cpu: exceptions=10272 cacheResets=1 batches=144202 verts=2685240 texStalls=0 recompiles=1548 underruns=9 overruns=0 sleep_us=20461656 queue_ms=34
fps: 30.0
vis: 60.0
cpu: exceptions=10413 cacheResets=1 batches=147126 verts=2758428 texStalls=0 recompiles=1568 underruns=9 overruns=0 sleep_us=20841972 queue_ms=39
fps: 29.9
vis: 60.0
cpu: exceptions=10578 cacheResets=1 batches=150441 verts=2840598 texStalls=0 recompiles=1568 underruns=9 overruns=0 sleep_us=21186224 queue_ms=36
fps: 30.1
vis: 60.0
cpu: exceptions=10739 cacheResets=1 batches=153276 verts=2903952 texStalls=0 recompiles=1569 underruns=9 overruns=0 sleep_us=21550054 queue_ms=40
fps: 30.0
vis: 60.0
cpu: exceptions=10897 cacheResets=1 batches=155691 verts=2950842 texStalls=0 recompiles=1569 underruns=9 overruns=0 sleep_us=21931385 queue_ms=37
fps: 30.0
vis: 60.0
cpu: exceptions=11061 cacheResets=1 batches=158106 verts=2997732 texStalls=0 recompiles=1572 underruns=9 overruns=0 sleep_us=22308330 queue_ms=33
fps: 29.9
vis: 60.0
cpu: exceptions=11257 cacheResets=1 batches=160521 verts=3044622 texStalls=0 recompiles=1572 underruns=9 overruns=0 sleep_us=22657940 queue_ms=38
fps: 30.1
vis: 60.0
cpu: exceptions=11445 cacheResets=1 batches=162942 verts=3091542 texStalls=0 recompiles=1572 underruns=9 overruns=0 sleep_us=23015969 queue_ms=35
fps: 30.0
vis: 60.0
cpu: exceptions=11612 cacheResets=1 batches=165447 verts=3138882 texStalls=0 recompiles=1572 underruns=9 overruns=0 sleep_us=23388673 queue_ms=40
fps: 30.0
vis: 60.0
cpu: exceptions=11793 cacheResets=1 batches=167976 verts=3186294 texStalls=0 recompiles=1572 underruns=9 overruns=0 sleep_us=23743415 queue_ms=36
fps: 29.9
vis: 60.0
cpu: exceptions=11987 cacheResets=1 batches=170630 verts=3235593 texStalls=0 recompiles=1572 underruns=9 overruns=0 sleep_us=24078494 queue_ms=41
fps: 30.1
vis: 60.0
cpu: exceptions=12181 cacheResets=1 batches=173364 verts=3286140 texStalls=0 recompiles=1572 underruns=9 overruns=0 sleep_us=24419557 queue_ms=38
fps: 30.0
vis: 60.0
cpu: exceptions=12351 cacheResets=1 batches=176140 verts=3336813 texStalls=0 recompiles=1572 underruns=9 overruns=0 sleep_us=24782357 queue_ms=33
fps: 30.0
vis: 60.0
cpu: exceptions=12528 cacheResets=1 batches=178978 verts=3387768 texStalls=0 recompiles=1572 underruns=9 overruns=0 sleep_us=25136702 queue_ms=39
fps: 30.0
vis: 60.0
cpu: exceptions=12716 cacheResets=1 batches=181858 verts=3438933 texStalls=0 recompiles=1572 underruns=9 overruns=0 sleep_us=25476363 queue_ms=36
fps: 30.0
vis: 60.0
cpu: exceptions=12922 cacheResets=1 batches=184738 verts=3490098 texStalls=0 recompiles=1572 underruns=9 overruns=0 sleep_us=25801360 queue_ms=40
fps: 30.0
vis: 60.0
cpu: exceptions=13104 cacheResets=1 batches=187656 verts=3542487 texStalls=0 recompiles=1572 underruns=9 overruns=0 sleep_us=26148937 queue_ms=37
fps: 30.0
vis: 60.0
cpu: exceptions=13272 cacheResets=1 batches=190686 verts=3598332 texStalls=0 recompiles=1572 underruns=9 overruns=0 sleep_us=26499195 queue_ms=42
fps: 30.0
vis: 60.0
cpu: exceptions=13458 cacheResets=1 batches=193716 verts=3654177 texStalls=0 recompiles=1572 underruns=9 overruns=0 sleep_us=26833573 queue_ms=39
fps: 30.0
vis: 60.0
cpu: exceptions=13660 cacheResets=1 batches=196746 verts=3710022 texStalls=0 recompiles=1572 underruns=9 overruns=0 sleep_us=27147228 queue_ms=43
vis: 60.0
cpu: exceptions=13850 cacheResets=1 batches=199778 verts=3766149 texStalls=0 recompiles=1572 underruns=9 overruns=0 sleep_us=27478289 queue_ms=40
fps: 30.0
vis: 60.0
cpu: exceptions=14020 cacheResets=1 batches=202780 verts=3822606 texStalls=0 recompiles=1572 underruns=9 overruns=0 sleep_us=27832212 queue_ms=36
fps: 30.0
mark: stop reason: chain guest VI limit
mark: stop_it requested
audio: alist_resample_calls=42763 alist_resample_samples=5572696 alist_zoh_calls=0 alist_zoh_samples=0 musyx_subframes=0 musyx_voices=0 musyx_voice_peak=0
audio_stages: adpcm_calls=41651 adpcm_samples=5505360 envmix_calls=40317 envmix_samples=5378800 mix_calls=9436 mix_samples=3019520 musyx_fx_calls=0 musyx_fx_taps=0 output_calls=2360 output_samples=1259104
audio_envmix: exp_calls=40317 ge_calls=0 lin_calls=0 nead_calls=0 exp_steady=33833 ge_steady=0 lin_steady=0
audio_gaps: nead_mats=0 nead_efz=0 resample_flag2=0 musyx_ptr10=0
audio_output: stream_requests=6086 stream_fed=4368 input_hz=32006 playback_hz=32006 queue_peak_ms=123
audio_time: stage=resample sampled_calls=336 sampled_samples=43888 sampled_us=3776
audio_time: stage=zoh sampled_calls=0 sampled_samples=0 sampled_us=0
audio_time: stage=adpcm sampled_calls=327 sampled_samples=42240 sampled_us=3174
audio_time: stage=envmix_exp sampled_calls=317 sampled_samples=42336 sampled_us=4011
audio_time: stage=envmix_ge sampled_calls=0 sampled_samples=0 sampled_us=0
audio_time: stage=envmix_lin sampled_calls=0 sampled_samples=0 sampled_us=0
audio_time: stage=envmix_nead sampled_calls=0 sampled_samples=0 sampled_us=0
audio_time: stage=mix sampled_calls=74 sampled_samples=23680 sampled_us=500
audio_time: stage=musyx_voice sampled_calls=0 sampled_samples=0 sampled_us=0
audio_time: stage=musyx_fx sampled_calls=0 sampled_samples=0 sampled_us=0
audio_time: stage=output sampled_calls=18 sampled_samples=9584 sampled_us=42
gpu_counters: clks=0 tb_clks=9722794376 ras_busy=0 xf_wait_in=0 xf_wait_out=0 ras_peak_permille=0 ztop_in=0 ztop_out=0 z_in=0 z_out=0 blend_in=0 copy_clks=0 fifo_overflows=1
game: n=8/9 how=vis vis=2400 vi_rate=60 vi0_retrace=34054 wall_us=40011462 sleep_us=28170527 avg_vis=59.26 avg_fps=28.10 exceptions=14189 cacheResets=1 recompiles=1572 batches=205468 verts=3874812 texStalls=0 treeDepthMax=14 underruns=9 overruns=0 queue_peak_ms=102 dsp_avg=3.93 dsp_peak=5.25 dsp_samples=80 pmc1=29100188920 pmc2=0 pmc3=0 pmc4=0 mmcr0=00000042 mmcr1=00000000 heap_used=10877880 heap_free=151688 arena1_free=196608 arena2_free=288704 flushes=6 flush_us=4634 padtrace=7 rom=sd:/wii64/roms/Super Mario 64.v64
=== chain 8/9 end vis=2400 how=vis rom=sd:/wii64/roms/Super Mario 64.v64 ===
mark: pad replay records: 27
mark: loadROM: enter
mark: loadROM: before rom_read
mark: ROMCache_load: enter
mark: ROMCache_load: before first read
mark: ROMCache_load: first read returned
mark: ROMCache_load: byte_swap_type set
mark: ROMCache_load: first byte_swap done
menufps: 0.0
menufps: 55.0
menufps: 1.4
menufps: 1.4
menufps: 1.4
menufps: 1.4
menufps: 1.4
menufps: 1.4
menufps: 1.4
menufps: 21.4
mark: ROMCache_load: loop exited normally
menufps: 12.6
menufps: 1.1
menufps: 1.1
menufps: 1.1
menufps: 1.1
menufps: 1.1
menufps: 1.1
menufps: 1.1
menufps: 1.1
menufps: 1.1
menufps: 1.1
menufps: 1.1
menufps: 1.1
menufps: 1.1
menufps: 1.1
menufps: 1.1
menufps: 1.1
menufps: 1.1
menufps: 1.1
menufps: 1.1
mark: ROMCache_load: preflush_us=18119081
mark: ROMCache_load: elapsed_us=24490065 bytes=33554432 vm=1
mark: loadROM: after rom_read
mark: loadROM: before init_memory
mark: loadROM: after init_memory
mark: loadROM: before romOpen_gfx
mark: loadROM: after romOpen_gfx / before romOpen_audio
mark: loadROM: after romOpen_audio / before romOpen_input
mark: loadROM: after romOpen_input / before cpu_init
mark: loadROM: after cpu_init
menufps: 3.4
menufps: 1.0
menufps: 1.0
fps: 0.5
first_vi: vi0_retrace=38111
vis: 1.1
cpu: exceptions=0 cacheResets=0 batches=0 verts=0 texStalls=0 recompiles=0 underruns=0 overruns=0 sleep_us=0 queue_ms=0
mark: CPU core dispatch: dynarec
vis: 9.7
cpu: exceptions=123 cacheResets=1 batches=0 verts=0 texStalls=0 recompiles=107 underruns=0 overruns=0 sleep_us=0 queue_ms=0
fps: 1.0
vis: 52.2
cpu: exceptions=813 cacheResets=1 batches=8 verts=288 texStalls=0 recompiles=605 underruns=1 overruns=0 sleep_us=109950 queue_ms=8
vis: 60.0
cpu: exceptions=1551 cacheResets=1 batches=8 verts=288 texStalls=0 recompiles=678 underruns=1 overruns=0 sleep_us=343228 queue_ms=8
vis: 57.3
cpu: exceptions=2440 cacheResets=1 batches=8 verts=288 texStalls=0 recompiles=947 underruns=2 overruns=0 sleep_us=459973 queue_ms=6
fps: 1.6
vis: 60.0
cpu: exceptions=3127 cacheResets=1 batches=2236 verts=36765 texStalls=0 recompiles=1547 underruns=5 overruns=0 sleep_us=493516 queue_ms=133
fps: 25.5
vis: 60.0
cpu: exceptions=3629 cacheResets=1 batches=4706 verts=76215 texStalls=0 recompiles=1556 underruns=5 overruns=0 sleep_us=748187 queue_ms=141
fps: 19.9
vis: 60.0
cpu: exceptions=4136 cacheResets=1 batches=7473 verts=126099 texStalls=0 recompiles=1615 underruns=5 overruns=0 sleep_us=955396 queue_ms=136
fps: 20.0
vis: 60.0
cpu: exceptions=4636 cacheResets=1 batches=10390 verts=180591 texStalls=0 recompiles=1615 underruns=5 overruns=0 sleep_us=1190267 queue_ms=142
fps: 20.0
vis: 60.0
cpu: exceptions=5130 cacheResets=1 batches=13335 verts=235251 texStalls=0 recompiles=1615 underruns=5 overruns=0 sleep_us=1425819 queue_ms=138
fps: 20.0
vis: 60.0
cpu: exceptions=5624 cacheResets=1 batches=16305 verts=290061 texStalls=0 recompiles=1620 underruns=5 overruns=0 sleep_us=1659190 queue_ms=144
fps: 20.0
vis: 60.0
cpu: exceptions=6138 cacheResets=1 batches=19291 verts=344967 texStalls=0 recompiles=1625 underruns=5 overruns=0 sleep_us=1861759 queue_ms=139
fps: 19.9
vis: 60.0
cpu: exceptions=6675 cacheResets=1 batches=22271 verts=399837 texStalls=0 recompiles=1629 underruns=5 overruns=0 sleep_us=2000560 queue_ms=136
fps: 20.0
vis: 60.0
cpu: exceptions=7217 cacheResets=1 batches=25248 verts=454689 texStalls=0 recompiles=1630 underruns=5 overruns=0 sleep_us=2136295 queue_ms=142
fps: 20.0
vis: 60.0
cpu: exceptions=7770 cacheResets=1 batches=28247 verts=509673 texStalls=0 recompiles=1630 underruns=5 overruns=0 sleep_us=2293579 queue_ms=137
fps: 20.0
vis: 60.0
cpu: exceptions=8330 cacheResets=1 batches=31238 verts=564609 texStalls=0 recompiles=1630 underruns=5 overruns=0 sleep_us=2464616 queue_ms=143
fps: 20.0
vis: 60.0
cpu: exceptions=8860 cacheResets=1 batches=34219 verts=619485 texStalls=0 recompiles=1630 underruns=5 overruns=0 sleep_us=2636095 queue_ms=139
fps: 20.0
vis: 60.0
cpu: exceptions=9370 cacheResets=1 batches=37210 verts=674421 texStalls=0 recompiles=1630 underruns=5 overruns=0 sleep_us=2827019 queue_ms=144
fps: 20.0
vis: 60.0
cpu: exceptions=9891 cacheResets=1 batches=40192 verts=729303 texStalls=0 recompiles=1630 underruns=5 overruns=0 sleep_us=3012797 queue_ms=141
fps: 20.0
vis: 60.0
cpu: exceptions=10431 cacheResets=1 batches=43174 verts=784185 texStalls=0 recompiles=1630 underruns=5 overruns=0 sleep_us=3184567 queue_ms=136
fps: 20.0
vis: 60.0
cpu: exceptions=10982 cacheResets=1 batches=46160 verts=839091 texStalls=0 recompiles=1630 underruns=5 overruns=0 sleep_us=3350038 queue_ms=142
fps: 20.0
vis: 60.0
cpu: exceptions=11531 cacheResets=1 batches=49144 verts=893985 texStalls=0 recompiles=1630 underruns=5 overruns=0 sleep_us=3516703 queue_ms=139
fps: 20.0
vis: 60.0
cpu: exceptions=12080 cacheResets=1 batches=52122 verts=948843 texStalls=0 recompiles=1630 underruns=5 overruns=0 sleep_us=3684005 queue_ms=143
fps: 20.0
vis: 60.0
cpu: exceptions=12629 cacheResets=1 batches=55100 verts=1003701 texStalls=0 recompiles=1630 underruns=5 overruns=0 sleep_us=3850327 queue_ms=140
fps: 20.0
vis: 60.0
cpu: exceptions=13159 cacheResets=1 batches=58085 verts=1058601 texStalls=0 recompiles=1634 underruns=5 overruns=0 sleep_us=4024424 queue_ms=136
fps: 19.8
vis: 60.0
cpu: exceptions=13686 cacheResets=1 batches=62198 verts=1141920 texStalls=0 recompiles=1669 underruns=5 overruns=0 sleep_us=4150596 queue_ms=143
vis: 60.0
cpu: exceptions=14194 cacheResets=1 batches=66420 verts=1229841 texStalls=0 recompiles=1669 underruns=5 overruns=0 sleep_us=4313066 queue_ms=138
fps: 20.0
vis: 60.0
cpu: exceptions=14693 cacheResets=1 batches=70580 verts=1317105 texStalls=0 recompiles=1680 underruns=5 overruns=0 sleep_us=4483041 queue_ms=142
fps: 20.0
vis: 60.0
cpu: exceptions=15193 cacheResets=1 batches=74725 verts=1404222 texStalls=0 recompiles=1680 underruns=5 overruns=0 sleep_us=4659051 queue_ms=139
fps: 20.0
vis: 60.0
cpu: exceptions=15710 cacheResets=1 batches=78862 verts=1491309 texStalls=0 recompiles=1680 underruns=5 overruns=0 sleep_us=4818104 queue_ms=145
fps: 20.0
vis: 60.0
cpu: exceptions=16245 cacheResets=1 batches=83008 verts=1578435 texStalls=0 recompiles=1680 underruns=5 overruns=0 sleep_us=4960335 queue_ms=140
fps: 20.0
vis: 60.0
cpu: exceptions=16805 cacheResets=1 batches=87134 verts=1665441 texStalls=0 recompiles=1680 underruns=5 overruns=0 sleep_us=5092681 queue_ms=137
fps: 20.0
vis: 60.0
cpu: exceptions=17343 cacheResets=1 batches=91328 verts=1753116 texStalls=0 recompiles=1702 underruns=5 overruns=0 sleep_us=5207327 queue_ms=142
fps: 20.0
vis: 60.0
cpu: exceptions=17863 cacheResets=1 batches=95424 verts=1837197 texStalls=0 recompiles=1702 underruns=5 overruns=0 sleep_us=5361878 queue_ms=138
fps: 20.0
vis: 60.0
cpu: exceptions=18685 cacheResets=1 batches=97733 verts=1874835 texStalls=0 recompiles=1769 underruns=5 overruns=0 sleep_us=5486321 queue_ms=136
fps: 27.9
vis: 60.0
cpu: exceptions=19191 cacheResets=1 batches=101753 verts=1898955 texStalls=0 recompiles=1773 underruns=5 overruns=0 sleep_us=5681072 queue_ms=119
fps: 60.0
vis: 60.0
cpu: exceptions=19708 cacheResets=1 batches=105787 verts=1923159 texStalls=0 recompiles=1775 underruns=5 overruns=0 sleep_us=5861481 queue_ms=114
fps: 60.0
vis: 60.0
cpu: exceptions=20217 cacheResets=1 batches=109837 verts=1947459 texStalls=0 recompiles=1775 underruns=5 overruns=0 sleep_us=6027667 queue_ms=120
fps: 60.0
vis: 60.0
cpu: exceptions=20710 cacheResets=1 batches=113887 verts=1971759 texStalls=0 recompiles=1775 underruns=5 overruns=0 sleep_us=6206016 queue_ms=116
fps: 60.0
vis: 60.0
cpu: exceptions=21216 cacheResets=1 batches=117937 verts=1996059 texStalls=0 recompiles=1775 underruns=5 overruns=0 sleep_us=6374125 queue_ms=122
fps: 60.0
vis: 60.0
cpu: exceptions=21730 cacheResets=1 batches=121987 verts=2020359 texStalls=0 recompiles=1775 underruns=5 overruns=0 sleep_us=6531631 queue_ms=117
fps: 60.0
vis: 60.0
cpu: exceptions=22244 cacheResets=1 batches=126037 verts=2044659 texStalls=0 recompiles=1775 underruns=5 overruns=0 sleep_us=6690067 queue_ms=123
fps: 60.0
vis: 60.0
cpu: exceptions=22756 cacheResets=1 batches=130087 verts=2068959 texStalls=0 recompiles=1775 underruns=5 overruns=0 sleep_us=6847345 queue_ms=119
fps: 60.0
vis: 60.0
cpu: exceptions=23269 cacheResets=1 batches=134137 verts=2093259 texStalls=0 recompiles=1775 underruns=5 overruns=0 sleep_us=7013315 queue_ms=125
fps: 60.0
vis: 60.0
cpu: exceptions=23769 cacheResets=1 batches=138187 verts=2117559 texStalls=0 recompiles=1775 underruns=5 overruns=0 sleep_us=7189914 queue_ms=120
fps: 60.0
vis: 60.0
cpu: exceptions=24287 cacheResets=1 batches=142237 verts=2141859 texStalls=0 recompiles=1775 underruns=5 overruns=0 sleep_us=7356221 queue_ms=117
fps: 60.0
vis: 60.0
cpu: exceptions=24812 cacheResets=1 batches=146287 verts=2166159 texStalls=0 recompiles=1775 underruns=5 overruns=0 sleep_us=7515681 queue_ms=122
fps: 60.0
vis: 60.0
cpu: exceptions=25344 cacheResets=1 batches=150337 verts=2190459 texStalls=0 recompiles=1775 underruns=5 overruns=0 sleep_us=7673706 queue_ms=118
fps: 60.0
vis: 60.0
cpu: exceptions=25855 cacheResets=1 batches=154387 verts=2214759 texStalls=0 recompiles=1775 underruns=5 overruns=0 sleep_us=7832507 queue_ms=115
fps: 60.0
vis: 60.0
cpu: exceptions=26366 cacheResets=1 batches=158437 verts=2239059 texStalls=0 recompiles=1775 underruns=5 overruns=0 sleep_us=7999654 queue_ms=120
fps: 60.0
vis: 60.0
cpu: exceptions=26868 cacheResets=1 batches=162487 verts=2263359 texStalls=0 recompiles=1775 underruns=5 overruns=0 sleep_us=8177879 queue_ms=117
fps: 60.0
vis: 60.0
cpu: exceptions=27369 cacheResets=1 batches=166537 verts=2287659 texStalls=0 recompiles=1783 underruns=5 overruns=0 sleep_us=8340069 queue_ms=121
fps: 59.7
vis: 60.0
cpu: exceptions=27931 cacheResets=1 batches=172592 verts=2324169 texStalls=0 recompiles=1786 underruns=5 overruns=0 sleep_us=8417257 queue_ms=119
fps: 60.1
vis: 60.0
cpu: exceptions=28511 cacheResets=1 batches=177962 verts=2356569 texStalls=0 recompiles=1786 underruns=5 overruns=0 sleep_us=8524470 queue_ms=123
fps: 60.0
vis: 60.0
cpu: exceptions=29049 cacheResets=1 batches=183332 verts=2388969 texStalls=0 recompiles=1786 underruns=5 overruns=0 sleep_us=8644279 queue_ms=120
fps: 60.0
vis: 60.0
cpu: exceptions=29557 cacheResets=1 batches=188702 verts=2421369 texStalls=0 recompiles=1786 underruns=5 overruns=0 sleep_us=8775487 queue_ms=124
fps: 60.0
vis: 60.0
cpu: exceptions=30056 cacheResets=1 batches=194072 verts=2453769 texStalls=0 recompiles=1786 underruns=5 overruns=0 sleep_us=8915431 queue_ms=121
fps: 60.0
vis: 60.0
cpu: exceptions=30555 cacheResets=1 batches=199442 verts=2486169 texStalls=0 recompiles=1786 underruns=5 overruns=0 sleep_us=9046395 queue_ms=118
fps: 60.0
vis: 60.0
cpu: exceptions=31065 cacheResets=1 batches=204812 verts=2518569 texStalls=0 recompiles=1786 underruns=5 overruns=0 sleep_us=9171331 queue_ms=122
fps: 60.0
vis: 60.0
cpu: exceptions=31575 cacheResets=1 batches=210182 verts=2550969 texStalls=0 recompiles=1786 underruns=5 overruns=0 sleep_us=9286727 queue_ms=119
fps: 60.0
vis: 60.0
cpu: exceptions=32113 cacheResets=1 batches=215552 verts=2583369 texStalls=0 recompiles=1786 underruns=5 overruns=0 sleep_us=9392080 queue_ms=123
fps: 60.0
vis: 60.0
cpu: exceptions=32668 cacheResets=1 batches=220922 verts=2615769 texStalls=0 recompiles=1786 underruns=5 overruns=0 sleep_us=9506792 queue_ms=121
fps: 60.0
vis: 60.0
cpu: exceptions=33216 cacheResets=1 batches=226292 verts=2648169 texStalls=0 recompiles=1786 underruns=5 overruns=0 sleep_us=9619739 queue_ms=125
fps: 60.0
vis: 60.0
cpu: exceptions=33767 cacheResets=1 batches=231662 verts=2680569 texStalls=0 recompiles=1786 underruns=5 overruns=0 sleep_us=9737225 queue_ms=122
fps: 60.0
vis: 60.0
cpu: exceptions=34322 cacheResets=1 batches=237032 verts=2712969 texStalls=0 recompiles=1786 underruns=5 overruns=0 sleep_us=9852119 queue_ms=118
fps: 60.0
vis: 60.0
cpu: exceptions=34872 cacheResets=1 batches=242402 verts=2745369 texStalls=0 recompiles=1786 underruns=5 overruns=0 sleep_us=9960830 queue_ms=123
fps: 60.0
vis: 60.0
cpu: exceptions=35432 cacheResets=1 batches=247772 verts=2777769 texStalls=0 recompiles=1786 underruns=5 overruns=0 sleep_us=10064185 queue_ms=120
fps: 60.0
vis: 60.0
cpu: exceptions=35979 cacheResets=1 batches=253142 verts=2810169 texStalls=0 recompiles=1786 underruns=5 overruns=0 sleep_us=10176231 queue_ms=115
fps: 60.0
vis: 60.0
cpu: exceptions=36519 cacheResets=1 batches=258512 verts=2842569 texStalls=0 recompiles=1786 underruns=5 overruns=0 sleep_us=10295866 queue_ms=121
fps: 60.0
vis: 60.0
cpu: exceptions=37060 cacheResets=1 batches=263882 verts=2874969 texStalls=0 recompiles=1786 underruns=5 overruns=0 sleep_us=10413781 queue_ms=117
fps: 60.0
vis: 60.0
cpu: exceptions=37603 cacheResets=1 batches=269252 verts=2907369 texStalls=0 recompiles=1786 underruns=5 overruns=0 sleep_us=10527287 queue_ms=123
fps: 60.0
vis: 60.0
cpu: exceptions=38141 cacheResets=1 batches=274622 verts=2939769 texStalls=0 recompiles=1787 underruns=5 overruns=0 sleep_us=10634123 queue_ms=119
fps: 60.0
vis: 60.0
cpu: exceptions=38725 cacheResets=1 batches=279991 verts=2971989 texStalls=0 recompiles=1787 underruns=5 overruns=0 sleep_us=10722258 queue_ms=124
fps: 59.9
vis: 60.0
cpu: exceptions=39321 cacheResets=1 batches=285361 verts=3004209 texStalls=0 recompiles=1787 underruns=5 overruns=0 sleep_us=10823473 queue_ms=120
fps: 60.0
vis: 60.0
cpu: exceptions=39857 cacheResets=1 batches=290731 verts=3036429 texStalls=0 recompiles=1787 underruns=5 overruns=0 sleep_us=10938954 queue_ms=126
fps: 60.0
vis: 60.0
cpu: exceptions=40380 cacheResets=1 batches=296101 verts=3068649 texStalls=0 recompiles=1787 underruns=5 overruns=0 sleep_us=11059371 queue_ms=122
fps: 60.0
vis: 60.0
cpu: exceptions=40905 cacheResets=1 batches=301471 verts=3100869 texStalls=0 recompiles=1787 underruns=5 overruns=0 sleep_us=11176041 queue_ms=118
fps: 60.0
vis: 60.0
cpu: exceptions=41429 cacheResets=1 batches=306841 verts=3133089 texStalls=0 recompiles=1787 underruns=5 overruns=0 sleep_us=11279260 queue_ms=124
fps: 60.0
vis: 60.0
cpu: exceptions=41987 cacheResets=1 batches=312211 verts=3165309 texStalls=0 recompiles=1787 underruns=5 overruns=0 sleep_us=11383132 queue_ms=120
fps: 60.0
vis: 60.0
cpu: exceptions=42529 cacheResets=1 batches=317581 verts=3197529 texStalls=0 recompiles=1787 underruns=5 overruns=0 sleep_us=11494236 queue_ms=125
fps: 60.0
vis: 60.0
cpu: exceptions=43074 cacheResets=1 batches=322951 verts=3229749 texStalls=0 recompiles=1787 underruns=5 overruns=0 sleep_us=11609071 queue_ms=122
fps: 60.0
vis: 60.0
cpu: exceptions=43609 cacheResets=1 batches=328321 verts=3261969 texStalls=0 recompiles=1793 underruns=5 overruns=0 sleep_us=11732689 queue_ms=126
fps: 59.8
vis: 60.0
cpu: exceptions=44158 cacheResets=1 batches=333910 verts=3295503 texStalls=0 recompiles=1793 underruns=5 overruns=0 sleep_us=11832767 queue_ms=123
fps: 60.3
vis: 60.0
cpu: exceptions=44747 cacheResets=1 batches=338290 verts=3321783 texStalls=0 recompiles=1793 underruns=5 overruns=0 sleep_us=11964024 queue_ms=118
fps: 60.0
vis: 60.0
cpu: exceptions=45285 cacheResets=1 batches=342670 verts=3348063 texStalls=0 recompiles=1794 underruns=5 overruns=0 sleep_us=12110360 queue_ms=125
fps: 60.0
vis: 60.0
cpu: exceptions=45802 cacheResets=1 batches=347050 verts=3374343 texStalls=0 recompiles=1794 underruns=5 overruns=0 sleep_us=12262599 queue_ms=120
fps: 60.0
vis: 60.0
cpu: exceptions=46299 cacheResets=1 batches=351430 verts=3400623 texStalls=0 recompiles=1794 underruns=5 overruns=0 sleep_us=12424991 queue_ms=126
fps: 60.0
vis: 60.0
cpu: exceptions=46785 cacheResets=1 batches=355810 verts=3426903 texStalls=0 recompiles=1794 underruns=5 overruns=0 sleep_us=12597384 queue_ms=122
fps: 60.0
vis: 60.0
cpu: exceptions=47285 cacheResets=1 batches=360190 verts=3453183 texStalls=0 recompiles=1794 underruns=5 overruns=0 sleep_us=12761993 queue_ms=127
fps: 60.0
vis: 60.0
cpu: exceptions=47793 cacheResets=1 batches=364570 verts=3479463 texStalls=0 recompiles=1794 underruns=5 overruns=0 sleep_us=12916148 queue_ms=124
fps: 60.0
vis: 60.0
cpu: exceptions=48303 cacheResets=1 batches=368950 verts=3505743 texStalls=0 recompiles=1794 underruns=5 overruns=0 sleep_us=13069343 queue_ms=119
fps: 60.0
vis: 60.0
cpu: exceptions=48827 cacheResets=1 batches=373330 verts=3532023 texStalls=0 recompiles=1800 underruns=5 overruns=0 sleep_us=13220082 queue_ms=125
fps: 60.0
vis: 60.0
cpu: exceptions=49362 cacheResets=1 batches=377693 verts=3558201 texStalls=0 recompiles=1803 underruns=5 overruns=0 sleep_us=13365962 queue_ms=121
fps: 59.8
vis: 60.0
cpu: exceptions=49896 cacheResets=1 batches=382073 verts=3584481 texStalls=0 recompiles=1803 underruns=5 overruns=0 sleep_us=13527433 queue_ms=127
fps: 60.0
vis: 60.0
cpu: exceptions=50430 cacheResets=1 batches=386453 verts=3610761 texStalls=0 recompiles=1803 underruns=5 overruns=0 sleep_us=13688147 queue_ms=122
fps: 60.0
vis: 60.0
cpu: exceptions=50949 cacheResets=1 batches=390833 verts=3637041 texStalls=0 recompiles=1803 underruns=5 overruns=0 sleep_us=13843379 queue_ms=120
fps: 60.0
vis: 60.0
cpu: exceptions=51471 cacheResets=1 batches=395213 verts=3663321 texStalls=0 recompiles=1803 underruns=5 overruns=0 sleep_us=13997321 queue_ms=124
fps: 60.0
vis: 60.0
cpu: exceptions=51973 cacheResets=1 batches=399593 verts=3689601 texStalls=0 recompiles=1803 underruns=5 overruns=0 sleep_us=14149909 queue_ms=121
fps: 60.0
vis: 60.0
cpu: exceptions=52482 cacheResets=1 batches=403973 verts=3715881 texStalls=0 recompiles=1803 underruns=5 overruns=0 sleep_us=14311518 queue_ms=126
fps: 60.0
vis: 60.0
cpu: exceptions=52983 cacheResets=1 batches=408353 verts=3742161 texStalls=0 recompiles=1803 underruns=5 overruns=0 sleep_us=14484857 queue_ms=122
fps: 60.0
vis: 60.0
cpu: exceptions=53482 cacheResets=1 batches=412733 verts=3768441 texStalls=0 recompiles=1803 underruns=5 overruns=0 sleep_us=14648626 queue_ms=128
fps: 60.0
vis: 60.0
cpu: exceptions=54002 cacheResets=1 batches=417113 verts=3794721 texStalls=0 recompiles=1804 underruns=5 overruns=0 sleep_us=14807302 queue_ms=124
fps: 60.0
vis: 60.0
cpu: exceptions=54663 cacheResets=1 batches=421173 verts=3819081 texStalls=0 recompiles=1810 underruns=5 overruns=0 sleep_us=14941907 queue_ms=120
vis: 60.0
cpu: exceptions=55684 cacheResets=1 batches=421173 verts=3819081 texStalls=0 recompiles=1811 underruns=5 overruns=0 sleep_us=15098051 queue_ms=125
fps: 14.2
vis: 60.0
cpu: exceptions=56456 cacheResets=1 batches=422044 verts=3829623 texStalls=0 recompiles=2000 underruns=5 overruns=0 sleep_us=15217753 queue_ms=121
fps: 24.2
vis: 60.0
cpu: exceptions=56920 cacheResets=1 batches=424099 verts=3864543 texStalls=0 recompiles=2001 underruns=5 overruns=0 sleep_us=15554287 queue_ms=114
fps: 20.0
vis: 60.0
cpu: exceptions=57390 cacheResets=1 batches=426160 verts=3901389 texStalls=0 recompiles=2001 underruns=5 overruns=0 sleep_us=15897476 queue_ms=110
fps: 20.0
vis: 60.0
cpu: exceptions=57860 cacheResets=1 batches=428220 verts=3938229 texStalls=0 recompiles=2001 underruns=5 overruns=0 sleep_us=16240483 queue_ms=115
vis: 60.0
cpu: exceptions=58381 cacheResets=1 batches=429044 verts=3952965 texStalls=0 recompiles=2031 underruns=5 overruns=0 sleep_us=16521194 queue_ms=112
fps: 8.0
vis: 60.0
cpu: exceptions=58899 cacheResets=1 batches=429824 verts=3982125 texStalls=0 recompiles=2056 underruns=5 overruns=0 sleep_us=16829516 queue_ms=109
fps: 22.4
vis: 60.0
cpu: exceptions=59369 cacheResets=1 batches=430604 verts=4011285 texStalls=0 recompiles=2056 underruns=5 overruns=0 sleep_us=17215599 queue_ms=113
fps: 20.0
vis: 60.0
cpu: exceptions=59839 cacheResets=1 batches=431384 verts=4040445 texStalls=0 recompiles=2056 underruns=5 overruns=0 sleep_us=17603793 queue_ms=110
fps: 20.0
vis: 60.0
cpu: exceptions=60309 cacheResets=1 batches=432164 verts=4069605 texStalls=0 recompiles=2057 underruns=5 overruns=0 sleep_us=17990140 queue_ms=114
fps: 20.0
vis: 60.0
cpu: exceptions=60779 cacheResets=1 batches=432944 verts=4098765 texStalls=0 recompiles=2057 underruns=5 overruns=0 sleep_us=18376290 queue_ms=111
fps: 20.0
vis: 60.0
cpu: exceptions=61249 cacheResets=1 batches=433724 verts=4127925 texStalls=0 recompiles=2057 underruns=5 overruns=0 sleep_us=18762335 queue_ms=107
fps: 20.0
vis: 60.0
cpu: exceptions=61719 cacheResets=1 batches=434504 verts=4157085 texStalls=0 recompiles=2057 underruns=5 overruns=0 sleep_us=19148540 queue_ms=113
fps: 20.0
vis: 60.0
cpu: exceptions=62249 cacheResets=1 batches=435284 verts=4186245 texStalls=0 recompiles=2057 underruns=5 overruns=0 sleep_us=19530686 queue_ms=108
fps: 20.0
vis: 60.0
cpu: exceptions=62719 cacheResets=1 batches=436064 verts=4215405 texStalls=0 recompiles=2057 underruns=5 overruns=0 sleep_us=19921751 queue_ms=114
fps: 20.0
vis: 60.0
cpu: exceptions=63189 cacheResets=1 batches=436844 verts=4244565 texStalls=0 recompiles=2057 underruns=5 overruns=0 sleep_us=20311243 queue_ms=111
fps: 20.0
vis: 60.0
cpu: exceptions=63659 cacheResets=1 batches=437624 verts=4273725 texStalls=0 recompiles=2058 underruns=5 overruns=0 sleep_us=20698011 queue_ms=116
fps: 20.0
vis: 60.0
cpu: exceptions=64129 cacheResets=1 batches=438404 verts=4302885 texStalls=0 recompiles=2058 underruns=5 overruns=0 sleep_us=21084757 queue_ms=112
fps: 20.0
vis: 60.0
cpu: exceptions=64599 cacheResets=1 batches=439184 verts=4332045 texStalls=0 recompiles=2058 underruns=5 overruns=0 sleep_us=21469808 queue_ms=109
fps: 20.0
vis: 60.0
cpu: exceptions=65069 cacheResets=1 batches=439964 verts=4361205 texStalls=0 recompiles=2058 underruns=5 overruns=0 sleep_us=21853423 queue_ms=114
fps: 20.0
vis: 60.0
cpu: exceptions=65539 cacheResets=1 batches=440744 verts=4390365 texStalls=0 recompiles=2058 underruns=5 overruns=0 sleep_us=22235767 queue_ms=110
fps: 20.0
vis: 60.0
cpu: exceptions=66010 cacheResets=1 batches=441524 verts=4419525 texStalls=0 recompiles=2062 underruns=5 overruns=0 sleep_us=22609631 queue_ms=116
fps: 20.0
vis: 60.0
cpu: exceptions=66480 cacheResets=1 batches=442304 verts=4448685 texStalls=0 recompiles=2062 underruns=5 overruns=0 sleep_us=22990103 queue_ms=111
fps: 20.0
vis: 60.0
cpu: exceptions=66950 cacheResets=1 batches=443084 verts=4477845 texStalls=0 recompiles=2062 underruns=5 overruns=0 sleep_us=23370381 queue_ms=117
fps: 20.0
vis: 60.0
cpu: exceptions=67420 cacheResets=1 batches=443864 verts=4507005 texStalls=0 recompiles=2062 underruns=5 overruns=0 sleep_us=23750923 queue_ms=113
fps: 20.0
vis: 60.0
cpu: exceptions=67890 cacheResets=1 batches=444644 verts=4536165 texStalls=0 recompiles=2062 underruns=5 overruns=0 sleep_us=24131411 queue_ms=118
fps: 20.0
vis: 60.0
cpu: exceptions=68360 cacheResets=1 batches=445424 verts=4565325 texStalls=0 recompiles=2062 underruns=5 overruns=0 sleep_us=24511908 queue_ms=115
fps: 20.0
vis: 60.0
cpu: exceptions=68830 cacheResets=1 batches=446204 verts=4594485 texStalls=0 recompiles=2062 underruns=5 overruns=0 sleep_us=24892361 queue_ms=111
fps: 20.0
vis: 60.0
cpu: exceptions=69300 cacheResets=1 batches=446984 verts=4623645 texStalls=0 recompiles=2063 underruns=5 overruns=0 sleep_us=25274664 queue_ms=116
fps: 20.0
vis: 60.0
cpu: exceptions=69770 cacheResets=1 batches=447764 verts=4652805 texStalls=0 recompiles=2064 underruns=5 overruns=0 sleep_us=25666330 queue_ms=113
fps: 20.0
vis: 60.0
cpu: exceptions=70240 cacheResets=1 batches=448544 verts=4681965 texStalls=0 recompiles=2064 underruns=5 overruns=0 sleep_us=26058016 queue_ms=108
fps: 20.0
vis: 60.0
cpu: exceptions=70710 cacheResets=1 batches=449324 verts=4711125 texStalls=0 recompiles=2064 underruns=5 overruns=0 sleep_us=26449935 queue_ms=114
fps: 20.0
vis: 60.0
cpu: exceptions=71180 cacheResets=1 batches=450104 verts=4740285 texStalls=0 recompiles=2064 underruns=5 overruns=0 sleep_us=26841806 queue_ms=110
fps: 20.0
vis: 60.0
cpu: exceptions=71650 cacheResets=1 batches=450884 verts=4769445 texStalls=0 recompiles=2064 underruns=5 overruns=0 sleep_us=27233785 queue_ms=115
fps: 20.0
vis: 60.0
cpu: exceptions=72171 cacheResets=1 batches=451664 verts=4798605 texStalls=0 recompiles=2064 underruns=5 overruns=0 sleep_us=27621678 queue_ms=112
fps: 20.0
vis: 60.0
cpu: exceptions=72641 cacheResets=1 batches=452444 verts=4827765 texStalls=0 recompiles=2064 underruns=5 overruns=0 sleep_us=28011765 queue_ms=117
fps: 20.0
vis: 60.0
cpu: exceptions=73111 cacheResets=1 batches=453224 verts=4856925 texStalls=0 recompiles=2064 underruns=5 overruns=0 sleep_us=28400299 queue_ms=113
fps: 20.0
vis: 60.0
cpu: exceptions=73581 cacheResets=1 batches=454004 verts=4886085 texStalls=0 recompiles=2064 underruns=5 overruns=0 sleep_us=28787468 queue_ms=110
fps: 20.0
vis: 60.0
cpu: exceptions=74051 cacheResets=1 batches=454784 verts=4915245 texStalls=0 recompiles=2064 underruns=5 overruns=0 sleep_us=29172791 queue_ms=115
fps: 20.0
vis: 60.0
cpu: exceptions=74521 cacheResets=1 batches=455564 verts=4944405 texStalls=0 recompiles=2064 underruns=5 overruns=0 sleep_us=29556874 queue_ms=111
fps: 20.0
vis: 60.0
cpu: exceptions=74991 cacheResets=1 batches=456344 verts=4973565 texStalls=0 recompiles=2064 underruns=5 overruns=0 sleep_us=29939754 queue_ms=117
fps: 20.0
vis: 60.0
cpu: exceptions=75461 cacheResets=1 batches=457124 verts=5002725 texStalls=0 recompiles=2064 underruns=5 overruns=0 sleep_us=30322600 queue_ms=112
fps: 20.0
vis: 60.0
cpu: exceptions=75931 cacheResets=1 batches=457904 verts=5031885 texStalls=0 recompiles=2064 underruns=5 overruns=0 sleep_us=30705323 queue_ms=118
fps: 20.0
vis: 60.0
cpu: exceptions=76401 cacheResets=1 batches=458684 verts=5061045 texStalls=0 recompiles=2064 underruns=5 overruns=0 sleep_us=31088109 queue_ms=114
fps: 20.0
vis: 60.0
cpu: exceptions=76871 cacheResets=1 batches=459464 verts=5090205 texStalls=0 recompiles=2064 underruns=5 overruns=0 sleep_us=31470794 queue_ms=119
fps: 20.0
vis: 60.0
cpu: exceptions=77341 cacheResets=1 batches=460244 verts=5119365 texStalls=0 recompiles=2064 underruns=5 overruns=0 sleep_us=31853318 queue_ms=116
fps: 20.0
vis: 60.0
cpu: exceptions=77849 cacheResets=1 batches=461024 verts=5148525 texStalls=0 recompiles=2064 underruns=5 overruns=0 sleep_us=32238985 queue_ms=111
fps: 20.0
vis: 60.0
cpu: exceptions=78319 cacheResets=1 batches=461804 verts=5177685 texStalls=0 recompiles=2064 underruns=5 overruns=0 sleep_us=32629019 queue_ms=117
fps: 20.0
vis: 60.0
cpu: exceptions=78789 cacheResets=1 batches=462584 verts=5206845 texStalls=0 recompiles=2064 underruns=5 overruns=0 sleep_us=33017728 queue_ms=113
fps: 20.0
vis: 60.0
cpu: exceptions=79259 cacheResets=1 batches=463364 verts=5236005 texStalls=0 recompiles=2064 underruns=5 overruns=0 sleep_us=33405190 queue_ms=118
fps: 20.0
vis: 60.0
cpu: exceptions=79729 cacheResets=1 batches=464144 verts=5265165 texStalls=0 recompiles=2064 underruns=5 overruns=0 sleep_us=33791097 queue_ms=115
fps: 20.0
vis: 60.0
cpu: exceptions=80200 cacheResets=1 batches=464924 verts=5294325 texStalls=0 recompiles=2064 underruns=5 overruns=0 sleep_us=34175905 queue_ms=119
fps: 20.0
vis: 60.0
cpu: exceptions=80670 cacheResets=1 batches=465704 verts=5323485 texStalls=0 recompiles=2064 underruns=5 overruns=0 sleep_us=34560654 queue_ms=116
fps: 20.0
vis: 60.0
cpu: exceptions=81140 cacheResets=1 batches=466484 verts=5352645 texStalls=0 recompiles=2064 underruns=5 overruns=0 sleep_us=34945218 queue_ms=113
fps: 20.0
vis: 60.0
cpu: exceptions=81610 cacheResets=1 batches=467264 verts=5381805 texStalls=0 recompiles=2064 underruns=5 overruns=0 sleep_us=35330147 queue_ms=117
fps: 20.0
vis: 60.0
cpu: exceptions=82080 cacheResets=1 batches=468044 verts=5410965 texStalls=0 recompiles=2064 underruns=5 overruns=0 sleep_us=35714993 queue_ms=114
fps: 20.0
vis: 60.0
cpu: exceptions=82550 cacheResets=1 batches=468824 verts=5440125 texStalls=0 recompiles=2064 underruns=5 overruns=0 sleep_us=36099797 queue_ms=119
fps: 20.0
vis: 60.0
cpu: exceptions=83020 cacheResets=1 batches=469604 verts=5469285 texStalls=0 recompiles=2064 underruns=5 overruns=0 sleep_us=36489831 queue_ms=115
fps: 19.8
vis: 60.0
cpu: exceptions=83490 cacheResets=1 batches=470896 verts=5501517 texStalls=0 recompiles=2064 underruns=5 overruns=0 sleep_us=36861865 queue_ms=121
fps: 20.0
vis: 60.0
cpu: exceptions=83960 cacheResets=1 batches=472956 verts=5538357 texStalls=0 recompiles=2064 underruns=5 overruns=0 sleep_us=37204990 queue_ms=117
fps: 20.0
vis: 60.0
cpu: exceptions=84430 cacheResets=1 batches=475016 verts=5575197 texStalls=0 recompiles=2064 underruns=5 overruns=0 sleep_us=37547984 queue_ms=113
fps: 20.0
vis: 60.0
cpu: exceptions=84947 cacheResets=1 batches=477076 verts=5612037 texStalls=0 recompiles=2064 underruns=5 overruns=0 sleep_us=37887598 queue_ms=119
fps: 20.0
vis: 60.0
cpu: exceptions=85417 cacheResets=1 batches=479136 verts=5648877 texStalls=0 recompiles=2064 underruns=5 overruns=0 sleep_us=38229185 queue_ms=114
fps: 20.0
vis: 60.0
cpu: exceptions=85887 cacheResets=1 batches=481196 verts=5685717 texStalls=0 recompiles=2064 underruns=5 overruns=0 sleep_us=38569094 queue_ms=120
fps: 20.0
vis: 60.0
cpu: exceptions=86357 cacheResets=1 batches=483256 verts=5722557 texStalls=0 recompiles=2069 underruns=5 overruns=0 sleep_us=38907443 queue_ms=117
fps: 20.0
vis: 60.0
cpu: exceptions=86827 cacheResets=1 batches=485316 verts=5759397 texStalls=0 recompiles=2069 underruns=5 overruns=0 sleep_us=39244836 queue_ms=112
fps: 20.0
vis: 60.0
cpu: exceptions=87297 cacheResets=1 batches=487376 verts=5796237 texStalls=0 recompiles=2069 underruns=5 overruns=0 sleep_us=39580776 queue_ms=118
fps: 20.0
vis: 60.0
cpu: exceptions=87768 cacheResets=1 batches=489436 verts=5833077 texStalls=0 recompiles=2069 underruns=5 overruns=0 sleep_us=39915177 queue_ms=114
fps: 20.0
vis: 60.0
cpu: exceptions=88238 cacheResets=1 batches=491496 verts=5869917 texStalls=0 recompiles=2069 underruns=5 overruns=0 sleep_us=40249080 queue_ms=119
fps: 20.0
vis: 60.0
cpu: exceptions=88708 cacheResets=1 batches=493556 verts=5906757 texStalls=0 recompiles=2069 underruns=5 overruns=0 sleep_us=40583275 queue_ms=116
fps: 20.0
vis: 60.0
cpu: exceptions=89178 cacheResets=1 batches=495616 verts=5943597 texStalls=0 recompiles=2069 underruns=5 overruns=0 sleep_us=40917907 queue_ms=120
fps: 20.0
vis: 60.0
cpu: exceptions=89648 cacheResets=1 batches=497676 verts=5980437 texStalls=0 recompiles=2069 underruns=5 overruns=0 sleep_us=41252579 queue_ms=117
fps: 20.0
vis: 60.0
cpu: exceptions=90118 cacheResets=1 batches=499736 verts=6017277 texStalls=0 recompiles=2069 underruns=5 overruns=0 sleep_us=41587173 queue_ms=114
fps: 20.0
vis: 60.0
cpu: exceptions=90588 cacheResets=1 batches=501796 verts=6054117 texStalls=0 recompiles=2069 underruns=5 overruns=0 sleep_us=41925558 queue_ms=118
fps: 20.0
vis: 60.0
cpu: exceptions=91058 cacheResets=1 batches=503856 verts=6090957 texStalls=0 recompiles=2069 underruns=5 overruns=0 sleep_us=42268607 queue_ms=115
fps: 20.0
vis: 60.0
cpu: exceptions=91528 cacheResets=1 batches=505916 verts=6127797 texStalls=0 recompiles=2069 underruns=5 overruns=0 sleep_us=42611512 queue_ms=120
fps: 20.0
vis: 60.0
cpu: exceptions=91998 cacheResets=1 batches=507976 verts=6164637 texStalls=0 recompiles=2069 underruns=5 overruns=0 sleep_us=42954755 queue_ms=118
fps: 20.0
vis: 60.0
cpu: exceptions=92473 cacheResets=1 batches=510036 verts=6201477 texStalls=0 recompiles=2080 underruns=5 overruns=0 sleep_us=43284777 queue_ms=122
fps: 20.0
vis: 60.0
cpu: exceptions=92951 cacheResets=1 batches=512096 verts=6238317 texStalls=0 recompiles=2080 underruns=5 overruns=0 sleep_us=43618566 queue_ms=118
fps: 20.0
vis: 60.0
cpu: exceptions=93429 cacheResets=1 batches=514156 verts=6275157 texStalls=0 recompiles=2080 underruns=5 overruns=0 sleep_us=43944714 queue_ms=115
fps: 20.0
vis: 60.0
cpu: exceptions=93908 cacheResets=1 batches=516216 verts=6311997 texStalls=0 recompiles=2080 underruns=5 overruns=0 sleep_us=44278413 queue_ms=120
fps: 20.0
vis: 60.0
cpu: exceptions=94386 cacheResets=1 batches=518276 verts=6348837 texStalls=0 recompiles=2080 underruns=5 overruns=0 sleep_us=44612148 queue_ms=116
fps: 20.0
vis: 60.0
cpu: exceptions=94858 cacheResets=1 batches=520336 verts=6385677 texStalls=0 recompiles=2080 underruns=5 overruns=0 sleep_us=44944519 queue_ms=122
fps: 20.0
vis: 60.0
cpu: exceptions=95328 cacheResets=1 batches=522396 verts=6422517 texStalls=0 recompiles=2080 underruns=5 overruns=0 sleep_us=45287322 queue_ms=117
fps: 20.0
vis: 60.0
cpu: exceptions=95798 cacheResets=1 batches=524456 verts=6459357 texStalls=0 recompiles=2080 underruns=5 overruns=0 sleep_us=45630300 queue_ms=114
fps: 20.0
vis: 60.0
cpu: exceptions=96268 cacheResets=1 batches=526516 verts=6496197 texStalls=0 recompiles=2082 underruns=5 overruns=0 sleep_us=45971205 queue_ms=119
vis: 60.0
cpu: exceptions=97077 cacheResets=1 batches=527134 verts=6507249 texStalls=0 recompiles=2084 underruns=5 overruns=0 sleep_us=46235537 queue_ms=115
vis: 60.0
cpu: exceptions=97809 cacheResets=1 batches=527134 verts=6507249 texStalls=0 recompiles=2084 underruns=5 overruns=0 sleep_us=46495271 queue_ms=121
fps: 3.0
vis: 60.0
cpu: exceptions=98655 cacheResets=1 batches=528236 verts=6526905 texStalls=0 recompiles=2235 underruns=5 overruns=0 sleep_us=46573960 queue_ms=116
fps: 22.2
vis: 60.0
cpu: exceptions=99182 cacheResets=1 batches=530444 verts=6564525 texStalls=0 recompiles=2243 underruns=5 overruns=0 sleep_us=46795620 queue_ms=111
fps: 19.9
vis: 60.0
cpu: exceptions=99766 cacheResets=1 batches=533160 verts=6610986 texStalls=0 recompiles=2252 underruns=5 overruns=0 sleep_us=46932095 queue_ms=107
fps: 20.0
vis: 60.0
cpu: exceptions=100393 cacheResets=1 batches=536446 verts=6668706 texStalls=0 recompiles=2252 underruns=5 overruns=0 sleep_us=47027014 queue_ms=103
fps: 20.0
vis: 60.0
cpu: exceptions=101021 cacheResets=1 batches=539827 verts=6727482 texStalls=0 recompiles=2254 underruns=5 overruns=0 sleep_us=47126196 queue_ms=109
fps: 20.0
vis: 60.0
cpu: exceptions=101635 cacheResets=1 batches=543229 verts=6786312 texStalls=0 recompiles=2264 underruns=5 overruns=0 sleep_us=47243348 queue_ms=106
fps: 19.9
vis: 60.0
cpu: exceptions=102271 cacheResets=1 batches=548759 verts=6876327 texStalls=0 recompiles=2264 underruns=5 overruns=0 sleep_us=47283626 queue_ms=101
fps: 19.9
vis: 60.0
cpu: exceptions=102899 cacheResets=1 batches=553980 verts=6954975 texStalls=0 recompiles=2264 underruns=5 overruns=0 sleep_us=47331888 queue_ms=107
fps: 19.9
vis: 60.0
cpu: exceptions=103533 cacheResets=1 batches=559140 verts=7032495 texStalls=0 recompiles=2264 underruns=5 overruns=0 sleep_us=47378107 queue_ms=103
fps: 19.9
vis: 60.0
cpu: exceptions=104132 cacheResets=1 batches=564300 verts=7110015 texStalls=0 recompiles=2264 underruns=5 overruns=0 sleep_us=47443378 queue_ms=99
fps: 19.9
vis: 60.0
cpu: exceptions=104733 cacheResets=1 batches=569454 verts=7187499 texStalls=0 recompiles=2264 underruns=5 overruns=0 sleep_us=47511949 queue_ms=96
fps: 19.9
vis: 60.0
cpu: exceptions=105341 cacheResets=1 batches=574529 verts=7264509 texStalls=0 recompiles=2264 underruns=5 overruns=0 sleep_us=47582452 queue_ms=92
fps: 19.9
vis: 60.0
cpu: exceptions=105953 cacheResets=1 batches=579532 verts=7341087 texStalls=0 recompiles=2264 underruns=5 overruns=0 sleep_us=47655928 queue_ms=97
fps: 19.9
vis: 60.0
cpu: exceptions=106539 cacheResets=1 batches=584567 verts=7418112 texStalls=0 recompiles=2264 underruns=5 overruns=0 sleep_us=47731504 queue_ms=94
fps: 20.0
vis: 60.0
cpu: exceptions=107126 cacheResets=1 batches=589610 verts=7495185 texStalls=0 recompiles=2264 underruns=5 overruns=0 sleep_us=47812741 queue_ms=89
fps: 19.9
vis: 60.0
cpu: exceptions=107699 cacheResets=1 batches=594630 verts=7571865 texStalls=0 recompiles=2264 underruns=5 overruns=0 sleep_us=47904953 queue_ms=95
fps: 20.0
vis: 60.0
cpu: exceptions=108269 cacheResets=1 batches=599650 verts=7648545 texStalls=0 recompiles=2264 underruns=5 overruns=0 sleep_us=48019222 queue_ms=92
fps: 20.0
vis: 60.0
cpu: exceptions=108836 cacheResets=1 batches=604689 verts=7725339 texStalls=0 recompiles=2264 underruns=5 overruns=0 sleep_us=48118598 queue_ms=87
fps: 20.0
vis: 60.0
cpu: exceptions=109411 cacheResets=1 batches=609803 verts=7804053 texStalls=0 recompiles=2264 underruns=5 overruns=0 sleep_us=48214332 queue_ms=93
fps: 19.8
vis: 60.0
cpu: exceptions=110011 cacheResets=1 batches=615357 verts=7900653 texStalls=0 recompiles=2264 underruns=5 overruns=0 sleep_us=48292803 queue_ms=89
fps: 19.9
vis: 60.0
cpu: exceptions=110605 cacheResets=1 batches=620907 verts=7997253 texStalls=0 recompiles=2264 underruns=5 overruns=0 sleep_us=48385838 queue_ms=85
fps: 20.0
vis: 60.0
cpu: exceptions=111191 cacheResets=1 batches=626457 verts=8093853 texStalls=0 recompiles=2264 underruns=5 overruns=0 sleep_us=48472900 queue_ms=81
fps: 20.0
vis: 60.0
cpu: exceptions=111790 cacheResets=1 batches=631808 verts=8181309 texStalls=0 recompiles=2272 underruns=5 overruns=0 sleep_us=48541273 queue_ms=78
fps: 19.9
vis: 60.0
cpu: exceptions=112379 cacheResets=1 batches=637013 verts=8259939 texStalls=0 recompiles=2272 underruns=5 overruns=0 sleep_us=48620269 queue_ms=83
fps: 19.9
vis: 60.0
cpu: exceptions=112969 cacheResets=1 batches=642290 verts=8339163 texStalls=0 recompiles=2272 underruns=5 overruns=0 sleep_us=48705804 queue_ms=79
fps: 19.9
vis: 60.0
cpu: exceptions=113550 cacheResets=1 batches=647831 verts=8423712 texStalls=0 recompiles=2272 underruns=5 overruns=0 sleep_us=48783011 queue_ms=75
fps: 19.8
vis: 60.0
cpu: exceptions=114123 cacheResets=1 batches=654165 verts=8532948 texStalls=0 recompiles=2272 underruns=5 overruns=0 sleep_us=48841034 queue_ms=72
fps: 19.8
vis: 60.0
cpu: exceptions=114700 cacheResets=1 batches=660470 verts=8643345 texStalls=0 recompiles=2272 underruns=5 overruns=0 sleep_us=48907708 queue_ms=67
fps: 19.9
vis: 60.0
cpu: exceptions=115266 cacheResets=1 batches=666646 verts=8751276 texStalls=0 recompiles=2272 underruns=5 overruns=0 sleep_us=48986214 queue_ms=64
fps: 19.9
vis: 60.0
cpu: exceptions=115825 cacheResets=1 batches=672624 verts=8852772 texStalls=0 recompiles=2272 underruns=5 overruns=0 sleep_us=49065601 queue_ms=61
fps: 19.9
vis: 60.0
cpu: exceptions=116365 cacheResets=1 batches=678565 verts=8953485 texStalls=0 recompiles=2274 underruns=5 overruns=0 sleep_us=49151143 queue_ms=56
fps: 19.9
vis: 60.0
cpu: exceptions=116901 cacheResets=1 batches=684464 verts=9053769 texStalls=0 recompiles=2274 underruns=5 overruns=0 sleep_us=49245653 queue_ms=62
fps: 19.7
vis: 57.6
cpu: exceptions=117449 cacheResets=1 batches=691799 verts=9179079 texStalls=0 recompiles=2287 underruns=5 overruns=0 sleep_us=49301814 queue_ms=42
fps: 17.9
vis: 52.6
cpu: exceptions=118012 cacheResets=1 batches=699834 verts=9316536 texStalls=0 recompiles=2288 underruns=8 overruns=0 sleep_us=49320763 queue_ms=15
fps: 16.9
vis: 51.6
cpu: exceptions=118618 cacheResets=1 batches=706958 verts=9438726 texStalls=0 recompiles=2292 underruns=16 overruns=0 sleep_us=49334265 queue_ms=25
fps: 17.9
vis: 53.3
cpu: exceptions=119293 cacheResets=1 batches=713947 verts=9558222 texStalls=0 recompiles=2297 underruns=21 overruns=0 sleep_us=49334265 queue_ms=15
fps: 19.2
vis: 58.7
cpu: exceptions=120012 cacheResets=1 batches=720427 verts=9667770 texStalls=0 recompiles=2297 underruns=23 overruns=0 sleep_us=49354797 queue_ms=20
fps: 19.7
vis: 58.3
cpu: exceptions=120724 cacheResets=1 batches=726744 verts=9770532 texStalls=0 recompiles=2297 underruns=24 overruns=0 sleep_us=49385345 queue_ms=17
fps: 19.4
vis: 59.0
cpu: exceptions=121413 cacheResets=1 batches=732933 verts=9868566 texStalls=0 recompiles=2297 underruns=25 overruns=0 sleep_us=49433262 queue_ms=22
fps: 19.8
vis: 59.0
cpu: exceptions=122014 cacheResets=1 batches=738548 verts=9947316 texStalls=0 recompiles=2297 underruns=26 overruns=0 sleep_us=49539424 queue_ms=18
fps: 19.7
vis: 58.9
cpu: exceptions=122702 cacheResets=1 batches=744221 verts=10026702 texStalls=0 recompiles=2298 underruns=27 overruns=0 sleep_us=49608630 queue_ms=24
fps: 19.6
vis: 59.0
cpu: exceptions=123405 cacheResets=1 batches=749959 verts=10105890 texStalls=0 recompiles=2301 underruns=28 overruns=0 sleep_us=49685338 queue_ms=19
fps: 19.7
vis: 59.1
cpu: exceptions=124089 cacheResets=1 batches=755289 verts=10177209 texStalls=0 recompiles=2302 underruns=28 overruns=0 sleep_us=49767561 queue_ms=16
fps: 19.7
vis: 59.1
cpu: exceptions=124780 cacheResets=1 batches=760792 verts=10251120 texStalls=0 recompiles=2302 underruns=30 overruns=0 sleep_us=49849047 queue_ms=22
fps: 19.7
vis: 58.4
cpu: exceptions=125492 cacheResets=1 batches=766557 verts=10334028 texStalls=0 recompiles=2302 underruns=31 overruns=0 sleep_us=49927934 queue_ms=17
fps: 19.3
vis: 58.4
cpu: exceptions=126201 cacheResets=1 batches=773479 verts=10453728 texStalls=0 recompiles=2302 underruns=33 overruns=0 sleep_us=49956795 queue_ms=23
fps: 19.5
vis: 58.5
cpu: exceptions=126900 cacheResets=1 batches=780410 verts=10573428 texStalls=0 recompiles=2302 underruns=34 overruns=0 sleep_us=49992233 queue_ms=19
fps: 19.5
vis: 58.5
cpu: exceptions=127573 cacheResets=1 batches=787318 verts=10693044 texStalls=0 recompiles=2302 underruns=35 overruns=0 sleep_us=50041239 queue_ms=15
fps: 19.5
vis: 58.5
cpu: exceptions=128257 cacheResets=1 batches=794208 verts=10812504 texStalls=0 recompiles=2302 underruns=37 overruns=0 sleep_us=50089552 queue_ms=21
fps: 19.5
vis: 58.4
cpu: exceptions=128952 cacheResets=1 batches=801098 verts=10931964 texStalls=0 recompiles=2303 underruns=38 overruns=0 sleep_us=50131234 queue_ms=16
fps: 19.5
vis: 58.5
cpu: exceptions=129675 cacheResets=1 batches=807988 verts=11051424 texStalls=0 recompiles=2303 underruns=40 overruns=0 sleep_us=50159343 queue_ms=22
fps: 19.5
vis: 58.4
cpu: exceptions=130408 cacheResets=1 batches=814878 verts=11170884 texStalls=0 recompiles=2303 underruns=41 overruns=0 sleep_us=50185070 queue_ms=19
fps: 19.5
vis: 58.4
cpu: exceptions=131133 cacheResets=1 batches=821768 verts=11290344 texStalls=0 recompiles=2303 underruns=43 overruns=0 sleep_us=50213357 queue_ms=23
fps: 19.5
vis: 58.4
cpu: exceptions=131860 cacheResets=1 batches=828658 verts=11409804 texStalls=0 recompiles=2303 underruns=44 overruns=0 sleep_us=50239937 queue_ms=20
fps: 19.5
vis: 58.4
cpu: exceptions=132597 cacheResets=1 batches=835548 verts=11529264 texStalls=0 recompiles=2304 underruns=45 overruns=0 sleep_us=50266649 queue_ms=16
fps: 19.5
vis: 58.5
cpu: exceptions=133325 cacheResets=1 batches=842438 verts=11648724 texStalls=0 recompiles=2304 underruns=46 overruns=0 sleep_us=50293411 queue_ms=23
fps: 19.5
vis: 57.9
cpu: exceptions=133972 cacheResets=1 batches=849328 verts=11768184 texStalls=0 recompiles=2310 underruns=47 overruns=0 sleep_us=50384931 queue_ms=9
vis: 60.0
cpu: exceptions=134707 cacheResets=1 batches=849328 verts=11768184 texStalls=0 recompiles=2313 underruns=47 overruns=0 sleep_us=50618446 queue_ms=14
fps: 2.8
vis: 60.0
cpu: exceptions=135557 cacheResets=1 batches=849702 verts=11779809 texStalls=0 recompiles=2449 underruns=48 overruns=0 sleep_us=50760503 queue_ms=56
fps: 23.4
vis: 60.0
cpu: exceptions=136045 cacheResets=1 batches=851332 verts=11823369 texStalls=0 recompiles=2451 underruns=48 overruns=0 sleep_us=51115793 queue_ms=41
fps: 20.0
vis: 60.0
cpu: exceptions=136540 cacheResets=1 batches=852958 verts=11866905 texStalls=0 recompiles=2451 underruns=48 overruns=0 sleep_us=51473735 queue_ms=46
fps: 20.0
vis: 60.0
cpu: exceptions=137039 cacheResets=1 batches=854577 verts=11910399 texStalls=0 recompiles=2451 underruns=48 overruns=0 sleep_us=51820915 queue_ms=42
fps: 20.0
vis: 60.0
cpu: exceptions=137536 cacheResets=1 batches=856187 verts=11953839 texStalls=0 recompiles=2451 underruns=48 overruns=0 sleep_us=52163310 queue_ms=48
fps: 20.0
vis: 60.0
cpu: exceptions=138065 cacheResets=1 batches=857801 verts=11997303 texStalls=0 recompiles=2452 underruns=48 overruns=0 sleep_us=52499518 queue_ms=43
fps: 20.0
vis: 60.0
cpu: exceptions=138565 cacheResets=1 batches=859421 verts=12040803 texStalls=0 recompiles=2452 underruns=48 overruns=0 sleep_us=52838272 queue_ms=40
fps: 20.0
vis: 60.0
cpu: exceptions=139058 cacheResets=1 batches=861051 verts=12084363 texStalls=0 recompiles=2452 underruns=48 overruns=0 sleep_us=53182631 queue_ms=45
fps: 20.0
vis: 60.0
cpu: exceptions=139567 cacheResets=1 batches=862674 verts=12127881 texStalls=0 recompiles=2452 underruns=48 overruns=0 sleep_us=53518895 queue_ms=41
fps: 20.0
vis: 60.0
cpu: exceptions=140063 cacheResets=1 batches=864298 verts=12171405 texStalls=0 recompiles=2452 underruns=48 overruns=0 sleep_us=53856781 queue_ms=47
fps: 20.0
vis: 60.0
cpu: exceptions=140566 cacheResets=1 batches=865920 verts=12214917 texStalls=0 recompiles=2454 underruns=48 overruns=0 sleep_us=54188589 queue_ms=42
fps: 20.0
vis: 60.0
cpu: exceptions=141074 cacheResets=1 batches=867525 verts=12258327 texStalls=0 recompiles=2454 underruns=48 overruns=0 sleep_us=54496017 queue_ms=48
vis: 60.0
cpu: exceptions=141568 cacheResets=1 batches=869127 verts=12301719 texStalls=0 recompiles=2454 underruns=48 overruns=0 sleep_us=54812946 queue_ms=45
fps: 20.0
vis: 60.0
cpu: exceptions=142044 cacheResets=1 batches=870746 verts=12345213 texStalls=0 recompiles=2454 underruns=48 overruns=0 sleep_us=55154283 queue_ms=40
fps: 20.0
vis: 60.0
cpu: exceptions=142544 cacheResets=1 batches=872355 verts=12388647 texStalls=0 recompiles=2454 underruns=48 overruns=0 sleep_us=55487309 queue_ms=46
fps: 20.0
vis: 60.0
cpu: exceptions=143018 cacheResets=1 batches=873952 verts=12432009 texStalls=0 recompiles=2454 underruns=48 overruns=0 sleep_us=55839733 queue_ms=43
fps: 20.0
vis: 60.0
cpu: exceptions=143505 cacheResets=1 batches=875547 verts=12475359 texStalls=0 recompiles=2454 underruns=48 overruns=0 sleep_us=56180718 queue_ms=47
fps: 20.0
vis: 60.0
cpu: exceptions=143993 cacheResets=1 batches=877139 verts=12518691 texStalls=0 recompiles=2454 underruns=48 overruns=0 sleep_us=56516967 queue_ms=44
fps: 20.0
vis: 60.0
cpu: exceptions=144477 cacheResets=1 batches=878715 verts=12561927 texStalls=0 recompiles=2454 underruns=48 overruns=0 sleep_us=56852433 queue_ms=49
fps: 20.0
vis: 60.0
cpu: exceptions=144974 cacheResets=1 batches=880301 verts=12605223 texStalls=0 recompiles=2454 underruns=48 overruns=0 sleep_us=57185247 queue_ms=45
fps: 20.0
vis: 60.0
cpu: exceptions=145468 cacheResets=1 batches=881891 verts=12648543 texStalls=0 recompiles=2454 underruns=48 overruns=0 sleep_us=57524570 queue_ms=42
fps: 20.0
vis: 60.0
cpu: exceptions=145965 cacheResets=1 batches=883491 verts=12691923 texStalls=0 recompiles=2454 underruns=48 overruns=0 sleep_us=57859356 queue_ms=47
fps: 20.0
vis: 60.0
cpu: exceptions=146463 cacheResets=1 batches=885087 verts=12735279 texStalls=0 recompiles=2454 underruns=48 overruns=0 sleep_us=58194199 queue_ms=43
fps: 20.0
vis: 60.0
cpu: exceptions=146948 cacheResets=1 batches=886667 verts=12778539 texStalls=0 recompiles=2454 underruns=48 overruns=0 sleep_us=58533966 queue_ms=49
fps: 20.0
vis: 60.0
cpu: exceptions=147431 cacheResets=1 batches=888253 verts=12821835 texStalls=0 recompiles=2454 underruns=48 overruns=0 sleep_us=58869989 queue_ms=45
fps: 20.0
vis: 60.0
cpu: exceptions=147902 cacheResets=1 batches=889843 verts=12865155 texStalls=0 recompiles=2454 underruns=48 overruns=0 sleep_us=59211598 queue_ms=41
fps: 20.0
vis: 60.0
cpu: exceptions=148375 cacheResets=1 batches=891465 verts=12908667 texStalls=0 recompiles=2454 underruns=48 overruns=0 sleep_us=59553220 queue_ms=46
fps: 20.0
vis: 60.0
cpu: exceptions=148868 cacheResets=1 batches=893125 verts=12952407 texStalls=0 recompiles=2454 underruns=48 overruns=0 sleep_us=59887689 queue_ms=43
fps: 20.0
vis: 60.0
cpu: exceptions=149342 cacheResets=1 batches=894785 verts=12996147 texStalls=0 recompiles=2454 underruns=48 overruns=0 sleep_us=60241775 queue_ms=47
fps: 20.0
vis: 60.0
cpu: exceptions=149845 cacheResets=1 batches=896445 verts=13039887 texStalls=0 recompiles=2454 underruns=48 overruns=0 sleep_us=60582962 queue_ms=44
fps: 20.0
vis: 60.0
cpu: exceptions=150354 cacheResets=1 batches=898105 verts=13083627 texStalls=0 recompiles=2454 underruns=48 overruns=0 sleep_us=60919352 queue_ms=50
fps: 20.0
vis: 60.0
cpu: exceptions=150851 cacheResets=1 batches=899765 verts=13127367 texStalls=0 recompiles=2454 underruns=48 overruns=0 sleep_us=61256976 queue_ms=45
fps: 20.0
vis: 60.0
cpu: exceptions=151364 cacheResets=1 batches=901425 verts=13171107 texStalls=0 recompiles=2454 underruns=48 overruns=0 sleep_us=61591190 queue_ms=42
fps: 20.0
vis: 60.0
cpu: exceptions=151866 cacheResets=1 batches=903085 verts=13214847 texStalls=0 recompiles=2454 underruns=48 overruns=0 sleep_us=61930802 queue_ms=47
fps: 20.0
vis: 60.0
cpu: exceptions=152362 cacheResets=1 batches=904745 verts=13258587 texStalls=0 recompiles=2454 underruns=48 overruns=0 sleep_us=62267181 queue_ms=43
fps: 20.0
vis: 60.0
cpu: exceptions=152865 cacheResets=1 batches=906405 verts=13302327 texStalls=0 recompiles=2454 underruns=48 overruns=0 sleep_us=62602411 queue_ms=49
fps: 20.0
vis: 60.0
cpu: exceptions=153362 cacheResets=1 batches=908065 verts=13346067 texStalls=0 recompiles=2454 underruns=48 overruns=0 sleep_us=62941889 queue_ms=45
fps: 20.0
vis: 60.0
cpu: exceptions=153838 cacheResets=1 batches=909725 verts=13389807 texStalls=0 recompiles=2454 underruns=48 overruns=0 sleep_us=63284064 queue_ms=50
fps: 20.0
vis: 60.0
cpu: exceptions=154323 cacheResets=1 batches=911385 verts=13433547 texStalls=0 recompiles=2454 underruns=48 overruns=0 sleep_us=63624177 queue_ms=47
fps: 20.0
vis: 60.0
cpu: exceptions=154802 cacheResets=1 batches=913045 verts=13477287 texStalls=0 recompiles=2454 underruns=48 overruns=0 sleep_us=63966610 queue_ms=42
fps: 20.0
vis: 60.0
cpu: exceptions=155309 cacheResets=1 batches=914705 verts=13521027 texStalls=0 recompiles=2454 underruns=48 overruns=0 sleep_us=64296003 queue_ms=48
fps: 20.0
vis: 60.0
cpu: exceptions=155802 cacheResets=1 batches=916365 verts=13564767 texStalls=0 recompiles=2454 underruns=48 overruns=0 sleep_us=64637506 queue_ms=45
fps: 20.0
vis: 60.0
cpu: exceptions=156303 cacheResets=1 batches=918025 verts=13608507 texStalls=0 recompiles=2454 underruns=48 overruns=0 sleep_us=64972228 queue_ms=49
fps: 20.0
vis: 60.0
cpu: exceptions=156791 cacheResets=1 batches=919685 verts=13652247 texStalls=0 recompiles=2454 underruns=48 overruns=0 sleep_us=65306222 queue_ms=46
fps: 20.0
vis: 60.0
cpu: exceptions=157275 cacheResets=1 batches=921345 verts=13695987 texStalls=0 recompiles=2454 underruns=48 overruns=0 sleep_us=65643355 queue_ms=42
fps: 20.0
vis: 60.0
cpu: exceptions=157763 cacheResets=1 batches=923005 verts=13739727 texStalls=0 recompiles=2454 underruns=48 overruns=0 sleep_us=65976717 queue_ms=47
fps: 20.0
vis: 60.0
cpu: exceptions=158255 cacheResets=1 batches=924665 verts=13783467 texStalls=0 recompiles=2454 underruns=48 overruns=0 sleep_us=66308673 queue_ms=44
fps: 20.0
vis: 60.0
cpu: exceptions=158769 cacheResets=1 batches=926325 verts=13827207 texStalls=0 recompiles=2454 underruns=48 overruns=0 sleep_us=66638907 queue_ms=48
fps: 20.0
vis: 60.0
cpu: exceptions=159264 cacheResets=1 batches=927985 verts=13870947 texStalls=0 recompiles=2454 underruns=48 overruns=0 sleep_us=66975510 queue_ms=45
fps: 20.0
vis: 60.0
cpu: exceptions=159740 cacheResets=1 batches=929645 verts=13914687 texStalls=0 recompiles=2454 underruns=48 overruns=0 sleep_us=67317454 queue_ms=51
fps: 20.0
vis: 60.0
cpu: exceptions=160224 cacheResets=1 batches=931305 verts=13958427 texStalls=0 recompiles=2454 underruns=48 overruns=0 sleep_us=67659090 queue_ms=46
fps: 20.0
vis: 60.0
cpu: exceptions=160703 cacheResets=1 batches=932965 verts=14002167 texStalls=0 recompiles=2454 underruns=48 overruns=0 sleep_us=68001073 queue_ms=43
fps: 20.0
vis: 60.0
cpu: exceptions=161178 cacheResets=1 batches=934625 verts=14045907 texStalls=0 recompiles=2454 underruns=48 overruns=0 sleep_us=68343382 queue_ms=48
mark: stop reason: chain guest VI limit
mark: stop_it requested
audio: alist_resample_calls=211754 alist_resample_samples=37666984 alist_zoh_calls=0 alist_zoh_samples=0 musyx_subframes=0 musyx_voices=0 musyx_voice_peak=0
audio_stages: adpcm_calls=216824 adpcm_samples=36373120 envmix_calls=201374 envmix_samples=35820424 mix_calls=176066 mix_samples=57638568 musyx_fx_calls=0 musyx_fx_taps=0 output_calls=8963 output_samples=4783728
audio_envmix: exp_calls=0 ge_calls=0 lin_calls=0 nead_calls=201374 exp_steady=0 ge_steady=0 lin_steady=0
audio_gaps: nead_mats=0 nead_efz=0 resample_flag2=0 musyx_ptr10=0
audio_output: stream_requests=18728 stream_fed=16605 input_hz=32006 playback_hz=32006 queue_peak_ms=162
audio_time: stage=resample sampled_calls=1667 sampled_samples=296704 sampled_us=25417
audio_time: stage=zoh sampled_calls=0 sampled_samples=0 sampled_us=0
audio_time: stage=adpcm sampled_calls=1707 sampled_samples=286752 sampled_us=21139
audio_time: stage=envmix_exp sampled_calls=0 sampled_samples=0 sampled_us=0
audio_time: stage=envmix_ge sampled_calls=0 sampled_samples=0 sampled_us=0
audio_time: stage=envmix_lin sampled_calls=0 sampled_samples=0 sampled_us=0
audio_time: stage=envmix_nead sampled_calls=1585 sampled_samples=281944 sampled_us=25109
audio_time: stage=mix sampled_calls=1386 sampled_samples=451736 sampled_us=9549
audio_time: stage=musyx_voice sampled_calls=0 sampled_samples=0 sampled_us=0
audio_time: stage=musyx_fx sampled_calls=0 sampled_samples=0 sampled_us=0
audio_time: stage=output sampled_calls=70 sampled_samples=37344 sampled_us=162
gpu_counters: clks=0 tb_clks=36711842704 ras_busy=0 xf_wait_in=0 xf_wait_out=0 ras_peak_permille=0 ztop_in=0 ztop_out=0 z_in=0 z_out=0 blend_in=0 copy_clks=0 fifo_overflows=2
game: n=9/9 how=vis vis=9000 vi_rate=60 vi0_retrace=38111 wall_us=151077483 sleep_us=68431251 avg_vis=59.42 avg_fps=28.82 exceptions=161308 cacheResets=1 recompiles=2454 batches=935123 verts=14059029 texStalls=0 treeDepthMax=12 underruns=48 overruns=0 queue_peak_ms=145 dsp_avg=3.84 dsp_peak=5.55 dsp_samples=302 pmc1=109872429836 pmc2=0 pmc3=0 pmc4=0 mmcr0=00000042 mmcr1=00000000 heap_used=10941432 heap_free=88136 arena1_free=196608 arena2_free=288704 flushes=17 flush_us=14933 padtrace=27 rom=sd:/wii64/roms/Zelda Ocarina of Time Master Quest.v64
=== chain 9/9 end vis=9000 how=vis rom=sd:/wii64/roms/Zelda Ocarina of Time Master Quest.v64 ===
