--- wii64 perf log ---
mark: diag config: wiiload arguments
mark: wiiload dynacore argument received
mark: diag received dynacore line
mark: diag requested core: dynarec
mark: pad replay records: 7
selftest:
  raw[0]=51288564285576989
  raw[1]=51288564285576990
  raw[2]=51288564285577004
  raw[3]=51288564285577015
  raw[4]=51288564285577026
  delta[0]=0us
  delta[1]=0us
  delta[2]=0us
  delta[3]=0us
mark: audio quality: accurate
mark: audio modes: n64=0 output=0 mixer=0 latency=2 sync=0
mark: diag applied core: dynarec
mark: HBC agent ready
mark: loadROM: enter
mark: loadROM: before rom_read
mark: ROMCache_load: enter
mark: ROMCache_load: before first read
mark: ROMCache_load: first read returned
mark: ROMCache_load: byte_swap_type set
mark: ROMCache_load: first byte_swap done
menufps: 10.2
menufps: 8.1
menufps: 7.6
mark: ROMCache_load: loop exited normally
mark: ROMCache_load: elapsed_us=1976726 bytes=8388608 vm=0
mark: loadROM: after rom_read
mark: loadROM: before init_memory
mark: loadROM: after init_memory
mark: loadROM: before romOpen_gfx
mark: loadROM: after romOpen_gfx / before romOpen_audio
mark: loadROM: after romOpen_audio / before romOpen_input
mark: loadROM: after romOpen_input / before cpu_init
mark: loadROM: after cpu_init
menufps: 2.9
menufps: 0.9
menufps: 1.0
fps: 0.0
first_vi: vi0_retrace=330
vis: 0.0
cpu: exceptions=0 cacheResets=0 batches=0 verts=0 texStalls=0 recompiles=0 underruns=0 overruns=0 sleep_us=0 queue_ms=0
mark: CPU core dispatch: dynarec
vis: 60.0
cpu: exceptions=240 cacheResets=1 batches=0 verts=0 texStalls=0 recompiles=189 underruns=2 overruns=0 sleep_us=221171 queue_ms=136
vis: 60.0
cpu: exceptions=540 cacheResets=1 batches=0 verts=0 texStalls=0 recompiles=198 underruns=2 overruns=0 sleep_us=699111 queue_ms=132
vis: 60.0
cpu: exceptions=840 cacheResets=1 batches=0 verts=0 texStalls=0 recompiles=204 underruns=2 overruns=0 sleep_us=1177225 queue_ms=138
vis: 60.0
cpu: exceptions=1135 cacheResets=1 batches=0 verts=0 texStalls=0 recompiles=204 underruns=2 overruns=0 sleep_us=1656115 queue_ms=133
fps: 0.5
vis: 60.0
cpu: exceptions=1431 cacheResets=1 batches=414 verts=9387 texStalls=0 recompiles=468 underruns=3 overruns=0 sleep_us=1964707 queue_ms=11
fps: 20.6
vis: 60.0
cpu: exceptions=1588 cacheResets=1 batches=2484 verts=56322 texStalls=0 recompiles=475 underruns=3 overruns=0 sleep_us=2381513 queue_ms=9
fps: 29.9
vis: 60.0
cpu: exceptions=1752 cacheResets=1 batches=4554 verts=103257 texStalls=0 recompiles=478 underruns=3 overruns=0 sleep_us=2797523 queue_ms=15
fps: 30.1
vis: 60.0
cpu: exceptions=1894 cacheResets=1 batches=6624 verts=150192 texStalls=0 recompiles=478 underruns=3 overruns=0 sleep_us=3223086 queue_ms=11
fps: 30.0
vis: 60.0
cpu: exceptions=2036 cacheResets=1 batches=8694 verts=197127 texStalls=0 recompiles=478 underruns=3 overruns=0 sleep_us=3648375 queue_ms=7
fps: 30.0
vis: 60.0
cpu: exceptions=2178 cacheResets=1 batches=10767 verts=244080 texStalls=0 recompiles=489 underruns=3 overruns=0 sleep_us=4072177 queue_ms=13
fps: 30.0
vis: 60.0
cpu: exceptions=2319 cacheResets=1 batches=12574 verts=284835 texStalls=0 recompiles=498 underruns=3 overruns=0 sleep_us=4500561 queue_ms=9
vis: 60.0
cpu: exceptions=2638 cacheResets=1 batches=12574 verts=284835 texStalls=0 recompiles=675 underruns=5 overruns=0 sleep_us=4692870 queue_ms=32
vis: 60.0
cpu: exceptions=2728 cacheResets=1 batches=12574 verts=284835 texStalls=0 recompiles=733 underruns=5 overruns=0 sleep_us=4905113 queue_ms=28
vis: 60.0
cpu: exceptions=2818 cacheResets=1 batches=12574 verts=284835 texStalls=0 recompiles=784 underruns=5 overruns=0 sleep_us=5213501 queue_ms=25
fps: 3.9
vis: 60.0
cpu: exceptions=2961 cacheResets=1 batches=13906 verts=302151 texStalls=0 recompiles=910 underruns=7 overruns=0 sleep_us=5450355 queue_ms=17
fps: 15.2
vis: 60.0
cpu: exceptions=3118 cacheResets=1 batches=18796 verts=366456 texStalls=0 recompiles=910 underruns=7 overruns=0 sleep_us=5629637 queue_ms=13
fps: 30.0
vis: 60.0
cpu: exceptions=3273 cacheResets=1 batches=23673 verts=430431 texStalls=0 recompiles=927 underruns=7 overruns=0 sleep_us=5807488 queue_ms=17
fps: 30.0
vis: 60.0
cpu: exceptions=3436 cacheResets=1 batches=28534 verts=494292 texStalls=0 recompiles=927 underruns=7 overruns=0 sleep_us=5986801 queue_ms=14
fps: 30.0
vis: 60.0
cpu: exceptions=3591 cacheResets=1 batches=33401 verts=558189 texStalls=0 recompiles=927 underruns=7 overruns=0 sleep_us=6176272 queue_ms=19
fps: 29.2
vis: 60.0
cpu: exceptions=3762 cacheResets=1 batches=38262 verts=622050 texStalls=0 recompiles=927 underruns=8 overruns=0 sleep_us=6349878 queue_ms=6
fps: 29.9
vis: 60.0
cpu: exceptions=3978 cacheResets=1 batches=43143 verts=686031 texStalls=0 recompiles=936 underruns=8 overruns=0 sleep_us=6504414 queue_ms=12
fps: 20.0
vis: 60.0
cpu: exceptions=4234 cacheResets=1 batches=43736 verts=693762 texStalls=0 recompiles=1065 underruns=10 overruns=0 sleep_us=6763124 queue_ms=5
fps: 31.6
vis: 60.0
cpu: exceptions=4401 cacheResets=1 batches=44542 verts=704178 texStalls=0 recompiles=1065 underruns=10 overruns=0 sleep_us=7148773 queue_ms=9
fps: 30.0
vis: 60.0
cpu: exceptions=4573 cacheResets=1 batches=45337 verts=714528 texStalls=0 recompiles=1065 underruns=10 overruns=0 sleep_us=7533753 queue_ms=4
fps: 30.0
vis: 60.0
cpu: exceptions=4738 cacheResets=1 batches=46132 verts=724878 texStalls=0 recompiles=1065 underruns=10 overruns=0 sleep_us=7928735 queue_ms=11
fps: 30.0
vis: 60.0
cpu: exceptions=4911 cacheResets=1 batches=46927 verts=735228 texStalls=0 recompiles=1065 underruns=10 overruns=0 sleep_us=8312532 queue_ms=6
fps: 30.0
vis: 60.0
cpu: exceptions=5090 cacheResets=1 batches=47722 verts=745578 texStalls=0 recompiles=1065 underruns=10 overruns=0 sleep_us=8690219 queue_ms=3
fps: 30.0
vis: 60.0
cpu: exceptions=5263 cacheResets=1 batches=48517 verts=755928 texStalls=0 recompiles=1065 underruns=10 overruns=0 sleep_us=9071936 queue_ms=8
fps: 30.0
vis: 60.0
cpu: exceptions=5432 cacheResets=1 batches=49312 verts=766278 texStalls=0 recompiles=1065 underruns=10 overruns=0 sleep_us=9460457 queue_ms=4
fps: 30.0
vis: 60.0
cpu: exceptions=5597 cacheResets=1 batches=50107 verts=776628 texStalls=0 recompiles=1065 underruns=10 overruns=0 sleep_us=9855958 queue_ms=10
vis: 60.0
cpu: exceptions=5779 cacheResets=1 batches=50622 verts=785298 texStalls=0 recompiles=1068 underruns=10 overruns=0 sleep_us=10253391 queue_ms=5
fps: 30.0
vis: 60.0
cpu: exceptions=5954 cacheResets=1 batches=51130 verts=793926 texStalls=0 recompiles=1071 underruns=10 overruns=0 sleep_us=10649849 queue_ms=12
fps: 30.0
vis: 60.0
cpu: exceptions=6202 cacheResets=1 batches=51232 verts=795654 texStalls=0 recompiles=1131 underruns=10 overruns=0 sleep_us=10939152 queue_ms=7
fps: 4.1
vis: 60.0
cpu: exceptions=6352 cacheResets=1 batches=51787 verts=806670 texStalls=0 recompiles=1530 underruns=11 overruns=0 sleep_us=11143532 queue_ms=34
fps: 32.8
vis: 60.0
cpu: exceptions=6487 cacheResets=1 batches=54697 verts=879300 texStalls=0 recompiles=1534 underruns=11 overruns=0 sleep_us=11489735 queue_ms=32
vis: 60.0
cpu: exceptions=6622 cacheResets=1 batches=57607 verts=951930 texStalls=0 recompiles=1534 underruns=11 overruns=0 sleep_us=11836344 queue_ms=27
fps: 30.0
vis: 60.0
cpu: exceptions=6757 cacheResets=1 batches=60517 verts=1024560 texStalls=0 recompiles=1534 underruns=11 overruns=0 sleep_us=12182627 queue_ms=33
fps: 30.0
vis: 60.0
cpu: exceptions=6892 cacheResets=1 batches=63427 verts=1097190 texStalls=0 recompiles=1534 underruns=11 overruns=0 sleep_us=12529709 queue_ms=29
fps: 30.0
vis: 60.0
cpu: exceptions=7044 cacheResets=1 batches=67345 verts=1175868 texStalls=0 recompiles=1544 underruns=11 overruns=0 sleep_us=12840746 queue_ms=35
fps: 29.2
vis: 60.0
cpu: exceptions=7219 cacheResets=1 batches=71512 verts=1256040 texStalls=0 recompiles=1545 underruns=11 overruns=0 sleep_us=13133128 queue_ms=22
fps: 30.0
vis: 60.0
cpu: exceptions=7398 cacheResets=1 batches=75667 verts=1336140 texStalls=0 recompiles=1545 underruns=11 overruns=0 sleep_us=13421382 queue_ms=18
fps: 30.0
vis: 60.0
cpu: exceptions=7580 cacheResets=1 batches=79822 verts=1416240 texStalls=0 recompiles=1545 underruns=11 overruns=0 sleep_us=13705365 queue_ms=23
fps: 30.0
vis: 60.0
cpu: exceptions=7777 cacheResets=1 batches=83977 verts=1496340 texStalls=0 recompiles=1545 underruns=11 overruns=0 sleep_us=13981045 queue_ms=20
fps: 29.9
vis: 60.0
cpu: exceptions=7991 cacheResets=1 batches=88132 verts=1576440 texStalls=0 recompiles=1545 underruns=11 overruns=0 sleep_us=14248188 queue_ms=25
fps: 30.0
vis: 60.0
cpu: exceptions=8200 cacheResets=1 batches=92287 verts=1656540 texStalls=0 recompiles=1545 underruns=11 overruns=0 sleep_us=14517137 queue_ms=21
fps: 30.0
vis: 60.0
cpu: exceptions=8419 cacheResets=1 batches=96442 verts=1736640 texStalls=0 recompiles=1545 underruns=11 overruns=0 sleep_us=14777917 queue_ms=27
fps: 30.0
vis: 60.0
cpu: exceptions=8624 cacheResets=1 batches=100597 verts=1816740 texStalls=0 recompiles=1545 underruns=11 overruns=0 sleep_us=15049077 queue_ms=23
fps: 30.0
vis: 60.0
cpu: exceptions=8819 cacheResets=1 batches=104752 verts=1896840 texStalls=0 recompiles=1545 underruns=11 overruns=0 sleep_us=15327693 queue_ms=19
fps: 30.0
vis: 60.0
cpu: exceptions=9011 cacheResets=1 batches=108907 verts=1976940 texStalls=0 recompiles=1545 underruns=11 overruns=0 sleep_us=15609917 queue_ms=25
fps: 30.1
vis: 60.0
cpu: exceptions=9174 cacheResets=1 batches=113062 verts=2057040 texStalls=0 recompiles=1547 underruns=11 overruns=0 sleep_us=15909461 queue_ms=20
fps: 30.0
vis: 60.0
cpu: exceptions=9318 cacheResets=1 batches=117217 verts=2137140 texStalls=0 recompiles=1547 underruns=11 overruns=0 sleep_us=16220810 queue_ms=26
fps: 30.0
vis: 60.0
cpu: exceptions=9458 cacheResets=1 batches=121372 verts=2217240 texStalls=0 recompiles=1547 underruns=11 overruns=0 sleep_us=16534597 queue_ms=21
fps: 30.0
vis: 60.0
cpu: exceptions=9598 cacheResets=1 batches=125527 verts=2297340 texStalls=0 recompiles=1547 underruns=11 overruns=0 sleep_us=16848323 queue_ms=28
fps: 30.0
vis: 60.0
cpu: exceptions=9735 cacheResets=1 batches=129682 verts=2377440 texStalls=0 recompiles=1547 underruns=11 overruns=0 sleep_us=17165241 queue_ms=23
fps: 30.0
vis: 60.0
cpu: exceptions=9870 cacheResets=1 batches=133837 verts=2457540 texStalls=0 recompiles=1547 underruns=11 overruns=0 sleep_us=17487361 queue_ms=29
fps: 30.0
vis: 60.0
cpu: exceptions=10005 cacheResets=1 batches=137992 verts=2537640 texStalls=0 recompiles=1547 underruns=11 overruns=0 sleep_us=17809871 queue_ms=25
fps: 30.1
vis: 60.0
cpu: exceptions=10140 cacheResets=1 batches=141307 verts=2612700 texStalls=0 recompiles=1548 underruns=11 overruns=0 sleep_us=18150942 queue_ms=21
fps: 30.0
vis: 60.0
cpu: exceptions=10275 cacheResets=1 batches=144202 verts=2685240 texStalls=0 recompiles=1548 underruns=11 overruns=0 sleep_us=18501291 queue_ms=27
fps: 30.0
vis: 60.0
cpu: exceptions=10416 cacheResets=1 batches=147126 verts=2758428 texStalls=0 recompiles=1568 underruns=11 overruns=0 sleep_us=18841100 queue_ms=22
fps: 29.0
vis: 60.0
cpu: exceptions=10581 cacheResets=1 batches=150441 verts=2840598 texStalls=0 recompiles=1568 underruns=11 overruns=0 sleep_us=19140920 queue_ms=10
fps: 30.1
vis: 60.0
cpu: exceptions=10742 cacheResets=1 batches=153276 verts=2903952 texStalls=0 recompiles=1569 underruns=11 overruns=0 sleep_us=19462666 queue_ms=6
fps: 30.0
vis: 60.0
cpu: exceptions=10900 cacheResets=1 batches=155691 verts=2950842 texStalls=0 recompiles=1569 underruns=11 overruns=0 sleep_us=19803439 queue_ms=12
fps: 30.0
vis: 60.0
cpu: exceptions=11064 cacheResets=1 batches=158106 verts=2997732 texStalls=0 recompiles=1572 underruns=11 overruns=0 sleep_us=20138195 queue_ms=7
fps: 29.9
vis: 60.0
cpu: exceptions=11260 cacheResets=1 batches=160521 verts=3044622 texStalls=0 recompiles=1572 underruns=11 overruns=0 sleep_us=20448952 queue_ms=14
fps: 30.1
vis: 60.0
cpu: exceptions=11448 cacheResets=1 batches=162942 verts=3091542 texStalls=0 recompiles=1572 underruns=11 overruns=0 sleep_us=20767346 queue_ms=9
fps: 30.0
vis: 60.0
cpu: exceptions=11615 cacheResets=1 batches=165447 verts=3138882 texStalls=0 recompiles=1572 underruns=11 overruns=0 sleep_us=21097714 queue_ms=15
fps: 30.0
vis: 60.0
cpu: exceptions=11796 cacheResets=1 batches=167976 verts=3186294 texStalls=0 recompiles=1572 underruns=11 overruns=0 sleep_us=21411996 queue_ms=11
fps: 29.9
vis: 60.0
cpu: exceptions=11990 cacheResets=1 batches=170630 verts=3235593 texStalls=0 recompiles=1572 underruns=11 overruns=0 sleep_us=21709247 queue_ms=7
fps: 30.1
vis: 60.0
cpu: exceptions=12183 cacheResets=1 batches=173364 verts=3286140 texStalls=0 recompiles=1572 underruns=11 overruns=0 sleep_us=22011597 queue_ms=13
fps: 30.0
vis: 60.0
cpu: exceptions=12353 cacheResets=1 batches=176140 verts=3336813 texStalls=0 recompiles=1572 underruns=11 overruns=0 sleep_us=22332931 queue_ms=9
fps: 30.0
vis: 60.0
cpu: exceptions=12530 cacheResets=1 batches=178978 verts=3387768 texStalls=0 recompiles=1572 underruns=11 overruns=0 sleep_us=22645749 queue_ms=14
fps: 30.0
vis: 60.0
cpu: exceptions=12716 cacheResets=1 batches=181858 verts=3438933 texStalls=0 recompiles=1572 underruns=11 overruns=0 sleep_us=22945637 queue_ms=10
fps: 30.0
vis: 60.0
cpu: exceptions=12922 cacheResets=1 batches=184738 verts=3490098 texStalls=0 recompiles=1572 underruns=11 overruns=0 sleep_us=23232941 queue_ms=16
fps: 30.0
vis: 60.0
cpu: exceptions=13104 cacheResets=1 batches=187656 verts=3542487 texStalls=0 recompiles=1572 underruns=11 overruns=0 sleep_us=23539414 queue_ms=11
fps: 30.0
vis: 60.0
cpu: exceptions=13272 cacheResets=1 batches=190686 verts=3598332 texStalls=0 recompiles=1572 underruns=11 overruns=0 sleep_us=23846478 queue_ms=8
fps: 30.0
vis: 60.0
cpu: exceptions=13458 cacheResets=1 batches=193716 verts=3654177 texStalls=0 recompiles=1572 underruns=11 overruns=0 sleep_us=24139157 queue_ms=13
vis: 60.0
cpu: exceptions=13660 cacheResets=1 batches=196746 verts=3710022 texStalls=0 recompiles=1572 underruns=11 overruns=0 sleep_us=24414222 queue_ms=9
fps: 30.0
vis: 60.0
cpu: exceptions=13851 cacheResets=1 batches=199778 verts=3766149 texStalls=0 recompiles=1572 underruns=11 overruns=0 sleep_us=24702300 queue_ms=15
fps: 30.0
vis: 60.0
cpu: exceptions=14021 cacheResets=1 batches=202780 verts=3822606 texStalls=0 recompiles=1572 underruns=11 overruns=0 sleep_us=25007023 queue_ms=11
fps: 28.3
mark: stop reason: chain guest VI limit
mark: stop_it requested
audio: alist_resample_calls=42765 alist_resample_samples=5573312 alist_zoh_calls=0 alist_zoh_samples=0 musyx_subframes=0 musyx_voices=0 musyx_voice_peak=0
audio_stages: adpcm_calls=41654 adpcm_samples=5505872 envmix_calls=40319 envmix_samples=5379464 mix_calls=9436 mix_samples=3019520 musyx_fx_calls=0 musyx_fx_taps=0 output_calls=2360 output_samples=1259152
audio_envmix: exp_calls=40319 ge_calls=0 lin_calls=0 nead_calls=0 exp_steady=33834 ge_steady=0 lin_steady=0
audio_gaps: nead_mats=0 nead_efz=0 resample_flag2=0 musyx_ptr10=0
audio_output: stream_requests=6191 stream_fed=4371 input_hz=32006 playback_hz=32006 queue_peak_ms=157
probe_schema: version=2 self=1 interval=127
vm_io: read_ahead=1 reads=0 hits=0 read_bytes=0 writes=0 write_bytes=0 errors=0
subsystem_time: stage=rsp_gfx calls=1046 timed_calls=1046 period=1 timed_us=3859408
subsystem_time: stage=rsp_audio calls=2359 timed_calls=2359 period=1 timed_us=1171955
subsystem_time: stage=rsp_other calls=0 timed_calls=0 period=1 timed_us=0
subsystem_time: stage=lookup calls=896582 timed_calls=7059 period=127 timed_us=2426
subsystem_time: stage=compile calls=1572 timed_calls=1572 period=1 timed_us=170721
subsystem_time: stage=dispatch calls=6520190 timed_calls=51340 period=127 timed_us=22207
subsystem_self: stage=dispatch calls=6520190 timed_calls=51340 self_us=18543 dropped=0
subsystem_time: stage=execute_inclusive calls=6520190 timed_calls=51340 period=127 timed_us=316898
subsystem_self: stage=execute_inclusive calls=6520190 timed_calls=51340 self_us=75871 dropped=0
subsystem_time: stage=rom_copy calls=3129 timed_calls=3129 period=1 timed_us=41714
subsystem_time: stage=present calls=2399 timed_calls=2399 period=1 timed_us=52795
subsystem_time: stage=limiter calls=2364 timed_calls=2364 period=1 timed_us=25295105
subsystem_time: stage=vm_fault calls=0 timed_calls=0 period=1 timed_us=0
subsystem_time: stage=vm_victim calls=0 timed_calls=0 period=1 timed_us=0
subsystem_time: stage=vm_read calls=0 timed_calls=0 period=1 timed_us=0
subsystem_time: stage=vm_write calls=0 timed_calls=0 period=1 timed_us=0
subsystem_time: stage=tex_hash calls=85142 timed_calls=85142 period=1 timed_us=586228
subsystem_time: stage=tex_lookup calls=85142 timed_calls=85142 period=1 timed_us=32317
subsystem_time: stage=tex_load calls=177 timed_calls=177 period=1 timed_us=7246
subsystem_time: stage=tex_activate calls=85142 timed_calls=85142 period=1 timed_us=49330
subsystem_time: stage=draw_triangles calls=205468 timed_calls=205468 period=1 timed_us=487140
subsystem_time: stage=draw_rect calls=8799 timed_calls=8799 period=1 timed_us=79846
subsystem_time: stage=gfx_list calls=1046 timed_calls=1046 period=1 timed_us=3857189
subsystem_time: stage=gfx_command calls=2786525 timed_calls=21941 period=127 timed_us=33106
gfx_ucodes: mask=00000001
gfx_opcode: op=01 calls=75424 timed_calls=595 timed_us=295
gfx_opcode: op=03 calls=73618 timed_calls=577 timed_us=282
gfx_opcode: op=04 calls=202046 timed_calls=1589 timed_us=5883
gfx_opcode: op=06 calls=145116 timed_calls=1133 timed_us=196
gfx_opcode: op=b4 calls=4451 timed_calls=31 timed_us=5
gfx_opcode: op=b6 calls=23950 timed_calls=190 timed_us=28
gfx_opcode: op=b7 calls=21046 timed_calls=173 timed_us=26
gfx_opcode: op=b8 calls=140309 timed_calls=1090 timed_us=141
gfx_opcode: op=b9 calls=30673 timed_calls=249 timed_us=42
gfx_opcode: op=ba calls=19636 timed_calls=159 timed_us=35
gfx_opcode: op=bb calls=51778 timed_calls=401 timed_us=74
gfx_opcode: op=bc calls=19397 timed_calls=140 timed_us=33
gfx_opcode: op=bd calls=3892 timed_calls=27 timed_us=3
gfx_opcode: op=bf calls=1291604 timed_calls=10173 timed_us=18026
gfx_opcode: op=e4 calls=6448 timed_calls=54 timed_us=773
gfx_opcode: op=e6 calls=85142 timed_calls=697 timed_us=87
gfx_opcode: op=e7 calls=100881 timed_calls=785 timed_us=100
gfx_opcode: op=e8 calls=34686 timed_calls=287 timed_us=38
gfx_opcode: op=e9 calls=1046 timed_calls=10 timed_us=11
gfx_opcode: op=ed calls=7377 timed_calls=56 timed_us=24
gfx_opcode: op=f2 calls=70824 timed_calls=558 timed_us=139
gfx_opcode: op=f3 calls=85142 timed_calls=681 timed_us=3305
gfx_opcode: op=f5 calls=132647 timed_calls=1027 timed_us=203
gfx_opcode: op=f6 calls=3397 timed_calls=20 timed_us=1138
gfx_opcode: op=f7 calls=2351 timed_calls=19 timed_us=10
gfx_opcode: op=f9 calls=38 timed_calls=0 timed_us=0
gfx_opcode: op=fa calls=5661 timed_calls=46 timed_us=7
gfx_opcode: op=fb calls=7254 timed_calls=52 timed_us=9
gfx_opcode: op=fc calls=52411 timed_calls=434 timed_us=59
gfx_opcode: op=fd calls=85142 timed_calls=664 timed_us=99
gfx_opcode: op=fe calls=1046 timed_calls=6 timed_us=4
gfx_opcode: op=ff calls=2092 timed_calls=18 timed_us=11
subsystem_time: stage=vertex calls=2212150 timed_calls=17418 period=127 timed_us=5453
subsystem_time: stage=gfx_state calls=314512 timed_calls=2476 period=127 timed_us=8795
subsystem_self: stage=gfx_state calls=314512 timed_calls=2476 self_us=3292 dropped=0
subsystem_time: stage=gx_wait calls=4 timed_calls=4 period=1 timed_us=2534
subsystem_time: stage=dma_pi calls=3129 timed_calls=3129 period=1 timed_us=95007
subsystem_time: stage=dma_sp calls=6810 timed_calls=6810 period=1 timed_us=6680
subsystem_time: stage=dma_si calls=1690 timed_calls=1690 period=1 timed_us=25071
subsystem_time: stage=tlb_translate calls=200897 timed_calls=1581 period=127 timed_us=184
subsystem_time: stage=pif calls=1691 timed_calls=1691 period=1 timed_us=23218
subsystem_time: stage=input calls=4180 timed_calls=4180 period=1 timed_us=19609
subsystem_time: stage=guest_interrupt calls=17253 timed_calls=17253 period=1 timed_us=25468268
subsystem_self: stage=guest_interrupt calls=17253 timed_calls=17253 self_us=43500 dropped=0
subsystem_time: stage=interpreter_inclusive calls=0 timed_calls=0 period=1 timed_us=0
subsystem_self: stage=interpreter_inclusive calls=0 timed_calls=0 self_us=0 dropped=0
subsystem_time: stage=audio_submit calls=2360 timed_calls=2360 period=1 timed_us=26442
subsystem_time: stage=audio_callback calls=24667 timed_calls=24667 period=1 timed_us=17911
subsystem_time: stage=memory_slow calls=1118273 timed_calls=8805 period=127 timed_us=60714
subsystem_self: stage=memory_slow calls=1118273 timed_calls=8805 self_us=4430 dropped=0
subsystem_time: stage=jit_invalidate calls=385672 timed_calls=3036 period=127 timed_us=636
subsystem_time: stage=cpu_helper calls=17895615 timed_calls=140910 period=127 timed_us=255319
subsystem_time: stage=storage_read calls=0 timed_calls=0 period=1 timed_us=0
subsystem_time: stage=storage_write calls=0 timed_calls=0 period=1 timed_us=0
subsystem_time: stage=save_load calls=0 timed_calls=0 period=1 timed_us=0
subsystem_time: stage=save_write calls=0 timed_calls=0 period=1 timed_us=0
subsystem_time: stage=state_load calls=0 timed_calls=0 period=1 timed_us=0
subsystem_time: stage=state_save calls=0 timed_calls=0 period=1 timed_us=0
subsystem_time: stage=probe_io calls=6 timed_calls=6 period=1 timed_us=86689
subsystem_time: stage=agent_poll calls=4811 timed_calls=4811 period=1 timed_us=1023
audio_time: stage=resample sampled_calls=336 sampled_samples=43944 sampled_us=1873
audio_time: stage=zoh sampled_calls=0 sampled_samples=0 sampled_us=0
audio_time: stage=adpcm sampled_calls=327 sampled_samples=42704 sampled_us=1793
audio_time: stage=envmix_exp sampled_calls=317 sampled_samples=42280 sampled_us=4017
audio_time: stage=envmix_ge sampled_calls=0 sampled_samples=0 sampled_us=0
audio_time: stage=envmix_lin sampled_calls=0 sampled_samples=0 sampled_us=0
audio_time: stage=envmix_nead sampled_calls=0 sampled_samples=0 sampled_us=0
audio_time: stage=mix sampled_calls=74 sampled_samples=23680 sampled_us=403
audio_time: stage=musyx_voice sampled_calls=0 sampled_samples=0 sampled_us=0
audio_time: stage=musyx_fx sampled_calls=0 sampled_samples=0 sampled_us=0
audio_time: stage=output sampled_calls=18 sampled_samples=9648 sampled_us=169
gpu_counters: clks=9775670810 tb_clks=9775670912 ras_busy=198171568 xf_wait_in=9332082092 xf_wait_out=286251714 ras_peak_permille=34 ztop_in=761472840 ztop_out=724562372 z_in=1416436 z_out=1344756 blend_in=726244188 copy_clks=118948624 fifo_overflows=756
game: n=1/9 how=vis vis=2400 vi_rate=60 vi0_retrace=330 wall_us=40228983 sleep_us=25288028 avg_vis=59.25 avg_fps=27.95 exceptions=14189 cacheResets=1 recompiles=1572 batches=205468 verts=3874812 texStalls=0 treeDepthMax=14 underruns=13 overruns=0 queue_peak_ms=138 dsp_avg=1.51 dsp_peak=1.80 dsp_samples=80 pmc1=10744434954 pmc2=10802980284 pmc3=0 pmc4=0 mmcr0=00000042 mmcr1=00000000 heap_used=10876792 heap_free=34920 arena1_free=294912 arena2_free=288704 flushes=6 flush_us=86687 padtrace=11 rom=sd:/wii64/roms/Super Mario 64.v64
=== chain 1/9 end vis=2400 how=vis rom=sd:/wii64/roms/Super Mario 64.v64 ===
mark: pad replay records: 22
mark: loadROM: enter
mark: loadROM: before rom_read
mark: ROMCache_load: enter
mark: ROMCache_load: before first read
mark: ROMCache_load: first read returned
mark: ROMCache_load: byte_swap_type set
mark: ROMCache_load: first byte_swap done
menufps: 0.0
menufps: 8.6
menufps: 8.3
menufps: 8.3
menufps: 8.1
menufps: 8.0
mark: ROMCache_load: loop exited normally
mark: ROMCache_load: elapsed_us=3128999 bytes=13893632 vm=0
mark: loadROM: after rom_read
mark: loadROM: before init_memory
mark: loadROM: after init_memory
mark: loadROM: before romOpen_gfx
mark: loadROM: after romOpen_gfx / before romOpen_audio
mark: loadROM: after romOpen_audio / before romOpen_input
mark: loadROM: after romOpen_input / before cpu_init
mark: loadROM: after cpu_init
menufps: 2.2
menufps: 1.0
menufps: 1.0
fps: 1.8
first_vi: vi0_retrace=3138
vis: 4.1
cpu: exceptions=0 cacheResets=0 batches=0 verts=0 texStalls=0 recompiles=0 underruns=0 overruns=0 sleep_us=0 queue_ms=0
mark: CPU core dispatch: dynarec
vis: 60.0
cpu: exceptions=1030 cacheResets=1 batches=0 verts=0 texStalls=0 recompiles=316 underruns=1 overruns=0 sleep_us=88451 queue_ms=106
vis: 60.0
cpu: exceptions=1330 cacheResets=1 batches=0 verts=0 texStalls=0 recompiles=316 underruns=1 overruns=0 sleep_us=561166 queue_ms=102
vis: 60.0
cpu: exceptions=1630 cacheResets=1 batches=0 verts=0 texStalls=0 recompiles=331 underruns=1 overruns=0 sleep_us=1031892 queue_ms=109
vis: 60.0
cpu: exceptions=1930 cacheResets=1 batches=0 verts=0 texStalls=0 recompiles=331 underruns=1 overruns=0 sleep_us=1504525 queue_ms=106
vis: 60.0
cpu: exceptions=2230 cacheResets=1 batches=0 verts=0 texStalls=0 recompiles=331 underruns=1 overruns=0 sleep_us=1977137 queue_ms=102
vis: 60.0
cpu: exceptions=2529 cacheResets=1 batches=0 verts=0 texStalls=0 recompiles=331 underruns=1 overruns=0 sleep_us=2449639 queue_ms=109
vis: 60.0
cpu: exceptions=2865 cacheResets=1 batches=0 verts=0 texStalls=0 recompiles=344 underruns=1 overruns=0 sleep_us=2913822 queue_ms=105
fps: 0.8
vis: 60.0
cpu: exceptions=3439 cacheResets=1 batches=64 verts=4140 texStalls=0 recompiles=468 underruns=1 overruns=0 sleep_us=3342854 queue_ms=111
fps: 1.6
vis: 60.0
cpu: exceptions=3544 cacheResets=1 batches=576 verts=37260 texStalls=0 recompiles=528 underruns=1 overruns=0 sleep_us=3665294 queue_ms=7
fps: 31.1
vis: 60.0
cpu: exceptions=3685 cacheResets=1 batches=1536 verts=99360 texStalls=0 recompiles=528 underruns=1 overruns=0 sleep_us=4023177 queue_ms=14
fps: 30.0
vis: 60.0
cpu: exceptions=3821 cacheResets=1 batches=2304 verts=149040 texStalls=0 recompiles=566 underruns=1 overruns=0 sleep_us=4346642 queue_ms=10
vis: 60.0
cpu: exceptions=3917 cacheResets=1 batches=2304 verts=149040 texStalls=0 recompiles=566 underruns=1 overruns=0 sleep_us=4559376 queue_ms=17
fps: 3.9
vis: 60.0
cpu: exceptions=4016 cacheResets=1 batches=2424 verts=149760 texStalls=0 recompiles=598 underruns=1 overruns=0 sleep_us=4862037 queue_ms=12
fps: 1.7
vis: 60.0
cpu: exceptions=4118 cacheResets=1 batches=2904 verts=152640 texStalls=0 recompiles=610 underruns=3 overruns=0 sleep_us=5208206 queue_ms=17
fps: 31.0
vis: 60.0
cpu: exceptions=4332 cacheResets=1 batches=4704 verts=163440 texStalls=0 recompiles=611 underruns=3 overruns=0 sleep_us=5445071 queue_ms=11
fps: 30.0
vis: 60.0
cpu: exceptions=4533 cacheResets=1 batches=6504 verts=174240 texStalls=0 recompiles=614 underruns=3 overruns=0 sleep_us=5678976 queue_ms=19
fps: 30.0
vis: 60.0
cpu: exceptions=4726 cacheResets=1 batches=8304 verts=185040 texStalls=0 recompiles=614 underruns=3 overruns=0 sleep_us=5909242 queue_ms=15
fps: 30.0
vis: 60.0
cpu: exceptions=4920 cacheResets=1 batches=10104 verts=195840 texStalls=0 recompiles=614 underruns=3 overruns=0 sleep_us=6140937 queue_ms=10
fps: 30.0
vis: 60.0
cpu: exceptions=5099 cacheResets=1 batches=11904 verts=206640 texStalls=0 recompiles=614 underruns=3 overruns=0 sleep_us=6376673 queue_ms=16
fps: 29.2
vis: 60.0
cpu: exceptions=5277 cacheResets=1 batches=13704 verts=217440 texStalls=0 recompiles=618 underruns=4 overruns=0 sleep_us=6611198 queue_ms=13
vis: 60.0
cpu: exceptions=5457 cacheResets=1 batches=15024 verts=225360 texStalls=0 recompiles=625 underruns=4 overruns=0 sleep_us=6826470 queue_ms=19
vis: 60.0
cpu: exceptions=5608 cacheResets=1 batches=15024 verts=225360 texStalls=0 recompiles=625 underruns=4 overruns=0 sleep_us=7007813 queue_ms=14
vis: 60.0
cpu: exceptions=5716 cacheResets=1 batches=15024 verts=225360 texStalls=0 recompiles=631 underruns=4 overruns=0 sleep_us=7251550 queue_ms=10
fps: 6.2
vis: 60.0
cpu: exceptions=5838 cacheResets=1 batches=15024 verts=225360 texStalls=0 recompiles=674 underruns=4 overruns=0 sleep_us=7523231 queue_ms=17
fps: 31.8
vis: 60.0
cpu: exceptions=6051 cacheResets=1 batches=15024 verts=225360 texStalls=0 recompiles=674 underruns=4 overruns=0 sleep_us=7794861 queue_ms=13
fps: 30.0
vis: 60.0
cpu: exceptions=6240 cacheResets=1 batches=15024 verts=225360 texStalls=0 recompiles=674 underruns=4 overruns=0 sleep_us=8069559 queue_ms=19
fps: 30.0
vis: 60.0
cpu: exceptions=6411 cacheResets=1 batches=15024 verts=225360 texStalls=0 recompiles=674 underruns=4 overruns=0 sleep_us=8347810 queue_ms=16
vis: 60.0
cpu: exceptions=6578 cacheResets=1 batches=15024 verts=225360 texStalls=0 recompiles=674 underruns=4 overruns=0 sleep_us=8628617 queue_ms=23
fps: 30.0
vis: 60.0
cpu: exceptions=6748 cacheResets=1 batches=15024 verts=225360 texStalls=0 recompiles=674 underruns=4 overruns=0 sleep_us=8909810 queue_ms=19
fps: 30.0
vis: 60.0
cpu: exceptions=6921 cacheResets=1 batches=15024 verts=225360 texStalls=0 recompiles=681 underruns=4 overruns=0 sleep_us=9185120 queue_ms=26
fps: 30.0
vis: 60.0
cpu: exceptions=7087 cacheResets=1 batches=15024 verts=225360 texStalls=0 recompiles=686 underruns=4 overruns=0 sleep_us=9449425 queue_ms=22
fps: 30.1
vis: 60.0
cpu: exceptions=7256 cacheResets=1 batches=15024 verts=225360 texStalls=0 recompiles=686 underruns=4 overruns=0 sleep_us=9727497 queue_ms=28
fps: 30.0
vis: 60.0
cpu: exceptions=7428 cacheResets=1 batches=15024 verts=225360 texStalls=0 recompiles=686 underruns=4 overruns=0 sleep_us=10015184 queue_ms=25
fps: 30.0
vis: 60.0
cpu: exceptions=7588 cacheResets=1 batches=15024 verts=225360 texStalls=0 recompiles=686 underruns=4 overruns=0 sleep_us=10305533 queue_ms=32
fps: 30.0
vis: 60.0
cpu: exceptions=7762 cacheResets=1 batches=15024 verts=225360 texStalls=0 recompiles=686 underruns=4 overruns=0 sleep_us=10593033 queue_ms=28
fps: 30.0
vis: 60.0
cpu: exceptions=7938 cacheResets=1 batches=15024 verts=225360 texStalls=0 recompiles=686 underruns=4 overruns=0 sleep_us=10881542 queue_ms=25
fps: 30.0
vis: 60.0
cpu: exceptions=8106 cacheResets=1 batches=15024 verts=225360 texStalls=0 recompiles=686 underruns=4 overruns=0 sleep_us=11170679 queue_ms=32
fps: 30.0
vis: 60.0
cpu: exceptions=8281 cacheResets=1 batches=15024 verts=225360 texStalls=0 recompiles=686 underruns=4 overruns=0 sleep_us=11459058 queue_ms=28
fps: 30.0
vis: 60.0
cpu: exceptions=8450 cacheResets=1 batches=15024 verts=225360 texStalls=0 recompiles=686 underruns=4 overruns=0 sleep_us=11750878 queue_ms=34
fps: 29.2
vis: 60.0
cpu: exceptions=8616 cacheResets=1 batches=15024 verts=225360 texStalls=0 recompiles=688 underruns=4 overruns=0 sleep_us=12060585 queue_ms=19
fps: 30.0
vis: 60.0
cpu: exceptions=8775 cacheResets=1 batches=15024 verts=225360 texStalls=0 recompiles=688 underruns=4 overruns=0 sleep_us=12370076 queue_ms=16
fps: 30.0
vis: 60.0
cpu: exceptions=8941 cacheResets=1 batches=15024 verts=225360 texStalls=0 recompiles=688 underruns=4 overruns=0 sleep_us=12675334 queue_ms=22
fps: 30.0
vis: 60.0
cpu: exceptions=9132 cacheResets=1 batches=15024 verts=225360 texStalls=0 recompiles=688 underruns=4 overruns=0 sleep_us=12958718 queue_ms=17
fps: 30.0
vis: 60.0
cpu: exceptions=9305 cacheResets=1 batches=15024 verts=225360 texStalls=0 recompiles=688 underruns=4 overruns=0 sleep_us=13250141 queue_ms=25
fps: 30.0
vis: 60.0
cpu: exceptions=9461 cacheResets=1 batches=15024 verts=225360 texStalls=0 recompiles=688 underruns=4 overruns=0 sleep_us=13554097 queue_ms=20
fps: 30.0
vis: 60.0
cpu: exceptions=9618 cacheResets=1 batches=15024 verts=225360 texStalls=0 recompiles=688 underruns=4 overruns=0 sleep_us=13857830 queue_ms=28
fps: 30.0
vis: 60.0
cpu: exceptions=9772 cacheResets=1 batches=15024 verts=225360 texStalls=0 recompiles=688 underruns=4 overruns=0 sleep_us=14162834 queue_ms=24
fps: 30.0
vis: 60.0
cpu: exceptions=9930 cacheResets=1 batches=15024 verts=225360 texStalls=0 recompiles=688 underruns=4 overruns=0 sleep_us=14471228 queue_ms=30
fps: 30.0
vis: 60.0
cpu: exceptions=10085 cacheResets=1 batches=15024 verts=225360 texStalls=0 recompiles=688 underruns=4 overruns=0 sleep_us=14781395 queue_ms=25
fps: 30.0
vis: 60.0
cpu: exceptions=10247 cacheResets=1 batches=15024 verts=225360 texStalls=0 recompiles=688 underruns=4 overruns=0 sleep_us=15091953 queue_ms=20
fps: 30.0
vis: 60.0
cpu: exceptions=10399 cacheResets=1 batches=15024 verts=225360 texStalls=0 recompiles=688 underruns=4 overruns=0 sleep_us=15400308 queue_ms=28
fps: 30.0
vis: 60.0
cpu: exceptions=10555 cacheResets=1 batches=15024 verts=225360 texStalls=0 recompiles=688 underruns=4 overruns=0 sleep_us=15704831 queue_ms=23
fps: 30.0
vis: 60.0
cpu: exceptions=10704 cacheResets=1 batches=15024 verts=225360 texStalls=0 recompiles=688 underruns=4 overruns=0 sleep_us=16023301 queue_ms=31
fps: 29.9
vis: 60.0
cpu: exceptions=10906 cacheResets=1 batches=15024 verts=225360 texStalls=0 recompiles=688 underruns=4 overruns=0 sleep_us=16308216 queue_ms=27
vis: 60.0
cpu: exceptions=11099 cacheResets=1 batches=15024 verts=225360 texStalls=0 recompiles=688 underruns=4 overruns=0 sleep_us=16584934 queue_ms=33
fps: 30.0
vis: 60.0
cpu: exceptions=11281 cacheResets=1 batches=15024 verts=225360 texStalls=0 recompiles=688 underruns=4 overruns=0 sleep_us=16869566 queue_ms=28
fps: 30.0
vis: 60.0
cpu: exceptions=11456 cacheResets=1 batches=15024 verts=225360 texStalls=0 recompiles=688 underruns=4 overruns=0 sleep_us=17158418 queue_ms=35
fps: 30.0
vis: 60.0
cpu: exceptions=11627 cacheResets=1 batches=15024 verts=225360 texStalls=0 recompiles=688 underruns=4 overruns=0 sleep_us=17447896 queue_ms=31
fps: 30.0
vis: 60.0
cpu: exceptions=11799 cacheResets=1 batches=15024 verts=225360 texStalls=0 recompiles=688 underruns=4 overruns=0 sleep_us=17735987 queue_ms=38
fps: 28.5
vis: 60.0
cpu: exceptions=11973 cacheResets=1 batches=15024 verts=225360 texStalls=0 recompiles=692 underruns=4 overruns=0 sleep_us=18023361 queue_ms=12
fps: 30.0
vis: 60.0
cpu: exceptions=12132 cacheResets=1 batches=15024 verts=225360 texStalls=0 recompiles=692 underruns=4 overruns=0 sleep_us=18284245 queue_ms=8
vis: 60.0
cpu: exceptions=12259 cacheResets=1 batches=15024 verts=225360 texStalls=0 recompiles=692 underruns=4 overruns=0 sleep_us=18470360 queue_ms=15
vis: 60.0
cpu: exceptions=12378 cacheResets=1 batches=15024 verts=225360 texStalls=0 recompiles=692 underruns=4 overruns=0 sleep_us=18702261 queue_ms=11
fps: 5.4
vis: 60.0
cpu: exceptions=12557 cacheResets=1 batches=15024 verts=225360 texStalls=0 recompiles=720 underruns=5 overruns=0 sleep_us=18952446 queue_ms=19
fps: 32.0
vis: 59.9
cpu: exceptions=12750 cacheResets=1 batches=15024 verts=225360 texStalls=0 recompiles=721 underruns=5 overruns=0 sleep_us=19197988 queue_ms=26
fps: 29.7
vis: 60.0
cpu: exceptions=12971 cacheResets=1 batches=15024 verts=225360 texStalls=0 recompiles=721 underruns=5 overruns=0 sleep_us=19399643 queue_ms=22
fps: 30.2
vis: 60.0
cpu: exceptions=13182 cacheResets=1 batches=15024 verts=225360 texStalls=0 recompiles=721 underruns=5 overruns=0 sleep_us=19615865 queue_ms=28
fps: 29.9
vis: 60.0
cpu: exceptions=13386 cacheResets=1 batches=15024 verts=225360 texStalls=0 recompiles=721 underruns=5 overruns=0 sleep_us=19833737 queue_ms=24
fps: 30.1
vis: 60.0
cpu: exceptions=13574 cacheResets=1 batches=15024 verts=225360 texStalls=0 recompiles=721 underruns=5 overruns=0 sleep_us=20098436 queue_ms=31
fps: 29.8
vis: 59.9
cpu: exceptions=13761 cacheResets=1 batches=15024 verts=225360 texStalls=0 recompiles=724 underruns=5 overruns=0 sleep_us=20354382 queue_ms=28
vis: 60.0
cpu: exceptions=13947 cacheResets=1 batches=15024 verts=225360 texStalls=0 recompiles=731 underruns=5 overruns=0 sleep_us=20607578 queue_ms=24
fps: 30.3
vis: 60.0
cpu: exceptions=14127 cacheResets=1 batches=15024 verts=225360 texStalls=0 recompiles=731 underruns=5 overruns=0 sleep_us=20887805 queue_ms=31
fps: 29.9
vis: 60.0
cpu: exceptions=14320 cacheResets=1 batches=15024 verts=225360 texStalls=0 recompiles=731 underruns=5 overruns=0 sleep_us=21151328 queue_ms=27
fps: 29.9
vis: 60.0
cpu: exceptions=14507 cacheResets=1 batches=15024 verts=225360 texStalls=0 recompiles=731 underruns=5 overruns=0 sleep_us=21423818 queue_ms=33
fps: 30.2
vis: 60.0
cpu: exceptions=14683 cacheResets=1 batches=15024 verts=225360 texStalls=0 recompiles=731 underruns=5 overruns=0 sleep_us=21706587 queue_ms=29
fps: 30.0
vis: 60.0
cpu: exceptions=14851 cacheResets=1 batches=15024 verts=225360 texStalls=0 recompiles=731 underruns=5 overruns=0 sleep_us=22004605 queue_ms=37
fps: 29.9
vis: 60.0
cpu: exceptions=15026 cacheResets=1 batches=15024 verts=225360 texStalls=0 recompiles=731 underruns=5 overruns=0 sleep_us=22292809 queue_ms=32
fps: 30.1
vis: 60.0
cpu: exceptions=15184 cacheResets=1 batches=15024 verts=225360 texStalls=0 recompiles=731 underruns=5 overruns=0 sleep_us=22603572 queue_ms=39
fps: 30.1
vis: 60.0
cpu: exceptions=15345 cacheResets=1 batches=15024 verts=225360 texStalls=0 recompiles=731 underruns=5 overruns=0 sleep_us=22914506 queue_ms=35
fps: 29.0
vis: 60.0
cpu: exceptions=15529 cacheResets=1 batches=15024 verts=225360 texStalls=0 recompiles=732 underruns=5 overruns=0 sleep_us=23188260 queue_ms=20
fps: 29.8
vis: 60.0
cpu: exceptions=15700 cacheResets=1 batches=15024 verts=225360 texStalls=0 recompiles=732 underruns=5 overruns=0 sleep_us=23434888 queue_ms=27
vis: 60.0
cpu: exceptions=15807 cacheResets=1 batches=15024 verts=225360 texStalls=0 recompiles=732 underruns=5 overruns=0 sleep_us=23631944 queue_ms=23
vis: 60.0
cpu: exceptions=15957 cacheResets=1 batches=15024 verts=225360 texStalls=0 recompiles=733 underruns=5 overruns=0 sleep_us=23875486 queue_ms=29
vis: 60.0
cpu: exceptions=16118 cacheResets=1 batches=15024 verts=225360 texStalls=0 recompiles=734 underruns=5 overruns=0 sleep_us=24120327 queue_ms=25
fps: 3.6
vis: 60.0
cpu: exceptions=16299 cacheResets=1 batches=15024 verts=225360 texStalls=0 recompiles=761 underruns=5 overruns=0 sleep_us=24343678 queue_ms=21
fps: 32.3
vis: 60.0
cpu: exceptions=16478 cacheResets=1 batches=15024 verts=225360 texStalls=0 recompiles=761 underruns=5 overruns=0 sleep_us=24613828 queue_ms=27
fps: 30.0
vis: 60.0
cpu: exceptions=16654 cacheResets=1 batches=15024 verts=225360 texStalls=0 recompiles=761 underruns=5 overruns=0 sleep_us=24886974 queue_ms=23
fps: 30.0
vis: 60.0
cpu: exceptions=16827 cacheResets=1 batches=15024 verts=225360 texStalls=0 recompiles=761 underruns=5 overruns=0 sleep_us=25159784 queue_ms=30
fps: 30.0
vis: 60.0
cpu: exceptions=17002 cacheResets=1 batches=15024 verts=225360 texStalls=0 recompiles=761 underruns=5 overruns=0 sleep_us=25436607 queue_ms=26
fps: 29.9
vis: 59.7
cpu: exceptions=17173 cacheResets=1 batches=15024 verts=225360 texStalls=0 recompiles=765 underruns=5 overruns=0 sleep_us=25706063 queue_ms=32
fps: 29.8
vis: 60.0
cpu: exceptions=17351 cacheResets=1 batches=15024 verts=225360 texStalls=0 recompiles=767 underruns=5 overruns=0 sleep_us=25956081 queue_ms=28
fps: 30.0
vis: 60.0
cpu: exceptions=17518 cacheResets=1 batches=15024 verts=225360 texStalls=0 recompiles=767 underruns=5 overruns=0 sleep_us=26211164 queue_ms=24
fps: 30.1
vis: 60.0
cpu: exceptions=17688 cacheResets=1 batches=15024 verts=225360 texStalls=0 recompiles=767 underruns=5 overruns=0 sleep_us=26479211 queue_ms=31
fps: 29.9
vis: 60.0
cpu: exceptions=17868 cacheResets=1 batches=15024 verts=225360 texStalls=0 recompiles=767 underruns=5 overruns=0 sleep_us=26741105 queue_ms=26
fps: 30.0
vis: 60.0
cpu: exceptions=18046 cacheResets=1 batches=15024 verts=225360 texStalls=0 recompiles=767 underruns=5 overruns=0 sleep_us=27001330 queue_ms=34
fps: 30.0
vis: 60.0
cpu: exceptions=18221 cacheResets=1 batches=15024 verts=225360 texStalls=0 recompiles=767 underruns=5 overruns=0 sleep_us=27265484 queue_ms=29
fps: 30.0
vis: 60.0
cpu: exceptions=18387 cacheResets=1 batches=15024 verts=225360 texStalls=0 recompiles=767 underruns=5 overruns=0 sleep_us=27538745 queue_ms=36
fps: 30.1
vis: 60.0
cpu: exceptions=18555 cacheResets=1 batches=15024 verts=225360 texStalls=0 recompiles=767 underruns=5 overruns=0 sleep_us=27825477 queue_ms=32
fps: 29.8
vis: 60.0
cpu: exceptions=18712 cacheResets=1 batches=15024 verts=225360 texStalls=0 recompiles=767 underruns=5 overruns=0 sleep_us=28119482 queue_ms=39
fps: 29.5
vis: 60.0
cpu: exceptions=18871 cacheResets=1 batches=15024 verts=225360 texStalls=0 recompiles=767 underruns=5 overruns=0 sleep_us=28411442 queue_ms=25
fps: 29.9
vis: 60.0
cpu: exceptions=20027 cacheResets=1 batches=15024 verts=225360 texStalls=0 recompiles=776 underruns=5 overruns=0 sleep_us=28634670 queue_ms=21
vis: 60.0
cpu: exceptions=20194 cacheResets=1 batches=15024 verts=225360 texStalls=0 recompiles=829 underruns=5 overruns=0 sleep_us=28923516 queue_ms=28
vis: 60.0
cpu: exceptions=20292 cacheResets=1 batches=15024 verts=225360 texStalls=0 recompiles=829 underruns=5 overruns=0 sleep_us=29283013 queue_ms=23
vis: 60.0
cpu: exceptions=20481 cacheResets=1 batches=15024 verts=225360 texStalls=0 recompiles=1016 underruns=5 overruns=0 sleep_us=29595347 queue_ms=31
vis: 60.0
cpu: exceptions=20560 cacheResets=1 batches=15024 verts=225360 texStalls=0 recompiles=1016 underruns=6 overruns=0 sleep_us=30043213 queue_ms=5
fps: 0.9
vis: 60.0
cpu: exceptions=20766 cacheResets=1 batches=19639 verts=268494 texStalls=0 recompiles=1373 underruns=8 overruns=0 sleep_us=30178775 queue_ms=35
fps: 32.1
vis: 60.0
cpu: exceptions=21004 cacheResets=1 batches=25239 verts=319914 texStalls=0 recompiles=1405 underruns=8 overruns=0 sleep_us=30326887 queue_ms=31
fps: 29.7
vis: 59.9
cpu: exceptions=21298 cacheResets=1 batches=31151 verts=373206 texStalls=0 recompiles=1410 underruns=8 overruns=0 sleep_us=30434502 queue_ms=38
fps: 29.9
vis: 59.9
cpu: exceptions=21641 cacheResets=1 batches=37274 verts=427764 texStalls=0 recompiles=1410 underruns=8 overruns=0 sleep_us=30518730 queue_ms=35
fps: 29.8
vis: 60.0
cpu: exceptions=22004 cacheResets=1 batches=43472 verts=482772 texStalls=0 recompiles=1416 underruns=8 overruns=0 sleep_us=30590502 queue_ms=31
fps: 30.1
vis: 60.0
cpu: exceptions=22335 cacheResets=1 batches=48637 verts=531582 texStalls=0 recompiles=1417 underruns=8 overruns=0 sleep_us=30737535 queue_ms=38
fps: 30.9
vis: 60.0
cpu: exceptions=22639 cacheResets=1 batches=52720 verts=573900 texStalls=0 recompiles=1417 underruns=8 overruns=0 sleep_us=30942788 queue_ms=34
fps: 29.2
vis: 60.0
cpu: exceptions=22966 cacheResets=1 batches=56184 verts=612504 texStalls=0 recompiles=1425 underruns=8 overruns=0 sleep_us=31132793 queue_ms=41
fps: 30.9
vis: 60.0
cpu: exceptions=23277 cacheResets=1 batches=59247 verts=648702 texStalls=0 recompiles=1426 underruns=8 overruns=0 sleep_us=31352705 queue_ms=37
fps: 30.0
vis: 60.0
cpu: exceptions=23590 cacheResets=1 batches=62264 verts=684624 texStalls=0 recompiles=1439 underruns=8 overruns=0 sleep_us=31563894 queue_ms=43
fps: 30.0
vis: 60.0
cpu: exceptions=23890 cacheResets=1 batches=65183 verts=719958 texStalls=0 recompiles=1506 underruns=8 overruns=0 sleep_us=31757373 queue_ms=39
fps: 29.9
vis: 60.0
cpu: exceptions=24204 cacheResets=1 batches=68086 verts=755196 texStalls=0 recompiles=1508 underruns=8 overruns=0 sleep_us=31961282 queue_ms=35
fps: 30.1
vis: 60.0
cpu: exceptions=24513 cacheResets=1 batches=70983 verts=790398 texStalls=0 recompiles=1508 underruns=8 overruns=0 sleep_us=32186349 queue_ms=41
fps: 30.1
vis: 60.0
cpu: exceptions=24806 cacheResets=1 batches=73865 verts=825510 texStalls=0 recompiles=1508 underruns=8 overruns=0 sleep_us=32419894 queue_ms=37
fps: 28.9
mark: stop reason: chain guest VI limit
mark: stop_it requested
audio: alist_resample_calls=124134 alist_resample_samples=18519888 alist_zoh_calls=0 alist_zoh_samples=0 musyx_subframes=0 musyx_voices=0 musyx_voice_peak=0
audio_stages: adpcm_calls=128102 adpcm_samples=19589216 envmix_calls=124134 envmix_samples=18519888 mix_calls=21240 mix_samples=8156160 musyx_fx_calls=0 musyx_fx_taps=0 output_calls=3566 output_samples=1595376
audio_envmix: exp_calls=0 ge_calls=0 lin_calls=0 nead_calls=124134 exp_steady=0 ge_steady=0 lin_steady=0
audio_gaps: nead_mats=0 nead_efz=0 resample_flag2=0 musyx_ptr10=0
audio_output: stream_requests=7349 stream_fed=5539 input_hz=26807 playback_hz=26807 queue_peak_ms=132
probe_schema: version=2 self=1 interval=127
vm_io: read_ahead=1 reads=0 hits=0 read_bytes=0 writes=0 write_bytes=0 errors=0
subsystem_time: stage=rsp_gfx calls=1428 timed_calls=1428 period=1 timed_us=10670747
subsystem_time: stage=rsp_audio calls=3540 timed_calls=3540 period=1 timed_us=3007486
subsystem_time: stage=rsp_other calls=0 timed_calls=0 period=1 timed_us=0
subsystem_time: stage=lookup calls=417333 timed_calls=3286 period=127 timed_us=1844
subsystem_time: stage=compile calls=1508 timed_calls=1508 period=1 timed_us=208770
subsystem_time: stage=dispatch calls=8652610 timed_calls=68130 period=127 timed_us=26684
subsystem_self: stage=dispatch calls=8652610 timed_calls=68130 self_us=21458 dropped=0
subsystem_time: stage=execute_inclusive calls=8652610 timed_calls=68130 period=127 timed_us=495977
subsystem_self: stage=execute_inclusive calls=8652610 timed_calls=68130 self_us=113479 dropped=0
subsystem_time: stage=rom_copy calls=8301 timed_calls=8301 period=1 timed_us=71414
subsystem_time: stage=present calls=3599 timed_calls=3599 period=1 timed_us=66676
subsystem_time: stage=limiter calls=3455 timed_calls=3455 period=1 timed_us=32652925
subsystem_time: stage=vm_fault calls=0 timed_calls=0 period=1 timed_us=0
subsystem_time: stage=vm_victim calls=0 timed_calls=0 period=1 timed_us=0
subsystem_time: stage=vm_read calls=0 timed_calls=0 period=1 timed_us=0
subsystem_time: stage=vm_write calls=0 timed_calls=0 period=1 timed_us=0
subsystem_time: stage=tex_hash calls=231269 timed_calls=231269 period=1 timed_us=1474370
subsystem_time: stage=tex_lookup calls=231269 timed_calls=231269 period=1 timed_us=265098
subsystem_time: stage=tex_load calls=1733 timed_calls=1733 period=1 timed_us=127647
subsystem_time: stage=tex_activate calls=231269 timed_calls=231269 period=1 timed_us=57229
subsystem_time: stage=draw_triangles calls=76811 timed_calls=76811 period=1 timed_us=143540
subsystem_time: stage=draw_rect calls=199209 timed_calls=199209 period=1 timed_us=2321430
subsystem_time: stage=gfx_list calls=1428 timed_calls=1428 period=1 timed_us=10667546
subsystem_time: stage=gfx_command calls=3052105 timed_calls=24032 period=127 timed_us=88675
gfx_ucodes: mask=00040000
gfx_opcode: op=01 calls=39357 timed_calls=314 timed_us=142
gfx_opcode: op=03 calls=4732 timed_calls=44 timed_us=46
gfx_opcode: op=04 calls=74849 timed_calls=554 timed_us=1384
gfx_opcode: op=06 calls=126570 timed_calls=947 timed_us=160
gfx_opcode: op=b1 calls=89645 timed_calls=765 timed_us=5735
gfx_opcode: op=b4 calls=811 timed_calls=8 timed_us=1
gfx_opcode: op=b5 calls=21636 timed_calls=179 timed_us=248
gfx_opcode: op=b6 calls=21527 timed_calls=177 timed_us=33
gfx_opcode: op=b7 calls=13822 timed_calls=106 timed_us=16
gfx_opcode: op=b8 calls=127998 timed_calls=986 timed_us=132
gfx_opcode: op=b9 calls=89659 timed_calls=704 timed_us=118
gfx_opcode: op=ba calls=160056 timed_calls=1283 timed_us=215
gfx_opcode: op=bb calls=35718 timed_calls=296 timed_us=58
gfx_opcode: op=bc calls=34815 timed_calls=258 timed_us=52
gfx_opcode: op=bd calls=36 timed_calls=0 timed_us=0
gfx_opcode: op=bf calls=64440 timed_calls=456 timed_us=1926
gfx_opcode: op=c0 calls=16873 timed_calls=139 timed_us=20
gfx_opcode: op=e4 calls=190158 timed_calls=1505 timed_us=18877
gfx_opcode: op=e6 calls=236572 timed_calls=1861 timed_us=227
gfx_opcode: op=e7 calls=327789 timed_calls=2617 timed_us=336
gfx_opcode: op=e8 calls=41869 timed_calls=342 timed_us=42
gfx_opcode: op=e9 calls=1428 timed_calls=10 timed_us=15
gfx_opcode: op=ed calls=8043 timed_calls=63 timed_us=25
gfx_opcode: op=f0 calls=4851 timed_calls=38 timed_us=110
gfx_opcode: op=f2 calls=227707 timed_calls=1790 timed_us=443
gfx_opcode: op=f3 calls=40772 timed_calls=309 timed_us=1902
gfx_opcode: op=f4 calls=190949 timed_calls=1508 timed_us=6296
gfx_opcode: op=f5 calls=464279 timed_calls=3643 timed_us=648
gfx_opcode: op=f6 calls=10516 timed_calls=95 timed_us=2766
gfx_opcode: op=f7 calls=10090 timed_calls=83 timed_us=27
gfx_opcode: op=fa calls=40837 timed_calls=309 timed_us=55
gfx_opcode: op=fb calls=23942 timed_calls=183 timed_us=29
gfx_opcode: op=fc calls=67479 timed_calls=531 timed_us=73
gfx_opcode: op=fd calls=236572 timed_calls=1881 timed_us=271
gfx_opcode: op=fe calls=1427 timed_calls=12 timed_us=9
gfx_opcode: op=ff calls=4281 timed_calls=36 timed_us=43980
subsystem_time: stage=vertex calls=544112 timed_calls=4284 period=127 timed_us=1302
subsystem_time: stage=gfx_state calls=287905 timed_calls=2266 period=127 timed_us=20129
subsystem_self: stage=gfx_state calls=287905 timed_calls=2266 self_us=4803 dropped=0
subsystem_time: stage=gx_wait calls=4 timed_calls=4 period=1 timed_us=2558
subsystem_time: stage=dma_pi calls=8301 timed_calls=8301 period=1 timed_us=145967
subsystem_time: stage=dma_sp calls=9936 timed_calls=9936 period=1 timed_us=10271
subsystem_time: stage=dma_si calls=2986 timed_calls=2986 period=1 timed_us=34635
subsystem_time: stage=tlb_translate calls=0 timed_calls=0 period=127 timed_us=0
subsystem_time: stage=pif calls=2987 timed_calls=2987 period=1 timed_us=32105
subsystem_time: stage=input calls=5712 timed_calls=5712 period=1 timed_us=25960
subsystem_time: stage=guest_interrupt calls=33518 timed_calls=33518 period=1 timed_us=32892555
subsystem_self: stage=guest_interrupt calls=33518 timed_calls=33518 self_us=64786 dropped=0
subsystem_time: stage=interpreter_inclusive calls=0 timed_calls=0 period=1 timed_us=0
subsystem_self: stage=interpreter_inclusive calls=0 timed_calls=0 self_us=0 dropped=0
subsystem_time: stage=audio_submit calls=3566 timed_calls=3566 period=1 timed_us=35513
subsystem_time: stage=audio_callback calls=35884 timed_calls=35884 period=1 timed_us=23829
subsystem_time: stage=memory_slow calls=1358405 timed_calls=10696 period=127 timed_us=129405
subsystem_self: stage=memory_slow calls=1358405 timed_calls=10696 self_us=6095 dropped=0
subsystem_time: stage=jit_invalidate calls=26265 timed_calls=206 period=127 timed_us=44
subsystem_time: stage=cpu_helper calls=35815290 timed_calls=282010 period=127 timed_us=254993
subsystem_time: stage=storage_read calls=0 timed_calls=0 period=1 timed_us=0
subsystem_time: stage=storage_write calls=0 timed_calls=0 period=1 timed_us=0
subsystem_time: stage=save_load calls=0 timed_calls=0 period=1 timed_us=0
subsystem_time: stage=save_write calls=0 timed_calls=0 period=1 timed_us=0
subsystem_time: stage=state_load calls=0 timed_calls=0 period=1 timed_us=0
subsystem_time: stage=state_save calls=0 timed_calls=0 period=1 timed_us=0
subsystem_time: stage=probe_io calls=8 timed_calls=8 period=1 timed_us=114793
subsystem_time: stage=agent_poll calls=7211 timed_calls=7211 period=1 timed_us=1609
audio_time: stage=resample sampled_calls=977 sampled_samples=145480 sampled_us=6145
audio_time: stage=zoh sampled_calls=0 sampled_samples=0 sampled_us=0
audio_time: stage=adpcm sampled_calls=1008 sampled_samples=155232 sampled_us=6463
audio_time: stage=envmix_exp sampled_calls=0 sampled_samples=0 sampled_us=0
audio_time: stage=envmix_ge sampled_calls=0 sampled_samples=0 sampled_us=0
audio_time: stage=envmix_lin sampled_calls=0 sampled_samples=0 sampled_us=0
audio_time: stage=envmix_nead sampled_calls=977 sampled_samples=145480 sampled_us=8698
audio_time: stage=mix sampled_calls=167 sampled_samples=64128 sampled_us=1038
audio_time: stage=musyx_voice sampled_calls=0 sampled_samples=0 sampled_us=0
audio_time: stage=musyx_fx sampled_calls=0 sampled_samples=0 sampled_us=0
audio_time: stage=output sampled_calls=28 sampled_samples=12464 sampled_us=227
gpu_counters: clks=14641640071 tb_clks=14641640904 ras_busy=376799359 xf_wait_in=14081494273 xf_wait_out=332900371 ras_peak_permille=41 ztop_in=1452544472 ztop_out=1423915436 z_in=5198908 z_out=4386100 blend_in=1429433772 copy_clks=145971931 fifo_overflows=3
game: n=2/9 how=vis vis=3600 vi_rate=60 vi0_retrace=3138 wall_us=60253523 sleep_us=32642339 avg_vis=59.53 avg_fps=27.55 exceptions=25087 cacheResets=1 recompiles=1508 batches=76811 verts=861006 texStalls=0 treeDepthMax=14 underruns=8 overruns=0 queue_peak_ms=111 dsp_avg=1.46 dsp_peak=1.80 dsp_samples=120 pmc1=20036170582 pmc2=21429851619 pmc3=0 pmc4=0 mmcr0=00000042 mmcr1=00000000 heap_used=10895800 heap_free=36392 arena1_free=274432 arena2_free=288704 flushes=8 flush_us=114791 padtrace=21 rom=sd:/wii64/roms/Mario Kart 64.v64
=== chain 2/9 end vis=3600 how=vis rom=sd:/wii64/roms/Mario Kart 64.v64 ===
mark: pad replay records: 1
mark: loadROM: enter
mark: loadROM: before rom_read
mark: ROMCache_load: enter
mark: ROMCache_load: before first read
mark: ROMCache_load: first read returned
mark: ROMCache_load: byte_swap_type set
mark: ROMCache_load: first byte_swap done
menufps: 0.0
menufps: 8.3
menufps: 8.0
menufps: 8.1
menufps: 8.1
menufps: 8.3
menufps: 8.0
mark: ROMCache_load: loop exited normally
mark: ROMCache_load: elapsed_us=3801372 bytes=16777216 vm=0
mark: loadROM: after rom_read
mark: loadROM: before init_memory
mark: loadROM: after init_memory
mark: loadROM: before romOpen_gfx
mark: loadROM: after romOpen_gfx / before romOpen_audio
mark: loadROM: after romOpen_audio / before romOpen_input
mark: loadROM: after romOpen_input / before cpu_init
mark: loadROM: after cpu_init
menufps: 3.3
menufps: 1.0
menufps: 1.0
fps: 0.7
first_vi: vi0_retrace=7187
vis: 3.8
cpu: exceptions=0 cacheResets=0 batches=0 verts=0 texStalls=0 recompiles=0 underruns=0 overruns=0 sleep_us=0 queue_ms=0
mark: CPU core dispatch: dynarec
vis: 44.9
cpu: exceptions=30 cacheResets=1 batches=0 verts=0 texStalls=0 recompiles=138 underruns=0 overruns=0 sleep_us=0 queue_ms=0
vis: 60.0
cpu: exceptions=60 cacheResets=1 batches=0 verts=0 texStalls=0 recompiles=138 underruns=0 overruns=0 sleep_us=278092 queue_ms=0
vis: 58.9
cpu: exceptions=225 cacheResets=1 batches=0 verts=0 texStalls=0 recompiles=232 underruns=0 overruns=0 sleep_us=513849 queue_ms=0
vis: 60.0
cpu: exceptions=519 cacheResets=1 batches=0 verts=0 texStalls=0 recompiles=616 underruns=1 overruns=0 sleep_us=764271 queue_ms=21
fps: 0.4
vis: 60.0
cpu: exceptions=727 cacheResets=1 batches=44 verts=2262 texStalls=0 recompiles=1897 underruns=3 overruns=0 sleep_us=875345 queue_ms=65
vis: 60.0
cpu: exceptions=882 cacheResets=1 batches=44 verts=2262 texStalls=0 recompiles=1902 underruns=3 overruns=0 sleep_us=1168713 queue_ms=69
fps: 1.3
vis: 60.0
cpu: exceptions=1065 cacheResets=1 batches=387 verts=14094 texStalls=0 recompiles=1991 underruns=3 overruns=0 sleep_us=1426528 queue_ms=74
fps: 30.0
vis: 60.0
cpu: exceptions=1252 cacheResets=1 batches=1177 verts=35124 texStalls=0 recompiles=2006 underruns=3 overruns=0 sleep_us=1706568 queue_ms=65
fps: 30.0
vis: 60.0
cpu: exceptions=1435 cacheResets=1 batches=2204 verts=57576 texStalls=0 recompiles=2009 underruns=3 overruns=0 sleep_us=1978408 queue_ms=69
fps: 30.0
vis: 60.0
cpu: exceptions=1618 cacheResets=1 batches=3260 verts=80202 texStalls=0 recompiles=2009 underruns=3 overruns=0 sleep_us=2249379 queue_ms=74
fps: 30.0
vis: 60.0
cpu: exceptions=1794 cacheResets=1 batches=4321 verts=102648 texStalls=0 recompiles=2012 underruns=3 overruns=0 sleep_us=2519222 queue_ms=78
fps: 30.0
vis: 60.0
cpu: exceptions=1989 cacheResets=1 batches=5383 verts=124680 texStalls=0 recompiles=2012 underruns=3 overruns=0 sleep_us=2790398 queue_ms=74
fps: 30.0
vis: 60.0
cpu: exceptions=2173 cacheResets=1 batches=6417 verts=146544 texStalls=0 recompiles=2029 underruns=3 overruns=0 sleep_us=3059810 queue_ms=78
fps: 30.0
vis: 60.0
cpu: exceptions=2356 cacheResets=1 batches=7583 verts=174672 texStalls=0 recompiles=2029 underruns=3 overruns=0 sleep_us=3314994 queue_ms=70
fps: 29.9
vis: 60.0
cpu: exceptions=2557 cacheResets=1 batches=9167 verts=213516 texStalls=0 recompiles=2036 underruns=3 overruns=0 sleep_us=3522986 queue_ms=74
fps: 30.0
vis: 60.0
cpu: exceptions=2747 cacheResets=1 batches=10846 verts=247458 texStalls=0 recompiles=2047 underruns=3 overruns=0 sleep_us=3736768 queue_ms=70
fps: 30.0
vis: 60.0
cpu: exceptions=2921 cacheResets=1 batches=12375 verts=272292 texStalls=0 recompiles=2063 underruns=3 overruns=0 sleep_us=3981229 queue_ms=74
fps: 30.0
vis: 60.0
cpu: exceptions=3096 cacheResets=1 batches=13663 verts=295680 texStalls=0 recompiles=2063 underruns=3 overruns=0 sleep_us=4252352 queue_ms=79
fps: 30.0
vis: 60.0
cpu: exceptions=3268 cacheResets=1 batches=14744 verts=317826 texStalls=0 recompiles=2064 underruns=3 overruns=0 sleep_us=4532756 queue_ms=70
fps: 29.1
vis: 60.0
cpu: exceptions=3456 cacheResets=1 batches=15784 verts=339726 texStalls=0 recompiles=2064 underruns=3 overruns=0 sleep_us=4809471 queue_ms=61
fps: 30.0
vis: 60.0
cpu: exceptions=3638 cacheResets=1 batches=16805 verts=361512 texStalls=0 recompiles=2064 underruns=3 overruns=0 sleep_us=5086182 queue_ms=57
fps: 29.9
vis: 60.0
cpu: exceptions=3832 cacheResets=1 batches=18106 verts=397746 texStalls=0 recompiles=2064 underruns=3 overruns=0 sleep_us=5318973 queue_ms=62
fps: 30.0
vis: 60.0
cpu: exceptions=4032 cacheResets=1 batches=19443 verts=435108 texStalls=0 recompiles=2065 underruns=3 overruns=0 sleep_us=5551533 queue_ms=53
fps: 29.9
vis: 60.0
cpu: exceptions=4235 cacheResets=1 batches=21682 verts=470712 texStalls=0 recompiles=2081 underruns=3 overruns=0 sleep_us=5756913 queue_ms=57
fps: 29.8
vis: 60.0
cpu: exceptions=4422 cacheResets=1 batches=26578 verts=511338 texStalls=0 recompiles=2081 underruns=3 overruns=0 sleep_us=5917825 queue_ms=62
fps: 30.0
vis: 60.0
cpu: exceptions=4617 cacheResets=1 batches=31920 verts=554640 texStalls=0 recompiles=2081 underruns=3 overruns=0 sleep_us=6075219 queue_ms=58
fps: 30.0
vis: 60.0
cpu: exceptions=4809 cacheResets=1 batches=37021 verts=596496 texStalls=0 recompiles=2082 underruns=3 overruns=0 sleep_us=6245274 queue_ms=62
fps: 30.0
vis: 60.0
cpu: exceptions=5005 cacheResets=1 batches=42078 verts=638088 texStalls=0 recompiles=2083 underruns=3 overruns=0 sleep_us=6415811 queue_ms=53
fps: 30.0
vis: 59.9
cpu: exceptions=5204 cacheResets=1 batches=47253 verts=680388 texStalls=0 recompiles=2083 underruns=3 overruns=0 sleep_us=6579173 queue_ms=58
vis: 60.0
cpu: exceptions=5414 cacheResets=1 batches=51910 verts=733260 texStalls=0 recompiles=2084 underruns=3 overruns=0 sleep_us=6729527 queue_ms=54
fps: 30.1
mark: stop reason: chain guest VI limit
mark: stop_it requested
audio: alist_resample_calls=7273 alist_resample_samples=1338232 alist_zoh_calls=0 alist_zoh_samples=0 musyx_subframes=0 musyx_voices=0 musyx_voice_peak=0
audio_stages: adpcm_calls=5684 adpcm_samples=629344 envmix_calls=5654 envmix_samples=1040336 mix_calls=32380 mix_samples=5957920 musyx_fx_calls=0 musyx_fx_taps=0 output_calls=405 output_samples=297160
audio_envmix: exp_calls=0 ge_calls=0 lin_calls=5654 nead_calls=0 exp_steady=0 ge_steady=0 lin_steady=5208
audio_gaps: nead_mats=0 nead_efz=0 resample_flag2=0 musyx_ptr10=0
audio_output: stream_requests=3445 stream_fed=1029 input_hz=21998 playback_hz=21998 queue_peak_ms=96
probe_schema: version=2 self=1 interval=127
vm_io: read_ahead=1 reads=0 hits=0 read_bytes=0 writes=0 write_bytes=0 errors=0
subsystem_time: stage=rsp_gfx calls=358 timed_calls=358 period=1 timed_us=1475250
subsystem_time: stage=rsp_audio calls=406 timed_calls=406 period=1 timed_us=307221
subsystem_time: stage=rsp_other calls=0 timed_calls=0 period=1 timed_us=0
subsystem_time: stage=lookup calls=838256 timed_calls=6600 period=127 timed_us=2636
subsystem_time: stage=compile calls=2084 timed_calls=2084 period=1 timed_us=183113
subsystem_time: stage=dispatch calls=4132115 timed_calls=32536 period=127 timed_us=16580
subsystem_self: stage=dispatch calls=4132115 timed_calls=32536 self_us=13015 dropped=0
subsystem_time: stage=execute_inclusive calls=4132115 timed_calls=32536 period=127 timed_us=93460
subsystem_self: stage=execute_inclusive calls=4132115 timed_calls=32536 self_us=44633 dropped=0
subsystem_time: stage=rom_copy calls=640 timed_calls=640 period=1 timed_us=14347
subsystem_time: stage=present calls=899 timed_calls=899 period=1 timed_us=61903
subsystem_time: stage=limiter calls=852 timed_calls=852 period=1 timed_us=6770192
subsystem_time: stage=vm_fault calls=0 timed_calls=0 period=1 timed_us=0
subsystem_time: stage=vm_victim calls=0 timed_calls=0 period=1 timed_us=0
subsystem_time: stage=vm_read calls=0 timed_calls=0 period=1 timed_us=0
subsystem_time: stage=vm_write calls=0 timed_calls=0 period=1 timed_us=0
subsystem_time: stage=tex_hash calls=48848 timed_calls=48848 period=1 timed_us=403059
subsystem_time: stage=tex_lookup calls=48848 timed_calls=48848 period=1 timed_us=11456
subsystem_time: stage=tex_load calls=28 timed_calls=28 period=1 timed_us=1992
subsystem_time: stage=tex_activate calls=48848 timed_calls=48848 period=1 timed_us=26722
subsystem_time: stage=draw_triangles calls=52520 timed_calls=52520 period=1 timed_us=224824
subsystem_time: stage=draw_rect calls=0 timed_calls=0 period=1 timed_us=0
subsystem_time: stage=gfx_list calls=358 timed_calls=358 period=1 timed_us=1474473
subsystem_time: stage=gfx_command calls=1088190 timed_calls=8568 period=127 timed_us=12934
gfx_ucodes: mask=00000002
gfx_opcode: op=01 calls=45295 timed_calls=363 timed_us=185
gfx_opcode: op=03 calls=1920 timed_calls=16 timed_us=11
gfx_opcode: op=04 calls=38254 timed_calls=315 timed_us=962
gfx_opcode: op=06 calls=56222 timed_calls=453 timed_us=71
gfx_opcode: op=b1 calls=122759 timed_calls=950 timed_us=7779
gfx_opcode: op=b6 calls=23590 timed_calls=186 timed_us=26
gfx_opcode: op=b7 calls=20998 timed_calls=159 timed_us=20
gfx_opcode: op=b8 calls=56580 timed_calls=447 timed_us=62
gfx_opcode: op=b9 calls=20685 timed_calls=148 timed_us=23
gfx_opcode: op=ba calls=59170 timed_calls=468 timed_us=71
gfx_opcode: op=bb calls=19239 timed_calls=161 timed_us=29
gfx_opcode: op=bc calls=44452 timed_calls=340 timed_us=49
gfx_opcode: op=bd calls=39275 timed_calls=306 timed_us=39
gfx_opcode: op=bf calls=1784 timed_calls=14 timed_us=77
gfx_opcode: op=e6 calls=44251 timed_calls=347 timed_us=41
gfx_opcode: op=e7 calls=155667 timed_calls=1211 timed_us=144
gfx_opcode: op=e9 calls=358 timed_calls=3 timed_us=3
gfx_opcode: op=ed calls=358 timed_calls=4 timed_us=3
gfx_opcode: op=f0 calls=4597 timed_calls=37 timed_us=22
gfx_opcode: op=f2 calls=46899 timed_calls=370 timed_us=89
gfx_opcode: op=f3 calls=48848 timed_calls=395 timed_us=1466
gfx_opcode: op=f5 calls=97281 timed_calls=769 timed_us=148
gfx_opcode: op=f6 calls=716 timed_calls=9 timed_us=654
gfx_opcode: op=f7 calls=716 timed_calls=3 timed_us=1
gfx_opcode: op=f9 calls=5752 timed_calls=38 timed_us=6
gfx_opcode: op=fa calls=41646 timed_calls=332 timed_us=58
gfx_opcode: op=fb calls=17478 timed_calls=137 timed_us=22
gfx_opcode: op=fc calls=18523 timed_calls=141 timed_us=17
gfx_opcode: op=fd calls=53445 timed_calls=437 timed_us=62
gfx_opcode: op=fe calls=358 timed_calls=4 timed_us=3
gfx_opcode: op=ff calls=1074 timed_calls=5 timed_us=1
subsystem_time: stage=vertex calls=360552 timed_calls=2838 period=127 timed_us=845
subsystem_time: stage=gfx_state calls=84009 timed_calls=661 period=127 timed_us=5042
subsystem_self: stage=gfx_state calls=84009 timed_calls=661 self_us=1522 dropped=0
subsystem_time: stage=gx_wait calls=4 timed_calls=4 period=1 timed_us=2556
subsystem_time: stage=dma_pi calls=640 timed_calls=640 period=1 timed_us=27479
subsystem_time: stage=dma_sp calls=1528 timed_calls=1528 period=1 timed_us=1693
subsystem_time: stage=dma_si calls=1147 timed_calls=1147 period=1 timed_us=11091
subsystem_time: stage=tlb_translate calls=0 timed_calls=0 period=127 timed_us=0
subsystem_time: stage=pif calls=1149 timed_calls=1149 period=1 timed_us=10087
subsystem_time: stage=input calls=807 timed_calls=807 period=1 timed_us=7896
subsystem_time: stage=guest_interrupt calls=6617 timed_calls=6617 period=1 timed_us=6884315
subsystem_self: stage=guest_interrupt calls=6617 timed_calls=6617 self_us=22962 dropped=0
subsystem_time: stage=interpreter_inclusive calls=0 timed_calls=0 period=1 timed_us=0
subsystem_self: stage=interpreter_inclusive calls=0 timed_calls=0 self_us=0 dropped=0
subsystem_time: stage=audio_submit calls=405 timed_calls=405 period=1 timed_us=6663
subsystem_time: stage=audio_callback calls=9508 timed_calls=9508 period=1 timed_us=5427
subsystem_time: stage=memory_slow calls=487902 timed_calls=3841 period=127 timed_us=33682
subsystem_self: stage=memory_slow calls=487902 timed_calls=3841 self_us=1746 dropped=0
subsystem_time: stage=jit_invalidate calls=283441 timed_calls=2231 period=127 timed_us=628
subsystem_time: stage=cpu_helper calls=12620409 timed_calls=99373 period=127 timed_us=54400
subsystem_time: stage=storage_read calls=0 timed_calls=0 period=1 timed_us=0
subsystem_time: stage=storage_write calls=0 timed_calls=0 period=1 timed_us=0
subsystem_time: stage=save_load calls=0 timed_calls=0 period=1 timed_us=0
subsystem_time: stage=save_write calls=0 timed_calls=0 period=1 timed_us=0
subsystem_time: stage=state_load calls=0 timed_calls=0 period=1 timed_us=0
subsystem_time: stage=state_save calls=0 timed_calls=0 period=1 timed_us=0
subsystem_time: stage=probe_io calls=3 timed_calls=3 period=1 timed_us=39415
subsystem_time: stage=agent_poll calls=1817 timed_calls=1817 period=1 timed_us=460
audio_time: stage=resample sampled_calls=57 sampled_samples=10488 sampled_us=414
audio_time: stage=zoh sampled_calls=0 sampled_samples=0 sampled_us=0
audio_time: stage=adpcm sampled_calls=44 sampled_samples=4752 sampled_us=212
audio_time: stage=envmix_exp sampled_calls=0 sampled_samples=0 sampled_us=0
audio_time: stage=envmix_ge sampled_calls=0 sampled_samples=0 sampled_us=0
audio_time: stage=envmix_lin sampled_calls=44 sampled_samples=8096 sampled_us=691
audio_time: stage=envmix_nead sampled_calls=0 sampled_samples=0 sampled_us=0
audio_time: stage=mix sampled_calls=254 sampled_samples=46736 sampled_us=791
audio_time: stage=musyx_voice sampled_calls=0 sampled_samples=0 sampled_us=0
audio_time: stage=musyx_fx sampled_calls=0 sampled_samples=0 sampled_us=0
audio_time: stage=output sampled_calls=3 sampled_samples=2208 sampled_us=39
gpu_counters: clks=3720001710 tb_clks=3720001816 ras_busy=138669707 xf_wait_in=3281802709 xf_wait_out=388816472 ras_peak_permille=49 ztop_in=544529140 ztop_out=521105280 z_in=0 z_out=0 blend_in=521167132 copy_clks=50708738 fifo_overflows=849
game: n=3/9 how=vis vis=900 vi_rate=60 vi0_retrace=7187 wall_us=15308472 sleep_us=6767415 avg_vis=57.66 avg_fps=26.58 exceptions=5450 cacheResets=1 recompiles=2084 batches=52520 verts=741906 texStalls=0 treeDepthMax=31 underruns=3 overruns=0 queue_peak_ms=79 dsp_avg=1.39 dsp_peak=1.60 dsp_samples=31 pmc1=5968501247 pmc2=5953976017 pmc3=0 pmc4=0 mmcr0=00000042 mmcr1=00000000 heap_used=10930392 heap_free=34568 arena1_free=241664 arena2_free=288704 flushes=3 flush_us=39414 padtrace=0 rom=sd:/wii64/roms/Banjo-Kazooie.V64
=== chain 3/9 end vis=900 how=vis rom=sd:/wii64/roms/Banjo-Kazooie.V64 ===
mark: pad replay records: 1
mark: loadROM: enter
mark: loadROM: before rom_read
mark: ROMCache_load: enter
mark: ROMCache_load: before first read
mark: ROMCache_load: first read returned
mark: ROMCache_load: byte_swap_type set
mark: ROMCache_load: first byte_swap done
menufps: 0.1
menufps: 8.4
menufps: 8.3
menufps: 8.3
menufps: 7.7
menufps: 8.0
menufps: 8.1
mark: ROMCache_load: loop exited normally
mark: ROMCache_load: elapsed_us=3787129 bytes=16777216 vm=0
mark: loadROM: after rom_read
mark: loadROM: before init_memory
mark: loadROM: after init_memory
mark: loadROM: before romOpen_gfx
mark: loadROM: after romOpen_gfx / before romOpen_audio
mark: loadROM: after romOpen_audio / before romOpen_input
mark: loadROM: after romOpen_input / before cpu_init
mark: loadROM: after cpu_init
menufps: 3.3
menufps: 1.0
menufps: 1.0
fps: 0.4
first_vi: vi0_retrace=8543
vis: 0.9
cpu: exceptions=0 cacheResets=0 batches=0 verts=0 texStalls=0 recompiles=0 underruns=0 overruns=0 sleep_us=0 queue_ms=0
mark: CPU core dispatch: dynarec
vis: 60.0
cpu: exceptions=1472 cacheResets=1 batches=0 verts=0 texStalls=0 recompiles=421 underruns=0 overruns=0 sleep_us=86685 queue_ms=166
fps: 3.1
vis: 60.0
cpu: exceptions=2356 cacheResets=1 batches=0 verts=0 texStalls=0 recompiles=425 underruns=0 overruns=0 sleep_us=437260 queue_ms=160
fps: 60.9
vis: 60.0
cpu: exceptions=2626 cacheResets=1 batches=0 verts=0 texStalls=0 recompiles=425 underruns=0 overruns=0 sleep_us=857142 queue_ms=165
fps: 60.0
vis: 60.0
cpu: exceptions=2919 cacheResets=1 batches=0 verts=0 texStalls=0 recompiles=468 underruns=0 overruns=0 sleep_us=1263155 queue_ms=162
vis: 60.0
cpu: exceptions=3299 cacheResets=1 batches=0 verts=0 texStalls=0 recompiles=468 underruns=0 overruns=0 sleep_us=1617786 queue_ms=157
fps: 14.7
vis: 52.5
cpu: exceptions=3628 cacheResets=1 batches=1934 verts=51708 texStalls=0 recompiles=742 underruns=0 overruns=0 sleep_us=1793449 queue_ms=96
fps: 58.1
vis: 60.0
cpu: exceptions=3919 cacheResets=1 batches=8714 verts=229188 texStalls=0 recompiles=763 underruns=0 overruns=0 sleep_us=1853316 queue_ms=91
fps: 60.0
vis: 60.0
cpu: exceptions=4214 cacheResets=1 batches=15486 verts=406620 texStalls=0 recompiles=771 underruns=0 overruns=0 sleep_us=1915729 queue_ms=96
fps: 58.9
vis: 60.0
cpu: exceptions=4513 cacheResets=1 batches=22236 verts=583920 texStalls=0 recompiles=775 underruns=0 overruns=0 sleep_us=1979133 queue_ms=84
fps: 60.0
vis: 60.0
cpu: exceptions=4804 cacheResets=1 batches=28986 verts=761220 texStalls=0 recompiles=775 underruns=0 overruns=0 sleep_us=2044801 queue_ms=88
fps: 60.0
vis: 60.0
cpu: exceptions=5093 cacheResets=1 batches=35736 verts=938520 texStalls=0 recompiles=775 underruns=0 overruns=0 sleep_us=2112670 queue_ms=86
fps: 60.0
vis: 60.0
cpu: exceptions=5387 cacheResets=1 batches=42486 verts=1115820 texStalls=0 recompiles=775 underruns=0 overruns=0 sleep_us=2177503 queue_ms=90
fps: 60.0
vis: 60.0
cpu: exceptions=5674 cacheResets=1 batches=49236 verts=1293120 texStalls=0 recompiles=777 underruns=0 overruns=0 sleep_us=2246159 queue_ms=87
fps: 60.0
vis: 60.0
cpu: exceptions=5968 cacheResets=1 batches=55986 verts=1470420 texStalls=0 recompiles=777 underruns=0 overruns=0 sleep_us=2306573 queue_ms=83
fps: 60.0
vis: 60.0
cpu: exceptions=6266 cacheResets=1 batches=62736 verts=1647720 texStalls=0 recompiles=777 underruns=0 overruns=0 sleep_us=2365957 queue_ms=89
fps: 60.0
vis: 60.0
cpu: exceptions=6560 cacheResets=1 batches=69486 verts=1825020 texStalls=0 recompiles=777 underruns=0 overruns=0 sleep_us=2425416 queue_ms=84
fps: 60.0
vis: 60.0
cpu: exceptions=6858 cacheResets=1 batches=76236 verts=2002320 texStalls=0 recompiles=777 underruns=0 overruns=0 sleep_us=2482057 queue_ms=90
fps: 60.0
vis: 60.0
cpu: exceptions=7151 cacheResets=1 batches=82986 verts=2179620 texStalls=0 recompiles=777 underruns=0 overruns=0 sleep_us=2539274 queue_ms=86
fps: 60.0
vis: 60.0
cpu: exceptions=7442 cacheResets=1 batches=89736 verts=2356920 texStalls=0 recompiles=777 underruns=0 overruns=0 sleep_us=2600137 queue_ms=91
fps: 59.9
vis: 60.0
cpu: exceptions=7732 cacheResets=1 batches=96486 verts=2534220 texStalls=0 recompiles=777 underruns=0 overruns=0 sleep_us=2660815 queue_ms=88
fps: 60.1
vis: 60.0
cpu: exceptions=8021 cacheResets=1 batches=103236 verts=2711520 texStalls=0 recompiles=777 underruns=0 overruns=0 sleep_us=2726199 queue_ms=83
fps: 59.9
vis: 60.0
cpu: exceptions=8318 cacheResets=1 batches=109986 verts=2888820 texStalls=0 recompiles=777 underruns=0 overruns=0 sleep_us=2786068 queue_ms=89
fps: 60.0
vis: 60.0
cpu: exceptions=8611 cacheResets=1 batches=116736 verts=3066120 texStalls=0 recompiles=777 underruns=0 overruns=0 sleep_us=2834061 queue_ms=85
fps: 60.0
vis: 60.0
cpu: exceptions=8924 cacheResets=1 batches=123486 verts=3243420 texStalls=0 recompiles=777 underruns=0 overruns=0 sleep_us=2868599 queue_ms=91
fps: 60.0
vis: 60.0
cpu: exceptions=9242 cacheResets=1 batches=130236 verts=3420720 texStalls=0 recompiles=777 underruns=0 overruns=0 sleep_us=2900250 queue_ms=86
fps: 60.0
vis: 60.0
cpu: exceptions=9560 cacheResets=1 batches=136986 verts=3598020 texStalls=0 recompiles=777 underruns=0 overruns=0 sleep_us=2933789 queue_ms=92
fps: 60.0
vis: 60.0
cpu: exceptions=9873 cacheResets=1 batches=143736 verts=3775320 texStalls=0 recompiles=777 underruns=0 overruns=0 sleep_us=2968164 queue_ms=88
fps: 60.0
vis: 60.0
cpu: exceptions=10182 cacheResets=1 batches=150486 verts=3952620 texStalls=0 recompiles=777 underruns=0 overruns=0 sleep_us=3005649 queue_ms=84
fps: 58.5
vis: 59.6
cpu: exceptions=10494 cacheResets=1 batches=157588 verts=4141185 texStalls=0 recompiles=777 underruns=0 overruns=0 sleep_us=3040473 queue_ms=72
fps: 57.9
vis: 58.5
cpu: exceptions=10802 cacheResets=1 batches=166438 verts=4386075 texStalls=0 recompiles=777 underruns=0 overruns=0 sleep_us=3040473 queue_ms=59
mark: stop reason: chain guest VI limit
mark: stop_it requested
audio: alist_resample_calls=10077 alist_resample_samples=1250096 alist_zoh_calls=0 alist_zoh_samples=0 musyx_subframes=0 musyx_voices=0 musyx_voice_peak=0
audio_stages: adpcm_calls=9759 adpcm_samples=1154016 envmix_calls=10077 envmix_samples=1250096 mix_calls=79024 mix_samples=10544864 musyx_fx_calls=0 musyx_fx_taps=0 output_calls=897 output_samples=478768
audio_envmix: exp_calls=10077 ge_calls=0 lin_calls=0 nead_calls=0 exp_steady=5510 ge_steady=0 lin_steady=0
audio_gaps: nead_mats=0 nead_efz=0 resample_flag2=0 musyx_ptr10=0
audio_output: stream_requests=3368 stream_fed=1662 input_hz=32006 playback_hz=32006 queue_peak_ms=184
probe_schema: version=2 self=1 interval=127
vm_io: read_ahead=1 reads=0 hits=0 read_bytes=0 writes=0 write_bytes=0 errors=0
subsystem_time: stage=rsp_gfx calls=810 timed_calls=810 period=1 timed_us=5913039
subsystem_time: stage=rsp_audio calls=898 timed_calls=898 period=1 timed_us=593289
subsystem_time: stage=rsp_other calls=0 timed_calls=0 period=1 timed_us=0
subsystem_time: stage=lookup calls=295792 timed_calls=2329 period=127 timed_us=1014
subsystem_time: stage=compile calls=777 timed_calls=777 period=1 timed_us=109193
subsystem_time: stage=dispatch calls=3517134 timed_calls=27693 period=127 timed_us=12053
subsystem_self: stage=dispatch calls=3517134 timed_calls=27693 self_us=9636 dropped=0
subsystem_time: stage=execute_inclusive calls=3517134 timed_calls=27693 period=127 timed_us=127073
subsystem_self: stage=execute_inclusive calls=3517134 timed_calls=27693 self_us=43370 dropped=0
subsystem_time: stage=rom_copy calls=1024 timed_calls=1024 period=1 timed_us=14781
subsystem_time: stage=present calls=899 timed_calls=899 period=1 timed_us=42174
subsystem_time: stage=limiter calls=830 timed_calls=830 period=1 timed_us=3043129
subsystem_time: stage=vm_fault calls=0 timed_calls=0 period=1 timed_us=0
subsystem_time: stage=vm_victim calls=0 timed_calls=0 period=1 timed_us=0
subsystem_time: stage=vm_read calls=0 timed_calls=0 period=1 timed_us=0
subsystem_time: stage=vm_write calls=0 timed_calls=0 period=1 timed_us=0
subsystem_time: stage=tex_hash calls=147492 timed_calls=147492 period=1 timed_us=1424888
subsystem_time: stage=tex_lookup calls=147492 timed_calls=147492 period=1 timed_us=47194
subsystem_time: stage=tex_load calls=136 timed_calls=136 period=1 timed_us=18866
subsystem_time: stage=tex_activate calls=147492 timed_calls=147492 period=1 timed_us=91352
subsystem_time: stage=draw_triangles calls=167028 timed_calls=167028 period=1 timed_us=487452
subsystem_time: stage=draw_rect calls=5440 timed_calls=5440 period=1 timed_us=117606
subsystem_time: stage=gfx_list calls=810 timed_calls=810 period=1 timed_us=5911373
subsystem_time: stage=gfx_command calls=5319454 timed_calls=41885 period=127 timed_us=51397
gfx_ucodes: mask=00000004
gfx_opcode: op=01 calls=343835 timed_calls=2738 timed_us=6142
gfx_opcode: op=02 calls=4507 timed_calls=41 timed_us=9
gfx_opcode: op=03 calls=108045 timed_calls=828 timed_us=102
gfx_opcode: op=05 calls=40387 timed_calls=324 timed_us=1698
gfx_opcode: op=06 calls=713540 timed_calls=5582 timed_us=25220
gfx_opcode: op=d5 calls=3 timed_calls=0 timed_us=0
gfx_opcode: op=d7 calls=105143 timed_calls=838 timed_us=150
gfx_opcode: op=d8 calls=109877 timed_calls=852 timed_us=119
gfx_opcode: op=d9 calls=416576 timed_calls=3292 timed_us=424
gfx_opcode: op=da calls=172226 timed_calls=1359 timed_us=847
gfx_opcode: op=db calls=73735 timed_calls=589 timed_us=108
gfx_opcode: op=dc calls=7700 timed_calls=64 timed_us=46
gfx_opcode: op=de calls=136822 timed_calls=1083 timed_us=175
gfx_opcode: op=df calls=130819 timed_calls=1038 timed_us=151
gfx_opcode: op=e2 calls=331942 timed_calls=2627 timed_us=348
gfx_opcode: op=e3 calls=238410 timed_calls=1849 timed_us=272
gfx_opcode: op=e4 calls=5440 timed_calls=44 timed_us=1046
gfx_opcode: op=e6 calls=248817 timed_calls=1944 timed_us=244
gfx_opcode: op=e7 calls=719043 timed_calls=5672 timed_us=704
gfx_opcode: op=e8 calls=93600 timed_calls=744 timed_us=99
gfx_opcode: op=e9 calls=810 timed_calls=6 timed_us=7
gfx_opcode: op=ed calls=6080 timed_calls=44 timed_us=19
gfx_opcode: op=f0 calls=104244 timed_calls=839 timed_us=491
gfx_opcode: op=f2 calls=146037 timed_calls=1138 timed_us=289
gfx_opcode: op=f3 calls=127782 timed_calls=994 timed_us=4934
gfx_opcode: op=f4 calls=13870 timed_calls=107 timed_us=581
gfx_opcode: op=f5 calls=342984 timed_calls=2662 timed_us=504
gfx_opcode: op=f6 calls=3080 timed_calls=29 timed_us=2188
gfx_opcode: op=f7 calls=3080 timed_calls=27 timed_us=10
gfx_opcode: op=f8 calls=6650 timed_calls=51 timed_us=11
gfx_opcode: op=f9 calls=75228 timed_calls=583 timed_us=91
gfx_opcode: op=fa calls=118261 timed_calls=953 timed_us=160
gfx_opcode: op=fb calls=14604 timed_calls=117 timed_us=18
gfx_opcode: op=fc calls=112981 timed_calls=894 timed_us=112
gfx_opcode: op=fd calls=235676 timed_calls=1870 timed_us=256
gfx_opcode: op=fe calls=810 timed_calls=7 timed_us=6
gfx_opcode: op=ff calls=6810 timed_calls=56 timed_us=19
subsystem_time: stage=vertex calls=2761556 timed_calls=21744 period=127 timed_us=5523
subsystem_time: stage=gfx_state calls=147504 timed_calls=1161 period=127 timed_us=16068
subsystem_self: stage=gfx_state calls=147504 timed_calls=1161 self_us=3643 dropped=0
subsystem_time: stage=gx_wait calls=4 timed_calls=4 period=1 timed_us=2560
subsystem_time: stage=dma_pi calls=2023 timed_calls=2023 period=1 timed_us=30306
subsystem_time: stage=dma_sp calls=3416 timed_calls=3416 period=1 timed_us=3993
subsystem_time: stage=dma_si calls=4478 timed_calls=4478 period=1 timed_us=23088
subsystem_time: stage=tlb_translate calls=0 timed_calls=0 period=127 timed_us=0
subsystem_time: stage=pif calls=4479 timed_calls=4479 period=1 timed_us=21394
subsystem_time: stage=input calls=3508 timed_calls=3508 period=1 timed_us=15171
subsystem_time: stage=guest_interrupt calls=12477 timed_calls=12477 period=1 timed_us=3145474
subsystem_self: stage=guest_interrupt calls=12477 timed_calls=12477 self_us=29790 dropped=0
subsystem_time: stage=interpreter_inclusive calls=0 timed_calls=0 period=1 timed_us=0
subsystem_self: stage=interpreter_inclusive calls=0 timed_calls=0 self_us=0 dropped=0
subsystem_time: stage=audio_submit calls=898 timed_calls=898 period=1 timed_us=10780
subsystem_time: stage=audio_callback calls=9410 timed_calls=9410 period=1 timed_us=8325
subsystem_time: stage=memory_slow calls=833887 timed_calls=6566 period=127 timed_us=55257
subsystem_self: stage=memory_slow calls=833887 timed_calls=6566 self_us=3454 dropped=0
subsystem_time: stage=jit_invalidate calls=92899 timed_calls=731 period=127 timed_us=156
subsystem_time: stage=cpu_helper calls=10719390 timed_calls=84404 period=127 timed_us=24120
subsystem_time: stage=storage_read calls=0 timed_calls=0 period=1 timed_us=0
subsystem_time: stage=storage_write calls=0 timed_calls=0 period=1 timed_us=0
subsystem_time: stage=save_load calls=0 timed_calls=0 period=1 timed_us=0
subsystem_time: stage=save_write calls=0 timed_calls=0 period=1 timed_us=0
subsystem_time: stage=state_load calls=0 timed_calls=0 period=1 timed_us=0
subsystem_time: stage=state_save calls=0 timed_calls=0 period=1 timed_us=0
subsystem_time: stage=probe_io calls=4 timed_calls=4 period=1 timed_us=36843
subsystem_time: stage=agent_poll calls=1815 timed_calls=1815 period=1 timed_us=467
audio_time: stage=resample sampled_calls=79 sampled_samples=10240 sampled_us=459
audio_time: stage=zoh sampled_calls=0 sampled_samples=0 sampled_us=0
audio_time: stage=adpcm sampled_calls=76 sampled_samples=8016 sampled_us=359
audio_time: stage=envmix_exp sampled_calls=79 sampled_samples=10240 sampled_us=1200
audio_time: stage=envmix_ge sampled_calls=0 sampled_samples=0 sampled_us=0
audio_time: stage=envmix_lin sampled_calls=0 sampled_samples=0 sampled_us=0
audio_time: stage=envmix_nead sampled_calls=0 sampled_samples=0 sampled_us=0
audio_time: stage=mix sampled_calls=622 sampled_samples=83008 sampled_us=1373
audio_time: stage=musyx_voice sampled_calls=0 sampled_samples=0 sampled_us=0
audio_time: stage=musyx_fx sampled_calls=0 sampled_samples=0 sampled_us=0
audio_time: stage=output sampled_calls=7 sampled_samples=3712 sampled_us=70
gpu_counters: clks=3710133212 tb_clks=3710133316 ras_busy=223502543 xf_wait_in=3289025113 xf_wait_out=223978656 ras_peak_permille=106 ztop_in=699086368 ztop_out=566244624 z_in=119838276 z_out=102098716 blend_in=686444756 copy_clks=84781314 fifo_overflows=0
game: n=4/9 how=vis vis=900 vi_rate=60 vi0_retrace=8543 wall_us=15267958 sleep_us=3040473 avg_vis=57.79 avg_fps=54.22 exceptions=10824 cacheResets=1 recompiles=777 batches=167028 verts=4402401 texStalls=0 treeDepthMax=12 underruns=1 overruns=0 queue_peak_ms=166 dsp_avg=1.61 dsp_peak=1.90 dsp_samples=31 pmc1=8754403074 pmc2=8864324302 pmc3=0 pmc4=0 mmcr0=00000042 mmcr1=00000000 heap_used=10842584 heap_free=155144 arena1_free=208896 arena2_free=288704 flushes=4 flush_us=36842 padtrace=0 rom=sd:/wii64/roms/Pokemon Snap.rom
=== chain 4/9 end vis=900 how=vis rom=sd:/wii64/roms/Pokemon Snap.rom ===
mark: pad replay records: 1
mark: loadROM: enter
mark: loadROM: before rom_read
mark: ROMCache_load: enter
mark: ROMCache_load: before first read
mark: ROMCache_load: first read returned
mark: ROMCache_load: byte_swap_type set
mark: ROMCache_load: first byte_swap done
menufps: 0.1
menufps: 8.2
menufps: 8.3
menufps: 8.3
menufps: 8.3
menufps: 8.3
menufps: 8.3
mark: ROMCache_load: loop exited normally
mark: ROMCache_load: elapsed_us=3732178 bytes=16777216 vm=0
mark: loadROM: after rom_read
mark: loadROM: before init_memory
mark: loadROM: after init_memory
mark: loadROM: before romOpen_gfx
mark: loadROM: after romOpen_gfx / before romOpen_audio
mark: loadROM: after romOpen_audio / before romOpen_input
mark: loadROM: after romOpen_input / before cpu_init
mark: loadROM: after cpu_init
menufps: 2.4
menufps: 1.0
menufps: 1.0
fps: 1.2
first_vi: vi0_retrace=9889
vis: 0.4
cpu: exceptions=0 cacheResets=0 batches=0 verts=0 texStalls=0 recompiles=0 underruns=0 overruns=0 sleep_us=0 queue_ms=0
mark: CPU core dispatch: dynarec
vis: 60.0
cpu: exceptions=3980 cacheResets=1 batches=0 verts=0 texStalls=0 recompiles=223 underruns=0 overruns=0 sleep_us=49635 queue_ms=165
fps: 1.1
vis: 60.0
cpu: exceptions=8399 cacheResets=1 batches=0 verts=0 texStalls=0 recompiles=394 underruns=0 overruns=0 sleep_us=171356 queue_ms=161
fps: 61.3
vis: 60.0
cpu: exceptions=8582 cacheResets=1 batches=0 verts=0 texStalls=0 recompiles=410 underruns=0 overruns=0 sleep_us=598584 queue_ms=157
vis: 60.0
cpu: exceptions=8852 cacheResets=1 batches=0 verts=0 texStalls=0 recompiles=437 underruns=0 overruns=0 sleep_us=988190 queue_ms=163
vis: 57.6
cpu: exceptions=9712 cacheResets=1 batches=0 verts=0 texStalls=0 recompiles=601 underruns=0 overruns=0 sleep_us=1295608 queue_ms=141
fps: 19.6
vis: 60.0
cpu: exceptions=9908 cacheResets=1 batches=3074 verts=75342 texStalls=0 recompiles=765 underruns=0 overruns=0 sleep_us=1513617 queue_ms=137
fps: 63.5
vis: 60.0
cpu: exceptions=10120 cacheResets=1 batches=6254 verts=153282 texStalls=0 recompiles=765 underruns=0 overruns=0 sleep_us=1760490 queue_ms=142
fps: 60.0
vis: 60.0
cpu: exceptions=10331 cacheResets=1 batches=9434 verts=231222 texStalls=0 recompiles=767 underruns=0 overruns=0 sleep_us=2004607 queue_ms=139
fps: 60.0
vis: 60.0
cpu: exceptions=10568 cacheResets=1 batches=12557 verts=305742 texStalls=0 recompiles=784 underruns=0 overruns=0 sleep_us=2235721 queue_ms=144
fps: 60.0
vis: 60.0
cpu: exceptions=10792 cacheResets=1 batches=15647 verts=378282 texStalls=0 recompiles=784 underruns=0 overruns=0 sleep_us=2481020 queue_ms=140
fps: 60.0
vis: 60.0
cpu: exceptions=11014 cacheResets=1 batches=18737 verts=450822 texStalls=0 recompiles=784 underruns=0 overruns=0 sleep_us=2732505 queue_ms=136
fps: 60.0
vis: 60.0
cpu: exceptions=11234 cacheResets=1 batches=21827 verts=523362 texStalls=0 recompiles=784 underruns=0 overruns=0 sleep_us=2983615 queue_ms=142
fps: 60.0
vis: 60.0
cpu: exceptions=11458 cacheResets=1 batches=24917 verts=595902 texStalls=0 recompiles=784 underruns=0 overruns=0 sleep_us=3234335 queue_ms=138
fps: 60.0
vis: 60.0
cpu: exceptions=11681 cacheResets=1 batches=28007 verts=668442 texStalls=0 recompiles=784 underruns=0 overruns=0 sleep_us=3484874 queue_ms=143
fps: 59.9
vis: 60.0
cpu: exceptions=11932 cacheResets=1 batches=31857 verts=759942 texStalls=0 recompiles=829 underruns=0 overruns=0 sleep_us=3680318 queue_ms=139
fps: 59.9
vis: 60.0
cpu: exceptions=12186 cacheResets=1 batches=36087 verts=860922 texStalls=0 recompiles=829 underruns=0 overruns=0 sleep_us=3875132 queue_ms=145
fps: 59.9
vis: 60.0
cpu: exceptions=12416 cacheResets=1 batches=40317 verts=961902 texStalls=0 recompiles=829 underruns=0 overruns=0 sleep_us=4067762 queue_ms=141
fps: 58.8
vis: 60.0
cpu: exceptions=12686 cacheResets=1 batches=44547 verts=1062882 texStalls=0 recompiles=832 underruns=0 overruns=0 sleep_us=4237036 queue_ms=128
fps: 59.9
vis: 60.0
cpu: exceptions=12988 cacheResets=1 batches=48777 verts=1163862 texStalls=0 recompiles=832 underruns=0 overruns=0 sleep_us=4414996 queue_ms=133
fps: 60.2
vis: 60.0
cpu: exceptions=13265 cacheResets=1 batches=53007 verts=1264842 texStalls=0 recompiles=833 underruns=0 overruns=0 sleep_us=4609834 queue_ms=130
fps: 60.0
vis: 60.0
cpu: exceptions=13519 cacheResets=1 batches=57207 verts=1365642 texStalls=0 recompiles=835 underruns=0 overruns=0 sleep_us=4796710 queue_ms=135
fps: 60.0
vis: 60.0
cpu: exceptions=13802 cacheResets=1 batches=61427 verts=1466562 texStalls=0 recompiles=839 underruns=0 overruns=0 sleep_us=4978034 queue_ms=131
fps: 60.1
vis: 60.0
cpu: exceptions=14050 cacheResets=1 batches=65687 verts=1567722 texStalls=0 recompiles=839 underruns=0 overruns=0 sleep_us=5186328 queue_ms=127
fps: 60.0
vis: 60.0
cpu: exceptions=14311 cacheResets=1 batches=69947 verts=1668882 texStalls=0 recompiles=851 underruns=0 overruns=0 sleep_us=5378122 queue_ms=133
fps: 60.0
vis: 60.0
cpu: exceptions=14566 cacheResets=1 batches=74207 verts=1770042 texStalls=0 recompiles=851 underruns=0 overruns=0 sleep_us=5578515 queue_ms=129
fps: 60.0
vis: 60.0
cpu: exceptions=14841 cacheResets=1 batches=78467 verts=1871202 texStalls=0 recompiles=851 underruns=0 overruns=0 sleep_us=5771285 queue_ms=134
fps: 59.9
vis: 60.0
cpu: exceptions=15125 cacheResets=1 batches=82727 verts=1972362 texStalls=0 recompiles=851 underruns=0 overruns=0 sleep_us=5949964 queue_ms=130
fps: 60.0
vis: 60.0
cpu: exceptions=15402 cacheResets=1 batches=86987 verts=2073522 texStalls=0 recompiles=851 underruns=0 overruns=0 sleep_us=6122912 queue_ms=136
fps: 59.9
vis: 60.0
cpu: exceptions=15672 cacheResets=1 batches=92097 verts=2198532 texStalls=0 recompiles=853 underruns=0 overruns=0 sleep_us=6268890 queue_ms=132
fps: 60.0
mark: stop reason: chain guest VI limit
mark: stop_it requested
audio: alist_resample_calls=16686 alist_resample_samples=3070224 alist_zoh_calls=0 alist_zoh_samples=0 musyx_subframes=0 musyx_voices=0 musyx_voice_peak=0
audio_stages: adpcm_calls=16351 adpcm_samples=2627312 envmix_calls=16686 envmix_samples=3070224 mix_calls=106152 mix_samples=19531968 musyx_fx_calls=0 musyx_fx_taps=0 output_calls=897 output_samples=478768
audio_envmix: exp_calls=0 ge_calls=0 lin_calls=16686 nead_calls=0 exp_steady=0 ge_steady=0 lin_steady=10581
audio_gaps: nead_mats=0 nead_efz=0 resample_flag2=0 musyx_ptr10=0
audio_output: stream_requests=3340 stream_fed=1649 input_hz=32006 playback_hz=32006 queue_peak_ms=184
probe_schema: version=2 self=1 interval=127
vm_io: read_ahead=1 reads=0 hits=0 read_bytes=0 writes=0 write_bytes=0 errors=0
subsystem_time: stage=rsp_gfx calls=802 timed_calls=802 period=1 timed_us=2947226
subsystem_time: stage=rsp_audio calls=898 timed_calls=898 period=1 timed_us=973409
subsystem_time: stage=rsp_other calls=0 timed_calls=0 period=1 timed_us=0
subsystem_time: stage=lookup calls=451741 timed_calls=3557 period=127 timed_us=1203
subsystem_time: stage=compile calls=853 timed_calls=853 period=1 timed_us=131267
subsystem_time: stage=dispatch calls=2959464 timed_calls=23302 period=127 timed_us=10067
subsystem_self: stage=dispatch calls=2959464 timed_calls=23302 self_us=8455 dropped=0
subsystem_time: stage=execute_inclusive calls=2959464 timed_calls=23302 period=127 timed_us=100022
subsystem_self: stage=execute_inclusive calls=2959464 timed_calls=23302 self_us=37306 dropped=0
subsystem_time: stage=rom_copy calls=10685 timed_calls=10685 period=1 timed_us=30238
subsystem_time: stage=present calls=899 timed_calls=899 period=1 timed_us=37178
subsystem_time: stage=limiter calls=871 timed_calls=871 period=1 timed_us=6415097
subsystem_time: stage=vm_fault calls=0 timed_calls=0 period=1 timed_us=0
subsystem_time: stage=vm_victim calls=0 timed_calls=0 period=1 timed_us=0
subsystem_time: stage=vm_read calls=0 timed_calls=0 period=1 timed_us=0
subsystem_time: stage=vm_write calls=0 timed_calls=0 period=1 timed_us=0
subsystem_time: stage=tex_hash calls=64469 timed_calls=64469 period=1 timed_us=320725
subsystem_time: stage=tex_lookup calls=64469 timed_calls=64469 period=1 timed_us=33114
subsystem_time: stage=tex_load calls=103 timed_calls=103 period=1 timed_us=11826
subsystem_time: stage=tex_activate calls=64469 timed_calls=64469 period=1 timed_us=42564
subsystem_time: stage=draw_triangles calls=97201 timed_calls=97201 period=1 timed_us=297578
subsystem_time: stage=draw_rect calls=1843 timed_calls=1843 period=1 timed_us=27421
subsystem_time: stage=gfx_list calls=802 timed_calls=802 period=1 timed_us=2945525
subsystem_time: stage=gfx_command calls=2621583 timed_calls=20642 period=127 timed_us=22574
gfx_ucodes: mask=00000004
gfx_opcode: op=01 calls=140056 timed_calls=1437 timed_us=2896
gfx_opcode: op=02 calls=88215 timed_calls=566 timed_us=112
gfx_opcode: op=05 calls=16190 timed_calls=111 timed_us=778
gfx_opcode: op=06 calls=379236 timed_calls=2685 timed_us=10262
gfx_opcode: op=d7 calls=66360 timed_calls=435 timed_us=85
gfx_opcode: op=d8 calls=50646 timed_calls=459 timed_us=62
gfx_opcode: op=d9 calls=81042 timed_calls=643 timed_us=93
gfx_opcode: op=da calls=151070 timed_calls=1229 timed_us=711
gfx_opcode: op=db calls=171051 timed_calls=1060 timed_us=188
gfx_opcode: op=dc calls=9587 timed_calls=60 timed_us=39
gfx_opcode: op=de calls=106588 timed_calls=814 timed_us=136
gfx_opcode: op=df calls=88255 timed_calls=827 timed_us=108
gfx_opcode: op=e2 calls=105612 timed_calls=1101 timed_us=150
gfx_opcode: op=e3 calls=102661 timed_calls=899 timed_us=136
gfx_opcode: op=e4 calls=432 timed_calls=4 timed_us=78
gfx_opcode: op=e6 calls=115425 timed_calls=985 timed_us=119
gfx_opcode: op=e7 calls=338213 timed_calls=2545 timed_us=313
gfx_opcode: op=e8 calls=37794 timed_calls=237 timed_us=28
gfx_opcode: op=e9 calls=802 timed_calls=5 timed_us=6
gfx_opcode: op=ed calls=5224 timed_calls=31 timed_us=11
gfx_opcode: op=f0 calls=50956 timed_calls=449 timed_us=319
gfx_opcode: op=f2 calls=61198 timed_calls=662 timed_us=169
gfx_opcode: op=f3 calls=61121 timed_calls=517 timed_us=1352
gfx_opcode: op=f4 calls=3348 timed_calls=26 timed_us=229
gfx_opcode: op=f5 calls=153583 timed_calls=942 timed_us=181
gfx_opcode: op=f6 calls=2159 timed_calls=14 timed_us=1994
gfx_opcode: op=f7 calls=1550 timed_calls=11 timed_us=7
gfx_opcode: op=f8 calls=1271 timed_calls=8 timed_us=2
gfx_opcode: op=f9 calls=21547 timed_calls=139 timed_us=23
gfx_opcode: op=fa calls=13717 timed_calls=85 timed_us=15
gfx_opcode: op=fb calls=2767 timed_calls=20 timed_us=4
gfx_opcode: op=fc calls=75579 timed_calls=756 timed_us=97
gfx_opcode: op=fd calls=112356 timed_calls=844 timed_us=117
gfx_opcode: op=fe calls=802 timed_calls=8 timed_us=6
gfx_opcode: op=ff calls=5170 timed_calls=28 timed_us=14
subsystem_time: stage=vertex calls=829746 timed_calls=6533 period=127 timed_us=2630
subsystem_time: stage=gfx_state calls=490992 timed_calls=3866 period=127 timed_us=9025
subsystem_self: stage=gfx_state calls=490992 timed_calls=3866 self_us=5683 dropped=0
subsystem_time: stage=gx_wait calls=4 timed_calls=4 period=1 timed_us=2556
subsystem_time: stage=dma_pi calls=10686 timed_calls=10686 period=1 timed_us=75359
subsystem_time: stage=dma_sp calls=3400 timed_calls=3400 period=1 timed_us=3895
subsystem_time: stage=dma_si calls=963 timed_calls=963 period=1 timed_us=18585
subsystem_time: stage=tlb_translate calls=0 timed_calls=0 period=127 timed_us=0
subsystem_time: stage=pif calls=964 timed_calls=964 period=1 timed_us=17324
subsystem_time: stage=input calls=3536 timed_calls=3536 period=1 timed_us=14502
subsystem_time: stage=guest_interrupt calls=21640 timed_calls=21640 period=1 timed_us=6502901
subsystem_self: stage=guest_interrupt calls=21640 timed_calls=21640 self_us=28172 dropped=0
subsystem_time: stage=interpreter_inclusive calls=0 timed_calls=0 period=1 timed_us=0
subsystem_self: stage=interpreter_inclusive calls=0 timed_calls=0 self_us=0 dropped=0
subsystem_time: stage=audio_submit calls=898 timed_calls=898 period=1 timed_us=13772
subsystem_time: stage=audio_callback calls=9337 timed_calls=9337 period=1 timed_us=8038
subsystem_time: stage=memory_slow calls=952552 timed_calls=7500 period=127 timed_us=42732
subsystem_self: stage=memory_slow calls=952552 timed_calls=7500 self_us=3498 dropped=0
subsystem_time: stage=jit_invalidate calls=236038 timed_calls=1858 period=127 timed_us=455
subsystem_time: stage=cpu_helper calls=8446350 timed_calls=66506 period=127 timed_us=39645
subsystem_time: stage=storage_read calls=0 timed_calls=0 period=1 timed_us=0
subsystem_time: stage=storage_write calls=0 timed_calls=0 period=1 timed_us=0
subsystem_time: stage=save_load calls=0 timed_calls=0 period=1 timed_us=0
subsystem_time: stage=save_write calls=0 timed_calls=0 period=1 timed_us=0
subsystem_time: stage=state_load calls=0 timed_calls=0 period=1 timed_us=0
subsystem_time: stage=state_save calls=0 timed_calls=0 period=1 timed_us=0
subsystem_time: stage=probe_io calls=3 timed_calls=3 period=1 timed_us=28911
subsystem_time: stage=agent_poll calls=1810 timed_calls=1810 period=1 timed_us=437
audio_time: stage=resample sampled_calls=131 sampled_samples=24104 sampled_us=977
audio_time: stage=zoh sampled_calls=0 sampled_samples=0 sampled_us=0
audio_time: stage=adpcm sampled_calls=128 sampled_samples=21280 sampled_us=883
audio_time: stage=envmix_exp sampled_calls=0 sampled_samples=0 sampled_us=0
audio_time: stage=envmix_ge sampled_calls=0 sampled_samples=0 sampled_us=0
audio_time: stage=envmix_lin sampled_calls=131 sampled_samples=24104 sampled_us=2383
audio_time: stage=envmix_nead sampled_calls=0 sampled_samples=0 sampled_us=0
audio_time: stage=mix sampled_calls=835 sampled_samples=153640 sampled_us=2604
audio_time: stage=musyx_voice sampled_calls=0 sampled_samples=0 sampled_us=0
audio_time: stage=musyx_fx sampled_calls=0 sampled_samples=0 sampled_us=0
audio_time: stage=output sampled_calls=7 sampled_samples=3680 sampled_us=92
gpu_counters: clks=3689099156 tb_clks=3689099260 ras_busy=232790975 xf_wait_in=3162818043 xf_wait_out=389189823 ras_peak_permille=88 ztop_in=675037044 ztop_out=648850144 z_in=187382624 z_out=124063072 blend_in=836486736 copy_clks=86592782 fifo_overflows=1603
game: n=5/9 how=vis vis=900 vi_rate=60 vi0_retrace=9889 wall_us=15181395 sleep_us=6412422 avg_vis=57.94 avg_fps=54.47 exceptions=15930 cacheResets=1 recompiles=853 batches=97201 verts=2323986 texStalls=0 treeDepthMax=14 underruns=0 overruns=0 queue_peak_ms=165 dsp_avg=1.54 dsp_peak=1.75 dsp_samples=30 pmc1=6140445442 pmc2=6110749174 pmc3=0 pmc4=0 mmcr0=00000042 mmcr1=00000000 heap_used=10849272 heap_free=148456 arena1_free=208896 arena2_free=288704 flushes=3 flush_us=28908 padtrace=0 rom=sd:/wii64/roms/Super Smash Bros. (U) [!].z64
=== chain 5/9 end vis=900 how=vis rom=sd:/wii64/roms/Super Smash Bros. (U) [!].z64 ===
mark: pad replay records: 1
mark: loadROM: enter
mark: loadROM: before rom_read
mark: ROMCache_load: enter
mark: ROMCache_load: before first read
mark: ROMCache_load: first read returned
mark: ROMCache_load: byte_swap_type set
mark: ROMCache_load: first byte_swap done
menufps: 0.1
menufps: 8.0
menufps: 8.1
menufps: 8.1
menufps: 8.3
mark: ROMCache_load: loop exited normally
mark: ROMCache_load: elapsed_us=2897691 bytes=12582912 vm=0
mark: loadROM: after rom_read
mark: loadROM: before init_memory
mark: loadROM: after init_memory
mark: loadROM: before romOpen_gfx
mark: loadROM: after romOpen_gfx / before romOpen_audio
mark: loadROM: after romOpen_audio / before romOpen_input
mark: loadROM: after romOpen_input / before cpu_init
mark: loadROM: after cpu_init
menufps: 6.3
menufps: 1.9
menufps: 1.0
menufps: 1.0
fps: 2.6
first_vi: vi0_retrace=11181
vis: 4.3
cpu: exceptions=0 cacheResets=0 batches=0 verts=0 texStalls=0 recompiles=0 underruns=0 overruns=0 sleep_us=0 queue_ms=0
mark: CPU core dispatch: dynarec
vis: 60.0
cpu: exceptions=100 cacheResets=1 batches=0 verts=0 texStalls=0 recompiles=296 underruns=0 overruns=0 sleep_us=20231 queue_ms=0
vis: 60.0
cpu: exceptions=267 cacheResets=1 batches=0 verts=0 texStalls=0 recompiles=472 underruns=1 overruns=0 sleep_us=253696 queue_ms=5
fps: 0.8
vis: 60.0
cpu: exceptions=428 cacheResets=1 batches=0 verts=0 texStalls=0 recompiles=675 underruns=1 overruns=0 sleep_us=585127 queue_ms=9
vis: 60.0
cpu: exceptions=698 cacheResets=1 batches=0 verts=0 texStalls=0 recompiles=675 underruns=1 overruns=0 sleep_us=1053056 queue_ms=13
vis: 60.0
cpu: exceptions=931 cacheResets=1 batches=0 verts=0 texStalls=0 recompiles=677 underruns=1 overruns=0 sleep_us=1521302 queue_ms=5
vis: 60.0
cpu: exceptions=1155 cacheResets=1 batches=0 verts=0 texStalls=0 recompiles=677 underruns=1 overruns=0 sleep_us=1990353 queue_ms=9
vis: 60.0
cpu: exceptions=1371 cacheResets=1 batches=0 verts=0 texStalls=0 recompiles=685 underruns=1 overruns=0 sleep_us=2458720 queue_ms=13
vis: 60.0
cpu: exceptions=1595 cacheResets=1 batches=0 verts=0 texStalls=0 recompiles=685 underruns=2 overruns=0 sleep_us=2928080 queue_ms=18
fps: 1.4
vis: 60.0
cpu: exceptions=1748 cacheResets=1 batches=348 verts=1044 texStalls=0 recompiles=713 underruns=2 overruns=0 sleep_us=3254605 queue_ms=9
fps: 60.2
vis: 60.0
cpu: exceptions=1898 cacheResets=1 batches=708 verts=2124 texStalls=0 recompiles=713 underruns=2 overruns=0 sleep_us=3586578 queue_ms=13
fps: 60.0
vis: 60.0
cpu: exceptions=2075 cacheResets=1 batches=4160 verts=45240 texStalls=0 recompiles=796 underruns=2 overruns=0 sleep_us=3928913 queue_ms=15
fps: 56.1
vis: 60.0
cpu: exceptions=2254 cacheResets=1 batches=11300 verts=136860 texStalls=0 recompiles=796 underruns=2 overruns=0 sleep_us=4284909 queue_ms=18
fps: 59.9
vis: 60.0
cpu: exceptions=2442 cacheResets=1 batches=18440 verts=228480 texStalls=0 recompiles=809 underruns=2 overruns=0 sleep_us=4625934 queue_ms=10
fps: 60.0
vis: 60.0
cpu: exceptions=2618 cacheResets=1 batches=25580 verts=320100 texStalls=0 recompiles=809 underruns=2 overruns=0 sleep_us=4971065 queue_ms=13
fps: 60.2
vis: 60.0
cpu: exceptions=2823 cacheResets=1 batches=32720 verts=411720 texStalls=0 recompiles=812 underruns=2 overruns=0 sleep_us=5313273 queue_ms=14
fps: 60.0
vis: 60.0
cpu: exceptions=3003 cacheResets=1 batches=39860 verts=503340 texStalls=0 recompiles=812 underruns=2 overruns=0 sleep_us=5655345 queue_ms=18
fps: 60.0
vis: 60.0
cpu: exceptions=3173 cacheResets=1 batches=47000 verts=594960 texStalls=0 recompiles=813 underruns=2 overruns=0 sleep_us=6001153 queue_ms=10
fps: 60.0
vis: 60.0
cpu: exceptions=3355 cacheResets=1 batches=54140 verts=686580 texStalls=0 recompiles=813 underruns=2 overruns=0 sleep_us=6343158 queue_ms=14
fps: 60.0
vis: 60.0
cpu: exceptions=3557 cacheResets=1 batches=61280 verts=778200 texStalls=0 recompiles=813 underruns=2 overruns=0 sleep_us=6683741 queue_ms=15
fps: 60.0
vis: 60.0
cpu: exceptions=3724 cacheResets=1 batches=68420 verts=869820 texStalls=0 recompiles=813 underruns=2 overruns=0 sleep_us=7031229 queue_ms=5
fps: 60.0
vis: 60.0
cpu: exceptions=3897 cacheResets=1 batches=75560 verts=961440 texStalls=0 recompiles=813 underruns=2 overruns=0 sleep_us=7373888 queue_ms=11
fps: 60.0
vis: 60.0
cpu: exceptions=4070 cacheResets=1 batches=82700 verts=1053060 texStalls=0 recompiles=813 underruns=2 overruns=0 sleep_us=7715976 queue_ms=14
fps: 60.0
vis: 60.0
cpu: exceptions=4266 cacheResets=1 batches=89840 verts=1144680 texStalls=0 recompiles=813 underruns=2 overruns=0 sleep_us=8061590 queue_ms=15
fps: 60.0
vis: 60.0
cpu: exceptions=4439 cacheResets=1 batches=96980 verts=1236300 texStalls=0 recompiles=813 underruns=2 overruns=0 sleep_us=8402329 queue_ms=6
fps: 60.0
vis: 60.0
cpu: exceptions=4610 cacheResets=1 batches=104120 verts=1327920 texStalls=0 recompiles=813 underruns=2 overruns=0 sleep_us=8745636 queue_ms=10
fps: 60.0
vis: 60.0
cpu: exceptions=4777 cacheResets=1 batches=111260 verts=1419540 texStalls=0 recompiles=813 underruns=2 overruns=0 sleep_us=9092639 queue_ms=15
fps: 60.0
vis: 60.0
cpu: exceptions=4976 cacheResets=1 batches=118400 verts=1511160 texStalls=0 recompiles=813 underruns=2 overruns=0 sleep_us=9432686 queue_ms=3
fps: 57.0
vis: 60.0
cpu: exceptions=5153 cacheResets=1 batches=119363 verts=1534314 texStalls=0 recompiles=835 underruns=3 overruns=0 sleep_us=9820153 queue_ms=6
fps: 60.0
vis: 60.0
cpu: exceptions=5342 cacheResets=1 batches=120233 verts=1558434 texStalls=0 recompiles=836 underruns=3 overruns=0 sleep_us=10209388 queue_ms=12
fps: 59.9
mark: stop reason: chain guest VI limit
mark: stop_it requested
audio: alist_resample_calls=18199 alist_resample_samples=2623744 alist_zoh_calls=0 alist_zoh_samples=0 musyx_subframes=0 musyx_voices=0 musyx_voice_peak=0
audio_stages: adpcm_calls=15527 adpcm_samples=620464 envmix_calls=16034 envmix_samples=2305456 mix_calls=41135 mix_samples=6047472 musyx_fx_calls=0 musyx_fx_taps=0 output_calls=433 output_samples=318288
audio_envmix: exp_calls=0 ge_calls=16034 lin_calls=0 nead_calls=0 exp_steady=0 ge_steady=14219 lin_steady=0
audio_gaps: nead_mats=0 nead_efz=0 resample_flag2=0 musyx_ptr10=0
audio_output: stream_requests=2990 stream_fed=1104 input_hz=22047 playback_hz=22047 queue_peak_ms=53
probe_schema: version=2 self=1 interval=127
vm_io: read_ahead=1 reads=0 hits=0 read_bytes=0 writes=0 write_bytes=0 errors=0
subsystem_time: stage=rsp_gfx calls=660 timed_calls=660 period=1 timed_us=1174898
subsystem_time: stage=rsp_audio calls=433 timed_calls=433 period=1 timed_us=573995
subsystem_time: stage=rsp_other calls=0 timed_calls=0 period=1 timed_us=0
subsystem_time: stage=lookup calls=188380 timed_calls=1483 period=127 timed_us=524
subsystem_time: stage=compile calls=837 timed_calls=837 period=1 timed_us=98066
subsystem_time: stage=dispatch calls=1558196 timed_calls=12269 period=127 timed_us=5579
subsystem_self: stage=dispatch calls=1558196 timed_calls=12269 self_us=4343 dropped=0
subsystem_time: stage=execute_inclusive calls=1558196 timed_calls=12269 period=127 timed_us=112003
subsystem_self: stage=execute_inclusive calls=1558196 timed_calls=12269 self_us=16471 dropped=0
subsystem_time: stage=rom_copy calls=620 timed_calls=620 period=1 timed_us=11826
subsystem_time: stage=present calls=899 timed_calls=899 period=1 timed_us=35566
subsystem_time: stage=limiter calls=868 timed_calls=868 period=1 timed_us=10567485
subsystem_time: stage=vm_fault calls=0 timed_calls=0 period=1 timed_us=0
subsystem_time: stage=vm_victim calls=0 timed_calls=0 period=1 timed_us=0
subsystem_time: stage=vm_read calls=0 timed_calls=0 period=1 timed_us=0
subsystem_time: stage=vm_write calls=0 timed_calls=0 period=1 timed_us=0
subsystem_time: stage=tex_hash calls=29691 timed_calls=29691 period=1 timed_us=79650
subsystem_time: stage=tex_lookup calls=29691 timed_calls=29691 period=1 timed_us=7660
subsystem_time: stage=tex_load calls=69 timed_calls=69 period=1 timed_us=1368
subsystem_time: stage=tex_activate calls=29691 timed_calls=29691 period=1 timed_us=11177
subsystem_time: stage=draw_triangles calls=121074 timed_calls=121074 period=1 timed_us=215420
subsystem_time: stage=draw_rect calls=17457 timed_calls=17457 period=1 timed_us=102074
subsystem_time: stage=gfx_list calls=660 timed_calls=660 period=1 timed_us=1173740
subsystem_time: stage=gfx_command calls=653190 timed_calls=5143 period=127 timed_us=9667
gfx_ucodes: mask=00001000
gfx_opcode: op=01 calls=12366 timed_calls=106 timed_us=42
gfx_opcode: op=03 calls=1818 timed_calls=16 timed_us=17
gfx_opcode: op=04 calls=48525 timed_calls=374 timed_us=2347
gfx_opcode: op=06 calls=13110 timed_calls=110 timed_us=22
gfx_opcode: op=b1 calls=138519 timed_calls=1076 timed_us=4524
gfx_opcode: op=b6 calls=12297 timed_calls=106 timed_us=17
gfx_opcode: op=b7 calls=12450 timed_calls=104 timed_us=14
gfx_opcode: op=b8 calls=13770 timed_calls=116 timed_us=19
gfx_opcode: op=b9 calls=13164 timed_calls=94 timed_us=21
gfx_opcode: op=ba calls=71856 timed_calls=584 timed_us=105
gfx_opcode: op=bb calls=12945 timed_calls=104 timed_us=22
gfx_opcode: op=bc calls=14745 timed_calls=117 timed_us=21
gfx_opcode: op=bf calls=26967 timed_calls=206 timed_us=303
gfx_opcode: op=e4 calls=17457 timed_calls=143 timed_us=970
gfx_opcode: op=e6 calls=29691 timed_calls=225 timed_us=27
gfx_opcode: op=e7 calls=43050 timed_calls=323 timed_us=42
gfx_opcode: op=e9 calls=660 timed_calls=6 timed_us=5
gfx_opcode: op=ed calls=1320 timed_calls=12 timed_us=6
gfx_opcode: op=f2 calls=31455 timed_calls=248 timed_us=64
gfx_opcode: op=f3 calls=29691 timed_calls=224 timed_us=380
gfx_opcode: op=f5 calls=60855 timed_calls=477 timed_us=92
gfx_opcode: op=f6 calls=660 timed_calls=6 timed_us=6
gfx_opcode: op=f7 calls=660 timed_calls=6 timed_us=6
gfx_opcode: op=fa calls=996 timed_calls=6 timed_us=1
gfx_opcode: op=fc calls=13152 timed_calls=96 timed_us=14
gfx_opcode: op=fd calls=29691 timed_calls=249 timed_us=37
gfx_opcode: op=ff calls=1320 timed_calls=9 timed_us=5
subsystem_time: stage=vertex calls=712209 timed_calls=5607 period=127 timed_us=2272
subsystem_time: stage=gfx_state calls=32799 timed_calls=258 period=127 timed_us=1522
subsystem_self: stage=gfx_state calls=32799 timed_calls=258 self_us=711 dropped=0
subsystem_time: stage=gx_wait calls=4 timed_calls=4 period=1 timed_us=2558
subsystem_time: stage=dma_pi calls=620 timed_calls=620 period=1 timed_us=25958
subsystem_time: stage=dma_sp calls=2186 timed_calls=2186 period=1 timed_us=2430
subsystem_time: stage=dma_si calls=1681 timed_calls=1681 period=1 timed_us=16052
subsystem_time: stage=tlb_translate calls=749192 timed_calls=5899 period=127 timed_us=699
subsystem_time: stage=pif calls=1682 timed_calls=1682 period=1 timed_us=14668
subsystem_time: stage=input calls=2972 timed_calls=2972 period=1 timed_us=11743
subsystem_time: stage=guest_interrupt calls=7053 timed_calls=7053 period=1 timed_us=10673408
subsystem_self: stage=guest_interrupt calls=7053 timed_calls=7053 self_us=21380 dropped=0
subsystem_time: stage=interpreter_inclusive calls=0 timed_calls=0 period=1 timed_us=0
subsystem_self: stage=interpreter_inclusive calls=0 timed_calls=0 self_us=0 dropped=0
subsystem_time: stage=audio_submit calls=433 timed_calls=433 period=1 timed_us=6325
subsystem_time: stage=audio_callback calls=8979 timed_calls=8979 period=1 timed_us=4730
subsystem_time: stage=memory_slow calls=997547 timed_calls=7854 period=127 timed_us=15735
subsystem_self: stage=memory_slow calls=997547 timed_calls=7854 self_us=4045 dropped=0
subsystem_time: stage=jit_invalidate calls=98566 timed_calls=776 period=127 timed_us=154
subsystem_time: stage=cpu_helper calls=4641988 timed_calls=36551 period=127 timed_us=79247
subsystem_time: stage=storage_read calls=0 timed_calls=0 period=1 timed_us=0
subsystem_time: stage=storage_write calls=0 timed_calls=0 period=1 timed_us=0
subsystem_time: stage=save_load calls=0 timed_calls=0 period=1 timed_us=0
subsystem_time: stage=save_write calls=0 timed_calls=0 period=1 timed_us=0
subsystem_time: stage=state_load calls=0 timed_calls=0 period=1 timed_us=0
subsystem_time: stage=state_save calls=0 timed_calls=0 period=1 timed_us=0
subsystem_time: stage=probe_io calls=4 timed_calls=4 period=1 timed_us=57196
subsystem_time: stage=agent_poll calls=1809 timed_calls=1809 period=1 timed_us=405
audio_time: stage=resample sampled_calls=143 sampled_samples=20368 sampled_us=874
audio_time: stage=zoh sampled_calls=0 sampled_samples=0 sampled_us=0
audio_time: stage=adpcm sampled_calls=122 sampled_samples=4912 sampled_us=233
audio_time: stage=envmix_exp sampled_calls=0 sampled_samples=0 sampled_us=0
audio_time: stage=envmix_ge sampled_calls=126 sampled_samples=18352 sampled_us=1799
audio_time: stage=envmix_lin sampled_calls=0 sampled_samples=0 sampled_us=0
audio_time: stage=envmix_nead sampled_calls=0 sampled_samples=0 sampled_us=0
audio_time: stage=mix sampled_calls=323 sampled_samples=47968 sampled_us=772
audio_time: stage=musyx_voice sampled_calls=0 sampled_samples=0 sampled_us=0
audio_time: stage=musyx_fx sampled_calls=0 sampled_samples=0 sampled_us=0
audio_time: stage=output sampled_calls=3 sampled_samples=2192 sampled_us=39
gpu_counters: clks=3687684529 tb_clks=3687684632 ras_busy=47585703 xf_wait_in=3570613925 xf_wait_out=36384606 ras_peak_permille=20 ztop_in=183981964 ztop_out=181449704 z_in=0 z_out=0 blend_in=181624520 copy_clks=74496724 fifo_overflows=0
game: n=6/9 how=vis vis=900 vi_rate=60 vi0_retrace=11181 wall_us=15175566 sleep_us=10564778 avg_vis=58.14 avg_fps=52.42 exceptions=5545 cacheResets=1 recompiles=837 batches=121074 verts=1581750 texStalls=0 treeDepthMax=15 underruns=3 overruns=0 queue_peak_ms=18 dsp_avg=1.38 dsp_peak=1.60 dsp_samples=30 pmc1=3221771851 pmc2=3503015989 pmc3=0 pmc4=0 mmcr0=00000042 mmcr1=00000000 heap_used=10846552 heap_free=151176 arena1_free=208896 arena2_free=288704 flushes=4 flush_us=57195 padtrace=0 rom=sd:/wii64/roms/GoldenEye 007 (USA).z64
=== chain 6/9 end vis=900 how=vis rom=sd:/wii64/roms/GoldenEye 007 (USA).z64 ===
mark: pad replay records: 1
mark: loadROM: enter
mark: loadROM: before rom_read
mark: ROMCache_load: enter
mark: ROMCache_load: before first read
mark: ROMCache_load: first read returned
mark: ROMCache_load: byte_swap_type set
mark: ROMCache_load: first byte_swap done
menufps: 0.1
menufps: 8.4
menufps: 8.3
menufps: 8.3
mark: ROMCache_load: loop exited normally
mark: ROMCache_load: elapsed_us=1901858 bytes=8388608 vm=0
mark: loadROM: after rom_read
mark: loadROM: before init_memory
mark: loadROM: after init_memory
mark: loadROM: before romOpen_gfx
mark: loadROM: after romOpen_gfx / before romOpen_audio
mark: loadROM: after romOpen_audio / before romOpen_input
mark: loadROM: after romOpen_input / before cpu_init
mark: loadROM: after cpu_init
menufps: 2.4
menufps: 1.0
menufps: 1.0
fps: 4.4
first_vi: vi0_retrace=12412
vis: 5.0
cpu: exceptions=0 cacheResets=0 batches=0 verts=0 texStalls=0 recompiles=0 underruns=0 overruns=0 sleep_us=0 queue_ms=0
mark: CPU core dispatch: dynarec
vis: 60.0
cpu: exceptions=60 cacheResets=1 batches=0 verts=0 texStalls=0 recompiles=163 underruns=2 overruns=0 sleep_us=90436 queue_ms=30
fps: 1.2
vis: 60.0
cpu: exceptions=216 cacheResets=1 batches=0 verts=0 texStalls=0 recompiles=207 underruns=2 overruns=0 sleep_us=543958 queue_ms=34
vis: 60.0
cpu: exceptions=516 cacheResets=1 batches=0 verts=0 texStalls=0 recompiles=207 underruns=2 overruns=0 sleep_us=1012668 queue_ms=30
vis: 60.0
cpu: exceptions=816 cacheResets=1 batches=0 verts=0 texStalls=0 recompiles=233 underruns=2 overruns=0 sleep_us=1478732 queue_ms=35
vis: 60.0
cpu: exceptions=1069 cacheResets=1 batches=0 verts=0 texStalls=0 recompiles=287 underruns=2 overruns=0 sleep_us=1937063 queue_ms=32
vis: 60.0
cpu: exceptions=1140 cacheResets=1 batches=0 verts=0 texStalls=0 recompiles=288 underruns=3 overruns=0 sleep_us=2346450 queue_ms=0
fps: 0.4
vis: 59.2
cpu: exceptions=1283 cacheResets=1 batches=0 verts=0 texStalls=0 recompiles=508 underruns=5 overruns=0 sleep_us=2574830 queue_ms=20
vis: 52.4
cpu: exceptions=1425 cacheResets=1 batches=0 verts=0 texStalls=0 recompiles=732 underruns=7 overruns=0 sleep_us=2804377 queue_ms=3
fps: 1.6
vis: 60.0
cpu: exceptions=1613 cacheResets=1 batches=3470 verts=86430 texStalls=0 recompiles=834 underruns=9 overruns=0 sleep_us=2959609 queue_ms=52
fps: 21.5
vis: 60.0
cpu: exceptions=1797 cacheResets=1 batches=6940 verts=172860 texStalls=0 recompiles=835 underruns=9 overruns=0 sleep_us=3171608 queue_ms=59
fps: 20.0
vis: 60.0
cpu: exceptions=1992 cacheResets=1 batches=10410 verts=259290 texStalls=0 recompiles=836 underruns=9 overruns=0 sleep_us=3378943 queue_ms=54
fps: 20.0
vis: 60.0
cpu: exceptions=2190 cacheResets=1 batches=13932 verts=345876 texStalls=0 recompiles=837 underruns=9 overruns=0 sleep_us=3584270 queue_ms=51
fps: 20.0
vis: 60.0
cpu: exceptions=2384 cacheResets=1 batches=17631 verts=432993 texStalls=0 recompiles=840 underruns=9 overruns=0 sleep_us=3793913 queue_ms=55
fps: 20.0
vis: 60.0
cpu: exceptions=2603 cacheResets=1 batches=21425 verts=520395 texStalls=0 recompiles=844 underruns=9 overruns=0 sleep_us=3979381 queue_ms=52
fps: 20.0
vis: 60.0
cpu: exceptions=2839 cacheResets=1 batches=25295 verts=608025 texStalls=0 recompiles=844 underruns=9 overruns=0 sleep_us=4164954 queue_ms=57
fps: 20.0
vis: 60.0
cpu: exceptions=3090 cacheResets=1 batches=29227 verts=695841 texStalls=0 recompiles=844 underruns=9 overruns=0 sleep_us=4343532 queue_ms=53
fps: 20.0
vis: 60.0
cpu: exceptions=3369 cacheResets=1 batches=33211 verts=786165 texStalls=0 recompiles=845 underruns=9 overruns=0 sleep_us=4504052 queue_ms=58
fps: 19.6
vis: 60.0
cpu: exceptions=3652 cacheResets=1 batches=37127 verts=877293 texStalls=0 recompiles=845 underruns=9 overruns=0 sleep_us=4669581 queue_ms=46
fps: 20.0
vis: 60.0
cpu: exceptions=3926 cacheResets=1 batches=40783 verts=968241 texStalls=0 recompiles=845 underruns=9 overruns=0 sleep_us=4840200 queue_ms=42
fps: 20.0
vis: 60.0
cpu: exceptions=4190 cacheResets=1 batches=44353 verts=1058931 texStalls=0 recompiles=845 underruns=9 overruns=0 sleep_us=5017524 queue_ms=47
fps: 20.0
vis: 60.0
cpu: exceptions=4461 cacheResets=1 batches=47923 verts=1149621 texStalls=0 recompiles=845 underruns=9 overruns=0 sleep_us=5191626 queue_ms=44
fps: 20.0
vis: 60.0
cpu: exceptions=4732 cacheResets=1 batches=51494 verts=1240314 texStalls=0 recompiles=845 underruns=9 overruns=0 sleep_us=5361509 queue_ms=48
fps: 20.0
vis: 60.0
cpu: exceptions=5006 cacheResets=1 batches=55119 verts=1331790 texStalls=0 recompiles=847 underruns=9 overruns=0 sleep_us=5529261 queue_ms=45
fps: 20.0
vis: 60.0
cpu: exceptions=5288 cacheResets=1 batches=58811 verts=1423746 texStalls=0 recompiles=848 underruns=9 overruns=0 sleep_us=5694920 queue_ms=41
fps: 20.0
vis: 60.0
cpu: exceptions=5573 cacheResets=1 batches=62606 verts=1515972 texStalls=0 recompiles=858 underruns=9 overruns=0 sleep_us=5846399 queue_ms=47
fps: 20.0
vis: 60.0
cpu: exceptions=5810 cacheResets=1 batches=66597 verts=1608981 texStalls=0 recompiles=863 underruns=9 overruns=0 sleep_us=6017508 queue_ms=42
fps: 20.1
vis: 60.0
cpu: exceptions=6013 cacheResets=1 batches=70558 verts=1702017 texStalls=0 recompiles=864 underruns=9 overruns=0 sleep_us=6208500 queue_ms=49
fps: 20.0
vis: 60.0
cpu: exceptions=6179 cacheResets=1 batches=74267 verts=1794078 texStalls=0 recompiles=866 underruns=9 overruns=0 sleep_us=6409826 queue_ms=44
fps: 20.0
vis: 60.0
cpu: exceptions=6399 cacheResets=1 batches=77899 verts=1885680 texStalls=0 recompiles=872 underruns=9 overruns=0 sleep_us=6593643 queue_ms=50
fps: 20.0
vis: 60.0
cpu: exceptions=6581 cacheResets=1 batches=81529 verts=1977270 texStalls=0 recompiles=878 underruns=9 overruns=0 sleep_us=6784086 queue_ms=46
mark: stop reason: chain guest VI limit
mark: stop_it requested
audio: alist_resample_calls=30582 alist_resample_samples=4080152 alist_zoh_calls=0 alist_zoh_samples=0 musyx_subframes=0 musyx_voices=0 musyx_voice_peak=0
audio_stages: adpcm_calls=23953 adpcm_samples=3233952 envmix_calls=23750 envmix_samples=3168504 mix_calls=21026 mix_samples=6632320 musyx_fx_calls=0 musyx_fx_taps=0 output_calls=862 output_samples=459344
audio_envmix: exp_calls=23750 ge_calls=0 lin_calls=0 nead_calls=0 exp_steady=20211 ge_steady=0 lin_steady=0
audio_gaps: nead_mats=0 nead_efz=0 resample_flag2=0 musyx_ptr10=0
audio_output: stream_requests=3420 stream_fed=1592 input_hz=32006 playback_hz=32006 queue_peak_ms=75
probe_schema: version=2 self=1 interval=127
vm_io: read_ahead=1 reads=0 hits=0 read_bytes=0 writes=0 write_bytes=0 errors=0
subsystem_time: stage=rsp_gfx calls=224 timed_calls=224 period=1 timed_us=2664910
subsystem_time: stage=rsp_audio calls=854 timed_calls=854 period=1 timed_us=832514
subsystem_time: stage=rsp_other calls=0 timed_calls=0 period=1 timed_us=0
subsystem_time: stage=lookup calls=124349 timed_calls=979 period=127 timed_us=516
subsystem_time: stage=compile calls=879 timed_calls=879 period=1 timed_us=231149
subsystem_time: stage=dispatch calls=2001742 timed_calls=15761 period=127 timed_us=11001
subsystem_self: stage=dispatch calls=2001742 timed_calls=15761 self_us=6443 dropped=0
subsystem_time: stage=execute_inclusive calls=2001742 timed_calls=15761 period=127 timed_us=127271
subsystem_self: stage=execute_inclusive calls=2001742 timed_calls=15761 self_us=35738 dropped=0
subsystem_time: stage=rom_copy calls=2674 timed_calls=2674 period=1 timed_us=26179
subsystem_time: stage=present calls=899 timed_calls=899 period=1 timed_us=29674
subsystem_time: stage=limiter calls=643 timed_calls=643 period=1 timed_us=6792674
subsystem_time: stage=vm_fault calls=0 timed_calls=0 period=1 timed_us=0
subsystem_time: stage=vm_victim calls=0 timed_calls=0 period=1 timed_us=0
subsystem_time: stage=vm_read calls=0 timed_calls=0 period=1 timed_us=0
subsystem_time: stage=vm_write calls=0 timed_calls=0 period=1 timed_us=0
subsystem_time: stage=tex_hash calls=65165 timed_calls=65165 period=1 timed_us=879338
subsystem_time: stage=tex_lookup calls=65165 timed_calls=65165 period=1 timed_us=43166
subsystem_time: stage=tex_load calls=178 timed_calls=178 period=1 timed_us=12004
subsystem_time: stage=tex_activate calls=65165 timed_calls=65165 period=1 timed_us=35662
subsystem_time: stage=draw_triangles calls=81893 timed_calls=81893 period=1 timed_us=209787
subsystem_time: stage=draw_rect calls=2288 timed_calls=2288 period=1 timed_us=23931
subsystem_time: stage=gfx_list calls=224 timed_calls=224 period=1 timed_us=2664409
subsystem_time: stage=gfx_command calls=1456565 timed_calls=11469 period=127 timed_us=21542
gfx_ucodes: mask=00010000
gfx_opcode: op=01 calls=15730 timed_calls=134 timed_us=64
gfx_opcode: op=03 calls=1768 timed_calls=22 timed_us=22
gfx_opcode: op=04 calls=87656 timed_calls=666 timed_us=2489
gfx_opcode: op=06 calls=36472 timed_calls=255 timed_us=53
gfx_opcode: op=b4 calls=221 timed_calls=3 timed_us=0
gfx_opcode: op=b5 calls=118504 timed_calls=922 timed_us=5634
gfx_opcode: op=b6 calls=8631 timed_calls=71 timed_us=11
gfx_opcode: op=b7 calls=8630 timed_calls=69 timed_us=9
gfx_opcode: op=b8 calls=36696 timed_calls=294 timed_us=40
gfx_opcode: op=b9 calls=9531 timed_calls=75 timed_us=11
gfx_opcode: op=ba calls=24763 timed_calls=181 timed_us=33
gfx_opcode: op=bb calls=28966 timed_calls=245 timed_us=43
gfx_opcode: op=bc calls=5246 timed_calls=43 timed_us=10
gfx_opcode: op=bd calls=1105 timed_calls=5 timed_us=0
gfx_opcode: op=be calls=4199 timed_calls=36 timed_us=4
gfx_opcode: op=bf calls=425153 timed_calls=3353 timed_us=7467
gfx_opcode: op=c0 calls=223 timed_calls=2 timed_us=0
gfx_opcode: op=e4 calls=1846 timed_calls=10 timed_us=111
gfx_opcode: op=e6 calls=79872 timed_calls=644 timed_us=78
gfx_opcode: op=e7 calls=68645 timed_calls=552 timed_us=69
gfx_opcode: op=e8 calls=115424 timed_calls=923 timed_us=110
gfx_opcode: op=e9 calls=224 timed_calls=0 timed_us=0
gfx_opcode: op=ed calls=446 timed_calls=4 timed_us=2
gfx_opcode: op=f0 calls=9945 timed_calls=87 timed_us=236
gfx_opcode: op=f2 calls=53372 timed_calls=442 timed_us=108
gfx_opcode: op=f3 calls=69706 timed_calls=525 timed_us=3124
gfx_opcode: op=f4 calls=221 timed_calls=3 timed_us=72
gfx_opcode: op=f5 calls=133244 timed_calls=1046 timed_us=192
gfx_opcode: op=f6 calls=669 timed_calls=3 timed_us=373
gfx_opcode: op=f7 calls=448 timed_calls=3 timed_us=1
gfx_opcode: op=f8 calls=884 timed_calls=6 timed_us=1
gfx_opcode: op=fa calls=934 timed_calls=7 timed_us=1
gfx_opcode: op=fb calls=5413 timed_calls=38 timed_us=7
gfx_opcode: op=fc calls=21233 timed_calls=175 timed_us=22
gfx_opcode: op=fd calls=79872 timed_calls=623 timed_us=87
gfx_opcode: op=fe calls=223 timed_calls=0 timed_us=0
gfx_opcode: op=ff calls=450 timed_calls=2 timed_us=0
subsystem_time: stage=vertex calls=940278 timed_calls=7403 period=127 timed_us=2395
subsystem_time: stage=gfx_state calls=68340 timed_calls=538 period=127 timed_us=8744
subsystem_self: stage=gfx_state calls=68340 timed_calls=538 self_us=1146 dropped=0
subsystem_time: stage=gx_wait calls=4 timed_calls=4 period=1 timed_us=2558
subsystem_time: stage=dma_pi calls=2674 timed_calls=2674 period=1 timed_us=51196
subsystem_time: stage=dma_sp calls=2156 timed_calls=2156 period=1 timed_us=2221
subsystem_time: stage=dma_si calls=741 timed_calls=741 period=1 timed_us=5558
subsystem_time: stage=tlb_translate calls=0 timed_calls=0 period=127 timed_us=0
subsystem_time: stage=pif calls=742 timed_calls=742 period=1 timed_us=4931
subsystem_time: stage=input calls=896 timed_calls=896 period=1 timed_us=3953
subsystem_time: stage=guest_interrupt calls=9480 timed_calls=9480 period=1 timed_us=6866752
subsystem_self: stage=guest_interrupt calls=9480 timed_calls=9480 self_us=21583 dropped=0
subsystem_time: stage=interpreter_inclusive calls=0 timed_calls=0 period=1 timed_us=0
subsystem_self: stage=interpreter_inclusive calls=0 timed_calls=0 self_us=0 dropped=0
subsystem_time: stage=audio_submit calls=862 timed_calls=862 period=1 timed_us=10069
subsystem_time: stage=audio_callback calls=9447 timed_calls=9447 period=1 timed_us=6976
subsystem_time: stage=memory_slow calls=577536 timed_calls=4547 period=127 timed_us=46577
subsystem_self: stage=memory_slow calls=577536 timed_calls=4547 self_us=1817 dropped=0
subsystem_time: stage=jit_invalidate calls=37 timed_calls=0 period=127 timed_us=0
subsystem_time: stage=cpu_helper calls=8929214 timed_calls=70308 period=127 timed_us=63493
subsystem_time: stage=storage_read calls=0 timed_calls=0 period=1 timed_us=0
subsystem_time: stage=storage_write calls=0 timed_calls=0 period=1 timed_us=0
subsystem_time: stage=save_load calls=0 timed_calls=0 period=1 timed_us=0
subsystem_time: stage=save_write calls=0 timed_calls=0 period=1 timed_us=0
subsystem_time: stage=state_load calls=0 timed_calls=0 period=1 timed_us=0
subsystem_time: stage=state_save calls=0 timed_calls=0 period=1 timed_us=0
subsystem_time: stage=probe_io calls=3 timed_calls=3 period=1 timed_us=29507
subsystem_time: stage=agent_poll calls=1813 timed_calls=1813 period=1 timed_us=425
audio_time: stage=resample sampled_calls=240 sampled_samples=32032 sampled_us=1363
audio_time: stage=zoh sampled_calls=0 sampled_samples=0 sampled_us=0
audio_time: stage=adpcm sampled_calls=188 sampled_samples=25424 sampled_us=1081
audio_time: stage=envmix_exp sampled_calls=187 sampled_samples=24952 sampled_us=2473
audio_time: stage=envmix_ge sampled_calls=0 sampled_samples=0 sampled_us=0
audio_time: stage=envmix_lin sampled_calls=0 sampled_samples=0 sampled_us=0
audio_time: stage=envmix_nead sampled_calls=0 sampled_samples=0 sampled_us=0
audio_time: stage=mix sampled_calls=165 sampled_samples=51712 sampled_us=841
audio_time: stage=musyx_voice sampled_calls=0 sampled_samples=0 sampled_us=0
audio_time: stage=musyx_fx sampled_calls=0 sampled_samples=0 sampled_us=0
audio_time: stage=output sampled_calls=6 sampled_samples=3232 sampled_us=55
gpu_counters: clks=3702346211 tb_clks=3702346316 ras_busy=46087603 xf_wait_in=3576763697 xf_wait_out=54672160 ras_peak_permille=22 ztop_in=172571000 ztop_out=165560300 z_in=1216096 z_out=658264 blend_in=167008940 copy_clks=28225019 fifo_overflows=0
game: n=7/9 how=vis vis=900 vi_rate=60 vi0_retrace=12412 wall_us=15235903 sleep_us=6790660 avg_vis=57.95 avg_fps=17.14 exceptions=6595 cacheResets=1 recompiles=879 batches=81893 verts=1986432 texStalls=0 treeDepthMax=12 underruns=9 overruns=0 queue_peak_ms=59 dsp_avg=1.45 dsp_peak=1.65 dsp_samples=31 pmc1=6024419953 pmc2=6113345154 pmc3=0 pmc4=0 mmcr0=00000042 mmcr1=00000000 heap_used=10852536 heap_free=145192 arena1_free=208896 arena2_free=288704 flushes=3 flush_us=29507 padtrace=0 rom=sd:/wii64/roms/Wave Race 64 - Kawasaki Jet Ski (USA) (Rev 1).z64
=== chain 7/9 end vis=900 how=vis rom=sd:/wii64/roms/Wave Race 64 - Kawasaki Jet Ski (USA) (Rev 1).z64 ===
mark: pad replay records: 1
mark: loadROM: enter
mark: loadROM: before rom_read
mark: ROMCache_load: enter
mark: ROMCache_load: before first read
mark: ROMCache_load: first read returned
mark: ROMCache_load: byte_swap_type set
mark: ROMCache_load: first byte_swap done
menufps: 0.1
menufps: 8.4
menufps: 7.7
menufps: 8.1
menufps: 8.1
mark: ROMCache_load: loop exited normally
mark: ROMCache_load: elapsed_us=2976356 bytes=12582912 vm=0
mark: loadROM: after rom_read
mark: loadROM: before init_memory
mark: loadROM: after init_memory
mark: loadROM: before romOpen_gfx
mark: loadROM: after romOpen_gfx / before romOpen_audio
mark: loadROM: after romOpen_audio / before romOpen_input
mark: loadROM: after romOpen_input / before cpu_init
mark: loadROM: after cpu_init
menufps: 5.3
menufps: 1.9
menufps: 1.0
menufps: 1.0
fps: 0.6
first_vi: vi0_retrace=13717
vis: 0.4
cpu: exceptions=0 cacheResets=0 batches=0 verts=0 texStalls=0 recompiles=0 underruns=0 overruns=0 sleep_us=0 queue_ms=0
mark: CPU core dispatch: dynarec
vis: 60.0
cpu: exceptions=923 cacheResets=1 batches=0 verts=0 texStalls=0 recompiles=327 underruns=0 overruns=0 sleep_us=187890 queue_ms=125
fps: 1.8
vis: 60.0
cpu: exceptions=1663 cacheResets=1 batches=0 verts=0 texStalls=0 recompiles=534 underruns=0 overruns=0 sleep_us=502895 queue_ms=129
fps: 12.1
vis: 60.0
cpu: exceptions=1966 cacheResets=1 batches=40 verts=960 texStalls=0 recompiles=683 underruns=0 overruns=0 sleep_us=831652 queue_ms=121
vis: 60.0
cpu: exceptions=2843 cacheResets=1 batches=70 verts=1680 texStalls=0 recompiles=692 underruns=0 overruns=0 sleep_us=1182836 queue_ms=125
fps: 18.7
vis: 60.0
cpu: exceptions=2948 cacheResets=1 batches=145 verts=3480 texStalls=0 recompiles=692 underruns=0 overruns=0 sleep_us=1616088 queue_ms=129
fps: 30.0
vis: 60.0
cpu: exceptions=3056 cacheResets=1 batches=225 verts=5400 texStalls=0 recompiles=692 underruns=0 overruns=0 sleep_us=2046851 queue_ms=121
fps: 30.5
vis: 60.0
cpu: exceptions=3161 cacheResets=1 batches=300 verts=7200 texStalls=0 recompiles=692 underruns=0 overruns=0 sleep_us=2479940 queue_ms=112
fps: 30.0
vis: 60.0
cpu: exceptions=3266 cacheResets=1 batches=375 verts=9000 texStalls=0 recompiles=697 underruns=0 overruns=0 sleep_us=2916858 queue_ms=116
vis: 60.0
cpu: exceptions=3610 cacheResets=1 batches=380 verts=9120 texStalls=0 recompiles=765 underruns=0 overruns=0 sleep_us=3184947 queue_ms=121
fps: 12.2
vis: 60.0
cpu: exceptions=3924 cacheResets=1 batches=759 verts=17781 texStalls=0 recompiles=890 underruns=0 overruns=0 sleep_us=3473308 queue_ms=125
fps: 29.8
vis: 60.0
cpu: exceptions=4041 cacheResets=1 batches=1743 verts=38949 texStalls=0 recompiles=905 underruns=0 overruns=0 sleep_us=3831055 queue_ms=116
fps: 31.1
vis: 60.0
cpu: exceptions=4177 cacheResets=1 batches=2680 verts=58968 texStalls=0 recompiles=907 underruns=0 overruns=0 sleep_us=4190478 queue_ms=121
fps: 30.0
vis: 60.0
cpu: exceptions=4298 cacheResets=1 batches=3610 verts=78903 texStalls=0 recompiles=919 underruns=0 overruns=0 sleep_us=4544240 queue_ms=125
fps: 30.0
vis: 60.0
cpu: exceptions=4416 cacheResets=1 batches=4540 verts=98838 texStalls=0 recompiles=919 underruns=0 overruns=0 sleep_us=4901760 queue_ms=116
fps: 30.0
vis: 60.0
cpu: exceptions=4533 cacheResets=1 batches=5470 verts=118773 texStalls=0 recompiles=925 underruns=0 overruns=0 sleep_us=5259228 queue_ms=121
fps: 30.0
vis: 60.0
cpu: exceptions=4651 cacheResets=1 batches=6400 verts=138708 texStalls=0 recompiles=925 underruns=0 overruns=0 sleep_us=5619548 queue_ms=125
fps: 30.0
vis: 60.0
cpu: exceptions=4764 cacheResets=1 batches=7330 verts=158643 texStalls=0 recompiles=926 underruns=0 overruns=0 sleep_us=5985024 queue_ms=129
fps: 30.0
vis: 60.0
cpu: exceptions=4875 cacheResets=1 batches=8260 verts=178578 texStalls=0 recompiles=926 underruns=0 overruns=0 sleep_us=6353364 queue_ms=121
fps: 30.0
vis: 60.0
cpu: exceptions=4986 cacheResets=1 batches=9190 verts=198513 texStalls=0 recompiles=926 underruns=0 overruns=0 sleep_us=6720575 queue_ms=125
fps: 30.0
vis: 60.0
cpu: exceptions=5099 cacheResets=1 batches=10120 verts=218448 texStalls=0 recompiles=926 underruns=0 overruns=0 sleep_us=7084954 queue_ms=129
fps: 30.0
vis: 60.0
cpu: exceptions=5212 cacheResets=1 batches=10924 verts=234561 texStalls=0 recompiles=926 underruns=0 overruns=0 sleep_us=7455725 queue_ms=134
fps: 30.0
vis: 60.0
cpu: exceptions=5337 cacheResets=1 batches=11448 verts=246147 texStalls=0 recompiles=935 underruns=0 overruns=0 sleep_us=7820338 queue_ms=125
fps: 30.0
vis: 60.0
cpu: exceptions=5464 cacheResets=1 batches=12239 verts=261468 texStalls=0 recompiles=935 underruns=0 overruns=0 sleep_us=8166782 queue_ms=129
fps: 30.0
vis: 60.0
cpu: exceptions=5589 cacheResets=1 batches=13268 verts=278217 texStalls=0 recompiles=935 underruns=0 overruns=0 sleep_us=8499546 queue_ms=134
fps: 30.0
vis: 60.0
cpu: exceptions=5707 cacheResets=1 batches=14399 verts=295578 texStalls=0 recompiles=946 underruns=0 overruns=0 sleep_us=8822480 queue_ms=125
fps: 30.0
vis: 60.0
cpu: exceptions=5827 cacheResets=1 batches=15194 verts=310923 texStalls=0 recompiles=947 underruns=0 overruns=0 sleep_us=9146443 queue_ms=129
fps: 29.2
vis: 60.0
cpu: exceptions=5948 cacheResets=1 batches=15934 verts=325938 texStalls=0 recompiles=947 underruns=0 overruns=0 sleep_us=9478750 queue_ms=121
fps: 30.1
vis: 60.0
cpu: exceptions=6069 cacheResets=1 batches=16588 verts=340437 texStalls=0 recompiles=947 underruns=0 overruns=0 sleep_us=9832880 queue_ms=125
fps: 30.0
vis: 60.0
cpu: exceptions=6190 cacheResets=1 batches=17048 verts=353772 texStalls=0 recompiles=947 underruns=0 overruns=0 sleep_us=10204159 queue_ms=116
fps: 30.0
mark: stop reason: chain guest VI limit
mark: stop_it requested
audio: alist_resample_calls=9757 alist_resample_samples=1397968 alist_zoh_calls=0 alist_zoh_samples=0 musyx_subframes=0 musyx_voices=0 musyx_voice_peak=0
audio_stages: adpcm_calls=7520 adpcm_samples=460832 envmix_calls=7516 envmix_samples=1068128 mix_calls=67230 mix_samples=9895200 musyx_fx_calls=0 musyx_fx_taps=0 output_calls=448 output_samples=329840
audio_envmix: exp_calls=0 ge_calls=7516 lin_calls=0 nead_calls=0 exp_steady=0 ge_steady=7194 lin_steady=0
audio_gaps: nead_mats=0 nead_efz=0 resample_flag2=0 musyx_ptr10=0
audio_output: stream_requests=2836 stream_fed=1135 input_hz=22047 playback_hz=22047 queue_peak_ms=168
probe_schema: version=2 self=1 interval=127
vm_io: read_ahead=1 reads=0 hits=0 read_bytes=0 writes=0 write_bytes=0 errors=0
subsystem_time: stage=rsp_gfx calls=393 timed_calls=393 period=1 timed_us=725304
subsystem_time: stage=rsp_audio calls=448 timed_calls=448 period=1 timed_us=481426
subsystem_time: stage=rsp_other calls=0 timed_calls=0 period=1 timed_us=0
subsystem_time: stage=lookup calls=138786 timed_calls=1092 period=127 timed_us=555
subsystem_time: stage=compile calls=947 timed_calls=947 period=1 timed_us=146198
subsystem_time: stage=dispatch calls=1666092 timed_calls=13118 period=127 timed_us=6351
subsystem_self: stage=dispatch calls=1666092 timed_calls=13118 self_us=4954 dropped=0
subsystem_time: stage=execute_inclusive calls=1666092 timed_calls=13118 period=127 timed_us=114240
subsystem_self: stage=execute_inclusive calls=1666092 timed_calls=13118 self_us=30548 dropped=0
subsystem_time: stage=rom_copy calls=1133 timed_calls=1133 period=1 timed_us=12097
subsystem_time: stage=present calls=899 timed_calls=899 period=1 timed_us=21418
subsystem_time: stage=limiter calls=880 timed_calls=880 period=1 timed_us=10558250
subsystem_time: stage=vm_fault calls=0 timed_calls=0 period=1 timed_us=0
subsystem_time: stage=vm_victim calls=0 timed_calls=0 period=1 timed_us=0
subsystem_time: stage=vm_read calls=0 timed_calls=0 period=1 timed_us=0
subsystem_time: stage=vm_write calls=0 timed_calls=0 period=1 timed_us=0
subsystem_time: stage=tex_hash calls=12379 timed_calls=12379 period=1 timed_us=118318
subsystem_time: stage=tex_lookup calls=12379 timed_calls=12379 period=1 timed_us=4930
subsystem_time: stage=tex_load calls=103 timed_calls=103 period=1 timed_us=4251
subsystem_time: stage=tex_activate calls=12379 timed_calls=12379 period=1 timed_us=7255
subsystem_time: stage=draw_triangles calls=17454 timed_calls=17454 period=1 timed_us=46106
subsystem_time: stage=draw_rect calls=5382 timed_calls=5382 period=1 timed_us=49143
subsystem_time: stage=gfx_list calls=393 timed_calls=393 period=1 timed_us=724593
subsystem_time: stage=gfx_command calls=269016 timed_calls=2118 period=127 timed_us=5096
gfx_ucodes: mask=00000200
gfx_opcode: op=01 calls=5357 timed_calls=45 timed_us=26
gfx_opcode: op=03 calls=1414 timed_calls=8 timed_us=6
gfx_opcode: op=04 calls=21288 timed_calls=175 timed_us=582
gfx_opcode: op=05 calls=18264 timed_calls=145 timed_us=2496
gfx_opcode: op=06 calls=6379 timed_calls=54 timed_us=10
gfx_opcode: op=07 calls=16101 timed_calls=115 timed_us=23
gfx_opcode: op=b4 calls=707 timed_calls=6 timed_us=1
gfx_opcode: op=b6 calls=1567 timed_calls=8 timed_us=1
gfx_opcode: op=b7 calls=4373 timed_calls=38 timed_us=6
gfx_opcode: op=b8 calls=6599 timed_calls=48 timed_us=6
gfx_opcode: op=b9 calls=4709 timed_calls=35 timed_us=7
gfx_opcode: op=ba calls=18621 timed_calls=151 timed_us=29
gfx_opcode: op=bb calls=390 timed_calls=4 timed_us=2
gfx_opcode: op=bc calls=15575 timed_calls=111 timed_us=22
gfx_opcode: op=e4 calls=4751 timed_calls=35 timed_us=275
gfx_opcode: op=e6 calls=13189 timed_calls=101 timed_us=13
gfx_opcode: op=e7 calls=25108 timed_calls=214 timed_us=30
gfx_opcode: op=e9 calls=393 timed_calls=2 timed_us=2
gfx_opcode: op=ed calls=2260 timed_calls=9 timed_us=3
gfx_opcode: op=ef calls=2973 timed_calls=24 timed_us=7
gfx_opcode: op=f2 calls=13189 timed_calls=107 timed_us=27
gfx_opcode: op=f3 calls=13189 timed_calls=100 timed_us=639
gfx_opcode: op=f5 calls=26378 timed_calls=209 timed_us=41
gfx_opcode: op=f6 calls=1411 timed_calls=10 timed_us=494
gfx_opcode: op=f7 calls=1163 timed_calls=11 timed_us=5
gfx_opcode: op=f8 calls=383 timed_calls=1 timed_us=0
gfx_opcode: op=f9 calls=383 timed_calls=1 timed_us=0
gfx_opcode: op=fa calls=13791 timed_calls=120 timed_us=21
gfx_opcode: op=fb calls=7666 timed_calls=53 timed_us=9
gfx_opcode: op=fc calls=5150 timed_calls=38 timed_us=6
gfx_opcode: op=fd calls=13189 timed_calls=112 timed_us=17
gfx_opcode: op=fe calls=1163 timed_calls=11 timed_us=5
gfx_opcode: op=ff calls=1943 timed_calls=17 timed_us=8
subsystem_time: stage=vertex calls=183788 timed_calls=1447 period=127 timed_us=373
subsystem_time: stage=gfx_state calls=127408 timed_calls=1003 period=127 timed_us=1855
subsystem_self: stage=gfx_state calls=127408 timed_calls=1003 self_us=813 dropped=0
subsystem_time: stage=gx_wait calls=4 timed_calls=4 period=1 timed_us=2556
subsystem_time: stage=dma_pi calls=1133 timed_calls=1133 period=1 timed_us=23840
subsystem_time: stage=dma_sp calls=1682 timed_calls=1682 period=1 timed_us=1650
subsystem_time: stage=dma_si calls=2587 timed_calls=2587 period=1 timed_us=11323
subsystem_time: stage=tlb_translate calls=0 timed_calls=0 period=127 timed_us=0
subsystem_time: stage=pif calls=2588 timed_calls=2588 period=1 timed_us=11809
subsystem_time: stage=input calls=1600 timed_calls=1600 period=1 timed_us=7061
subsystem_time: stage=guest_interrupt calls=7089 timed_calls=7089 period=1 timed_us=10635985
subsystem_self: stage=guest_interrupt calls=7089 timed_calls=7089 self_us=23625 dropped=0
subsystem_time: stage=interpreter_inclusive calls=0 timed_calls=0 period=1 timed_us=0
subsystem_self: stage=interpreter_inclusive calls=0 timed_calls=0 self_us=0 dropped=0
subsystem_time: stage=audio_submit calls=448 timed_calls=448 period=1 timed_us=5553
subsystem_time: stage=audio_callback calls=8810 timed_calls=8810 period=1 timed_us=5120
subsystem_time: stage=memory_slow calls=807358 timed_calls=6357 period=127 timed_us=23262
subsystem_self: stage=memory_slow calls=807358 timed_calls=6357 self_us=2195 dropped=0
subsystem_time: stage=jit_invalidate calls=1574 timed_calls=12 period=127 timed_us=2
subsystem_time: stage=cpu_helper calls=6796324 timed_calls=53514 period=127 timed_us=72775
subsystem_time: stage=storage_read calls=0 timed_calls=0 period=1 timed_us=0
subsystem_time: stage=storage_write calls=0 timed_calls=0 period=1 timed_us=0
subsystem_time: stage=save_load calls=0 timed_calls=0 period=1 timed_us=0
subsystem_time: stage=save_write calls=0 timed_calls=0 period=1 timed_us=0
subsystem_time: stage=state_load calls=0 timed_calls=0 period=1 timed_us=0
subsystem_time: stage=state_save calls=0 timed_calls=0 period=1 timed_us=0
subsystem_time: stage=probe_io calls=4 timed_calls=4 period=1 timed_us=39331
subsystem_time: stage=agent_poll calls=1808 timed_calls=1808 period=1 timed_us=373
audio_time: stage=resample sampled_calls=76 sampled_samples=10832 sampled_us=461
audio_time: stage=zoh sampled_calls=0 sampled_samples=0 sampled_us=0
audio_time: stage=adpcm sampled_calls=59 sampled_samples=3808 sampled_us=176
audio_time: stage=envmix_exp sampled_calls=0 sampled_samples=0 sampled_us=0
audio_time: stage=envmix_ge sampled_calls=59 sampled_samples=8240 sampled_us=744
audio_time: stage=envmix_lin sampled_calls=0 sampled_samples=0 sampled_us=0
audio_time: stage=envmix_nead sampled_calls=0 sampled_samples=0 sampled_us=0
audio_time: stage=mix sampled_calls=529 sampled_samples=77792 sampled_us=1251
audio_time: stage=musyx_voice sampled_calls=0 sampled_samples=0 sampled_us=0
audio_time: stage=musyx_fx sampled_calls=0 sampled_samples=0 sampled_us=0
audio_time: stage=output sampled_calls=3 sampled_samples=2176 sampled_us=31
gpu_counters: clks=3683515844 tb_clks=3683515948 ras_busy=70886223 xf_wait_in=3574734107 xf_wait_out=84110814 ras_peak_permille=28 ztop_in=276338476 ztop_out=267716516 z_in=78532 z_out=45532 blend_in=267864772 copy_clks=43448284 fifo_overflows=3
game: n=8/9 how=vis vis=900 vi_rate=60 vi0_retrace=13717 wall_us=15158404 sleep_us=10555638 avg_vis=58.01 avg_fps=26.29 exceptions=6302 cacheResets=1 recompiles=947 batches=17454 verts=366078 texStalls=0 treeDepthMax=13 underruns=0 overruns=0 queue_peak_ms=134 dsp_avg=1.39 dsp_peak=1.65 dsp_samples=30 pmc1=3227514456 pmc2=3309845798 pmc3=0 pmc4=0 mmcr0=00000042 mmcr1=00000000 heap_used=10855928 heap_free=141800 arena1_free=208896 arena2_free=288704 flushes=4 flush_us=39330 padtrace=0 rom=sd:/wii64/roms/Diddy Kong Racing (USA) (En,Fr) (Rev 1).z64
=== chain 8/9 end vis=900 how=vis rom=sd:/wii64/roms/Diddy Kong Racing (USA) (En,Fr) (Rev 1).z64 ===
mark: pad replay records: 1
mark: loadROM: enter
mark: loadROM: before rom_read
mark: ROMCache_load: enter
menufps: 0.1
menufps: 0.2
mark: ROMCache_load: before first read
mark: ROMCache_load: first read returned
mark: ROMCache_load: byte_swap_type set
mark: ROMCache_load: first byte_swap done
menufps: 0.2
menufps: 8.5
menufps: 8.1
menufps: 7.7
menufps: 8.1
menufps: 8.1
menufps: 8.0
menufps: 2.8
menufps: 1.3
menufps: 1.3
menufps: 1.2
menufps: 1.3
menufps: 1.3
menufps: 1.3
menufps: 3.7
menufps: 8.4
menufps: 8.3
menufps: 8.3
menufps: 7.9
mark: ROMCache_load: loop exited normally
menufps: 3.4
menufps: 1.2
menufps: 1.2
menufps: 1.1
menufps: 1.1
menufps: 1.1
menufps: 1.2
menufps: 1.1
menufps: 1.1
menufps: 1.2
menufps: 1.2
menufps: 1.1
menufps: 1.1
menufps: 1.1
menufps: 1.1
menufps: 1.1
menufps: 1.1
menufps: 1.1
menufps: 1.1
menufps: 1.1
mark: ROMCache_load: preflush_us=17547667 writes=2040 bytes=16711680
mark: ROMCache_load: elapsed_us=39507243 bytes=33554432 vm=1
mark: loadROM: after rom_read
mark: loadROM: before init_memory
mark: loadROM: after init_memory
mark: loadROM: before romOpen_gfx
mark: loadROM: after romOpen_gfx / before romOpen_audio
mark: loadROM: after romOpen_audio / before romOpen_input
mark: loadROM: after romOpen_input / before cpu_init
mark: loadROM: after cpu_init
menufps: 3.1
menufps: 1.0
menufps: 1.0
fps: 0.0
first_vi: vi0_retrace=17202
vis: 0.7
cpu: exceptions=0 cacheResets=0 batches=0 verts=0 texStalls=0 recompiles=0 underruns=0 overruns=0 sleep_us=0 queue_ms=0
mark: CPU core dispatch: dynarec
vis: 58.7
cpu: exceptions=33 cacheResets=1 batches=0 verts=0 texStalls=0 recompiles=82 underruns=0 overruns=0 sleep_us=0 queue_ms=0
vis: 60.0
cpu: exceptions=63 cacheResets=1 batches=0 verts=0 texStalls=0 recompiles=82 underruns=0 overruns=0 sleep_us=332904 queue_ms=0
vis: 60.0
cpu: exceptions=93 cacheResets=1 batches=0 verts=0 texStalls=0 recompiles=82 underruns=0 overruns=0 sleep_us=658885 queue_ms=0
vis: 60.0
cpu: exceptions=205 cacheResets=1 batches=0 verts=0 texStalls=0 recompiles=182 underruns=0 overruns=0 sleep_us=937550 queue_ms=0
vis: 60.0
cpu: exceptions=246 cacheResets=1 batches=0 verts=0 texStalls=0 recompiles=188 underruns=0 overruns=0 sleep_us=1277035 queue_ms=0
vis: 60.0
cpu: exceptions=288 cacheResets=1 batches=0 verts=0 texStalls=0 recompiles=188 underruns=0 overruns=0 sleep_us=1611985 queue_ms=0
vis: 60.0
cpu: exceptions=318 cacheResets=1 batches=0 verts=0 texStalls=0 recompiles=188 underruns=0 overruns=0 sleep_us=1945342 queue_ms=0
vis: 60.0
cpu: exceptions=395 cacheResets=1 batches=0 verts=0 texStalls=0 recompiles=314 underruns=1 overruns=0 sleep_us=2363918 queue_ms=24
vis: 60.0
cpu: exceptions=472 cacheResets=1 batches=0 verts=0 texStalls=0 recompiles=323 underruns=1 overruns=0 sleep_us=2813738 queue_ms=28
vis: 60.0
cpu: exceptions=547 cacheResets=1 batches=0 verts=0 texStalls=0 recompiles=323 underruns=1 overruns=0 sleep_us=3268300 queue_ms=33
vis: 60.0
cpu: exceptions=740 cacheResets=1 batches=0 verts=0 texStalls=0 recompiles=434 underruns=2 overruns=0 sleep_us=3469858 queue_ms=50
vis: 60.0
cpu: exceptions=965 cacheResets=1 batches=0 verts=0 texStalls=0 recompiles=434 underruns=2 overruns=0 sleep_us=3659961 queue_ms=41
vis: 60.0
cpu: exceptions=1152 cacheResets=1 batches=0 verts=0 texStalls=0 recompiles=448 underruns=2 overruns=0 sleep_us=3868901 queue_ms=46
vis: 59.7
cpu: exceptions=1393 cacheResets=1 batches=0 verts=0 texStalls=0 recompiles=497 underruns=2 overruns=0 sleep_us=4048362 queue_ms=50
fps: 0.1
vis: 60.0
cpu: exceptions=1687 cacheResets=1 batches=591 verts=8424 texStalls=0 recompiles=1254 underruns=3 overruns=0 sleep_us=4162505 queue_ms=120
fps: 31.4
vis: 60.0
cpu: exceptions=1961 cacheResets=1 batches=1476 verts=20754 texStalls=0 recompiles=1255 underruns=3 overruns=0 sleep_us=4498809 queue_ms=124
fps: 29.4
vis: 60.0
cpu: exceptions=2238 cacheResets=1 batches=2361 verts=33084 texStalls=0 recompiles=1276 underruns=3 overruns=0 sleep_us=4823959 queue_ms=115
fps: 30.0
vis: 60.0
cpu: exceptions=2515 cacheResets=1 batches=3246 verts=45414 texStalls=0 recompiles=1279 underruns=3 overruns=0 sleep_us=5169400 queue_ms=120
fps: 30.0
vis: 60.0
cpu: exceptions=2790 cacheResets=1 batches=4131 verts=57744 texStalls=0 recompiles=1294 underruns=3 overruns=0 sleep_us=5514412 queue_ms=111
fps: 30.0
vis: 60.0
cpu: exceptions=3076 cacheResets=1 batches=5016 verts=70074 texStalls=0 recompiles=1300 underruns=3 overruns=0 sleep_us=5845738 queue_ms=115
fps: 30.0
vis: 60.0
cpu: exceptions=3359 cacheResets=1 batches=5901 verts=82404 texStalls=0 recompiles=1300 underruns=3 overruns=0 sleep_us=6176835 queue_ms=120
fps: 30.0
vis: 60.0
cpu: exceptions=3639 cacheResets=1 batches=6786 verts=94734 texStalls=0 recompiles=1302 underruns=3 overruns=0 sleep_us=6513283 queue_ms=124
fps: 30.0
vis: 60.0
cpu: exceptions=3920 cacheResets=1 batches=7671 verts=107064 texStalls=0 recompiles=1351 underruns=3 overruns=0 sleep_us=6846004 queue_ms=115
fps: 30.0
vis: 60.0
cpu: exceptions=4198 cacheResets=1 batches=7971 verts=112194 texStalls=0 recompiles=1366 underruns=3 overruns=0 sleep_us=7204024 queue_ms=120
fps: 30.0
vis: 60.0
cpu: exceptions=4352 cacheResets=1 batches=8071 verts=113904 texStalls=0 recompiles=1383 underruns=3 overruns=0 sleep_us=7552660 queue_ms=124
fps: 30.0
vis: 60.0
cpu: exceptions=4499 cacheResets=1 batches=8476 verts=141129 texStalls=0 recompiles=1384 underruns=3 overruns=0 sleep_us=7896618 queue_ms=115
fps: 30.0
vis: 60.0
cpu: exceptions=4647 cacheResets=1 batches=8881 verts=168354 texStalls=0 recompiles=1386 underruns=3 overruns=0 sleep_us=8243221 queue_ms=120
fps: 30.0
vis: 60.0
cpu: exceptions=4794 cacheResets=1 batches=9286 verts=195579 texStalls=0 recompiles=1387 underruns=3 overruns=0 sleep_us=8599864 queue_ms=124
fps: 30.0
vis: 60.0
cpu: exceptions=4940 cacheResets=1 batches=9691 verts=222804 texStalls=0 recompiles=1387 underruns=3 overruns=0 sleep_us=8953542 queue_ms=128
fps: 30.0
mark: stop reason: chain guest VI limit
mark: stop_it requested
audio: alist_resample_calls=11186 alist_resample_samples=2058224 alist_zoh_calls=0 alist_zoh_samples=0 musyx_subframes=0 musyx_voices=0 musyx_voice_peak=0
audio_stages: adpcm_calls=6590 adpcm_samples=722912 envmix_calls=8440 envmix_samples=1552960 mix_calls=54920 mix_samples=10105280 musyx_fx_calls=0 musyx_fx_taps=0 output_calls=342 output_samples=251896
audio_envmix: exp_calls=0 ge_calls=0 lin_calls=8440 nead_calls=0 exp_steady=0 ge_steady=0 lin_steady=7902
audio_gaps: nead_mats=0 nead_efz=0 resample_flag2=0 musyx_ptr10=0
audio_output: stream_requests=4265 stream_fed=867 input_hz=22047 playback_hz=22047 queue_peak_ms=141
probe_schema: version=2 self=1 interval=127
vm_io: read_ahead=1 reads=58 hits=277 read_bytes=1900544 writes=0 write_bytes=0 errors=0
subsystem_time: stage=rsp_gfx calls=238 timed_calls=238 period=1 timed_us=435188
subsystem_time: stage=rsp_audio calls=343 timed_calls=343 period=1 timed_us=472192
subsystem_time: stage=rsp_other calls=1 timed_calls=1 period=1 timed_us=4
subsystem_time: stage=lookup calls=167175 timed_calls=1316 period=127 timed_us=628
subsystem_time: stage=compile calls=1389 timed_calls=1389 period=1 timed_us=209429
subsystem_time: stage=dispatch calls=1604086 timed_calls=12630 period=127 timed_us=6631
subsystem_self: stage=dispatch calls=1604086 timed_calls=12630 self_us=5009 dropped=0
subsystem_time: stage=execute_inclusive calls=1604086 timed_calls=12630 period=127 timed_us=105105
subsystem_self: stage=execute_inclusive calls=1604086 timed_calls=12630 self_us=34772 dropped=0
subsystem_time: stage=rom_copy calls=1048 timed_calls=1048 period=1 timed_us=252049
subsystem_time: stage=present calls=899 timed_calls=899 period=1 timed_us=237933
subsystem_time: stage=limiter calls=841 timed_calls=841 period=1 timed_us=9282799
subsystem_time: stage=vm_fault calls=335 timed_calls=335 period=1 timed_us=234361
subsystem_time: stage=vm_victim calls=335 timed_calls=335 period=1 timed_us=393
subsystem_time: stage=vm_read calls=58 timed_calls=58 period=1 timed_us=218432
subsystem_time: stage=vm_write calls=0 timed_calls=0 period=1 timed_us=0
subsystem_time: stage=tex_hash calls=7634 timed_calls=7634 period=1 timed_us=68919
subsystem_time: stage=tex_lookup calls=7634 timed_calls=7634 period=1 timed_us=2010
subsystem_time: stage=tex_load calls=24 timed_calls=24 period=1 timed_us=3594
subsystem_time: stage=tex_activate calls=7634 timed_calls=7634 period=1 timed_us=4652
subsystem_time: stage=draw_triangles calls=10096 timed_calls=10096 period=1 timed_us=26350
subsystem_time: stage=draw_rect calls=1687 timed_calls=1687 period=1 timed_us=8895
subsystem_time: stage=gfx_list calls=238 timed_calls=238 period=1 timed_us=434709
subsystem_time: stage=gfx_command calls=176157 timed_calls=1387 period=127 timed_us=4025
gfx_ucodes: mask=00000004
gfx_opcode: op=00 calls=237 timed_calls=1 timed_us=0
gfx_opcode: op=01 calls=5860 timed_calls=51 timed_us=405
gfx_opcode: op=05 calls=17853 timed_calls=141 timed_us=741
gfx_opcode: op=06 calls=32745 timed_calls=254 timed_us=901
gfx_opcode: op=d7 calls=979 timed_calls=6 timed_us=1
gfx_opcode: op=d9 calls=7439 timed_calls=61 timed_us=9
gfx_opcode: op=da calls=6173 timed_calls=51 timed_us=20
gfx_opcode: op=db calls=5265 timed_calls=41 timed_us=9
gfx_opcode: op=dc calls=1858 timed_calls=16 timed_us=13
gfx_opcode: op=de calls=1346 timed_calls=12 timed_us=3
gfx_opcode: op=df calls=1584 timed_calls=11 timed_us=2
gfx_opcode: op=e2 calls=2119 timed_calls=18 timed_us=4
gfx_opcode: op=e3 calls=11276 timed_calls=82 timed_us=15
gfx_opcode: op=e6 calls=10066 timed_calls=87 timed_us=10
gfx_opcode: op=e7 calls=30043 timed_calls=248 timed_us=34
gfx_opcode: op=e8 calls=2432 timed_calls=16 timed_us=2
gfx_opcode: op=e9 calls=238 timed_calls=1 timed_us=0
gfx_opcode: op=ed calls=2162 timed_calls=11 timed_us=3
gfx_opcode: op=f0 calls=2432 timed_calls=21 timed_us=10
gfx_opcode: op=f2 calls=3086 timed_calls=23 timed_us=6
gfx_opcode: op=f3 calls=7634 timed_calls=59 timed_us=337
gfx_opcode: op=f5 calls=8229 timed_calls=62 timed_us=12
gfx_opcode: op=f6 calls=1925 timed_calls=14 timed_us=1295
gfx_opcode: op=f7 calls=948 timed_calls=8 timed_us=3
gfx_opcode: op=f8 calls=237 timed_calls=3 timed_us=1
gfx_opcode: op=fa calls=234 timed_calls=0 timed_us=0
gfx_opcode: op=fc calls=979 timed_calls=11 timed_us=2
gfx_opcode: op=fd calls=10066 timed_calls=73 timed_us=10
gfx_opcode: op=fe calls=237 timed_calls=2 timed_us=1
gfx_opcode: op=ff calls=475 timed_calls=3 timed_us=1
subsystem_time: stage=vertex calls=98130 timed_calls=772 period=127 timed_us=331
subsystem_time: stage=gfx_state calls=11689 timed_calls=92 period=127 timed_us=759
subsystem_self: stage=gfx_state calls=11689 timed_calls=92 self_us=194 dropped=0
subsystem_time: stage=gx_wait calls=4 timed_calls=4 period=1 timed_us=2557
subsystem_time: stage=dma_pi calls=1048 timed_calls=1048 period=1 timed_us=271704
subsystem_time: stage=dma_sp calls=1162 timed_calls=1162 period=1 timed_us=1406
subsystem_time: stage=dma_si calls=1351 timed_calls=1351 period=1 timed_us=3520
subsystem_time: stage=tlb_translate calls=0 timed_calls=0 period=127 timed_us=0
subsystem_time: stage=pif calls=1352 timed_calls=1352 period=1 timed_us=2875
subsystem_time: stage=input calls=388 timed_calls=388 period=1 timed_us=1665
subsystem_time: stage=guest_interrupt calls=5830 timed_calls=5830 period=1 timed_us=9566709
subsystem_self: stage=guest_interrupt calls=5830 timed_calls=5830 self_us=20542 dropped=0
subsystem_time: stage=interpreter_inclusive calls=0 timed_calls=0 period=1 timed_us=0
subsystem_self: stage=interpreter_inclusive calls=0 timed_calls=0 self_us=0 dropped=0
subsystem_time: stage=audio_submit calls=343 timed_calls=343 period=1 timed_us=5467
subsystem_time: stage=audio_callback calls=10278 timed_calls=10278 period=1 timed_us=4540
subsystem_time: stage=memory_slow calls=1083709 timed_calls=8533 period=127 timed_us=16007
subsystem_self: stage=memory_slow calls=1083709 timed_calls=8533 self_us=2844 dropped=0
subsystem_time: stage=jit_invalidate calls=1575 timed_calls=12 period=127 timed_us=2
subsystem_time: stage=cpu_helper calls=10245563 timed_calls=80673 period=127 timed_us=88027
subsystem_time: stage=storage_read calls=0 timed_calls=0 period=1 timed_us=0
subsystem_time: stage=storage_write calls=0 timed_calls=0 period=1 timed_us=0
subsystem_time: stage=save_load calls=0 timed_calls=0 period=1 timed_us=0
subsystem_time: stage=save_write calls=0 timed_calls=0 period=1 timed_us=0
subsystem_time: stage=state_load calls=0 timed_calls=0 period=1 timed_us=0
subsystem_time: stage=state_save calls=0 timed_calls=0 period=1 timed_us=0
subsystem_time: stage=probe_io calls=3 timed_calls=3 period=1 timed_us=32076
subsystem_time: stage=agent_poll calls=1811 timed_calls=1811 period=1 timed_us=428
audio_time: stage=resample sampled_calls=88 sampled_samples=16192 sampled_us=652
audio_time: stage=zoh sampled_calls=0 sampled_samples=0 sampled_us=0
audio_time: stage=adpcm sampled_calls=51 sampled_samples=5680 sampled_us=244
audio_time: stage=envmix_exp sampled_calls=0 sampled_samples=0 sampled_us=0
audio_time: stage=envmix_ge sampled_calls=0 sampled_samples=0 sampled_us=0
audio_time: stage=envmix_lin sampled_calls=66 sampled_samples=12144 sampled_us=1007
audio_time: stage=envmix_nead sampled_calls=0 sampled_samples=0 sampled_us=0
audio_time: stage=mix sampled_calls=432 sampled_samples=79488 sampled_us=1321
audio_time: stage=musyx_voice sampled_calls=0 sampled_samples=0 sampled_us=0
audio_time: stage=musyx_fx sampled_calls=0 sampled_samples=0 sampled_us=0
audio_time: stage=output sampled_calls=2 sampled_samples=1472 sampled_us=27
gpu_counters: clks=3695715443 tb_clks=3695715544 ras_busy=49121250 xf_wait_in=3618971848 xf_wait_out=65914960 ras_peak_permille=24 ztop_in=195047968 ztop_out=194064068 z_in=0 z_out=0 blend_in=194114276 copy_clks=67338963 fifo_overflows=0
game: n=9/9 how=vis vis=900 vi_rate=60 vi0_retrace=17202 wall_us=15208578 sleep_us=9280347 avg_vis=57.97 avg_fps=26.53 exceptions=5086 cacheResets=1 recompiles=1389 batches=10096 verts=250029 texStalls=0 treeDepthMax=15 underruns=3 overruns=0 queue_peak_ms=128 dsp_avg=1.35 dsp_peak=1.80 dsp_samples=30 pmc1=4008047591 pmc2=4373695097 pmc3=0 pmc4=0 mmcr0=00000042 mmcr1=00000000 heap_used=10885624 heap_free=112104 arena1_free=208896 arena2_free=288704 flushes=3 flush_us=32075 padtrace=0 rom=sd:/wii64/roms/Donkey Kong 64 (USA).z64
=== chain 9/9 end vis=900 how=vis rom=sd:/wii64/roms/Donkey Kong 64 (USA).z64 ===
